episodeId,model,symbol,sector,firstSurfaceDate,priorConfirmedDate,rank,score,entryDate,entryPrice,atr14,finalDate,split,included,exclusionReason,primaryLabel,timeToFavourable,return5,return10,return20,excess20,favourableExcursionPct,adverseExcursionPct,marketContext
core|ATH.TO|2022-05-25,core,ATH.TO,Energy,2022-05-25,2022-05-24,1,79.09112907536992,2022-05-26,2.5299999713897705,0.14857147421155656,2022-06-23,Development,true,,success,5,14.22925445001686,29.249012565413146,-11.462449214721747,-2.6221901171115327,35.96838324590219,-12.25296230376054,TSX_not_above_MA50
core|AAV.TO|2022-05-30,core,AAV.TO,Energy,2022-05-30,2022-05-27,1,53.299063102174365,2022-05-31,10.979999542236328,0.5992856025695801,2022-06-28,Development,true,,adverse_first,,5.009109414068735,-10.109286912148352,-20.491804133005786,-13.223823517553734,9.28962204269752,-31.32968783059408,TSX_not_above_MA50
core|WFG.TO|2022-08-11,core,WFG.TO,Materials,2022-08-11,2022-08-10,1,55.469117463061856,2022-08-12,113.80695343017578,3.4224117828456064,2022-09-12,Development,true,,adverse_first,,-0.8466367520608364,0.9205931123111633,-6.345558948052565,-5.391131475810351,3.2385191968472116,-12.732209973606267,TSX_above_MA50
core|EIF.TO|2022-09-12,core,EIF.TO,Industrials,2022-09-12,2022-09-09,1,37.62892398412021,2022-09-13,39.70556640625,0.6497225323518728,2022-10-12,Development,true,,adverse_first,,-0.6721380523137865,-11.02710879951302,-9.106231246233875,-1.7808544111465476,2.0793948288775344,-13.349041249997606,TSX_above_MA50
core|AAV.TO|2022-09-14,core,AAV.TO,Energy,2022-09-14,2022-09-13,1,42.68902626225424,2022-09-15,11.170000076293945,0.44428580147879465,2022-10-14,Development,true,,adverse_first,,-9.937328998170692,-11.45926342192003,-5.8191550052874685,0.48854572069647606,-0.7162034302563569,-17.27842696502585,TSX_above_MA50
core|AGI.TO|2022-10-21,core,AGI.TO,Materials,2022-10-21,2022-10-20,1,59.91763855228114,2022-10-24,10.171310424804688,0.3643082027777168,2022-11-21,Development,true,,success,3,3.2661059246579915,3.07397046447051,16.3304733665673,10.734338403303513,16.71471900066537,-2.3054635960495173,TSX_not_above_MA50
core|AGI.TO|2022-10-25,core,AGI.TO,Materials,2022-10-25,2022-10-24,1,62.61984484341574,2022-10-26,10.620763778686523,0.3377877413894116,2022-11-23,Development,true,,adverse_first,,-4.13982517946555,2.8519007194066415,19.87122192093549,14.671479395717336,20.239206909605922,-6.439736606697055,TSX_not_above_MA50
core|FM.TO|2022-11-30,core,FM.TO,Materials,2022-11-30,2022-11-29,1,78.29345861246722,2022-12-01,31.992759704589844,1.3594758705985697,2023-01-03,Development,true,,adverse_first,,-0.0931950669571302,-14.352278783933148,-12.61261567408436,-7.342589517596087,4.25598959579494,-27.368747907704048,TSX_above_MA50
core|ATH.TO|2023-03-27,core,ATH.TO,Energy,2023-03-27,2023-03-24,1,74.96169160723856,2023-03-28,3.190000057220459,0.18714288302830287,2023-04-26,Development,true,,neither,,6.269593858815847,2.8213138731957077,1.8808759154637977,-1.7269033990471971,10.658304328231383,0.62695863848794,TSX_not_above_MA50
core|ERO.TO|2023-03-28,core,ERO.TO,Materials,2023-03-28,2023-03-27,1,73.25268938080895,2023-03-29,24.399999618530273,1.150714601789202,2023-04-27,Development,true,,adverse_first,,-6.475409624622053,3.8934458106220093,9.303280710052753,5.8507614280906015,12.950819249244105,-7.213115804908565,TSX_not_above_MA50
core|CS.TO|2023-05-08,core,CS.TO,Materials,2023-05-08,2023-05-05,1,81.1910447451408,2023-05-09,6.619999885559082,0.302142858505249,2023-06-07,Development,true,,adverse_first,,-9.818732728158297,-19.939572774067205,-12.537763414718828,-9.613403189676372,0.15106086185363576,-22.054381622148178,TSX_above_MA50
core|EQB.TO|2023-08-29,core,EQB.TO,Financials,2023-08-29,2023-08-28,1,63.49658760035232,2023-08-30,72.14147186279297,1.5853240062643994,2023-09-28,Development,true,,adverse_first,,-0.5049849683689045,-2.1751897024945843,-1.2902445258836215,2.3476827751335416,3.198239610481779,-4.428352379809208,TSX_above_MA50
core|EFR.TO|2023-10-19,core,EFR.TO,Energy,2023-10-19,2023-10-18,1,49.592109611609736,2023-10-20,10.539999961853027,0.5114284924098423,2023-11-17,Development,true,,success,20,-0.5692639452927528,2.9411804624162263,9.867172349307918,4.320910691080693,10.815942575414695,-3.9848204726189107,TSX_not_above_MA50
core|SJ.TO|2024-02-12,core,SJ.TO,Materials,2024-02-12,2024-02-09,1,21.643234307396433,2024-02-13,77.12612915039062,1.8810418968557596,2024-03-13,Development,true,,adverse_first,,-1.4035506311358192,2.384817366097547,-9.352852822552727,-16.08153686129453,3.4902695634496883,-11.3029326865407,TSX_above_MA50
core|CURA.TO|2024-02-23,core,CURA.TO,Health Care,2024-02-23,2024-02-22,1,72.83249037663533,2024-02-26,20.969999313354492,1.1314287185668945,2024-03-25,Development,true,,adverse_first,,-8.44062283439293,-25.464946942143484,-3.576538028412679,-6.474640087371608,5.865529279257764,-26.752502815317627,TSX_above_MA50
core|BHC.TO|2024-03-18,core,BHC.TO,Health Care,2024-03-18,2024-03-15,1,67.26327015905771,2024-03-19,12.9399995803833,0.3678572518484933,2024-04-17,Development,true,,success,6,3.554869034496111,5.100470034689719,-7.805249675113224,-6.869776707060238,19.24266464867013,-11.128281507568992,TSX_above_MA50
core|EDR.TO|2024-06-20,core,EDR.TO,Materials,2024-06-20,2024-06-19,1,75.33656060700034,2024-06-21,5.099999904632568,0.25357154437473844,2024-07-22,Development,true,,adverse_first,,-5.686273868154523,10.000004674874186,24.11764788380133,18.003962344812894,34.70588262793377,-7.843139271514355,TSX_not_above_MA50
core|SKE.TO|2024-07-31,core,SKE.TO,Materials,2024-07-31,2024-07-30,1,83.10604462941447,2024-08-01,8.859999656677246,0.32142843518938335,2024-08-30,Development,true,,adverse_first,,-11.060943343239993,29.57110594902277,16.93002322939754,14.18833182405206,30.02258356840617,-12.64108271962523,TSX_above_MA50
core|WCP.TO|2024-10-25,core,WCP.TO,Energy,2024-10-25,2024-10-24,1,48.46080797975687,2024-10-28,9.23604965209961,0.2272711455786511,2024-11-25,Validation,true,,adverse_first,,-0.08940906791123915,-0.8594484083141452,0.4880997862608094,-2.9504393098715553,3.375697360341645,-4.228315555793172,TSX_above_MA50
core|NXE.TO|2024-11-12,core,NXE.TO,Energy,2024-11-12,2024-11-11,1,68.0936245676904,2024-11-13,10.270000457763672,0.385357175554548,2024-12-11,Validation,true,,success,3,13.43718694504421,13.43718694504421,11.392396012360063,8.716421708666445,21.81109709128417,-1.9474270109526737,TSX_above_MA50
core|CCO.TO|2024-11-12,core,CCO.TO,Energy,2024-11-12,2024-11-11,2,55.01189810674066,2024-11-13,73.89269256591797,2.7656750048125747,2024-12-11,Validation,true,,success,3,8.61419044583509,9.554743118488362,10.554251340412746,7.878277036719128,19.10414448662263,-1.8603264866339453,TSX_above_MA50
core|SSRM.TO|2025-01-02,core,SSRM.TO,Materials,2025-01-02,2024-12-31,1,75.19312125806694,2025-01-03,10.29024600982666,0.4645598937467811,2025-01-31,Validation,true,,success,12,3.9805822093482934,6.9902934216117485,13.009706578388247,11.176697188494543,16.407766798190828,-1.8446655859425953,TSX_not_above_MA50
core|SHOP.TO|2025-01-06,core,SHOP.TO,Technology,2025-01-06,2025-01-03,1,61.65009566616378,2025-01-07,153.36000061035156,5.634284973144531,2025-02-04,Validation,true,,adverse_first,,-4.916531857149642,-0.6064214468368578,11.32628785084593,9.924356858247863,15.4081930025876,-6.905318398372396,TSX_not_above_MA50
core|FM.TO|2025-01-06,core,FM.TO,Materials,2025-01-06,2025-01-03,2,26.52010951974791,2025-01-07,19.829999923706055,0.762857164655413,2025-02-04,Validation,true,,adverse_first,,-2.4710023852919316,-3.4291493080787383,-4.7907249954336155,-6.192655988031682,5.900151693370659,-11.901162982508474,TSX_not_above_MA50
core|SSRM.TO|2025-01-08,core,SSRM.TO,Materials,2025-01-08,2025-01-07,1,89.92594533018168,2025-01-09,10.879687309265137,0.3853490902748758,2025-02-06,Validation,true,,adverse_first,,1.7447219227538335,3.7649216408683683,20.01835700509258,18.179357897706215,25.895313139246756,-7.162539732432949,TSX_above_MA50
core|BAM.TO|2025-01-08,core,BAM.TO,Financials,2025-01-08,2025-01-07,2,36.37744271905589,2025-01-09,74.85950469970703,1.9872000228593174,2025-02-06,Validation,true,,adverse_first,,-0.42703897325566675,5.287604903594945,3.9562942666545142,2.117295159268151,13.33834307263555,-10.826422378339661,TSX_above_MA50
core|CAE.TO|2025-01-10,core,CAE.TO,Industrials,2025-01-10,2025-01-09,1,67.2744422307328,2025-01-13,33.869998931884766,0.8342857360839844,2025-02-10,Validation,true,,success,13,2.7753246857098235,3.100086419170478,1.7419550374785375,-2.833305183625612,5.019193435341673,-3.513429773358323,TSX_not_above_MA50
core|CAE.TO|2025-01-15,core,CAE.TO,Industrials,2025-01-15,2025-01-14,1,61.28484822443117,2025-01-16,34.630001068115234,0.7278573172433036,2025-02-13,Validation,true,,adverse_first,,1.15506121525919,1.934733318741344,-3.638469816250123,-7.0687762938976935,2.7144054222235203,-5.630957848092222,TSX_not_above_MA50
core|TXG.TO|2025-03-12,core,TXG.TO,Materials,2025-03-12,2025-03-11,1,47.67263433169308,2025-03-13,33.79450225830078,1.41535836171868,2025-04-10,Validation,true,,success,3,9.615955523778808,12.547643499409533,16.094997350724572,21.004674031832227,18.0592376837877,1.3485968390092973,TSX_not_above_MA50
core|TVK.TO|2025-04-15,core,TVK.TO,Energy,2025-04-15,2025-04-14,1,53.82866674486917,2025-04-16,136.693359375,7.90489149020829,2025-05-15,Validation,true,,success,11,6.488894812608059,7.295462014374099,20.091566112278002,12.663375059474411,26.06453122592942,-4.447014771319891,TSX_not_above_MA50
core|SPB.TO|2025-04-22,core,SPB.TO,Utilities,2025-04-22,2025-04-21,1,41.71122690316502,2025-04-23,6.548985958099365,0.30423353418651683,2025-05-22,Validation,true,,success,15,2.5185196187711867,3.703705321722328,17.777778263183365,12.133526401534601,18.51852185045044,-0.44445101742308646,TSX_not_above_MA50
core|ATH.TO|2025-07-08,core,ATH.TO,Energy,2025-07-08,2025-07-07,1,66.72943166779346,2025-07-09,5.699999809265137,0.16642849785940989,2025-08-07,Validation,true,,adverse_first,,-3.333326083177468,-0.35087687010102453,-0.8771879924703185,-3.8024111923705695,5.263161417079765,-4.736841929146007,TSX_above_MA50
core|CS.TO|2025-07-22,core,CS.TO,Materials,2025-07-22,2025-07-21,1,55.18662995240049,2025-07-23,8.149999618530273,0.27571422713143484,2025-08-21,Validation,true,,adverse_first,,-7.607355064315103,7.239266014766854,14.11043712922253,11.779715404650304,16.5644226338403,-13.496926126160702,TSX_above_MA50
core|NG.TO|2025-08-05,core,NG.TO,Materials,2025-08-05,2025-08-01,1,86.43161854330116,2025-08-06,7.929999828338623,0.42428575243268696,2025-09-04,Validation,true,,success,13,3.0264849073219136,3.404791762562742,17.65447825565387,14.090839597589344,21.05927603129567,-3.9092049116032257,TSX_above_MA50
core|ATRL.TO|2025-10-02,core,ATRL.TO,Industrials,2025-10-02,2025-10-01,1,21.77135466513656,2025-10-03,101.01717376708984,3.035068842285239,2025-11-03,Validation,true,,adverse_first,,-4.094543697405307,-3.3527829678631327,-3.1945414845017783,-2.5493539353478867,4.737424049390282,-6.389078181986396,TSX_above_MA50
core|ATZ.TO|2025-10-10,core,ATZ.TO,Consumer,2025-10-10,2025-10-09,1,38.269943076440946,2025-10-14,86.16999816894531,3.0274996076311385,2025-11-11,Validation,true,,success,5,5.5239668531708475,12.405712740584462,13.392133179464572,13.208625547447863,16.479058697200056,1.1372906786097259,TSX_above_MA50
core|CG.TO|2025-10-30,core,CG.TO,Materials,2025-10-30,2025-10-29,1,74.55124752088412,2025-10-31,16.230730056762695,0.9067248608351214,2025-11-28,Validation,true,,success,19,-2.556302152269141,3.2760970374908105,13.17594282300989,9.467827705151912,13.603711789707319,-4.4431025959798305,TSX_above_MA50
core|ARIS.TO|2025-10-30,core,ARIS.TO,Materials,2025-10-30,2025-10-29,2,41.58784236190146,2025-10-31,13.880000114440918,0.9042857033865792,2025-11-28,Validation,true,,success,8,-0.4322796766714321,13.4726215428018,42.146969593386395,38.438854475528416,45.38904999129119,-3.0979848820635314,TSX_above_MA50
core|BTE.TO|2025-10-31,core,BTE.TO,Energy,2025-10-31,2025-10-30,1,62.81060677364219,2025-11-03,3.294966459274292,0.11381334980556224,2025-12-01,Validation,true,,adverse_first,,8.05970090935002,26.865662461991025,34.32836296085171,31.5977322361257,38.80599240296594,-4.477609790637049,TSX_above_MA50
core|OGC.TO|2025-11-07,core,OGC.TO,Materials,2025-11-07,2025-11-06,1,56.64142593401651,2025-11-10,33.8248291015625,1.6076415652489031,2025-12-08,Validation,true,,adverse_first,,-1.0831313854915092,-3.2750962673181894,5.283582587795443,2.4686218018862727,8.284548584283712,-8.990662293617046,TSX_above_MA50
core|TXG.TO|2025-11-10,core,TXG.TO,Materials,2025-11-10,2025-11-07,1,60.32473790203515,2025-11-11,63.21980285644531,2.8901603449938227,2025-12-09,Validation,true,,adverse_first,,-0.2507438139802476,-0.9724612030441393,-3.4230105766763774,-6.169208575052942,4.8711721222791216,-6.533328696623042,TSX_above_MA50
core|IMG.TO|2025-11-10,core,IMG.TO,Materials,2025-11-10,2025-11-07,2,57.522218652351775,2025-11-11,19.139999389648438,0.8842855862208775,2025-12-09,Validation,true,,adverse_first,,-0.20898124061772272,7.210037158421145,9.822367440262326,7.076169441885761,15.256009244562364,-6.8965503496208,TSX_above_MA50
core|AEM.TO|2025-11-10,core,AEM.TO,Materials,2025-11-10,2025-11-07,3,50.15911171368999,2025-11-11,232.99815368652344,7.575430081126663,2025-12-09,Validation,true,,adverse_first,,-0.9402304566926256,-0.4977679096216714,-1.8127323095368797,-4.558930307913444,4.741339126877908,-6.3518371070320985,TSX_above_MA50
core|SVM.TO|2025-11-10,core,SVM.TO,Materials,2025-11-10,2025-11-07,4,49.684344745925856,2025-11-11,9.3938570022583,0.4302312580733854,2025-12-09,Validation,true,,adverse_first,,-3.397016478796866,2.0169899554048465,20.91677983726783,18.170581838891263,22.0865955279004,-8.386402000354053,TSX_above_MA50
core_volume|FM.TO|2022-11-30,core_volume,FM.TO,Materials,2022-11-30,2022-11-29,1,78.29345861246722,2022-12-01,31.992759704589844,1.3594758705985697,2023-01-03,Development,true,,adverse_first,,-0.0931950669571302,-14.352278783933148,-12.61261567408436,-7.342589517596087,4.25598959579494,-27.368747907704048,TSX_above_MA50
core_volume|SJ.TO|2024-02-12,core_volume,SJ.TO,Materials,2024-02-12,2024-02-09,1,21.643234307396433,2024-02-13,77.12612915039062,1.8810418968557596,2024-03-13,Development,true,,adverse_first,,-1.4035506311358192,2.384817366097547,-9.352852822552727,-16.08153686129453,3.4902695634496883,-11.3029326865407,TSX_above_MA50
core_volume|CURA.TO|2024-02-23,core_volume,CURA.TO,Health Care,2024-02-23,2024-02-22,1,72.83249037663533,2024-02-26,20.969999313354492,1.1314287185668945,2024-03-25,Development,true,,adverse_first,,-8.44062283439293,-25.464946942143484,-3.576538028412679,-6.474640087371608,5.865529279257764,-26.752502815317627,TSX_above_MA50
core_volume|SKE.TO|2024-07-31,core_volume,SKE.TO,Materials,2024-07-31,2024-07-30,1,83.10604462941447,2024-08-01,8.859999656677246,0.32142843518938335,2024-08-30,Development,true,,adverse_first,,-11.060943343239993,29.57110594902277,16.93002322939754,14.18833182405206,30.02258356840617,-12.64108271962523,TSX_above_MA50
core_volume|NXE.TO|2024-11-12,core_volume,NXE.TO,Energy,2024-11-12,2024-11-11,1,68.0936245676904,2024-11-13,10.270000457763672,0.385357175554548,2024-12-11,Validation,true,,success,3,13.43718694504421,13.43718694504421,11.392396012360063,8.716421708666445,21.81109709128417,-1.9474270109526737,TSX_above_MA50
core_volume|CCO.TO|2024-11-12,core_volume,CCO.TO,Energy,2024-11-12,2024-11-11,2,55.01189810674066,2024-11-13,73.89269256591797,2.7656750048125747,2024-12-11,Validation,true,,success,3,8.61419044583509,9.554743118488362,10.554251340412746,7.878277036719128,19.10414448662263,-1.8603264866339453,TSX_above_MA50
core_volume|CS.TO|2025-07-22,core_volume,CS.TO,Materials,2025-07-22,2025-07-21,1,55.18662995240049,2025-07-23,8.149999618530273,0.27571422713143484,2025-08-21,Validation,true,,adverse_first,,-7.607355064315103,7.239266014766854,14.11043712922253,11.779715404650304,16.5644226338403,-13.496926126160702,TSX_above_MA50
core_volume|NG.TO|2025-08-05,core_volume,NG.TO,Materials,2025-08-05,2025-08-01,1,86.43161854330116,2025-08-06,7.929999828338623,0.42428575243268696,2025-09-04,Validation,true,,success,13,3.0264849073219136,3.404791762562742,17.65447825565387,14.090839597589344,21.05927603129567,-3.9092049116032257,TSX_above_MA50
core_volume|ATZ.TO|2025-10-10,core_volume,ATZ.TO,Consumer,2025-10-10,2025-10-09,1,38.269943076440946,2025-10-14,86.16999816894531,3.0274996076311385,2025-11-11,Validation,true,,success,5,5.5239668531708475,12.405712740584462,13.392133179464572,13.208625547447863,16.479058697200056,1.1372906786097259,TSX_above_MA50
core_volume|BTE.TO|2025-10-31,core_volume,BTE.TO,Energy,2025-10-31,2025-10-30,1,62.81060677364219,2025-11-03,3.294966459274292,0.11381334980556224,2025-12-01,Validation,true,,adverse_first,,8.05970090935002,26.865662461991025,34.32836296085171,31.5977322361257,38.80599240296594,-4.477609790637049,TSX_above_MA50
core_market|WFG.TO|2022-08-11,core_market,WFG.TO,Materials,2022-08-11,2022-08-10,1,55.469117463061856,2022-08-12,113.80695343017578,3.4224117828456064,2022-09-12,Development,true,,adverse_first,,-0.8466367520608364,0.9205931123111633,-6.345558948052565,-5.391131475810351,3.2385191968472116,-12.732209973606267,TSX_above_MA50
core_market|EIF.TO|2022-09-12,core_market,EIF.TO,Industrials,2022-09-12,2022-09-09,1,37.62892398412021,2022-09-13,39.70556640625,0.6497225323518728,2022-10-12,Development,true,,adverse_first,,-0.6721380523137865,-11.02710879951302,-9.106231246233875,-1.7808544111465476,2.0793948288775344,-13.349041249997606,TSX_above_MA50
core_market|AAV.TO|2022-09-14,core_market,AAV.TO,Energy,2022-09-14,2022-09-13,1,42.68902626225424,2022-09-15,11.170000076293945,0.44428580147879465,2022-10-14,Development,true,,adverse_first,,-9.937328998170692,-11.45926342192003,-5.8191550052874685,0.48854572069647606,-0.7162034302563569,-17.27842696502585,TSX_above_MA50
core_market|FM.TO|2022-11-30,core_market,FM.TO,Materials,2022-11-30,2022-11-29,1,78.29345861246722,2022-12-01,31.992759704589844,1.3594758705985697,2023-01-03,Development,true,,adverse_first,,-0.0931950669571302,-14.352278783933148,-12.61261567408436,-7.342589517596087,4.25598959579494,-27.368747907704048,TSX_above_MA50
core_market|CS.TO|2023-05-08,core_market,CS.TO,Materials,2023-05-08,2023-05-05,1,81.1910447451408,2023-05-09,6.619999885559082,0.302142858505249,2023-06-07,Development,true,,adverse_first,,-9.818732728158297,-19.939572774067205,-12.537763414718828,-9.613403189676372,0.15106086185363576,-22.054381622148178,TSX_above_MA50
core_market|EQB.TO|2023-08-29,core_market,EQB.TO,Financials,2023-08-29,2023-08-28,1,63.49658760035232,2023-08-30,72.14147186279297,1.5853240062643994,2023-09-28,Development,true,,adverse_first,,-0.5049849683689045,-2.1751897024945843,-1.2902445258836215,2.3476827751335416,3.198239610481779,-4.428352379809208,TSX_above_MA50
core_market|SJ.TO|2024-02-12,core_market,SJ.TO,Materials,2024-02-12,2024-02-09,1,21.643234307396433,2024-02-13,77.12612915039062,1.8810418968557596,2024-03-13,Development,true,,adverse_first,,-1.4035506311358192,2.384817366097547,-9.352852822552727,-16.08153686129453,3.4902695634496883,-11.3029326865407,TSX_above_MA50
core_market|CURA.TO|2024-02-23,core_market,CURA.TO,Health Care,2024-02-23,2024-02-22,1,72.83249037663533,2024-02-26,20.969999313354492,1.1314287185668945,2024-03-25,Development,true,,adverse_first,,-8.44062283439293,-25.464946942143484,-3.576538028412679,-6.474640087371608,5.865529279257764,-26.752502815317627,TSX_above_MA50
core_market|BHC.TO|2024-03-18,core_market,BHC.TO,Health Care,2024-03-18,2024-03-15,1,67.26327015905771,2024-03-19,12.9399995803833,0.3678572518484933,2024-04-17,Development,true,,success,6,3.554869034496111,5.100470034689719,-7.805249675113224,-6.869776707060238,19.24266464867013,-11.128281507568992,TSX_above_MA50
core_market|SKE.TO|2024-07-31,core_market,SKE.TO,Materials,2024-07-31,2024-07-30,1,83.10604462941447,2024-08-01,8.859999656677246,0.32142843518938335,2024-08-30,Development,true,,adverse_first,,-11.060943343239993,29.57110594902277,16.93002322939754,14.18833182405206,30.02258356840617,-12.64108271962523,TSX_above_MA50
core_market|WCP.TO|2024-10-25,core_market,WCP.TO,Energy,2024-10-25,2024-10-24,1,48.46080797975687,2024-10-28,9.23604965209961,0.2272711455786511,2024-11-25,Validation,true,,adverse_first,,-0.08940906791123915,-0.8594484083141452,0.4880997862608094,-2.9504393098715553,3.375697360341645,-4.228315555793172,TSX_above_MA50
core_market|NXE.TO|2024-11-12,core_market,NXE.TO,Energy,2024-11-12,2024-11-11,1,68.0936245676904,2024-11-13,10.270000457763672,0.385357175554548,2024-12-11,Validation,true,,success,3,13.43718694504421,13.43718694504421,11.392396012360063,8.716421708666445,21.81109709128417,-1.9474270109526737,TSX_above_MA50
core_market|CCO.TO|2024-11-12,core_market,CCO.TO,Energy,2024-11-12,2024-11-11,2,55.01189810674066,2024-11-13,73.89269256591797,2.7656750048125747,2024-12-11,Validation,true,,success,3,8.61419044583509,9.554743118488362,10.554251340412746,7.878277036719128,19.10414448662263,-1.8603264866339453,TSX_above_MA50
core_market|SSRM.TO|2025-01-08,core_market,SSRM.TO,Materials,2025-01-08,2025-01-07,1,89.92594533018168,2025-01-09,10.879687309265137,0.3853490902748758,2025-02-06,Validation,true,,adverse_first,,1.7447219227538335,3.7649216408683683,20.01835700509258,18.179357897706215,25.895313139246756,-7.162539732432949,TSX_above_MA50
core_market|BAM.TO|2025-01-08,core_market,BAM.TO,Financials,2025-01-08,2025-01-07,2,36.37744271905589,2025-01-09,74.85950469970703,1.9872000228593174,2025-02-06,Validation,true,,adverse_first,,-0.42703897325566675,5.287604903594945,3.9562942666545142,2.117295159268151,13.33834307263555,-10.826422378339661,TSX_above_MA50
core_market|ATH.TO|2025-07-08,core_market,ATH.TO,Energy,2025-07-08,2025-07-07,1,66.72943166779346,2025-07-09,5.699999809265137,0.16642849785940989,2025-08-07,Validation,true,,adverse_first,,-3.333326083177468,-0.35087687010102453,-0.8771879924703185,-3.8024111923705695,5.263161417079765,-4.736841929146007,TSX_above_MA50
core_market|CS.TO|2025-07-22,core_market,CS.TO,Materials,2025-07-22,2025-07-21,1,55.18662995240049,2025-07-23,8.149999618530273,0.27571422713143484,2025-08-21,Validation,true,,adverse_first,,-7.607355064315103,7.239266014766854,14.11043712922253,11.779715404650304,16.5644226338403,-13.496926126160702,TSX_above_MA50
core_market|NG.TO|2025-08-05,core_market,NG.TO,Materials,2025-08-05,2025-08-01,1,86.43161854330116,2025-08-06,7.929999828338623,0.42428575243268696,2025-09-04,Validation,true,,success,13,3.0264849073219136,3.404791762562742,17.65447825565387,14.090839597589344,21.05927603129567,-3.9092049116032257,TSX_above_MA50
core_market|ATRL.TO|2025-10-02,core_market,ATRL.TO,Industrials,2025-10-02,2025-10-01,1,21.77135466513656,2025-10-03,101.01717376708984,3.035068842285239,2025-11-03,Validation,true,,adverse_first,,-4.094543697405307,-3.3527829678631327,-3.1945414845017783,-2.5493539353478867,4.737424049390282,-6.389078181986396,TSX_above_MA50
core_market|ATZ.TO|2025-10-10,core_market,ATZ.TO,Consumer,2025-10-10,2025-10-09,1,38.269943076440946,2025-10-14,86.16999816894531,3.0274996076311385,2025-11-11,Validation,true,,success,5,5.5239668531708475,12.405712740584462,13.392133179464572,13.208625547447863,16.479058697200056,1.1372906786097259,TSX_above_MA50
core_market|CG.TO|2025-10-30,core_market,CG.TO,Materials,2025-10-30,2025-10-29,1,74.55124752088412,2025-10-31,16.230730056762695,0.9067248608351214,2025-11-28,Validation,true,,success,19,-2.556302152269141,3.2760970374908105,13.17594282300989,9.467827705151912,13.603711789707319,-4.4431025959798305,TSX_above_MA50
core_market|ARIS.TO|2025-10-30,core_market,ARIS.TO,Materials,2025-10-30,2025-10-29,2,41.58784236190146,2025-10-31,13.880000114440918,0.9042857033865792,2025-11-28,Validation,true,,success,8,-0.4322796766714321,13.4726215428018,42.146969593386395,38.438854475528416,45.38904999129119,-3.0979848820635314,TSX_above_MA50
core_market|BTE.TO|2025-10-31,core_market,BTE.TO,Energy,2025-10-31,2025-10-30,1,62.81060677364219,2025-11-03,3.294966459274292,0.11381334980556224,2025-12-01,Validation,true,,adverse_first,,8.05970090935002,26.865662461991025,34.32836296085171,31.5977322361257,38.80599240296594,-4.477609790637049,TSX_above_MA50
core_market|OGC.TO|2025-11-07,core_market,OGC.TO,Materials,2025-11-07,2025-11-06,1,56.64142593401651,2025-11-10,33.8248291015625,1.6076415652489031,2025-12-08,Validation,true,,adverse_first,,-1.0831313854915092,-3.2750962673181894,5.283582587795443,2.4686218018862727,8.284548584283712,-8.990662293617046,TSX_above_MA50
core_market|TXG.TO|2025-11-10,core_market,TXG.TO,Materials,2025-11-10,2025-11-07,1,60.32473790203515,2025-11-11,63.21980285644531,2.8901603449938227,2025-12-09,Validation,true,,adverse_first,,-0.2507438139802476,-0.9724612030441393,-3.4230105766763774,-6.169208575052942,4.8711721222791216,-6.533328696623042,TSX_above_MA50
core_market|IMG.TO|2025-11-10,core_market,IMG.TO,Materials,2025-11-10,2025-11-07,2,57.522218652351775,2025-11-11,19.139999389648438,0.8842855862208775,2025-12-09,Validation,true,,adverse_first,,-0.20898124061772272,7.210037158421145,9.822367440262326,7.076169441885761,15.256009244562364,-6.8965503496208,TSX_above_MA50
core_market|AEM.TO|2025-11-10,core_market,AEM.TO,Materials,2025-11-10,2025-11-07,3,50.15911171368999,2025-11-11,232.99815368652344,7.575430081126663,2025-12-09,Validation,true,,adverse_first,,-0.9402304566926256,-0.4977679096216714,-1.8127323095368797,-4.558930307913444,4.741339126877908,-6.3518371070320985,TSX_above_MA50
core_market|SVM.TO|2025-11-10,core_market,SVM.TO,Materials,2025-11-10,2025-11-07,4,49.684344745925856,2025-11-11,9.3938570022583,0.4302312580733854,2025-12-09,Validation,true,,adverse_first,,-3.397016478796866,2.0169899554048465,20.91677983726783,18.170581838891263,22.0865955279004,-8.386402000354053,TSX_above_MA50
trend_rs|ABX.TO|2022-03-14,trend_rs,ABX.TO,Materials,2022-03-14,2022-03-11,1,100,2022-03-15,27.015056610107422,1.1372320790906376,2022-04-12,Development,true,,neither,,0.19756179012926367,0.9878230712802472,5.926896065779563,3.4367857668291535,7.606197544614757,-2.700029759199929,TSX_above_MA50
trend_rs|ALS.TO|2022-03-14,trend_rs,ALS.TO,Materials,2022-03-14,2022-03-11,2,100,2022-03-15,21.80448341369629,0.9585936983276498,2022-04-12,Development,true,,success,7,2.676343391770475,2.9783073207270583,3.66859056411708,1.1784802651666704,10.010354041832304,-2.881700254641184,TSX_above_MA50
trend_rs|ATH.TO|2022-03-14,trend_rs,ATH.TO,Energy,2022-03-14,2022-03-11,3,100,2022-03-15,2.0299999713897705,0.16071430274418422,2022-04-12,Development,true,,neither,,9.359608861983482,4.433493371317443,0,-2.49011029895041,13.793102233300925,-4.926109618287155,TSX_above_MA50
trend_rs|CG.TO|2022-03-14,trend_rs,CG.TO,Materials,2022-03-14,2022-03-11,4,100,2022-03-15,10.976301193237305,0.551495453948447,2022-04-12,Development,true,,adverse_first,,-2.474080945056978,-2.474080945056978,0.15960747508620976,-2.3305028238642,3.272124270903065,-7.023167351930626,TSX_above_MA50
trend_rs|CNQ.TO|2022-03-14,trend_rs,CNQ.TO,Energy,2022-03-14,2022-03-11,5,100,2022-03-15,28.50147247314453,1.1054587804963094,2022-04-12,Development,true,,success,4,6.186737852824531,6.4466926944960035,11.50904973439033,9.018939435439922,11.727971991442754,-0.7043055112072927,TSX_above_MA50
trend_rs|ELD.TO|2022-03-14,trend_rs,ELD.TO,Materials,2022-03-14,2022-03-11,6,100,2022-03-15,13.792757987976074,0.6534834633511052,2022-04-12,Development,true,,neither,,1.80244358699293,1.2977610420697783,6.84931052209623,4.3592002231458205,9.300645382387195,-3.1723217189026487,TSX_above_MA50
trend_rs|NTR.TO|2022-03-15,trend_rs,NTR.TO,Materials,2022-03-15,2022-03-14,6,100,2022-03-16,101.94404602050781,5.391899261400445,2022-04-13,Development,true,,success,3,11.242702258118342,7.487129556107197,16.353669844581773,14.63396867211366,18.74114884024378,0.764091157137492,TSX_above_MA50
trend_rs|CS.TO|2022-03-16,trend_rs,CS.TO,Materials,2022-03-16,2022-03-15,5,100,2022-03-17,7.340000152587891,0.4264285905020578,2022-04-14,Development,true,,adverse_first,,0.5449585970229709,-3.678473778114555,-5.99455106367166,-6.3826785120082,5.85830816620645,-11.44414353032035,TSX_above_MA50
trend_rs|ALS.TO|2022-03-17,trend_rs,ALS.TO,Materials,2022-03-17,2022-03-16,1,100,2022-03-18,22.13405990600586,1.0552654136538282,2022-04-18,Development,true,,neither,,1.7424695091317943,4.419911307753055,8.754787532071262,8.48024807874037,8.83978735706783,-1.6149756634185386,TSX_above_MA50
trend_rs|FM.TO|2022-03-17,trend_rs,FM.TO,Materials,2022-03-17,2022-03-16,6,100,2022-03-18,40.665767669677734,1.7800711896951735,2022-04-18,Development,true,,success,11,3.2305040192632806,7.8940932828543975,4.166585758901231,3.8920463055703403,10.225902338679859,-4.0320598804237555,TSX_above_MA50
trend_rs|NTR.TO|2022-03-18,trend_rs,NTR.TO,Materials,2022-03-18,2022-03-17,5,100,2022-03-21,113.3196792602539,5.437142985244896,2022-04-19,Development,true,,adverse_first,,0.8837519222499646,-2.604773690390727,8.55927982943825,8.515201825125574,12.270497374313072,-9.351145245071235,TSX_above_MA50
trend_rs|POU.TO|2022-03-18,trend_rs,POU.TO,Energy,2022-03-18,2022-03-17,6,100,2022-03-21,12.670143127441406,0.5771513951508023,2022-04-19,Development,true,,success,19,1.9066195540317077,3.5173926552702683,4.478763787099549,4.4346857827868735,9.389597157583275,-4.404993402881152,TSX_above_MA50
trend_rs|BTE.TO|2022-03-21,trend_rs,BTE.TO,Energy,2022-03-21,2022-03-18,3,100,2022-03-22,5.241692543029785,0.3145546499183322,2022-04-20,Development,true,,adverse_first,,-0.5328390140808992,-2.486666971113183,22.202492834742117,22.546783047183297,23.268211214922353,-6.927191096136953,TSX_above_MA50
trend_rs|CNQ.TO|2022-03-21,trend_rs,CNQ.TO,Energy,2022-03-21,2022-03-18,4,100,2022-03-22,30.26478385925293,1.1884182498234686,2022-04-20,Development,true,,success,18,0.24480914182689606,0.7602034427305782,10.746021591479371,11.09031180392055,11.36450322680016,-3.5562521547170434,TSX_above_MA50
trend_rs|KEL.TO|2022-03-22,trend_rs,KEL.TO,Energy,2022-03-22,2022-03-21,5,100,2022-03-23,6.940000057220459,0.29714291436331614,2022-04-21,Development,true,,adverse_first,,-1.8732004808222458,-5.619594571614384,-4.178673767463559,-2.893810241857387,5.187321765795327,-6.484153924957237,TSX_above_MA50
trend_rs|NTR.TO|2022-03-22,trend_rs,NTR.TO,Materials,2022-03-22,2022-03-21,6,100,2022-03-23,113.40531158447266,5.443258373906963,2022-04-21,Development,true,,adverse_first,,-3.3760171460929023,-3.8462120653021348,2.971557079090581,4.256420604696753,12.18572194803864,-9.419594174067392,TSX_above_MA50
trend_rs|ALS.TO|2022-03-23,trend_rs,ALS.TO,Materials,2022-03-23,2022-03-22,1,100,2022-03-24,23.88371467590332,0.9680443400969807,2022-04-22,Development,true,,adverse_first,,-5.0807442454027685,-4.608110002080346,-14.533277378234766,-11.10769887428118,1.2603292853636816,-14.808982784024627,TSX_above_MA50
trend_rs|BTE.TO|2022-03-23,trend_rs,BTE.TO,Energy,2022-03-23,2022-03-22,3,100,2022-03-24,5.278934478759766,0.3138896258102658,2022-04-22,Development,true,,adverse_first,,-3.88007906977752,-3.527356105217294,15.167539117572026,18.59311762152561,26.102282348956596,-7.583803066100403,TSX_above_MA50
trend_rs|KEL.TO|2022-03-24,trend_rs,KEL.TO,Energy,2022-03-24,2022-03-23,6,100,2022-03-25,6.889999866485596,0.30285719462803434,2022-04-25,Development,true,,adverse_first,,-1.3062362481095158,1.4513774538514657,-7.256894189970964,-2.73992382131717,5.950657941861448,-12.336718738807907,TSX_above_MA50
trend_rs|ARX.TO|2022-03-25,trend_rs,ARX.TO,Energy,2022-03-25,2022-03-24,1,100,2022-03-28,14.880206108093262,0.6416459422282693,2022-04-26,Development,true,,adverse_first,,0.889885020387382,1.5970554944242599,-0.3476761272027562,5.508232809318237,13.530595164936553,-5.03809753687997,TSX_above_MA50
trend_rs|AEM.TO|2022-03-28,trend_rs,AEM.TO,Materials,2022-03-28,2022-03-25,1,100,2022-03-29,68.50928497314453,2.501682297705313,2022-04-27,Development,true,,success,8,3.512052642592156,8.29154903493443,-6.614712891339069,-0.5342678937681811,11.777192724659113,-6.786359190374391,TSX_above_MA50
trend_rs|AG.TO|2022-03-28,trend_rs,AG.TO,Materials,2022-03-28,2022-03-25,2,100,2022-03-29,16.488265991210938,0.8475728313747235,2022-04-27,Development,true,,adverse_first,,-3.1717257015940636,3.5308516299192627,-20.34707216065521,-14.26662716308432,10.173577049806614,-20.34707216065521,TSX_above_MA50
trend_rs|EQX.TO|2022-03-28,trend_rs,EQX.TO,Materials,2022-03-28,2022-03-25,3,100,2022-03-29,10.297698974609375,0.4652315799453642,2022-04-27,Development,true,,success,12,-2.6112158637959904,4.448745684354027,-12.862671699734761,-6.782226702163873,10.831722209676787,-13.056099714167225,TSX_above_MA50
trend_rs|IMG.TO|2022-03-28,trend_rs,IMG.TO,Materials,2022-03-28,2022-03-25,5,100,2022-03-29,4.309999942779541,0.19642853736877441,2022-04-27,Development,true,,success,11,0.232023875048748,6.496524675770088,-17.169373999098326,-11.088929001527438,9.976794293442936,-17.169373999098326,TSX_above_MA50
trend_rs|NTR.TO|2022-03-29,trend_rs,NTR.TO,Materials,2022-03-29,2022-03-28,2,100,2022-03-30,109.57672882080078,5.051351054254184,2022-04-28,Development,true,,success,10,-0.48662340893167455,8.248932058276171,1.7973407166650857,6.122854354212648,16.105462261538616,-3.6967468887201815,TSX_above_MA50
trend_rs|CP.TO|2022-03-29,trend_rs,CP.TO,Industrials,2022-03-29,2022-03-28,5,82.19312442483385,2022-03-30,100.62351989746094,1.8782420815597323,2022-04-28,Development,true,,adverse_first,,-6.985891042227399,-8.905099626762636,-7.244964449720925,-2.9194508121733627,1.1995220822083708,-13.962171404539948,TSX_above_MA50
trend_rs|ALS.TO|2022-03-29,trend_rs,ALS.TO,Materials,2022-03-29,2022-03-28,6,81.92834818423421,2022-03-30,22.435081481933594,0.960188070104539,2022-04-28,Development,true,,adverse_first,,-1.7191155171493278,3.6897263867951224,-8.637329112895243,-4.3118154753476805,7.798708669151866,-14.549303056400376,TSX_above_MA50
trend_rs|BEPC.TO|2022-03-30,trend_rs,BEPC.TO,Utilities,2022-03-30,2022-03-29,2,100,2022-03-31,44.69915008544922,1.0426297747724047,2022-04-29,Development,true,,adverse_first,,-3.3882580532179962,-9.79853919065775,-15.51280832428854,-10.358907222357761,1.6300231542354604,-16.11720735546317,TSX_above_MA50
trend_rs|SDE.TO|2022-03-30,trend_rs,SDE.TO,Energy,2022-03-30,2022-03-29,6,100,2022-03-31,3.401524066925049,0.13759804658955485,2022-04-29,Development,true,,success,2,12.55101098154583,13.571419860032496,20.612242523424285,25.766143625355063,29.081627347504746,-1.7347003489848523,TSX_above_MA50
trend_rs|PEY.TO|2022-03-31,trend_rs,PEY.TO,Energy,2022-03-31,2022-03-30,5,100,2022-04-01,9.695944786071777,0.42391002797396415,2022-05-02,Development,true,,success,10,4.786447439665942,9.646525722845677,-2.569614146249588,3.1735680213357043,11.119278155721757,-9.351977281578582,TSX_above_MA50
trend_rs|FM.TO|2022-04-01,trend_rs,FM.TO,Materials,2022-04-01,2022-03-31,1,100,2022-04-04,44.40935134887695,1.4428246649554828,2022-05-03,Development,true,,adverse_first,,-10.89857146477151,-6.238224924398573,-19.028986023882368,-13.684785055827232,0.3781250164690553,-25.324259514569768,TSX_above_MA50
trend_rs|TOU.TO|2022-04-01,trend_rs,TOU.TO,Energy,2022-04-01,2022-03-31,5,100,2022-04-04,43.201271057128906,1.5798737385414863,2022-05-03,Development,true,,success,8,2.0924676603542913,6.6317885264699505,16.65543188961298,21.999632857668118,16.65543188961298,-2.497448930888535,TSX_above_MA50
trend_rs|BIR.TO|2022-04-04,trend_rs,BIR.TO,Energy,2022-04-04,2022-04-01,1,100,2022-04-05,7.055484771728516,0.30079775518328206,2022-05-04,Development,true,,success,5,6.0470489356076795,13.43785498442056,14.781625614405215,18.182325792611344,17.917137409075124,-4.143324396227088,TSX_above_MA50
trend_rs|CCO.TO|2022-04-04,trend_rs,CCO.TO,Energy,2022-04-04,2022-04-01,2,100,2022-04-05,35.04838562011719,1.9092490126461763,2022-05-04,Development,true,,success,4,10.511438959202524,11.387379507699613,-4.9166474743908335,-1.515947296184705,15.993213281854967,-10.031087964814455,TSX_above_MA50
trend_rs|AAV.TO|2022-04-05,trend_rs,AAV.TO,Energy,2022-04-05,2022-04-04,5,96.5975676110443,2022-04-06,9.050000190734863,0.390714304787772,2022-05-05,Development,true,,success,2,10.939223759704419,17.45856232493359,24.419889409610285,29.433522273628643,29.83425140730185,0.4419885194475226,TSX_above_MA50
trend_rs|TOU.TO|2022-04-05,trend_rs,TOU.TO,Energy,2022-04-05,2022-04-04,6,93.025432291237,2022-04-06,42.63994598388672,1.5564413500003684,2022-05-05,Development,true,,success,5,7.659427977189792,8.428782893530261,24.465668844136324,29.479301708154683,27.372142035428947,-0.17099843974334172,TSX_above_MA50
trend_rs|ARX.TO|2022-04-11,trend_rs,ARX.TO,Energy,2022-04-11,2022-04-08,2,100,2022-04-12,15.354616165161133,0.5318508954313448,2022-05-11,Development,true,,success,3,5.539672663215911,-1.5990701396393026,-9.194737151347399,-0.5460381838357726,11.936028113795105,-12.821235916588758,TSX_above_MA50
trend_rs|CCO.TO|2022-04-11,trend_rs,CCO.TO,Energy,2022-04-11,2022-04-08,4,100,2022-04-12,38.73247528076172,1.8229470932680922,2022-05-11,Development,true,,adverse_first,,0.7926243262658783,-13.986181691686973,-30.912811619575777,-22.26411265206415,4.960368242672275,-31.117362681968963,TSX_above_MA50
trend_rs|DML.TO|2022-04-11,trend_rs,DML.TO,Energy,2022-04-11,2022-04-08,5,100,2022-04-12,2.190000057220459,0.14214290039879934,2022-05-11,Development,true,,adverse_first,,-4.566216458371574,-23.28767563229368,-39.26940601986212,-30.62070705235049,4.56620557167875,-39.72602657702999,TSX_above_MA50
trend_rs|EQX.TO|2022-04-11,trend_rs,EQX.TO,Materials,2022-04-11,2022-04-08,6,100,2022-04-12,10.755817413330078,0.41472486734390807,2022-05-11,Development,true,,adverse_first,,-0.37037523057569244,-16.57407877008327,-33.425930096507514,-24.777231128995886,6.111108834769774,-33.564817739345884,TSX_above_MA50
trend_rs|CVE.TO|2022-04-12,trend_rs,CVE.TO,Energy,2022-04-12,2022-04-11,5,100,2022-04-13,19.390460968017578,0.7759722274550332,2022-05-12,Development,true,,adverse_first,,-0.363804085425945,12.914941749049259,13.278745834475192,23.073142714340566,19.918117919012033,-7.958185399547391,TSX_above_MA50
trend_rs|BTO.TO|2022-04-13,trend_rs,BTO.TO,Materials,2022-04-13,2022-04-12,4,100,2022-04-14,5.239961624145508,0.1367573666790048,2022-05-13,Development,true,,adverse_first,,-8.653820603811301,-12.660255768588868,-17.7884676634699,-9.754414760721243,2.4038573139301134,-21.63459995376169,TSX_above_MA50
trend_rs|BTE.TO|2022-04-14,trend_rs,BTE.TO,Energy,2022-04-14,2022-04-13,4,100,2022-04-18,6.247203350067139,0.24273244627115792,2022-05-16,Development,true,,adverse_first,,-6.110270441905352,-4.172872459180688,-2.384505090511768,5.257735521907314,6.557390377736283,-12.816686024153324,TSX_above_MA50
trend_rs|CVE.TO|2022-04-19,trend_rs,CVE.TO,Energy,2022-04-19,2022-04-18,5,100,2022-04-20,20.122339248657227,0.748888810428482,2022-05-18,Development,true,,adverse_first,,1.9719616326257405,12.620526012518972,17.046463279608037,25.669817552259786,19.41281294253141,-11.305877940871966,TSX_above_MA50
trend_rs|ERO.TO|2022-04-19,trend_rs,ERO.TO,Materials,2022-04-19,2022-04-18,6,100,2022-04-20,20.399999618530273,0.918928963797433,2022-05-18,Development,true,,adverse_first,,-11.960787155315678,-15.784310654739508,-28.52941080223178,-19.906056529580027,0.9313751843653462,-35.68627386815453,TSX_above_MA50
trend_rs|ATH.TO|2022-04-20,trend_rs,ATH.TO,Energy,2022-04-20,2022-04-19,3,100,2022-04-21,2.619999885559082,0.1264285785811288,2022-05-19,Development,true,,adverse_first,,-3.435111377881084,-1.5267161679471508,-6.488543713775385,0.29424077752615574,5.725194729747973,-13.74045461147052,TSX_above_MA50
trend_rs|BTO.TO|2022-04-20,trend_rs,BTO.TO,Materials,2022-04-20,2022-04-19,6,100,2022-04-21,4.937656402587891,0.1415558286911834,2022-05-19,Development,true,,adverse_first,,-6.462558821734321,-5.272111602724705,-9.523799866653992,-2.7410153753524504,0.000028063057344596132,-16.83672264277404,TSX_above_MA50
trend_rs|KNT.TO|2022-04-21,trend_rs,KNT.TO,Materials,2022-04-21,2022-04-20,5,100,2022-04-22,9.350000381469727,0.3782141549246652,2022-05-20,Development,true,,adverse_first,,-2.1390455056646163,-1.9251368752081999,-11.550800851799426,-6.883652289424736,8.021390047067655,-17.326206377561583,TSX_above_MA50
trend_rs|OGC.TO|2022-04-21,trend_rs,OGC.TO,Materials,2022-04-21,2022-04-20,6,100,2022-04-22,9.103622436523438,0.4087339481575426,2022-05-20,Development,true,,adverse_first,,1.5872882847397296,0.31744718118049686,-12.698426749243652,-8.031278186868962,7.301572851011495,-19.04763425706717,TSX_above_MA50
trend_rs|CVE.TO|2022-04-22,trend_rs,CVE.TO,Energy,2022-04-22,2022-04-21,5,100,2022-04-25,18.464582443237305,0.7835303436532707,2022-05-24,Development,true,,success,2,13.3715445245564,16.332407407311766,32.52150993532634,35.97527260497421,33.38111037607278,-0.09551555533872103,TSX_not_above_MA50
trend_rs|IMO.TO|2022-04-22,trend_rs,IMO.TO,Energy,2022-04-22,2022-04-21,6,100,2022-04-25,53.21607208251953,1.539016009352926,2022-05-24,Development,true,,success,2,9.713794868831972,6.7171655553145415,13.552171089972864,17.005933759620728,17.08751998262279,-0.5892460786615428,TSX_not_above_MA50
trend_rs|ALA.TO|2022-04-25,trend_rs,ALA.TO,Utilities,2022-04-25,2022-04-22,2,100,2022-04-26,24.943180084228516,0.4607415273414914,2022-05-25,Development,true,,success,2,-2.7257308595509344,-3.884148313771607,0.3407326068388228,1.8244837832466665,3.88416870476358,-5.383291356089536,TSX_not_above_MA50
trend_rs|DOL.TO|2022-04-25,trend_rs,DOL.TO,Consumer,2022-04-25,2022-04-22,6,100,2022-04-26,72.01663970947266,1.7310296830918352,2022-05-25,Development,true,,adverse_first,,-1.3997763620752002,-4.295320712780992,-5.736243910474914,-4.25249273406707,1.0566730941579339,-11.088240671083927,TSX_not_above_MA50
trend_rs|CVE.TO|2022-04-27,trend_rs,CVE.TO,Energy,2022-04-27,2022-04-26,6,100,2022-04-28,21.89472770690918,0.9183178712942982,2022-05-27,Development,true,,adverse_first,,4.1885008314645145,0.32219304176279717,15.988719715400368,17.75235895241556,16.310910304768633,-7.168747357760985,TSX_not_above_MA50
trend_rs|ARX.TO|2022-04-29,trend_rs,ARX.TO,Energy,2022-04-29,2022-04-28,3,100,2022-05-02,15.196776390075684,0.6554870458279728,2022-05-31,Development,true,,success,2,-7.963093760736994,-0.9809867916328652,9.924954384929997,9.745652213576552,14.685488498612486,-11.915762534474684,TSX_not_above_MA50
trend_rs|CVE.TO|2022-05-02,trend_rs,CVE.TO,Energy,2022-05-02,2022-04-29,5,100,2022-05-03,21.912364959716797,0.9762630679889435,2022-06-01,Development,true,,success,10,-0.6438587130137452,8.692149204544751,21.448688632610846,22.365210066599715,21.93158169978617,-4.024141096016864,TSX_not_above_MA50
trend_rs|IMO.TO|2022-05-02,trend_rs,IMO.TO,Energy,2022-05-02,2022-04-29,6,100,2022-05-03,60.95659637451172,2.06759424037888,2022-06-01,Development,true,,adverse_first,,-7.4809101164336145,-4.350405766021592,4.229881886723441,5.146403320712311,7.231022235666007,-11.860680878026796,TSX_not_above_MA50
trend_rs|ARX.TO|2022-05-03,trend_rs,ARX.TO,Energy,2022-05-03,2022-05-02,2,100,2022-05-04,16.79274559020996,0.6930687897915765,2022-06-02,Development,true,,adverse_first,,-16.97129279261628,-7.937373320907493,2.5064982931509716,3.2296477798160694,3.942537246196909,-20.28721848592131,TSX_not_above_MA50
trend_rs|CNQ.TO|2022-05-04,trend_rs,CNQ.TO,Energy,2022-05-04,2022-05-03,6,100,2022-05-05,31.93771743774414,1.1161205730664145,2022-06-03,Development,true,,adverse_first,,-8.351666648551337,-3.308930983085734,4.017065361279681,3.5604597836024654,7.350390337638668,-10.268633659138239,TSX_not_above_MA50
trend_rs|CVE.TO|2022-05-06,trend_rs,CVE.TO,Energy,2022-05-06,2022-05-05,6,100,2022-05-09,21.48029327392578,1.0115339123879694,2022-06-07,Development,true,,success,5,8.82593106289724,13.916244741099604,27.052547270166748,22.409977450269068,27.791456943341043,-2.093606413689142,TSX_not_above_MA50
trend_rs|PPL.TO|2022-05-09,trend_rs,PPL.TO,Energy,2022-05-09,2022-05-06,4,100,2022-05-10,38.259403228759766,1.0768970990657938,2022-06-08,Development,true,,success,10,4.53698813487009,5.057145076316583,9.613137200728294,5.076705513756208,10.959230267534492,-1.2167559568353803,TSX_not_above_MA50
trend_rs|SU.TO|2022-05-09,trend_rs,SU.TO,Energy,2022-05-09,2022-05-06,5,100,2022-05-10,37.12208938598633,1.636850502862855,2022-06-08,Development,true,,success,5,9.863581895717676,12.883024350312544,20.372193614173927,15.83576192720184,20.710756391449614,-0.8946426935584784,TSX_not_above_MA50
trend_rs|TOU.TO|2022-05-09,trend_rs,TOU.TO,Energy,2022-05-09,2022-05-06,6,100,2022-05-10,50.032100677490234,2.079770191220819,2022-06-08,Development,true,,success,5,8.208002445939444,13.570739915741648,16.341444911275605,11.805013224303519,20.154964244532692,-2.785609239816156,TSX_not_above_MA50
trend_rs|AAV.TO|2022-05-10,trend_rs,AAV.TO,Energy,2022-05-10,2022-05-09,1,100,2022-05-11,10.699999809265137,0.5828569957188198,2022-06-09,Development,true,,adverse_first,,-4.85980853606266,-1.7756970445810705,5.046728705410275,1.3839339664114325,12.149534709423015,-11.121491603699651,TSX_not_above_MA50
trend_rs|SDE.TO|2022-05-10,trend_rs,SDE.TO,Energy,2022-05-10,2022-05-09,5,100,2022-05-11,4.290085315704346,0.23329693042897287,2022-06-09,Development,true,,success,6,5.339814188368708,14.967631848131834,23.86731475217021,20.20452001317137,29.692560016364045,-3.317147761525241,TSX_not_above_MA50
trend_rs|POU.TO|2022-05-11,trend_rs,POU.TO,Energy,2022-05-11,2022-05-10,5,100,2022-05-12,13.020463943481445,0.887080889084582,2022-06-10,Development,true,,success,7,10.199491010951034,18.468453621657922,25.643432560269417,22.720958014270273,31.04887010080386,0.5469834890815983,TSX_not_above_MA50
trend_rs|SU.TO|2022-05-12,trend_rs,SU.TO,Energy,2022-05-12,2022-05-11,5,100,2022-05-13,38.95702362060547,1.8580618365381991,2022-06-13,Development,true,,success,9,4.156026771507038,12.020445832741732,9.77715217359374,11.554290045568138,15.326219768367476,0.085242291728016,TSX_not_above_MA50
trend_rs|TOU.TO|2022-05-12,trend_rs,TOU.TO,Energy,2022-05-12,2022-05-11,6,100,2022-05-13,51.29914855957031,2.176772969681696,2022-06-13,Development,true,,success,6,5.535351453223014,15.937779693337873,9.240138360548267,11.017276232522665,17.1872328641443,0.4067641710127301,TSX_not_above_MA50
trend_rs|TPZ.TO|2022-05-16,trend_rs,TPZ.TO,Energy,2022-05-16,2022-05-13,6,100,2022-05-17,19.277599334716797,0.6834248912609932,2022-06-15,Development,true,,adverse_first,,-4.491623341968265,-1.9191523826918577,-9.477873484690924,-5.186231346069093,1.0208286231352615,-10.923255724724456,TSX_not_above_MA50
trend_rs|BIR.TO|2022-05-17,trend_rs,BIR.TO,Energy,2022-05-17,2022-05-16,1,100,2022-05-18,8.453941345214844,0.45881508020889583,2022-06-16,Development,true,,success,9,6.635516548970055,10.654186314103287,-4.977618843489839,0.48120870049443987,16.635501095550474,-5.539322521936851,TSX_not_above_MA50
trend_rs|POU.TO|2022-05-17,trend_rs,POU.TO,Energy,2022-05-17,2022-05-16,3,100,2022-05-18,13.586020469665527,0.8666277609969918,2022-06-16,Development,true,,success,6,11.96424253166246,16.62042085571538,6.7585265311780995,12.21735407516238,25.5935902489854,-3.6385690667488424,TSX_not_above_MA50
trend_rs|IMO.TO|2022-05-19,trend_rs,IMO.TO,Energy,2022-05-19,2022-05-18,3,100,2022-05-20,59.836727142333984,2.484183414224534,2022-06-20,Development,true,,success,5,8.204769920180865,5.45839467050504,-2.832032127831985,2.18836643244712,9.25002303660063,-6.774111242633185,TSX_not_above_MA50
trend_rs|PEY.TO|2022-05-19,trend_rs,PEY.TO,Energy,2022-05-19,2022-05-18,4,100,2022-05-20,10.306900978088379,0.5145267991528989,2022-06-20,Development,true,,success,5,9.747353914650002,16.933623093222906,-7.346157123771313,-2.325758563492208,19.515102806441732,-11.323014294379508,TSX_not_above_MA50
trend_rs|ARX.TO|2022-05-24,trend_rs,ARX.TO,Energy,2022-05-24,2022-05-20,1,100,2022-05-25,16.54720687866211,0.9126083038383204,2022-06-22,Development,true,,success,9,3.020666700324659,17.32910671912704,-12.400619583742822,-5.63151505776449,21.250674673561875,-14.255417846816798,TSX_not_above_MA50
trend_rs|SDE.TO|2022-05-26,trend_rs,SDE.TO,Energy,2022-05-26,2022-05-25,6,100,2022-05-27,4.918325901031494,0.23850334191904388,2022-06-24,Development,true,,success,4,6.563173295165625,5.151729942293737,-16.86662348464202,-8.742223522784656,13.126327632257716,-22.018345850305387,TSX_not_above_MA50
trend_rs|TOU.TO|2022-05-31,trend_rs,TOU.TO,Energy,2022-05-31,2022-05-30,6,100,2022-06-01,58.68505859375,1.789261736724963,2022-06-29,Development,true,,adverse_first,,-0.8127958930666423,-7.431888692204646,-12.654524823816216,-4.760717000755276,1.6002110574172557,-21.97883383482323,TSX_not_above_MA50
trend_rs|ATH.TO|2022-06-02,trend_rs,ATH.TO,Energy,2022-06-02,2022-06-01,5,96.21859879638959,2022-06-03,3.059999942779541,0.16357149396623885,2022-07-04,Development,true,,success,2,3.9215727523399746,-11.764702674105953,-14.705884186225171,-6.231908349298388,12.418304625710096,-27.450978100551872,TSX_not_above_MA50
trend_rs|KEY.TO|2022-06-02,trend_rs,KEY.TO,Energy,2022-06-02,2022-06-01,6,95.24468580471859,2022-06-03,27.471683502197266,0.5749839084178766,2022-07-04,Development,true,,adverse_first,,-0.694240687786507,-13.942738890322993,-12.199145821232326,-3.725169984305543,2.632346959303722,-18.68461726321985,TSX_not_above_MA50
trend_rs|BTE.TO|2022-06-03,trend_rs,BTE.TO,Energy,2022-06-03,2022-06-02,3,100,2022-06-06,7.317886829376221,0.28196872109489,2022-07-05,Development,true,,success,2,7.506365692058914,-10.559786680164452,-25.445292189777867,-15.9112564828197,16.539416392188855,-30.916035944165788,TSX_not_above_MA50
trend_rs|POU.TO|2022-06-03,trend_rs,POU.TO,Energy,2022-06-03,2022-06-02,6,97.88156944123925,2022-06-06,16.36774444580078,0.6358818971985162,2022-07-05,Development,true,,adverse_first,,-3.45534627634706,-16.517893558775643,-27.193735716220125,-17.65970000926196,4.248761558545944,-29.631727385483476,TSX_not_above_MA50
trend_rs|ARX.TO|2022-06-06,trend_rs,ARX.TO,Energy,2022-06-06,2022-06-03,1,100,2022-06-07,19.2042293548584,0.6824204658114749,2022-07-06,Development,true,,adverse_first,,-10.045640150460633,-19.086751047594053,-33.23846032600335,-22.733495340624586,4.474902945959869,-36.41101518669798,TSX_not_above_MA50
trend_rs|EIF.TO|2022-06-06,trend_rs,EIF.TO,Industrials,2022-06-06,2022-06-03,6,100,2022-06-07,39.85592269897461,0.8297481144845048,2022-07-06,Development,true,,adverse_first,,-8.773715444433282,-10.858757439588151,-10.479421354784858,0.025543630593904965,0.35099105229441374,-16.08170757150045,TSX_not_above_MA50
trend_rs|IMO.TO|2022-06-09,trend_rs,IMO.TO,Energy,2022-06-09,2022-06-08,6,100,2022-06-10,62.29256057739258,1.6754448961717994,2022-07-11,Development,true,,adverse_first,,-8.642846028086016,-12.675217630586777,-17.965009720678758,-10.77381698970826,4.1624624879321726,-20.147412549188314,TSX_not_above_MA50
trend_rs|AAV.TO|2022-06-10,trend_rs,AAV.TO,Energy,2022-06-10,2022-06-09,1,100,2022-06-13,10.699999809265137,0.4821430615016392,2022-07-12,Development,true,,adverse_first,,-15.607477626755573,-22.523363461420708,-19.252331800591506,-13.862970616896387,1.4953257034038936,-32.056073733464785,TSX_not_above_MA50
trend_rs|IMO.TO|2022-06-13,trend_rs,IMO.TO,Energy,2022-06-13,2022-06-10,6,100,2022-06-14,62.12152862548828,1.9685975460389333,2022-07-13,Development,true,,adverse_first,,-5.594215361503673,-7.913079115685029,-20.30435647112587,-15.530073118183195,1.3623108057065458,-20.507259637626497,TSX_not_above_MA50
trend_rs|KEL.TO|2022-06-14,trend_rs,KEL.TO,Energy,2022-06-14,2022-06-13,5,100,2022-06-15,7.260000228881836,0.3542857510702951,2022-07-14,Development,true,,adverse_first,,-15.840221199890392,-14.8760381059871,-27.823696888158178,-21.28419972553549,-2.8925624177193243,-32.09366841717129,TSX_not_above_MA50
trend_rs|POU.TO|2022-06-14,trend_rs,POU.TO,Energy,2022-06-14,2022-06-13,6,100,2022-06-15,15.382132530212402,0.6895080234033364,2022-07-14,Development,true,,adverse_first,,-15.401428515186765,-14.036015743984487,-28.538492132502668,-21.99899496987998,-1.6384429833382619,-34.185240259982486,TSX_not_above_MA50
trend_rs|SCR.TO|2022-06-15,trend_rs,SCR.TO,Energy,2022-06-15,2022-06-14,6,100,2022-06-16,50.49674987792969,3.2764530207837397,2022-07-15,Development,true,,adverse_first,,-24.951266938723705,-22.41714775235658,-31.189068564720312,-27.981341695754235,2.3391957815468656,-36.452238259448855,TSX_not_above_MA50
trend_rs|SDE.TO|2022-06-16,trend_rs,SDE.TO,Energy,2022-06-16,2022-06-15,5,87.49950602801118,2022-06-17,4.352562427520752,0.2523871543198098,2022-07-18,Development,true,,adverse_first,,-6.060614692070598,4.944168948568595,-8.373211612420484,-6.604106778290375,7.256773851526499,-21.61084941291729,TSX_not_above_MA50
trend_rs|KNT.TO|2022-06-16,trend_rs,KNT.TO,Materials,2022-06-16,2022-06-15,6,77.11470238706774,2022-06-17,8.979999542236328,0.46892854145595003,2022-07-18,Development,true,,adverse_first,,-0.3340727672656474,-9.57683408147565,-21.380842954682844,-19.611738120552737,2.2271801017224258,-25.83518722815502,TSX_not_above_MA50
trend_rs|RBA.TO|2022-06-17,trend_rs,RBA.TO,Industrials,2022-06-17,2022-06-16,3,51.560398508281445,2022-06-20,71.91387939453125,1.6745292003930348,2022-07-19,Development,true,,success,5,3.0473707751496493,7.605653616377683,13.341861611882845,14.623687732278047,14.27656498508114,-1.690124838419893,TSX_not_above_MA50
trend_rs|EFN.TO|2022-06-17,trend_rs,EFN.TO,Industrials,2022-06-17,2022-06-16,4,43.04313885177769,2022-06-20,12.060885429382324,0.3248679314466822,2022-07-19,Development,true,,success,11,2.0610583505413116,3.4379886381921576,8.583008052263219,9.864834172658421,10.579578257918975,-1.5534696878742538,TSX_not_above_MA50
trend_rs|X.TO|2022-06-17,trend_rs,X.TO,Financials,2022-06-17,2022-06-16,5,36.243919870038496,2022-06-20,24.48146629333496,0.3824249575750999,2022-07-19,Development,true,,adverse_first,,-2.823563912102356,-2.3741873899863486,-5.602173810913758,-4.320347690518556,0.7863790809541804,-6.15637868830714,TSX_not_above_MA50
trend_rs|DOL.TO|2022-06-20,trend_rs,DOL.TO,Consumer,2022-06-20,2022-06-17,2,62.750323468169924,2022-06-21,72.73807525634766,1.9899903828985817,2022-07-20,Development,true,,success,12,1.9157797024834888,1.12773070902068,3.840359558104356,5.0689926110313195,6.614141585247202,-1.4809376118539497,TSX_not_above_MA50
trend_rs|CPX.TO|2022-06-27,trend_rs,CPX.TO,Utilities,2022-06-27,2022-06-24,1,89.32455969788802,2022-06-28,36.949710845947266,0.6733050514890105,2022-07-27,Development,true,,adverse_first,,-1.2810669260061691,1.2061970990522974,6.246685342827307,6.080733671514227,6.642882475710232,-2.403591435425101,TSX_not_above_MA50
trend_rs|TA.TO|2022-06-27,trend_rs,TA.TO,Utilities,2022-06-27,2022-06-24,3,74.44896693006997,2022-06-28,13.56406021118164,0.34767778006644673,2022-07-27,Development,true,,neither,,0.9569394474338244,2.1872891611499856,-1.4353986248139328,-1.6013502961270132,4.442934093447204,-2.2556236419124076,TSX_not_above_MA50
trend_rs|CCL-B.TO|2022-06-27,trend_rs,CCL-B.TO,Materials,2022-06-27,2022-06-24,4,64.16527633757312,2022-06-28,56.42623519897461,1.3518278844127474,2022-07-27,Development,true,,success,7,0.2811219919902852,2.9105249469655536,4.035046717441193,3.8690950461281126,6.78022726625076,-2.1828925589365222,TSX_not_above_MA50
trend_rs|L.TO|2022-06-29,trend_rs,L.TO,Consumer,2022-06-29,2022-06-28,5,62.99230099296359,2022-06-30,27.595317840576172,0.5320172201490332,2022-07-29,Development,true,,success,5,2.601435979555844,2.8512373673735825,0.4134534024095027,-3.9950209567547024,6.107319798701183,-0.6719208654180409,TSX_not_above_MA50
trend_rs|EFN.TO|2022-06-30,trend_rs,EFN.TO,Industrials,2022-06-30,2022-06-29,5,73.95476759990567,2022-07-04,12.419965744018555,0.31539966738446207,2022-08-02,Development,true,,success,11,2.8337105297145726,4.101409798669731,9.619674862196748,7.116112486833703,12.155097084195067,-1.3422774459981412,TSX_not_above_MA50
trend_rs|DOL.TO|2022-07-11,trend_rs,DOL.TO,Consumer,2022-07-11,2022-07-08,5,68.49584276588917,2022-07-12,74.71057891845703,1.8321897227915696,2022-08-10,Development,true,,success,12,0.7148659709276473,1.9724757760175793,3.521319708571835,-2.942231127669892,5.374620800681562,-1.112004695731461,TSX_not_above_MA50
trend_rs|GIB-A.TO|2022-07-11,trend_rs,GIB-A.TO,Technology,2022-07-11,2022-07-08,6,62.105509876521516,2022-07-12,104.75035095214844,1.9235427198027537,2022-08-10,Development,true,,success,7,1.8039324280446634,1.0483590556567446,4.098977715541863,-2.3645731206998644,5.940695691326958,-1.511145214355747,TSX_not_above_MA50
trend_rs|CPX.TO|2022-07-13,trend_rs,CPX.TO,Utilities,2022-07-13,2022-07-12,5,65.2788146992942,2022-07-14,37.680049896240234,0.6323846282637818,2022-08-12,Development,true,,success,8,2.3095389881690798,4.597443164072557,7.640824455416739,-2.4562409286810194,10.144613899322197,-0.6043822144373157,TSX_not_above_MA50
trend_rs|TA.TO|2022-07-14,trend_rs,TA.TO,Utilities,2022-07-14,2022-07-13,5,76.4460362761713,2022-07-15,13.972002983093262,0.3046318659949776,2022-08-15,Development,true,,adverse_first,,-3.9150670339663463,-2.720633209032164,-14.465813834103702,-24.175779363881624,1.3934972952859281,-17.053765429477398,TSX_not_above_MA50
trend_rs|GIB-A.TO|2022-07-18,trend_rs,GIB-A.TO,Technology,2022-07-18,2022-07-15,5,68.44826698572412,2022-07-19,106.63997650146484,1.9864356158417056,2022-08-17,Development,true,,adverse_first,,-0.742184859039674,2.5234170737788553,2.885248200413315,-3.6820816399699696,4.137682814459742,-2.4955937176240117,TSX_not_above_MA50
trend_rs|CCL-B.TO|2022-07-19,trend_rs,CCL-B.TO,Materials,2022-07-19,2022-07-18,5,78.43978473545351,2022-07-20,58.385799407958984,1.3530354956307835,2022-08-18,Development,true,,success,18,0.5433868259141272,0.8150933060803611,5.3060840207175275,-1.2378456085781808,5.753580989172025,-0.99088798949446,TSX_not_above_MA50
trend_rs|L.TO|2022-07-22,trend_rs,L.TO,Consumer,2022-07-22,2022-07-21,6,36.08589561310174,2022-07-25,28.389259338378906,0.6356946619445945,2022-08-23,Development,true,,adverse_first,,-2.4784556025645554,-3.7595366560450705,2.1183879655053195,-2.4925696132064967,4.47120703129964,-3.927002575775518,TSX_not_above_MA50
trend_rs|GEI.TO|2022-07-25,trend_rs,GEI.TO,Energy,2022-07-25,2022-07-22,5,57.57855287111107,2022-07-26,19.499513626098633,0.469320444236111,2022-08-24,Development,true,,adverse_first,,-2.096267558193432,-4.7360060942776006,-0.8152015760765963,-6.342623688153348,2.911516569042605,-6.948744213068969,TSX_not_above_MA50
trend_rs|FFH.TO|2022-07-25,trend_rs,FFH.TO,Financials,2022-07-25,2022-07-22,6,57.128387895607425,2022-07-26,650.5595703125,16.014782758307256,2022-08-24,Development,true,,adverse_first,,-2.036464251778447,-2.3401109771786,-1.8627481149791403,-7.390170227055892,1.6788062229336154,-6.570706682428451,TSX_not_above_MA50
trend_rs|TRI.TO|2022-07-26,trend_rs,TRI.TO,Industrials,2022-07-26,2022-07-25,3,66.6851415709873,2022-07-27,129.94541931152344,1.966030054173215,2022-08-25,Development,true,,success,5,4.877195590518335,4.06549803354892,4.059990819744663,-0.7061491701420897,6.943648196246532,-0.43058231234673894,TSX_not_above_MA50
trend_rs|L.TO|2022-07-26,trend_rs,L.TO,Consumer,2022-07-26,2022-07-25,6,57.953661496420274,2022-07-27,27.833019256591797,0.5820409250411728,2022-08-25,Development,true,,success,13,1.1102676042613169,0.947999515916309,1.4946015485469921,-3.271538441339761,6.559053563785522,-2.006993414996927,TSX_not_above_MA50
trend_rs|GIB-A.TO|2022-07-27,trend_rs,GIB-A.TO,Technology,2022-07-27,2022-07-26,6,47.0537923639188,2022-07-28,107.96568298339844,2.0387297590874818,2022-08-26,Development,true,,adverse_first,,2.4466200155208506,1.1087691161179913,-4.105191064722213,-6.246363921516595,2.858980199834482,-4.315951959571929,TSX_not_above_MA50
trend_rs|LNR.TO|2022-07-28,trend_rs,LNR.TO,Consumer,2022-07-28,2022-07-27,5,49.408256324057966,2022-07-29,54.86661148071289,1.5157922378675797,2022-08-29,Development,true,,success,8,2.055495835938559,10.65433503119979,6.936051310186442,6.208889663554795,15.022280831858904,-1.832814000476224,TSX_not_above_MA50
trend_rs|DFY.TO|2022-07-29,trend_rs,DFY.TO,Financials,2022-07-29,2022-07-28,6,46.03201884162576,2022-08-02,33.97091293334961,0.7969975989011423,2022-08-30,Development,true,,success,1,8.138225102863238,8.416925212045756,3.0657573475304734,3.0267955829300197,9.894086346915687,1.1705650546783852,TSX_above_MA50
trend_rs|VET.TO|2022-08-02,trend_rs,VET.TO,Energy,2022-08-02,2022-07-29,1,96.42255874636948,2022-08-03,26.33409881591797,1.4255917632190855,2022-08-31,Development,true,,adverse_first,,6.110909436987333,5.479902006655912,16.506130523171002,17.606615049727637,30.222511903263282,-7.472594449746994,TSX_not_above_MA50
trend_rs|WFG.TO|2022-08-02,trend_rs,WFG.TO,Materials,2022-08-02,2022-07-29,4,64.78690332291087,2022-08-03,108.80228424072266,5.793108110252905,2022-08-31,Development,true,,neither,,1.20369403600733,3.069385432215399,1.023123802629189,2.123608329185822,7.987267256640651,-2.9318295164393438,TSX_not_above_MA50
trend_rs|TOU.TO|2022-08-02,trend_rs,TOU.TO,Energy,2022-08-02,2022-07-29,6,64.08070543047891,2022-08-03,56.60365295410156,2.4156184885605234,2022-08-31,Development,true,,success,14,1.7362693913618665,4.354303738674248,5.330971698390408,6.431456224947041,10.295708628636223,-3.5811476500190564,TSX_not_above_MA50
trend_rs|DFY.TO|2022-08-03,trend_rs,DFY.TO,Financials,2022-08-03,2022-08-02,2,78.96185617240516,2022-08-04,36.04438781738281,0.8811944817469965,2022-09-01,Development,true,,adverse_first,,0.9981458002163324,1.2082778590342569,-2.6530085238156698,-0.4345849591734896,3.572363556156666,-3.4673015601110024,TSX_above_MA50
trend_rs|RBA.TO|2022-08-03,trend_rs,RBA.TO,Industrials,2022-08-03,2022-08-02,4,75.15686894901592,2022-08-04,86.01122283935547,2.232922752042501,2022-09-01,Development,true,,adverse_first,,-4.346431146646834,-1.541619613784806,-0.8320898008038702,1.38633376383831,0.096322344034383,-8.136201326568948,TSX_above_MA50
trend_rs|LNR.TO|2022-08-03,trend_rs,LNR.TO,Consumer,2022-08-03,2022-08-02,5,69.86430329262302,2022-08-04,54.565879821777344,1.3123895916734578,2022-09-01,Development,true,,success,5,14.674466471823,13.933840590520852,7.542688056684099,9.761111621326279,15.656208873376709,-1.2917802849914617,TSX_above_MA50
trend_rs|TRI.TO|2022-08-04,trend_rs,TRI.TO,Industrials,2022-08-04,2022-08-03,5,64.75826082662088,2022-08-05,135.2925567626953,2.142914487515398,2022-09-02,Development,true,,adverse_first,,0.8812914811234585,2.2814216109047436,-2.3460917587517005,-0.5662882628349797,2.716938315686601,-2.6114920243770934,TSX_above_MA50
trend_rs|CPX.TO|2022-08-04,trend_rs,CPX.TO,Utilities,2022-08-04,2022-08-03,6,64.10263486367182,2022-08-05,40.11994171142578,0.6820064673749293,2022-09-02,Development,true,,success,3,1.0946542626071087,2.452848200500468,2.2906948064703947,4.070498302387115,5.209805830615943,-0.0810706317337262,TSX_above_MA50
trend_rs|TSU.TO|2022-08-05,trend_rs,TSU.TO,Financials,2022-08-05,2022-08-04,4,66.97183382565515,2022-08-08,41.13999938964844,1.1396424429757255,2022-09-06,Development,true,,adverse_first,,-2.382108791384463,-7.559554342468211,-19.032567167046654,-16.07871025839248,3.038405489900242,-19.227029569189558,TSX_above_MA50
trend_rs|TOU.TO|2022-08-05,trend_rs,TOU.TO,Energy,2022-08-05,2022-08-04,6,64.08070543047891,2022-08-08,56.55756759643555,2.37384471935058,2022-09-06,Development,true,,success,11,3.0274189110958583,6.475713612101042,5.796936739198721,8.750793647852895,10.385581962960778,-1.0860737235780848,TSX_above_MA50
trend_rs|SAP.TO|2022-08-08,trend_rs,SAP.TO,Consumer,2022-08-08,2022-08-05,1,100,2022-08-09,30.25409698486328,0.7992504283478316,2022-09-07,Development,true,,neither,,2.7760993981790216,-0.26866962638681935,1.5609140416067202,3.281698671433464,3.104459362255252,-2.5970056914602857,TSX_above_MA50
trend_rs|TFII.TO|2022-08-08,trend_rs,TFII.TO,Industrials,2022-08-08,2022-08-05,2,100,2022-08-09,125.48175048828125,3.9566565285250803,2022-09-07,Development,true,,adverse_first,,3.5802933323864528,0.8574680199796347,-0.579188702914013,1.1415959269127307,5.596086277213819,-4.061676772126111,TSX_above_MA50
trend_rs|DSG.TO|2022-08-08,trend_rs,DSG.TO,Technology,2022-08-08,2022-08-05,6,74.19246637016147,2022-08-09,92.08000183105469,2.3042869567871094,2022-09-07,Development,true,,adverse_first,,1.737617769661548,-0.4561231109833308,-1.5747225768925843,0.14606205293415941,1.867942209491824,-3.1820159067238563,TSX_above_MA50
trend_rs|AIF.TO|2022-08-09,trend_rs,AIF.TO,Real Estate,2022-08-09,2022-08-08,4,88.26984432901696,2022-08-10,51.1026611328125,1.2333017951166252,2022-09-08,Development,true,,success,2,1.4551976313381898,-1.2873223682796198,-7.779860283350814,-5.401791494230534,8.227593061710191,-8.787324805413043,TSX_above_MA50
trend_rs|TSU.TO|2022-08-10,trend_rs,TSU.TO,Financials,2022-08-10,2022-08-09,6,76.88343156960545,2022-08-11,41.31999969482422,1.221785409109933,2022-09-09,Development,true,,adverse_first,,-3.1703808881080597,-9.559537250999139,-13.867375567657792,-12.773934698587087,1.0164617297787393,-20.135526999692576,TSX_above_MA50
trend_rs|EFN.TO|2022-08-11,trend_rs,EFN.TO,Industrials,2022-08-11,2022-08-10,3,96.81668756316974,2022-08-12,15.97646713256836,0.43397760331080476,2022-09-12,Development,true,,adverse_first,,-0.2898664918872029,-6.550732008399917,-3.826100400297505,-2.871672928055291,3.5362238397441015,-9.507260215813417,TSX_above_MA50
trend_rs|LNR.TO|2022-08-11,trend_rs,LNR.TO,Consumer,2022-08-11,2022-08-10,5,96.08526383296268,2022-08-12,60.796878814697266,1.5728525285403048,2022-09-12,Development,true,,adverse_first,,1.978655798571638,-4.766188150653394,2.9089940308844486,3.8634215031266628,3.8393125006248585,-6.378730405711563,TSX_above_MA50
trend_rs|TSU.TO|2022-08-12,trend_rs,TSU.TO,Financials,2022-08-12,2022-08-11,6,76.88343156960545,2022-08-15,40.15999984741211,1.2599996839250838,2022-09-13,Development,true,,adverse_first,,-5.303787540358995,-9.163347408261801,-10.034857556296938,-7.38280940555036,2.1165300730843217,-17.828684946754294,TSX_above_MA50
trend_rs|MTL.TO|2022-08-15,trend_rs,MTL.TO,Industrials,2022-08-15,2022-08-12,4,100,2022-08-16,12.040205955505371,0.2555559798746767,2022-09-14,Development,true,,adverse_first,,-1.2751453041333405,-4.236483105718769,5.872252124364286,8.555529828483676,6.613557748619425,-6.932134829137137,TSX_above_MA50
trend_rs|TSU.TO|2022-08-16,trend_rs,TSU.TO,Financials,2022-08-16,2022-08-15,5,98.63284784833337,2022-08-17,40.22999954223633,1.3064280918666296,2022-09-15,Development,true,,adverse_first,,-5.070844988167611,-13.547106201723047,-14.665666861336657,-11.587579316115704,0.8700032135245284,-17.97166200473296,TSX_above_MA50
trend_rs|CP.TO|2022-08-18,trend_rs,CP.TO,Industrials,2022-08-18,2022-08-17,6,75.07081609594354,2022-08-19,102.70134735107422,1.753433258681095,2022-09-19,Development,true,,adverse_first,,-2.4213241082509995,-8.309794818037608,-7.34877858116072,-4.618983592563519,-0.24495543252515128,-9.478046779790061,TSX_above_MA50
trend_rs|VET.TO|2022-08-19,trend_rs,VET.TO,Energy,2022-08-19,2022-08-18,3,88.97608346648803,2022-08-22,30.427207946777344,1.583019802752611,2022-09-20,Development,true,,success,4,9.80167521071773,-4.713978017404042,-13.250926807007247,-10.21611231471814,12.704803625624738,-15.837857467822602,TSX_above_MA50
trend_rs|DFY.TO|2022-08-19,trend_rs,DFY.TO,Financials,2022-08-19,2022-08-18,6,76.53319790073714,2022-08-22,36.62192916870117,0.8314870130127326,2022-09-20,Development,true,,adverse_first,,-3.102377143688073,-4.058959488320002,3.2468946802151066,6.281709172504213,5.918191904333736,-5.325762697975456,TSX_above_MA50
trend_rs|BYD.TO|2022-08-22,trend_rs,BYD.TO,Industrials,2022-08-22,2022-08-19,1,100,2022-08-23,181.91456604003906,7.93616168090663,2022-09-21,Development,true,,adverse_first,,-1.282617034306377,-1.7934729318258458,-0.7499945688428711,3.257432727938714,4.6467279135587125,-5.130419424269728,TSX_above_MA50
trend_rs|QSR.TO|2022-08-22,trend_rs,QSR.TO,Consumer,2022-08-22,2022-08-19,5,91.4164487171472,2022-08-23,65.75822448730469,1.1736348441082127,2022-09-21,Development,true,,success,11,1.6438679754247065,2.9721331625181424,2.601164720708593,6.608592017490178,5.523415433856305,-0.1052143907014913,TSX_above_MA50
trend_rs|TFII.TO|2022-08-22,trend_rs,TFII.TO,Industrials,2022-08-22,2022-08-19,6,89.07477751251784,2022-08-23,126.5577163696289,3.3162038196968413,2022-09-21,Development,true,,adverse_first,,-1.6705154931769717,-1.424442583279062,-4.183757909927754,-0.1763306131461695,4.698331566578173,-7.509874118066451,TSX_above_MA50
trend_rs|NPI.TO|2022-08-23,trend_rs,NPI.TO,Utilities,2022-08-23,2022-08-22,6,81.73593829339647,2022-08-24,37.46356201171875,0.719093256066098,2022-09-22,Development,true,,adverse_first,,-0.7507600158356942,-0.9494801263597585,-5.739748746747731,-0.6516872125904793,0.7489630714691442,-6.0708771136115836,TSX_above_MA50
trend_rs|ATS.TO|2022-08-24,trend_rs,ATS.TO,Industrials,2022-08-24,2022-08-23,6,82.82368576948329,2022-08-25,42.2400016784668,1.2642857687813895,2022-09-23,Development,true,,adverse_first,,-6.4630758722845965,-2.651521548478031,-11.742430639387125,-3.3581575731137416,0.28408836912034996,-13.352279782746502,TSX_above_MA50
trend_rs|NPI.TO|2022-08-25,trend_rs,NPI.TO,Utilities,2022-08-25,2022-08-24,6,71.24302326737686,2022-08-26,37.694618225097656,0.7008194748468713,2022-09-26,Development,true,,adverse_first,,-2.1928532929180844,-0.8325829349593361,-9.564558446975935,-1.7837635087294412,0.1314034567216682,-10.42020536506849,TSX_above_MA50
trend_rs|WCN.TO|2022-08-29,trend_rs,WCN.TO,Industrials,2022-08-29,2022-08-26,6,80.36613764201977,2022-08-30,177.2919158935547,2.5227688811469977,2022-09-28,Development,true,,adverse_first,,3.7174962430081226,5.688491516871119,3.772251371309565,8.20009132694789,6.767051679180436,-1.4508522408509084,TSX_above_MA50
trend_rs|LNR.TO|2022-08-30,trend_rs,LNR.TO,Consumer,2022-08-30,2022-08-29,5,90.74685548089124,2022-08-31,58.53078842163086,1.8436307498888322,2022-09-29,Development,true,,success,7,3.6881948995323377,4.042514433641098,-13.641494327074765,-9.042616039206374,8.06892762602378,-15.107108436558992,TSX_above_MA50
trend_rs|NPI.TO|2022-08-31,trend_rs,NPI.TO,Utilities,2022-08-31,2022-08-30,5,93.23002023756496,2022-09-01,37.083065032958984,0.6673921840775557,2022-09-30,Development,true,,adverse_first,,-0.33454022655659,-0.20074882449039322,-9.572020788175994,-5.923110088498751,1.04814266415314,-10.84628673766288,TSX_not_above_MA50
trend_rs|SJ.TO|2022-09-01,trend_rs,SJ.TO,Materials,2022-09-01,2022-08-31,6,83.92927361958148,2022-09-02,37.623748779296875,0.7160653754628216,2022-10-03,Development,true,,success,5,4.696476876842781,5.096199471957363,-0.04995518532187049,1.9722708859860605,5.9455553122284455,-6.445161064432348,TSX_not_above_MA50
trend_rs|RBA.TO|2022-09-02,trend_rs,RBA.TO,Industrials,2022-09-02,2022-09-01,6,86.00526629608075,2022-09-06,84.1216812133789,1.3938321250910934,2022-10-04,Development,true,,adverse_first,,-3.7798214528808605,-5.087358540003228,-2.8238806885218626,-4.305428413423074,0.7691158842908496,-7.120130707279948,TSX_not_above_MA50
trend_rs|CCO.TO|2022-09-06,trend_rs,CCO.TO,Energy,2022-09-06,2022-09-02,3,98.31076493949598,2022-09-07,38.21749496459961,2.0995362135307976,2022-10-05,Development,true,,adverse_first,,3.9129261733832577,-4.327539677398395,-1.7102881902227307,-1.6775422303545007,5.752793455619742,-13.112223297921089,TSX_not_above_MA50
trend_rs|TOU.TO|2022-09-06,trend_rs,TOU.TO,Energy,2022-09-06,2022-09-02,5,92.50476188711737,2022-09-07,58.93013381958008,1.555384006604008,2022-10-05,Development,true,,success,4,10.001973695155431,-1.130217208097184,0.1633201993166633,0.19606615918489334,10.184895761087942,-12.954837029279743,TSX_not_above_MA50
trend_rs|SJ.TO|2022-09-07,trend_rs,SJ.TO,Materials,2022-09-07,2022-09-06,4,97.61829631319162,2022-09-08,38.07489013671875,0.6874681711130434,2022-10-06,Development,true,,success,2,2.49324122862562,-3.5299802506816857,1.555178665606527,3.7907939749353248,4.6902287317774904,-7.553672655121712,TSX_not_above_MA50
trend_rs|WCN.TO|2022-09-07,trend_rs,WCN.TO,Industrials,2022-09-07,2022-09-06,6,82.62673745898628,2022-09-08,184.93109130859375,2.5330873562980827,2022-10-06,Development,true,,adverse_first,,1.270210577142361,-0.12075437199310368,-2.802879358502608,-0.5672640491738101,2.524672148513396,-5.752697724497935,TSX_not_above_MA50
trend_rs|WSP.TO|2022-09-08,trend_rs,WSP.TO,Industrials,2022-09-08,2022-09-07,6,75.92347427118744,2022-09-09,160.325927734375,3.80676511924635,2022-10-07,Development,true,,adverse_first,,-2.3071307836971533,-7.726770037841002,-8.9613138519404,-2.942080214410314,1.6592118905015107,-13.007128599770713,TSX_above_MA50
trend_rs|ATZ.TO|2022-09-09,trend_rs,ATZ.TO,Consumer,2022-09-09,2022-09-08,3,90.02517638298913,2022-09-12,50.029998779296875,1.6039284297398158,2022-10-11,Development,true,,adverse_first,,-7.015787341945112,-10.433734825846063,-8.75474187544948,0.103427699100477,-0.4197463313941885,-13.591843699733374,TSX_above_MA50
trend_rs|CCL-B.TO|2022-09-09,trend_rs,CCL-B.TO,Materials,2022-09-09,2022-09-08,4,77.6346853139874,2022-09-12,64.38580322265625,1.2470605375950916,2022-10-11,Development,true,,adverse_first,,-1.4741012629669092,-5.212090611690057,-7.728319684291451,1.1298498902585052,-0.6086746356308237,-8.979159428404405,TSX_above_MA50
trend_rs|EFR.TO|2022-09-12,trend_rs,EFR.TO,Energy,2022-09-12,2022-09-09,3,100,2022-09-13,9.399999618530273,0.8764284678867885,2022-10-12,Development,true,,adverse_first,,-9.148932889123994,-15.957442383358023,-9.57446441546762,-2.2490875803802926,3.8297938825645472,-20.957445426999577,TSX_above_MA50
trend_rs|TOU.TO|2022-09-13,trend_rs,TOU.TO,Energy,2022-09-13,2022-09-12,4,90.93682789377043,2022-09-14,64.82431030273438,1.6732987222320257,2022-10-13,Development,true,,adverse_first,,-10.119991968601283,-13.944639606282571,-6.152729333859974,-0.5129930350973195,-0.6651529362998287,-20.86945347731175,TSX_above_MA50
trend_rs|BIP-UN.TO|2022-09-13,trend_rs,BIP-UN.TO,Utilities,2022-09-13,2022-09-12,6,84.4122609569938,2022-09-14,48.23542785644531,0.7588307820405262,2022-10-13,Development,true,,adverse_first,,-0.9337403994803206,-10.504579494153566,-17.202372422502265,-11.56263612373961,0.03591471485069331,-19.64446356434837,TSX_above_MA50
trend_rs|VET.TO|2022-09-14,trend_rs,VET.TO,Energy,2022-09-14,2022-09-13,5,100,2022-09-15,28.800458908081055,1.5342897535120028,2022-10-14,Development,true,,adverse_first,,-11.661105310788567,-11.620157572301771,-12.777442782936255,-6.4697420569523105,-0.6259693067585226,-23.656239089242803,TSX_above_MA50
trend_rs|MTL.TO|2022-09-14,trend_rs,MTL.TO,Industrials,2022-09-14,2022-09-13,6,91.33317897090205,2022-09-15,12.844606399536133,0.35273624240221463,2022-10-14,Development,true,,adverse_first,,-8.464944916845518,-9.027856459041683,-9.34503991744915,-3.037339191465205,-1.5792700062407072,-12.580454036427113,TSX_above_MA50
trend_rs|DFY.TO|2022-09-15,trend_rs,DFY.TO,Financials,2022-09-15,2022-09-14,5,84.02754133638311,2022-09-16,38.14342498779297,0.7953196099138518,2022-10-17,Development,true,,adverse_first,,-1.967112941503557,-3.3366303066185155,-3.137431781155653,0.8082213750676415,1.0956225384810558,-6.324691945371653,TSX_above_MA50
trend_rs|WCN.TO|2022-09-16,trend_rs,WCN.TO,Industrials,2022-09-16,2022-09-15,4,92.1660627710246,2022-09-19,187.40626525878906,2.242236362511061,2022-10-18,Development,true,,adverse_first,,-0.8131750760491663,-2.569000762669682,-7.101051575506867,-3.1945720197503413,1.1705744218238001,-10.555752980196775,TSX_not_above_MA50
trend_rs|SAP.TO|2022-09-16,trend_rs,SAP.TO,Consumer,2022-09-16,2022-09-15,5,83.71776235032422,2022-09-19,31.28929328918457,0.6048490799560913,2022-10-18,Development,true,,adverse_first,,-4.904227783412718,-7.399869097700096,-6.761444548392248,-2.8549649926357223,-0.029011895463704196,-12.884499197974552,TSX_not_above_MA50
trend_rs|PSK.TO|2022-09-19,trend_rs,PSK.TO,Energy,2022-09-19,2022-09-16,3,98.7473776511433,2022-09-20,16.251853942871094,0.4640933748744202,2022-10-19,Development,true,,adverse_first,,-6.540109841359554,3.708612908965181,6.629246212613782,10.213889767060014,8.169201000719584,-9.65191315490489,TSX_above_MA50
trend_rs|MTL.TO|2022-09-20,trend_rs,MTL.TO,Industrials,2022-09-20,2022-09-19,5,81.89515062926986,2022-09-21,11.968284606933594,0.395851482085935,2022-10-20,Development,true,,adverse_first,,-0.4604747731730696,1.3778305955159276,-9.175287354490036,-6.020661386912041,5.394789662239252,-10.7412340344349,TSX_not_above_MA50
trend_rs|LNR.TO|2022-09-20,trend_rs,LNR.TO,Consumer,2022-09-20,2022-09-19,6,81.24090555974664,2022-09-21,59.14352798461914,1.6618053688637073,2022-10-20,Development,true,,adverse_first,,-3.283398007536187,-7.953466049445823,-10.503658994921416,-7.34903302734342,0.19126383330796415,-17.03857602970097,TSX_not_above_MA50
trend_rs|DFY.TO|2022-09-21,trend_rs,DFY.TO,Financials,2022-09-21,2022-09-20,3,93.71721042966442,2022-09-22,37.15564727783203,0.7864786443421892,2022-10-21,Development,true,,adverse_first,,-1.6359945914479535,0.3578699668279617,-1.1503029220349181,-0.40462349450293145,3.783235588831957,-3.834346922495624,TSX_not_above_MA50
trend_rs|GFL.TO|2022-09-21,trend_rs,GFL.TO,Industrials,2022-09-21,2022-09-20,6,81.85084353982691,2022-09-22,35.86574935913086,1.0757156124570508,2022-10-21,Development,true,,adverse_first,,-2.35588398244585,1.385812856021662,-1.366816879531152,-0.6211374519991653,4.074275692364315,-10.559869539813505,TSX_not_above_MA50
trend_rs|IFC.TO|2022-09-22,trend_rs,IFC.TO,Financials,2022-09-22,2022-09-21,6,78.53857182364942,2022-09-23,181.611083984375,3.1087011750810314,2022-10-24,Development,true,,adverse_first,,-0.9274357792060317,-3.2130561556382164,0.8108593601916514,-1.555897799188255,4.697945938173764,-4.925997562765472,TSX_not_above_MA50
trend_rs|CCL-B.TO|2022-09-23,trend_rs,CCL-B.TO,Materials,2022-09-23,2022-09-22,4,85.44265000192826,2022-09-26,61.02995681762695,1.4272009529531375,2022-10-25,Development,true,,adverse_first,,2.9001220541474915,-2.6545886377695838,1.565139580328001,-2.636311830159266,4.680063742067708,-3.974208146401992,TSX_not_above_MA50
trend_rs|EFN.TO|2022-09-23,trend_rs,EFN.TO,Industrials,2022-09-23,2022-09-22,5,81.159350111127,2022-09-26,14.71687126159668,0.3532681219464196,2022-10-25,Development,true,,success,5,5.610488448561735,3.8397504678339356,13.388960609672607,9.187509199185339,18.005458850399126,0.2517457119256994,TSX_not_above_MA50
trend_rs|ATZ.TO|2022-09-26,trend_rs,ATZ.TO,Consumer,2022-09-26,2022-09-23,1,100,2022-09-27,46.58000183105469,1.8514292580740792,2022-10-26,Development,true,,adverse_first,,4.229277218904004,4.379555647569822,16.036919519882133,10.728280244552215,16.2730736762313,-4.733795071653734,TSX_not_above_MA50
trend_rs|EFN.TO|2022-09-27,trend_rs,EFN.TO,Industrials,2022-09-27,2022-09-26,5,76.66593045725111,2022-09-28,15.226125717163086,0.3499605132940748,2022-10-27,Development,true,,adverse_first,,4.64544415389192,7.396044658096246,11.858146344518739,8.087418826967596,14.119764363537413,-2.6283798894644494,TSX_not_above_MA50
trend_rs|QSR.TO|2022-09-27,trend_rs,QSR.TO,Consumer,2022-09-27,2022-09-26,6,74.57996281996114,2022-09-28,66.32544708251953,1.1683393730696952,2022-10-27,Development,true,,adverse_first,,-1.249981451465132,-2.39473375749375,4.2631492432945395,0.49242172574339715,5.236840627124084,-6.855253897224212,TSX_not_above_MA50
trend_rs|CCO.TO|2022-09-29,trend_rs,CCO.TO,Energy,2022-09-29,2022-09-28,6,45.64969492393237,2022-09-30,36.30612564086914,1.6956165356455404,2022-10-31,Development,true,,adverse_first,,0.02727626241234571,-15.166395182398452,-11.865794064428925,-17.18942117872956,5.72830269450042,-20.32188254773064,TSX_not_above_MA50
trend_rs|CCL-B.TO|2022-09-30,trend_rs,CCL-B.TO,Materials,2022-09-30,2022-09-29,3,73.22465661080997,2022-10-03,62.79990005493164,1.5580478093963508,2022-11-01,Development,true,,adverse_first,,-5.3981575347346045,-2.0728053140032343,-5.129743345180171,-8.500821594107943,1.7297760706091125,-6.68058507931808,TSX_not_above_MA50
trend_rs|ERO.TO|2022-10-03,trend_rs,ERO.TO,Materials,2022-10-03,2022-09-30,2,100,2022-10-04,16.200000762939453,0.7246428217206683,2022-11-02,Development,true,,success,6,4.074072940304929,-7.407411768057937,-16.11111411995998,-15.62585264662355,9.382706659448559,-16.666670591252142,TSX_not_above_MA50
trend_rs|IVN.TO|2022-10-03,trend_rs,IVN.TO,Materials,2022-10-03,2022-09-30,3,100,2022-10-04,9.470000267028809,0.4335714748927525,2022-11-02,Development,true,,adverse_first,,-5.491028966220091,-8.870117517445841,0.7391731029610771,1.2244345762975062,5.807816000277954,-10.137275724155504,TSX_not_above_MA50
trend_rs|AG.TO|2022-10-03,trend_rs,AG.TO,Materials,2022-10-03,2022-09-30,4,96.96261694311751,2022-10-04,11.651010513305664,0.5943387963703783,2022-11-02,Development,true,,adverse_first,,-1.0177973752902747,-13.061921245611641,-6.446123711525853,-5.960862238189424,5.173870117782653,-13.65563884813773,TSX_not_above_MA50
trend_rs|FRU.TO|2022-10-03,trend_rs,FRU.TO,Energy,2022-10-03,2022-09-30,5,92.49569805297,2022-10-04,11.849462509155273,0.43776950898797373,2022-11-02,Development,true,,success,15,-0.4413418621170617,2.459054127858673,7.7597520237725925,8.24501349710902,8.900729448143752,-2.900360921542733,TSX_not_above_MA50
trend_rs|PSK.TO|2022-10-05,trend_rs,PSK.TO,Energy,2022-10-05,2022-10-04,6,87.16614520465993,2022-10-06,17.1307373046875,0.5849146187000095,2022-11-04,Development,true,,success,12,-0.45341281576228853,0.705287793494147,7.758187996579613,5.277547387221904,11.133498143144237,-3.3249478729214355,TSX_not_above_MA50
trend_rs|EFN.TO|2022-10-07,trend_rs,EFN.TO,Industrials,2022-10-07,2022-10-06,5,80.14455991915378,2022-10-11,15.281962394714355,0.3835848619713761,2022-11-08,Development,true,,success,2,12.24116574459826,9.196102743714407,9.561497822775266,1.6368922443171332,13.702797725326231,-1.1571143943020612,TSX_not_above_MA50
trend_rs|AGI.TO|2022-10-07,trend_rs,AGI.TO,Materials,2022-10-07,2022-10-06,6,76.55265068523661,2022-10-11,10.122456550598145,0.4236301713249969,2022-11-08,Development,true,,adverse_first,,-1.6409204115443887,1.7374800561325454,9.073384481963487,1.1487789035053542,10.521257560542296,-5.308856992698274,TSX_not_above_MA50
trend_rs|CNQ.TO|2022-10-11,trend_rs,CNQ.TO,Energy,2022-10-11,2022-10-07,4,90.92271322123861,2022-10-12,30.08867073059082,1.2176067993725745,2022-11-09,Development,true,,success,6,5.116528682586363,12.425869861349458,9.929636708517563,3.679053387539021,16.190879037593795,-1.2549799103752202,TSX_not_above_MA50
trend_rs|BYD.TO|2022-10-12,trend_rs,BYD.TO,Industrials,2022-10-12,2022-10-11,5,90.38689847004652,2022-10-13,183.87559509277344,5.889524149441554,2022-11-10,Development,true,,success,9,0.7641527040727292,3.1803404198889718,12.506067190236791,5.1093206707911065,14.491746299411211,-1.1569597344571636,TSX_not_above_MA50
trend_rs|ATZ.TO|2022-10-13,trend_rs,ATZ.TO,Consumer,2022-10-13,2022-10-12,1,100,2022-10-14,49.310001373291016,2.2010710580008372,2022-11-11,Development,true,,success,8,5.759480984574039,5.0294047316324475,9.67349487916942,-0.06709558772979385,12.674913457587822,-2.1699445650467775,TSX_not_above_MA50
trend_rs|TECK-B.TO|2022-10-17,trend_rs,TECK-B.TO,Materials,2022-10-17,2022-10-14,5,98.76904188292997,2022-10-18,42.606414794921875,1.6590958928957324,2022-11-15,Development,true,,success,6,4.482615120257694,-4.817111910306149,2.34168345716399,-4.0238281994337655,8.965222231038283,-8.385353504653425,TSX_not_above_MA50
trend_rs|BYD.TO|2022-10-18,trend_rs,BYD.TO,Industrials,2022-10-18,2022-10-17,5,80.59616266176735,2022-10-19,187.3190155029297,5.7460651532955,2022-11-16,Development,true,,success,10,1.9755885787868577,6.354652712876585,7.643559591496962,0.7699808820065268,14.17779392136136,-1.8012960598702499,TSX_not_above_MA50
trend_rs|CNQ.TO|2022-10-19,trend_rs,CNQ.TO,Energy,2022-10-19,2022-10-18,5,91.47429028829461,2022-10-20,32.42073440551758,1.1710726092262491,2022-11-17,Development,true,,success,11,4.18532937376257,5.516454421577577,2.419030413461698,-4.606523688349773,7.83312486175789,-0.10236583728784332,TSX_not_above_MA50
trend_rs|IMO.TO|2022-10-19,trend_rs,IMO.TO,Energy,2022-10-19,2022-10-18,6,87.67291586846684,2022-10-20,60.50497817993164,2.390073195719532,2022-11-17,Development,true,,success,6,0.9274625958726412,16.32013256148708,12.909506370240953,5.883952268429482,19.416617347052778,-2.4981097167058985,TSX_not_above_MA50
trend_rs|TECK-B.TO|2022-10-20,trend_rs,TECK-B.TO,Materials,2022-10-20,2022-10-19,5,100,2022-10-21,45.65652847290039,1.6828505590626308,2022-11-18,Development,true,,adverse_first,,-11.716982416885536,-5.07804389574874,-8.491162489133009,-14.428813677431618,1.6857306475261957,-14.505728743968493,TSX_not_above_MA50
trend_rs|AG.TO|2022-10-21,trend_rs,AG.TO,Materials,2022-10-21,2022-10-20,5,91.47677051219358,2022-10-24,11.285371780395508,0.7284529618231151,2022-11-21,Development,true,,success,11,0.35026623411194,6.479870402591947,7.338630692174886,1.7424957289110976,14.185652226261691,-5.429073106730408,TSX_not_above_MA50
trend_rs|IVN.TO|2022-10-26,trend_rs,IVN.TO,Materials,2022-10-26,2022-10-25,5,99.83323184379498,2022-10-27,9.819999694824219,0.3942856788635254,2022-11-24,Development,true,,adverse_first,,-2.240318942885977,11.099798232808421,13.951119431105097,8.825060656999618,17.00611128505578,-4.989814524907022,TSX_above_MA50
trend_rs|AG.TO|2022-10-27,trend_rs,AG.TO,Materials,2022-10-27,2022-10-26,5,96.79166242109221,2022-10-28,11.275490760803223,0.6515138307704044,2022-11-25,Development,true,,success,7,5.784394067634269,9.991238419281935,10.940701462690882,6.253771026371368,14.285716222653555,-5.346198028268956,TSX_above_MA50
trend_rs|BBD-B.TO|2022-10-27,trend_rs,BBD-B.TO,Industrials,2022-10-27,2022-10-26,6,93.01211921945146,2022-10-28,39.04999923706055,1.7207137516566686,2022-11-25,Development,true,,adverse_first,,3.969268290252659,9.9103687771956,12.59923708006947,7.912306643749956,13.930864398694776,-5.1216390245198635,TSX_above_MA50
trend_rs|IMO.TO|2022-10-28,trend_rs,IMO.TO,Energy,2022-10-28,2022-10-27,3,95.78127096765407,2022-10-31,67.0759048461914,2.479288872133467,2022-11-28,Development,true,,success,4,3.8456406915874597,1.6327082148276606,2.4827870328317125,-1.606558778211209,7.718261027900675,-1.9025838709769483,TSX_above_MA50
trend_rs|ATZ.TO|2022-10-28,trend_rs,ATZ.TO,Consumer,2022-10-28,2022-10-27,5,92.46903304422761,2022-10-31,52.84000015258789,2.474285125732422,2022-11-28,Development,true,,adverse_first,,-0.813778016529243,1.5329321933231332,-3.7660894638913756,-7.8554352749342975,3.917486163600703,-5.71536799591732,TSX_above_MA50
trend_rs|PSK.TO|2022-10-31,trend_rs,PSK.TO,Energy,2022-10-31,2022-10-28,6,100,2022-11-01,18.26991081237793,0.6124288010617523,2022-11-29,Development,true,,neither,,1.9367043214133073,2.6924544523027505,4.01509809008429,0.12272756341289437,4.7236459879296255,-3.117624670489605,TSX_above_MA50
trend_rs|HWX.TO|2022-11-01,trend_rs,HWX.TO,Energy,2022-11-01,2022-10-31,5,97.30428766826854,2022-11-02,5.8206787109375,0.23930862084188106,2022-11-30,Development,true,,success,2,-7.212222188725537,-7.489632049157979,-10.124841400499129,-16.22693602751578,9.292641960909842,-17.891833911705213,TSX_above_MA50
trend_rs|WCP.TO|2022-11-01,trend_rs,WCP.TO,Energy,2022-11-01,2022-10-31,6,93.48178979871257,2022-11-02,8.35423469543457,0.31039522160476646,2022-11-30,Development,true,,success,7,-1.498119302972012,1.778973864304434,0.8197327640824037,-5.282361862934248,7.8651447859638735,-4.494402029551581,TSX_above_MA50
trend_rs|FRU.TO|2022-11-03,trend_rs,FRU.TO,Energy,2022-11-03,2022-11-02,5,96.7124134750467,2022-11-04,13.054377555847168,0.3101196708015245,2022-12-02,Development,true,,adverse_first,,-1.438418375356787,-3.739925764000418,-4.024770561172231,-9.350781090280712,2.0713158636289197,-7.7675223191937315,TSX_above_MA50
trend_rs|IVN.TO|2022-11-04,trend_rs,IVN.TO,Materials,2022-11-04,2022-11-03,5,87.42974737119891,2022-11-07,10.380000114440918,0.4964284215654646,2022-12-05,Development,true,,success,4,5.876682562157187,2.7938338984175193,14.161852127378172,10.598954656770875,18.015412957052778,-1.2524095665476742,TSX_above_MA50
trend_rs|CVE.TO|2022-11-04,trend_rs,CVE.TO,Energy,2022-11-04,2022-11-03,6,83.23574504243663,2022-11-07,25.402463912963867,1.0837254527831708,2022-12-05,Development,true,,adverse_first,,-1.2596140005933232,-6.723923122684605,-8.375113857293249,-11.938011327900544,2.3443237040646325,-12.064017499938462,TSX_above_MA50
trend_rs|TVE.TO|2022-11-07,trend_rs,TVE.TO,Energy,2022-11-07,2022-11-04,3,100,2022-11-08,4.711044788360596,0.20196818879266482,2022-12-06,Development,true,,adverse_first,,0,-5.223883089668924,-12.270509749359725,-13.948502579533638,2.2388184484841256,-12.644622352834922,TSX_above_MA50
trend_rs|FM.TO|2022-11-07,trend_rs,FM.TO,Materials,2022-11-07,2022-11-04,5,87.34151264936884,2022-11-08,30.28329849243164,2.006202644791169,2022-12-06,Development,true,,success,3,7.843790801509343,2.297348960803469,4.332138536023744,2.654145705849831,14.37480320574107,-7.088941099687418,TSX_above_MA50
trend_rs|ATZ.TO|2022-11-07,trend_rs,ATZ.TO,Consumer,2022-11-07,2022-11-04,6,78.69000951170962,2022-11-08,51.79999923706055,1.8253563472202845,2022-12-06,Development,true,,adverse_first,,1.4092655463092019,-0.752894585699937,-5.057913070412312,-6.735905900586225,6.003862270574123,-6.177607741449531,TSX_above_MA50
trend_rs|CVE.TO|2022-11-08,trend_rs,CVE.TO,Energy,2022-11-08,2022-11-07,4,97.48153097626866,2022-11-09,24.069236755371094,1.051346906840017,2022-12-07,Development,true,,adverse_first,,3.618910594417457,0.33376885973546155,-7.452676125894387,-10.703754800754417,7.8286650554897586,-8.56502098056624,TSX_above_MA50
trend_rs|OR.TO|2022-11-08,trend_rs,OR.TO,Materials,2022-11-08,2022-11-07,5,92.36421123095906,2022-11-09,15.657403945922852,0.5213635354720492,2022-12-07,Development,true,,success,1,3.3210179718842436,4.920033392662604,5.16605638038985,1.914977705529819,7.503063055996284,0.12300410102170645,TSX_above_MA50
trend_rs|FM.TO|2022-11-09,trend_rs,FM.TO,Materials,2022-11-09,2022-11-08,6,87.34151264936884,2022-11-10,31.913253784179688,2.0558961337178756,2022-12-08,Development,true,,adverse_first,,-8.221741007627658,-2.989731609439694,0.15570410625651565,0.26176087080708177,8.533160827668794,-11.834332250982449,TSX_above_MA50
trend_rs|K.TO|2022-11-10,trend_rs,K.TO,Materials,2022-11-10,2022-11-09,6,83.09168409921553,2022-11-11,5.36238431930542,0.24594389818046558,2022-12-09,Development,true,,adverse_first,,-3.8596676873499103,-2.280713532730405,1.4622165647687702,2.2796612636972413,5.351052273288048,-6.842129982572409,TSX_above_MA50
trend_rs|IMO.TO|2022-11-11,trend_rs,IMO.TO,Energy,2022-11-11,2022-11-10,3,99.4605003082805,2022-11-14,68.17105865478516,2.197420348513449,2022-12-12,Development,true,,adverse_first,,-0.10621895115752178,0.8364224794710662,-11.43984035485255,-11.931253950314957,4.72649836754464,-13.162438176734081,TSX_above_MA50
trend_rs|CVE.TO|2022-11-11,trend_rs,CVE.TO,Energy,2022-11-11,2022-11-10,4,97.48153097626866,2022-11-14,25.082490921020508,1.1186436260745543,2022-12-12,Development,true,,adverse_first,,-5.534016367045713,-5.96095996418069,-13.575156255121023,-14.06656985058343,2.6576879531161834,-14.429092310213642,TSX_above_MA50
trend_rs|WCP.TO|2022-11-11,trend_rs,WCP.TO,Energy,2022-11-11,2022-11-10,6,92.78135397473665,2022-11-14,8.635834693908691,0.317723026061704,2022-12-12,Development,true,,adverse_first,,-3.8949109413915273,-3.8949109413915273,-12.466471400431722,-12.95788499589413,2.8079646043548845,-14.284415740210221,TSX_above_MA50
trend_rs|AG.TO|2022-11-14,trend_rs,AG.TO,Materials,2022-11-14,2022-11-11,1,100,2022-11-15,12.066060066223145,0.6733954573591766,2022-12-13,Development,true,,neither,,3.6718570497845437,0.7215040632124969,0.14783221959913107,0.004298812770131555,6.622205400876324,-4.504510574793164,TSX_above_MA50
trend_rs|CS.TO|2022-11-14,trend_rs,CS.TO,Materials,2022-11-14,2022-11-11,3,100,2022-11-15,4.619999885559082,0.31357143606458393,2022-12-13,Development,true,,adverse_first,,-1.7316001231106881,-2.813855360630302,0,-0.1435334068289995,7.792210875148964,-9.09091096748198,TSX_above_MA50
trend_rs|FM.TO|2022-11-14,trend_rs,FM.TO,Materials,2022-11-14,2022-11-11,5,100,2022-11-15,32.65865707397461,2.16380224964051,2022-12-13,Development,true,,adverse_first,,-5.143033084690341,-4.6865529662593275,-5.021304663758452,-5.164838070587452,2.1302503451823274,-13.846631122862718,TSX_above_MA50
trend_rs|IVN.TO|2022-11-14,trend_rs,IVN.TO,Materials,2022-11-14,2022-11-11,6,100,2022-11-15,11,0.5157141004289899,2022-12-13,Development,true,,adverse_first,,-0.27272484519265117,4.181818528608838,11.636361208829005,11.492827802000004,14.818182858553808,-6.818181818181824,TSX_above_MA50
trend_rs|FVI.TO|2022-11-15,trend_rs,FVI.TO,Materials,2022-11-15,2022-11-14,5,100,2022-11-16,4.650000095367432,0.24571427277156285,2022-12-14,Development,true,,adverse_first,,5.806451083635489,7.9569866230259745,11.827950593928872,12.160152123390745,18.70967457454078,-5.376343975757392,TSX_above_MA50
trend_rs|IMO.TO|2022-11-15,trend_rs,IMO.TO,Energy,2022-11-15,2022-11-14,6,100,2022-11-16,68.18011474609375,2.183197952907375,2022-12-14,Development,true,,adverse_first,,1.5133322829598672,1.5929831173353781,-12.025726167637817,-11.693524638175944,4.712587966613557,-13.173972461940487,TSX_above_MA50
trend_rs|AG.TO|2022-11-16,trend_rs,AG.TO,Materials,2022-11-16,2022-11-15,1,100,2022-11-17,11.927709579467773,0.6804541981762051,2022-12-15,Development,true,,neither,,6.781158876830862,5.786308747584368,-3.9135419773232982,-2.485300998982942,7.858925151459029,-4.245160148582894,TSX_above_MA50
trend_rs|IVN.TO|2022-11-16,trend_rs,IVN.TO,Materials,2022-11-16,2022-11-15,6,100,2022-11-17,10.449999809265137,0.4928569793701172,2022-12-15,Development,true,,success,6,7.081337651911412,14.928233953014791,4.401914320985245,5.830155299325601,20.86124732024357,-1.9138738078044115,TSX_above_MA50
trend_rs|OR.TO|2022-11-17,trend_rs,OR.TO,Materials,2022-11-17,2022-11-16,6,100,2022-11-18,16.36998176574707,0.5846421384011907,2022-12-16,Development,true,,adverse_first,,0.23529041658194583,0.8823565394342037,-2.8235257792378454,-0.13295829296360306,2.5294026084740517,-4.352938905098503,TSX_above_MA50
trend_rs|TVE.TO|2022-11-18,trend_rs,TVE.TO,Energy,2022-11-18,2022-11-17,5,100,2022-11-21,4.350684642791748,0.21345336716217642,2022-12-19,Development,true,,adverse_first,,0.4040641176004556,0.26227396680442716,-16.34683052377963,-12.46088690181014,7.351501871984678,-17.764684291598808,TSX_above_MA50
trend_rs|AGI.TO|2022-11-18,trend_rs,AGI.TO,Materials,2022-11-18,2022-11-17,6,88.38427512636412,2022-11-21,11.8323335647583,0.41525537548255176,2022-12-19,Development,true,,success,2,2.807609932408872,9.773153293424475,7.786323332098277,11.672266954067767,16.230395890601336,0.4128730370615452,TSX_above_MA50
trend_rs|FM.TO|2022-11-21,trend_rs,FM.TO,Materials,2022-11-21,2022-11-18,4,100,2022-11-22,30.97901153564453,1.9998134986174751,2022-12-20,Development,true,,adverse_first,,0.4812299331039771,1.9890931640857312,-16.650625874126735,-12.134801891065406,7.667632295650373,-24.991983925675388,TSX_above_MA50
trend_rs|HBM.TO|2022-11-21,trend_rs,HBM.TO,Materials,2022-11-21,2022-11-18,6,100,2022-11-22,7.29545783996582,0.42822706369177244,2022-12-20,Development,true,,adverse_first,,0.9523922193425793,1.6326480991372128,-3.265309270439831,1.2505147126214982,7.755112103772777,-8.571423088261131,TSX_above_MA50
trend_rs|ELD.TO|2022-11-22,trend_rs,ELD.TO,Materials,2022-11-22,2022-11-21,4,100,2022-11-23,10.143196105957031,0.4084269628694144,2022-12-21,Development,true,,adverse_first,,1.078431261935986,8.823531070960344,10.78431261935977,14.290823934547792,15.29412316821508,-5.490192571691166,TSX_above_MA50
trend_rs|HBM.TO|2022-11-25,trend_rs,HBM.TO,Materials,2022-11-25,2022-11-24,6,100,2022-11-28,7.166421890258789,0.3006097234239905,2022-12-28,Development,true,,success,3,4.570646924667887,-1.6620383049496867,-3.185591715684988,1.4453540602602177,9.695310914143928,-6.9251938496218575,TSX_above_MA50
trend_rs|BBD-B.TO|2022-11-28,trend_rs,BBD-B.TO,Industrials,2022-11-28,2022-11-25,2,100,2022-11-29,46.900001525878906,1.6528573717389787,2022-12-29,Development,true,,success,2,8.400849677019595,16.1833686687618,11.812360171828917,15.715720488006035,18.33688314354469,-1.2793225358154525,TSX_above_MA50
trend_rs|FFH.TO|2022-11-28,trend_rs,FFH.TO,Financials,2022-11-28,2022-11-25,5,100,2022-11-29,746.4705810546875,16.291559631581826,2022-12-29,Development,true,,adverse_first,,-1.7099184361563435,0.5089052698677987,2.1857497693818617,6.08911008555898,3.690846699601158,-2.936388963560832,TSX_above_MA50
trend_rs|FTT.TO|2022-11-29,trend_rs,FTT.TO,Industrials,2022-11-29,2022-11-28,6,100,2022-11-30,31.265464782714844,0.6989165590114873,2022-12-30,Development,true,,adverse_first,,-2.2306832043810343,4.402704032940741,-1.2033778693991026,4.020230789426404,5.165845059358887,-5.165805766363086,TSX_above_MA50
trend_rs|AEM.TO|2022-11-30,trend_rs,AEM.TO,Materials,2022-11-30,2022-11-29,1,100,2022-12-01,64.97764587402344,1.5806184918228061,2023-01-03,Development,true,,adverse_first,,0.29970352540582557,-1.5841253999471672,4.466973904364924,9.737000060853196,5.223369641718034,-3.15397113573046,TSX_above_MA50
trend_rs|BBD-B.TO|2022-11-30,trend_rs,BBD-B.TO,Industrials,2022-11-30,2022-11-29,3,100,2022-12-01,51.279998779296875,1.5542855943952287,2023-01-03,Development,true,,adverse_first,,0,4.855697616498533,3.042124435308735,8.312150591797007,8.229331749529711,-5.557719465609101,TSX_above_MA50
trend_rs|ERO.TO|2022-11-30,trend_rs,ERO.TO,Materials,2022-11-30,2022-11-29,6,100,2022-12-01,17.65999984741211,0.7621425901140485,2023-01-03,Development,true,,adverse_first,,-0.056626438098761334,4.530007044013518,7.021516318415322,12.291542474903594,14.382791265423233,-6.285394223908902,TSX_above_MA50
trend_rs|CURA.TO|2022-12-05,trend_rs,CURA.TO,Health Care,2022-12-05,2022-12-02,5,100,2022-12-06,26.700000762939453,1.6607141494750977,2023-01-06,Development,true,,adverse_first,,-23.595509229924083,-38.20224895685177,-36.62921500819017,-35.75028820597401,-2.8089886837794675,-45.393260273072315,TSX_above_MA50
trend_rs|FVI.TO|2022-12-07,trend_rs,FVI.TO,Materials,2022-12-07,2022-12-06,6,100,2022-12-08,5.260000228881836,0.19928571156093053,2023-01-10,Development,true,,adverse_first,,-4.372623746489445,-0.7604645807912647,-5.513316085003927,-5.161279794740503,4.942960850401867,-12.927761893279133,TSX_above_MA50
trend_rs|LUG.TO|2022-12-08,trend_rs,LUG.TO,Materials,2022-12-08,2022-12-07,6,100,2022-12-09,11.147823333740234,0.5274237260663758,2023-01-11,Development,true,,adverse_first,,-11.111114913245746,-6.810042312055254,3.942652023125337,3.551617729782053,7.383510566695373,-15.483863818118348,TSX_above_MA50
trend_rs|QSR.TO|2022-12-09,trend_rs,QSR.TO,Consumer,2022-12-09,2022-12-08,6,100,2022-12-12,80.10543060302734,1.312796842537867,2023-01-12,Development,true,,adverse_first,,-3.5189029960153606,-3.456281437570019,-3.6100876044649066,-4.5666454323699535,0.936927028172696,-4.532879002199596,TSX_above_MA50
trend_rs|IVN.TO|2022-12-12,trend_rs,IVN.TO,Materials,2022-12-12,2022-12-09,4,100,2022-12-13,12.279999732971191,0.37642853600638254,2023-01-13,Development,true,,adverse_first,,-18.811070978610434,-12.377846393662628,-2.442998349009551,-4.124021194041639,1.058632876773391,-19.543971259921065,TSX_above_MA50
trend_rs|AEM.TO|2022-12-13,trend_rs,AEM.TO,Materials,2022-12-13,2022-12-12,1,100,2022-12-14,66.11824798583984,1.7394532648580545,2023-01-16,Development,true,,adverse_first,,-0.2103677818701577,-1.3183555380521517,5.035060720027618,2.5284796732459647,5.848527511843038,-4.26365182246391,TSX_above_MA50
trend_rs|ERO.TO|2022-12-13,trend_rs,ERO.TO,Materials,2022-12-13,2022-12-12,5,100,2022-12-14,18.940000534057617,0.8357145445687431,2023-01-16,Development,true,,adverse_first,,-1.7423437930355612,-1.583955311245755,7.7085482751033,5.201967228321647,12.565993102729456,-4.857444827626145,TSX_above_MA50
trend_rs|FFH.TO|2022-12-13,trend_rs,FFH.TO,Financials,2022-12-13,2022-12-12,6,100,2022-12-14,751.7224731445312,13.351538508283754,2023-01-16,Development,true,,success,14,1.4554058424252059,1.3316016333256853,4.8602083382557115,2.3536272914740586,5.749618424909486,-0.8249875203135804,TSX_above_MA50
trend_rs|FTT.TO|2022-12-14,trend_rs,FTT.TO,Industrials,2022-12-14,2022-12-13,6,100,2022-12-15,30.87087059020996,0.756433225512458,2023-01-17,Development,true,,adverse_first,,-1.7538709837063182,0.5647681061254239,9.898922023151101,5.527114998354054,10.790710280416071,-3.953626725732451,TSX_above_MA50
trend_rs|FVI.TO|2022-12-15,trend_rs,FVI.TO,Materials,2022-12-15,2022-12-14,6,100,2022-12-16,5.070000171661377,0.24428565161568777,2023-01-18,Development,true,,adverse_first,,3.35304918542203,4.142012446483956,-7.297837275516217,-12.095882874850028,6.114397086459222,-9.66469884348653,TSX_above_MA50
trend_rs|CS.TO|2022-12-16,trend_rs,CS.TO,Materials,2022-12-16,2022-12-15,4,100,2022-12-19,4.519999980926514,0.25428574425833567,2023-01-19,Development,true,,success,6,9.292037125359753,13.716811685295482,38.71681432266916,32.776439114522525,46.23894162405462,-0.4424774559935729,TSX_not_above_MA50
trend_rs|DOO.TO|2022-12-19,trend_rs,DOO.TO,Consumer,2022-12-19,2022-12-16,4,100,2022-12-20,98.40309143066406,2.8510552290093907,2023-01-20,Development,true,,success,15,1.4619910698571603,2.963732827617549,4.092506603793344,-2.1037175643589645,6.242089121367611,-2.0384305739777675,TSX_not_above_MA50
trend_rs|CS.TO|2022-12-20,trend_rs,CS.TO,Materials,2022-12-20,2022-12-19,4,100,2022-12-21,4.940000057220459,0.2557142802647182,2023-01-23,Development,true,,adverse_first,,0,17.20647560297457,29.352222519628747,23.933518301844295,33.805669169032114,-5.2631624670087085,TSX_not_above_MA50
trend_rs|ERO.TO|2022-12-21,trend_rs,ERO.TO,Materials,2022-12-21,2022-12-20,6,100,2022-12-22,18.600000381469727,0.9300003051757812,2023-01-24,Development,true,,success,9,1.6128990909022756,8.548387741819251,15.430101467868806,8.815526346283619,17.741931018174473,-1.9354871127326034,TSX_not_above_MA50
trend_rs|AGI.TO|2022-12-23,trend_rs,AGI.TO,Materials,2022-12-23,2022-12-22,2,100,2022-12-28,13.400134086608887,0.38761839060271314,2023-01-26,Development,true,,success,4,6.871339733183102,7.23684954991648,11.54970596878142,4.204792701809845,13.669577496857531,-0.8040944644867154,TSX_not_above_MA50
trend_rs|ABX.TO|2022-12-28,trend_rs,ABX.TO,Materials,2022-12-28,2022-12-23,1,100,2022-12-29,21.44244956970215,0.6450586364733323,2023-01-27,Development,true,,success,3,9.76865454505993,12.682099185208639,12.210795943326547,5.905726201893913,13.838913605146175,-1.156807842506713,TSX_not_above_MA50
trend_rs|EIF.TO|2022-12-29,trend_rs,EIF.TO,Industrials,2022-12-29,2022-12-28,5,100,2022-12-30,44.686458587646484,0.747558488264478,2023-01-30,Development,true,,success,15,0.684002363950964,1.843048578201989,4.272347092059459,-1.8520032776961681,5.700189283533996,-1.1970277778806548,TSX_not_above_MA50
trend_rs|ELD.TO|2022-12-29,trend_rs,ELD.TO,Materials,2022-12-29,2022-12-28,6,100,2022-12-30,11.22712516784668,0.46596201041208535,2023-01-30,Development,true,,success,9,3.542953600146248,5.048717799304048,12.134633493973324,6.010283124217697,14.348986742425796,1.4171806269260845,TSX_not_above_MA50
trend_rs|AGI.TO|2022-12-30,trend_rs,AGI.TO,Materials,2022-12-30,2022-12-29,2,100,2023-01-03,13.860516548156738,0.3554334906510754,2023-01-31,Development,true,,success,7,3.6042591736988427,1.9081238533198874,3.745612384368724,-3.0616966611516805,9.893998159010508,0.000009452419624800257,TSX_not_above_MA50
trend_rs|ERO.TO|2023-01-03,trend_rs,ERO.TO,Materials,2023-01-03,2022-12-30,4,100,2023-01-04,19.190000534057617,0.7778573717389788,2023-02-01,Development,true,,success,5,6.096925709915846,10.422094551016215,16.3626852645246,10.429198875518452,17.040117037055747,-3.6477370685692345,TSX_not_above_MA50
trend_rs|IMG.TO|2023-01-03,trend_rs,IMG.TO,Materials,2023-01-03,2022-12-30,5,100,2023-01-04,3.609999895095825,0.19357143129621232,2023-02-01,Development,true,,neither,,-2.7700805412326446,-0.8310241623697978,6.0941837951047795,0.16069740609863103,7.479230670114068,-3.8781127577257046,TSX_not_above_MA50
trend_rs|TSU.TO|2023-01-03,trend_rs,TSU.TO,Financials,2023-01-03,2022-12-30,6,100,2023-01-04,45.40999984741211,1.3139283316476005,2023-02-01,Development,true,,adverse_first,,-2.4664147448760554,-1.7617248177686062,-4.866767434262842,-10.80025382326899,1.6075744212492582,-9.425234075486987,TSX_not_above_MA50
trend_rs|AEM.TO|2023-01-04,trend_rs,AEM.TO,Materials,2023-01-04,2023-01-03,2,100,2023-01-05,68.66839599609375,1.7658911689022838,2023-02-02,Development,true,,neither,,-0.3105937178629059,0.9588351941180129,-1.1613905176865669,-7.485336833684942,4.9965985435619364,-1.931109341869608,TSX_not_above_MA50
trend_rs|AIF.TO|2023-01-04,trend_rs,AIF.TO,Real Estate,2023-01-04,2023-01-03,4,100,2023-01-05,55.10755157470703,1.418448798052198,2023-02-02,Development,true,,adverse_first,,-1.4795536017506161,-5.343776187838478,0.7658945512959425,-5.558051764702432,2.6109798463628264,-6.248915391627252,TSX_not_above_MA50
trend_rs|ELD.TO|2023-01-04,trend_rs,ELD.TO,Materials,2023-01-04,2023-01-03,6,100,2023-01-05,11.714396476745605,0.4787474787153574,2023-02-02,Development,true,,success,14,1.6129120233876026,2.5466899120645037,7.385393418046338,1.0614471020479632,12.478775153862575,-2.8013621248939136,TSX_not_above_MA50
trend_rs|BBD-B.TO|2023-01-05,trend_rs,BBD-B.TO,Industrials,2023-01-05,2023-01-04,5,100,2023-01-06,54.9900016784668,1.6817853110177177,2023-02-03,Development,true,,success,6,5.255499729835633,13.238768061626738,18.20330608473677,13.44012366151135,21.80396674394336,-1.3275201575770335,TSX_not_above_MA50
trend_rs|CS.TO|2023-01-05,trend_rs,CS.TO,Materials,2023-01-05,2023-01-04,6,100,2023-01-06,5.489999771118164,0.24071437971932547,2023-02-03,Development,true,,success,2,10.746815613577398,17.4863402216763,16.575598582655783,11.812416159430363,20.765034441714867,4.371589398198483,TSX_not_above_MA50
trend_rs|EIF.TO|2023-01-06,trend_rs,EIF.TO,Industrials,2023-01-06,2023-01-05,5,100,2023-01-09,44.99211502075195,0.7340613351791693,2023-02-06,Development,true,,success,11,1.151172169399195,2.3023612959797157,2.616823745276675,-1.2699512441866068,5.4583470305912485,-0.6415987453768368,TSX_above_MA50
trend_rs|ELD.TO|2023-01-06,trend_rs,ELD.TO,Materials,2023-01-06,2023-01-05,6,100,2023-01-09,11.624897003173828,0.46525153049127227,2023-02-06,Development,true,,success,11,1.4542411113484643,5.731399617444,5.645867604384991,1.759092614921709,13.34474335655036,-2.053034899341666,TSX_above_MA50
trend_rs|BTO.TO|2023-01-09,trend_rs,BTO.TO,Materials,2023-01-09,2023-01-06,3,100,2023-01-10,4.597082138061523,0.13221417636662242,2023-02-07,Development,true,,success,3,1.5122842757536281,4.914944641408692,-3.780731434593465,-7.932215150569066,6.238189088471802,-4.914945665467019,TSX_above_MA50
trend_rs|CG.TO|2023-01-09,trend_rs,CG.TO,Materials,2023-01-09,2023-01-06,4,100,2023-01-10,7.085719585418701,0.2556369311859062,2023-02-07,Development,true,,success,11,-1.1450466697770612,5.597977527469866,13.867674538155917,9.716190822180316,15.776081886332394,-2.035643822647437,TSX_above_MA50
trend_rs|BBD-B.TO|2023-01-10,trend_rs,BBD-B.TO,Industrials,2023-01-10,2023-01-09,3,100,2023-01-11,55.130001068115234,1.788928440638951,2023-02-08,Development,true,,success,4,15.345544931189114,15.182294158752718,23.489933814692353,20.222033013246985,23.616905868869775,0.21766539009586694,TSX_above_MA50
trend_rs|EIF.TO|2023-01-11,trend_rs,EIF.TO,Industrials,2023-01-11,2023-01-10,5,100,2023-01-12,45.7478141784668,0.7599957283843294,2023-02-09,Development,true,,adverse_first,,-2.023045207781682,2.134322950607115,0.12060856292446243,-1.7922000651818148,3.7163013076170204,-2.28288066208433,TSX_above_MA50
trend_rs|ENGH.TO|2023-01-11,trend_rs,ENGH.TO,Technology,2023-01-11,2023-01-10,6,100,2023-01-12,33.8761100769043,0.955713705911565,2023-02-09,Development,true,,adverse_first,,0.1257823532876179,-1.0314603398781097,8.025173136537811,6.112364508431534,8.628951052201494,-3.018872462773625,TSX_above_MA50
trend_rs|ERO.TO|2023-01-12,trend_rs,ERO.TO,Materials,2023-01-12,2023-01-11,6,100,2023-01-13,20.850000381469727,0.6225001471383231,2023-02-10,Development,true,,adverse_first,,2.9736159258576533,0.23980448990774672,-3.3573177464379045,-4.595032712645453,7.721816180079322,-4.316544854023796,TSX_above_MA50
trend_rs|HBM.TO|2023-01-13,trend_rs,HBM.TO,Materials,2023-01-13,2023-01-12,5,100,2023-01-16,8.109374046325684,0.32755118642310693,2023-02-13,Development,true,,adverse_first,,-5.507964853624392,-6.487167621492606,-16.76867614260119,-18.29831732271957,3.6719554408574995,-18.48226637618968,TSX_above_MA50
trend_rs|IMG.TO|2023-01-13,trend_rs,IMG.TO,Materials,2023-01-13,2023-01-12,6,100,2023-01-16,3.7899999618530273,0.1778571605682373,2023-02-13,Development,true,,adverse_first,,-4.749342178599802,-0.2638519937706696,-10.026382054013194,-11.556023234131573,2.9023782222051153,-10.026382054013194,TSX_above_MA50
trend_rs|DPM.TO|2023-01-16,trend_rs,DPM.TO,Materials,2023-01-16,2023-01-13,4,100,2023-01-17,7.483588695526123,0.23544011654702304,2023-02-14,Development,true,,success,1,12.27848616653402,9.999991716697277,3.29116006571335,2.0823086359198717,16.455694205151296,0.8860955203902066,TSX_above_MA50
trend_rs|BBD-B.TO|2023-01-17,trend_rs,BBD-B.TO,Industrials,2023-01-17,2023-01-16,1,100,2023-01-18,63.59000015258789,2.2175001416887556,2023-02-15,Development,true,,adverse_first,,-0.1415319269884141,2.5947439962610064,-5.504010051268359,-7.193241532467598,8.664881755483012,-13.335429347205663,TSX_above_MA50
trend_rs|EFX.TO|2023-01-18,trend_rs,EFX.TO,Energy,2023-01-18,2023-01-17,6,100,2023-01-19,9.534212112426758,0.30115219679580785,2023-02-16,Development,true,,adverse_first,,0.3015200234142146,-9.447227294123861,-13.668317571483469,-14.971079401598843,2.4120748339975018,-15.175873287190655,TSX_above_MA50
trend_rs|EQX.TO|2023-01-19,trend_rs,EQX.TO,Materials,2023-01-19,2023-01-18,6,100,2023-01-20,5.89578104019165,0.32082496040425534,2023-02-17,Development,true,,adverse_first,,2.5337848357402493,-5.912159224881153,-15.709464364035664,-15.767991815639549,9.96623042587077,-18.918910021541624,TSX_above_MA50
trend_rs|BBD-B.TO|2023-01-20,trend_rs,BBD-B.TO,Industrials,2023-01-20,2023-01-19,1,100,2023-01-23,61.95000076293945,2.254643304007394,2023-02-21,Development,true,,success,8,1.275223415331972,6.359965420801128,2.695719367842786,4.532707324063989,11.541561942092837,-11.04116233793464,TSX_above_MA50
trend_rs|ATRL.TO|2023-01-23,trend_rs,ATRL.TO,Industrials,2023-01-23,2023-01-20,1,100,2023-01-24,27.73570442199707,0.7205377543188606,2023-02-22,Development,true,,success,6,2.40315697895479,8.321399096667982,0.07173951897800901,2.186656126117237,10.043059206198679,-1.7575234408523266,TSX_above_MA50
trend_rs|DIR-UN.TO|2023-01-23,trend_rs,DIR-UN.TO,Real Estate,2023-01-23,2023-01-20,3,100,2023-01-24,11.289344787597656,0.21388458441324712,2023-02-22,Development,true,,success,7,2.0284199613844978,3.485970628167423,7.785703279748768,9.900619886887995,10.336457716411207,-1.3062051241297667,TSX_above_MA50
trend_rs|ERO.TO|2023-01-23,trend_rs,ERO.TO,Materials,2023-01-23,2023-01-20,6,100,2023-01-24,21.469999313354492,0.8007142203194755,2023-02-22,Development,true,,adverse_first,,1.7699165359491786,-0.3260349187839906,-0.7452252097306267,1.3696913974086011,4.611084316627712,-7.079639492440926,TSX_above_MA50
trend_rs|BBD-B.TO|2023-01-24,trend_rs,BBD-B.TO,Industrials,2023-01-24,2023-01-23,2,100,2023-01-25,63.5,2.2882148197719028,2023-02-23,Development,true,,success,10,2.7401541161724996,7.212601308747546,3.4645621232160417,5.461690215151238,8.818895234836365,-13.212597464013287,TSX_above_MA50
trend_rs|CG.TO|2023-01-24,trend_rs,CG.TO,Materials,2023-01-24,2023-01-23,3,100,2023-01-25,7.842972755432129,0.23889506505062,2023-02-23,Development,true,,adverse_first,,3.448256574423514,2.8735451187525074,-4.597697725169391,-2.600569633234195,4.7126345566200545,-6.781628876500179,TSX_above_MA50
trend_rs|CLS.TO|2023-01-26,trend_rs,CLS.TO,Technology,2023-01-26,2023-01-25,4,100,2023-01-27,17.579999923706055,0.5292857715061733,2023-02-27,Development,true,,adverse_first,,4.323095746189409,1.5927229116078356,0.7963560310353168,2.9899903964556773,5.858934534217974,-3.583612989196139,TSX_above_MA50
trend_rs|ATS.TO|2023-01-30,trend_rs,ATS.TO,Industrials,2023-01-30,2023-01-27,2,100,2023-01-31,53.880001068115234,1.4492857796805245,2023-03-01,Development,true,,adverse_first,,-0.334076283607021,0.2227151624088819,3.3221920292227924,5.76640555536131,4.862655679187089,-7.832221857917543,TSX_above_MA50
trend_rs|CSH-UN.TO|2023-01-30,trend_rs,CSH-UN.TO,Health Care,2023-01-30,2023-01-27,6,100,2023-01-31,8.393521308898926,0.19219601296783825,2023-03-01,Development,true,,adverse_first,,-5.198747449934638,0.10192876121504213,-9.195517225119854,-6.751303698981337,2.9051882278217978,-9.451733649293192,TSX_above_MA50
trend_rs|AC.TO|2023-01-31,trend_rs,AC.TO,Industrials,2023-01-31,2023-01-30,1,100,2023-02-01,22.65999984741211,0.4785717555454799,2023-03-02,Development,true,,adverse_first,,0.08826327404392043,0.8384842689189931,-11.562219547781606,-9.567624570086998,3.883499885441233,-13.768750895384873,TSX_above_MA50
trend_rs|DIR-UN.TO|2023-01-31,trend_rs,DIR-UN.TO,Real Estate,2023-01-31,2023-01-30,6,100,2023-02-01,11.567704200744629,0.19204462391443464,2023-03-02,Development,true,,success,1,1.6358719323124493,6.330018499347512,5.3920663776935385,7.386661355388147,7.681376717998489,-0.5689973993077246,TSX_above_MA50
trend_rs|ATRL.TO|2023-02-01,trend_rs,ATRL.TO,Industrials,2023-02-01,2023-01-31,1,100,2023-02-02,29.92431640625,0.6914037364551915,2023-03-03,Development,true,,adverse_first,,0.29922314799706307,-4.1888181243371125,-2.2938677898343807,-1.528208601683989,1.9947029833564889,-11.569132084509858,TSX_above_MA50
trend_rs|CG.TO|2023-02-01,trend_rs,CG.TO,Materials,2023-02-01,2023-01-31,4,100,2023-02-02,8.0322847366333,0.2730233743163715,2023-03-03,Development,true,,adverse_first,,-1.1223204239236062,-5.948368297579531,0.11221185826801872,0.8778710464184103,2.244674697789528,-8.978681782412556,TSX_above_MA50
trend_rs|CLS.TO|2023-02-01,trend_rs,CLS.TO,Technology,2023-02-01,2023-01-31,5,100,2023-02-02,18.190000534057617,0.5478571483067104,2023-03-03,Development,true,,adverse_first,,-1.8141831446798817,-0.4947781745216595,-1.3194049701582222,-0.5537457820078306,2.199008283597048,-4.5629461206008415,TSX_above_MA50
trend_rs|DIR-UN.TO|2023-02-03,trend_rs,DIR-UN.TO,Real Estate,2023-02-03,2023-02-02,6,100,2023-02-06,11.674660682678223,0.20370703308319132,2023-03-07,Development,true,,success,7,1.832267869129045,5.355884431408575,3.5775548452188666,5.290687314391129,6.694862288451842,-0.6694826571772672,TSX_above_MA50
trend_rs|EQB.TO|2023-02-06,trend_rs,EQB.TO,Financials,2023-02-06,2023-02-03,5,100,2023-02-07,63.43567657470703,1.2254471780294363,2023-03-08,Development,true,,adverse_first,,-1.5138476814573254,-1.979640491994783,-9.170311742864179,-7.344014999800241,1.8923033895505315,-10.043682705691248,TSX_above_MA50
trend_rs|MX.TO|2023-02-06,trend_rs,MX.TO,Materials,2023-02-06,2023-02-03,6,100,2023-02-07,65.82029724121094,2.166393504007561,2023-03-08,Development,true,,adverse_first,,-2.4094265600488107,-7.684615561159025,-0.6843357484086932,1.1419609946552445,6.472779621615432,-9.552314918510474,TSX_above_MA50
trend_rs|PXT.TO|2023-02-07,trend_rs,PXT.TO,Energy,2023-02-07,2023-02-06,5,100,2023-02-08,17.716508865356445,0.43211048467512087,2023-03-09,Development,true,,adverse_first,,-1.4297921323159768,-0.33643561058434024,4.205208281634398,7.0718190858124474,6.476019724729465,-6.770399326243015,TSX_above_MA50
trend_rs|SHOP.TO|2023-02-07,trend_rs,SHOP.TO,Technology,2023-02-07,2023-02-06,6,100,2023-02-08,66.9800033569336,3.7571424756731306,2023-03-09,Development,true,,adverse_first,,6.658702390182802,-14.332639306779893,-11.212304807167573,-8.345694002989525,7.3454731596934275,-20.63302898907794,TSX_above_MA50
trend_rs|OTEX.TO|2023-02-09,trend_rs,OTEX.TO,Technology,2023-02-09,2023-02-08,4,100,2023-02-10,41.514095306396484,1.027222866250391,2023-03-13,Development,true,,success,18,0.6151798579595136,-1.8243591118393687,4.580548286353592,9.544619090109164,5.883806725593543,-2.312245108681099,TSX_above_MA50
trend_rs|WELL.TO|2023-02-09,trend_rs,WELL.TO,Health Care,2023-02-09,2023-02-08,6,100,2023-02-10,3.7200000286102295,0.14857140609196254,2023-03-13,Development,true,,success,3,12.365585919101374,14.784944841028969,18.548382083202817,23.51245288695839,28.36021663019568,0.537633891739131,TSX_above_MA50
trend_rs|PXT.TO|2023-02-10,trend_rs,PXT.TO,Energy,2023-02-10,2023-02-09,4,100,2023-02-13,18.10391616821289,0.4347710584675773,2023-03-14,Development,true,,adverse_first,,-3.4979528356771095,-8.477363194195831,0.35012820720830007,5.2191761250114155,5.308641491273103,-8.765427794548664,TSX_above_MA50
trend_rs|CCO.TO|2023-02-13,trend_rs,CCO.TO,Energy,2023-02-13,2023-02-10,1,100,2023-02-14,38.663639068603516,1.2782311690915833,2023-03-15,Development,true,,adverse_first,,-5.425565596997705,-2.417072922628627,-13.782458997097413,-7.378147195165907,2.3399341249848327,-16.04524462313961,TSX_above_MA50
trend_rs|CIGI.TO|2023-02-13,trend_rs,CIGI.TO,Real Estate,2023-02-13,2023-02-10,2,100,2023-02-14,155.80665588378906,5.032526212789951,2023-03-15,Development,true,,adverse_first,,-0.7569622596145575,-1.4312289411019252,-7.461385797298881,-1.0570739953673751,2.3407903102090177,-7.874841503838271,TSX_above_MA50
trend_rs|CG.TO|2023-02-14,trend_rs,CG.TO,Materials,2023-02-14,2023-02-13,2,100,2023-02-15,7.608582019805908,0.2755988889490184,2023-03-16,Development,true,,adverse_first,,-1.6587248978510272,4.857845649315973,-0.5802641744012571,5.1213649850406995,7.4644684223759805,-8.886234918742275,TSX_above_MA50
trend_rs|DOO.TO|2023-02-14,trend_rs,DOO.TO,Consumer,2023-02-14,2023-02-13,4,100,2023-02-15,115.76886749267578,2.6685497829213074,2023-03-16,Development,true,,adverse_first,,-0.6006897166657588,-2.3277097219286835,-7.934252520601448,-2.232623361159491,0.5423128751939066,-13.607537771078304,TSX_above_MA50
trend_rs|SHOP.TO|2023-02-15,trend_rs,SHOP.TO,Technology,2023-02-15,2023-02-14,6,100,2023-02-16,60.38999938964844,3.3292854854038785,2023-03-17,Development,true,,adverse_first,,-8.213278911413369,-2.3182608467149923,1.6062282339903255,7.520415810533077,4.76900330720802,-11.972180187628279,TSX_above_MA50
trend_rs|ATS.TO|2023-02-16,trend_rs,ATS.TO,Industrials,2023-02-16,2023-02-15,1,100,2023-02-17,55.4900016784668,1.5757146562848772,2023-03-20,Development,true,,adverse_first,,-1.0272184038204402,1.279508132990692,-0.4685567279976599,4.385399685035285,2.36078125602599,-4.901786156835952,TSX_above_MA50
trend_rs|FFH.TO|2023-02-17,trend_rs,FFH.TO,Financials,2023-02-17,2023-02-16,5,100,2023-02-21,877.214599609375,22.26606828566567,2023-03-21,Development,true,,success,5,4.999177583743819,0.9564728890689933,-0.18050019050556143,2.7707220243123443,5.222613764324713,-4.952939477436624,TSX_above_MA50
trend_rs|WELL.TO|2023-02-17,trend_rs,WELL.TO,Health Care,2023-02-17,2023-02-16,6,100,2023-02-21,4.010000228881836,0.1614285707473755,2023-03-21,Development,true,,success,2,12.219444966336003,14.214455418701055,10.22443451397097,13.175656728788875,19.07730231474105,0.24937036094550002,TSX_above_MA50
trend_rs|BEI-UN.TO|2023-02-21,trend_rs,BEI-UN.TO,Real Estate,2023-02-21,2023-02-17,1,100,2023-02-22,53.40757751464844,0.9937800115892992,2023-03-22,Development,true,,adverse_first,,-0.014899493417219745,-0.30338968475072114,-8.974894853574977,-5.704008101799895,2.9547811810882063,-9.212468666181028,TSX_above_MA50
trend_rs|DIR-UN.TO|2023-02-21,trend_rs,DIR-UN.TO,Real Estate,2023-02-21,2023-02-17,3,100,2023-02-22,12.168299674987793,0.24564668711322366,2023-03-22,Development,true,,adverse_first,,-0.21706371944043568,-0.9637531959803436,-4.154078875419332,-0.8831921236442501,1.8871954617232456,-6.122591891738372,TSX_above_MA50
trend_rs|PBH.TO|2023-02-22,trend_rs,PBH.TO,Consumer,2023-02-22,2023-02-21,6,100,2023-02-23,88.04286193847656,1.4566115403928614,2023-03-23,Development,true,,adverse_first,,1.2468767206524456,-8.11970307680603,-3.481270375947776,0.1262768858633967,1.8952572562080716,-10.793004095717329,TSX_above_MA50
trend_rs|DIR-UN.TO|2023-02-23,trend_rs,DIR-UN.TO,Real Estate,2023-02-23,2023-02-22,3,100,2023-02-24,12.234123229980469,0.22331507606258455,2023-03-24,Development,true,,adverse_first,,0.1912474252455887,-3.792076148497925,-3.859598166818512,-0.3100054703656707,1.3390092707349588,-6.627682826251857,TSX_above_MA50
trend_rs|ENGH.TO|2023-02-23,trend_rs,ENGH.TO,Technology,2023-02-23,2023-02-22,5,100,2023-02-24,35.978572845458984,0.8932879564458892,2023-03-24,Development,true,,success,4,3.2595749995732337,-22.03187975020482,-11.063506202097695,-7.5139135056448545,6.090888313709697,-23.31667852129732,TSX_above_MA50
trend_rs|MX.TO|2023-02-23,trend_rs,MX.TO,Materials,2023-02-23,2023-02-22,6,100,2023-02-24,62.70477294921875,2.1462869176019663,2023-03-24,Development,true,,success,3,10.655493962651663,-0.942833781896224,-8.918278005168611,-5.36868530871577,11.762943603481911,-11.343897624106415,TSX_above_MA50
trend_rs|PBH.TO|2023-02-24,trend_rs,PBH.TO,Consumer,2023-02-24,2023-02-23,5,100,2023-02-27,88.28876495361328,1.4377930148196876,2023-03-27,Development,true,,adverse_first,,-0.4177689865829115,-9.350429499701217,-3.4019590941555156,-0.26574356276207745,1.6114572619438272,-11.041464579626881,TSX_above_MA50
trend_rs|RUS.TO|2023-02-24,trend_rs,RUS.TO,Industrials,2023-02-24,2023-02-23,6,100,2023-02-27,30.909006118774414,0.8472148859754398,2023-03-27,Development,true,,adverse_first,,1.355927203954832,-1.0452063566427139,-4.322033004054681,-1.1858174726612432,3.898318784327137,-6.01694415135543,TSX_above_MA50
trend_rs|AIF.TO|2023-02-27,trend_rs,AIF.TO,Real Estate,2023-02-27,2023-02-24,1,100,2023-02-28,58.5128059387207,1.3209908166273832,2023-03-28,Development,true,,adverse_first,,-1.4918004240363048,-4.967180899186186,-8.393431003415463,-5.605766371600195,0.1639452515987072,-10.229501277574304,TSX_above_MA50
trend_rs|ATH.TO|2023-02-27,trend_rs,ATH.TO,Energy,2023-02-27,2023-02-24,2,100,2023-02-28,2.9800000190734863,0.12071425574166435,2023-03-28,Development,true,,success,3,5.704700510263749,-0.33557014762590764,7.04698110076738,9.834645732582647,13.75839205390883,-11.073822872278205,TSX_above_MA50
trend_rs|BHC.TO|2023-02-27,trend_rs,BHC.TO,Health Care,2023-02-27,2023-02-24,3,100,2023-02-28,12.710000038146973,0.8221430097307477,2023-03-28,Development,true,,adverse_first,,-6.294257972728512,-14.870183616445543,-20.062944005361583,-17.275279373546315,1.3375301005799978,-23.760821783632082,TSX_above_MA50
trend_rs|FFH.TO|2023-02-27,trend_rs,FFH.TO,Financials,2023-02-27,2023-02-24,6,100,2023-02-28,921.068115234375,21.908145728115283,2023-03-28,Development,true,,adverse_first,,-3.8502251043352254,-5.139568663780136,-4.598675482645698,-1.8110108508304301,0.12893724410065754,-9.478280963908482,TSX_above_MA50
trend_rs|BBD-B.TO|2023-02-28,trend_rs,BBD-B.TO,Industrials,2023-02-28,2023-02-27,1,100,2023-03-01,67.76000213623047,3.617856434413365,2023-03-29,Development,true,,adverse_first,,2.6711887566868375,-12.618067860399652,2.863038298185683,4.946482094388482,4.766817629440445,-18.62456072715244,TSX_above_MA50
trend_rs|CTC-A.TO|2023-02-28,trend_rs,CTC-A.TO,Consumer,2023-02-28,2023-02-27,4,100,2023-03-01,144.8837432861328,2.882586915715042,2023-03-29,Development,true,,adverse_first,,1.2151845462202049,-1.6597401122958044,2.2584593886889603,4.34190318489176,2.3177185849285964,-3.3787646086497647,TSX_above_MA50
trend_rs|ENGH.TO|2023-02-28,trend_rs,ENGH.TO,Technology,2023-02-28,2023-02-27,6,100,2023-03-01,37.553653717041016,0.927249224965758,2023-03-29,Development,true,,adverse_first,,0,-13.653956817358793,-12.582623839893792,-10.499180043690991,1.6412086609348453,-26.532941677488473,TSX_above_MA50
trend_rs|FFH.TO|2023-03-01,trend_rs,FFH.TO,Financials,2023-03-01,2023-02-28,4,100,2023-03-02,907.5799560546875,21.85848864513151,2023-03-30,Development,true,,adverse_first,,-2.479786197384093,-4.61596296921476,-3.046815052532681,-1.0986646976661074,0.02552829675674939,-8.13297651174164,TSX_above_MA50
trend_rs|IAG.TO|2023-03-01,trend_rs,IAG.TO,Financials,2023-03-01,2023-02-28,5,100,2023-03-02,79.34454345703125,1.6242506234093688,2023-03-30,Development,true,,adverse_first,,-1.1812672646754119,-5.099949537724013,-3.793738139249725,-1.8455877843831514,1.0903969491405707,-8.37119137454555,TSX_above_MA50
trend_rs|MX.TO|2023-03-01,trend_rs,MX.TO,Materials,2023-03-01,2023-02-28,6,100,2023-03-02,69.75227355957031,1.763548617441047,2023-03-30,Development,true,,adverse_first,,-8.54300814759964,-16.526999519828667,-16.32439237544804,-14.376242020581465,0.47084697257351316,-20.301368165506062,TSX_above_MA50
trend_rs|ATH.TO|2023-03-02,trend_rs,ATH.TO,Energy,2023-03-02,2023-03-01,1,100,2023-03-03,3.190000057220459,0.12499994891030448,2023-03-31,Development,true,,adverse_first,,-3.7617593048641096,-11.912229079143755,1.2539172769758578,3.5943535301939167,6.269593858815847,-16.92789818704722,TSX_above_MA50
trend_rs|PBH.TO|2023-03-02,trend_rs,PBH.TO,Consumer,2023-03-02,2023-03-01,5,100,2023-03-03,89.23727416992188,1.332403052859537,2023-03-31,Development,true,,adverse_first,,-9.979345972319265,-9.939966697752867,-0.815602400306148,1.524833852911911,0.423184111635333,-11.987011062309328,TSX_above_MA50
trend_rs|RUS.TO|2023-03-02,trend_rs,RUS.TO,Industrials,2023-03-02,2023-03-01,6,100,2023-03-03,31.65117073059082,0.8834299592039478,2023-03-31,Development,true,,adverse_first,,-2.2896617272081365,-7.255177356071463,-5.2965504058645525,-2.9561141526464936,1.4620848742044723,-8.220682482393372,TSX_above_MA50
trend_rs|ARE.TO|2023-03-03,trend_rs,ARE.TO,Industrials,2023-03-03,2023-03-02,1,100,2023-03-06,10.868768692016602,0.39526138974289016,2023-04-03,Development,true,,success,9,-1.032568113836163,6.513113849323449,9.533313503083773,10.686139711448195,11.466269368283765,-3.2565532194647417,TSX_above_MA50
trend_rs|ERO.TO|2023-03-03,trend_rs,ERO.TO,Materials,2023-03-03,2023-03-02,4,100,2023-03-06,24.709999084472656,1.1371427263532365,2023-04-03,Development,true,,adverse_first,,-7.729663772477924,-8.336703934711398,-1.5378355922537668,-0.38500938388934536,2.792394008995336,-16.02589733384916,TSX_above_MA50
trend_rs|RUS.TO|2023-03-06,trend_rs,RUS.TO,Industrials,2023-03-06,2023-03-03,6,100,2023-03-07,31.485279083251953,0.7089603644406589,2023-04-04,Development,true,,adverse_first,,-1.8580385445177927,-4.742098582244014,-7.848047603510533,-7.849531074941563,1.9966747807354635,-8.236278768658034,TSX_above_MA50
trend_rs|ENGH.TO|2023-03-07,trend_rs,ENGH.TO,Technology,2023-03-07,2023-03-06,4,100,2023-03-08,37.553653717041016,1.1250577408939857,2023-04-05,Development,true,,adverse_first,,-13.653956817358793,-17.643035959800756,-12.33187379913484,-11.413286373164777,1.0713636582938335,-26.532941677488473,TSX_not_above_MA50
trend_rs|IAG.TO|2023-03-07,trend_rs,IAG.TO,Financials,2023-03-07,2023-03-06,6,100,2023-03-08,78.36219024658203,1.7793703855088114,2023-04-05,Development,true,,adverse_first,,-4.95686484656106,-5.324897875970114,-2.2771587316593234,-1.35857130568926,1.61014551012153,-7.22252702456232,TSX_not_above_MA50
trend_rs|RUS.TO|2023-03-08,trend_rs,RUS.TO,Industrials,2023-03-08,2023-03-07,5,100,2023-03-09,31.144756317138672,0.6710055302023556,2023-04-06,Development,true,,adverse_first,,-3.868821645554099,-4.793971053147617,-11.326058915946291,-11.87368497835739,0.8129900342904062,-12.41941281471587,TSX_above_MA50
trend_rs|STN.TO|2023-03-08,trend_rs,STN.TO,Industrials,2023-03-08,2023-03-07,6,100,2023-03-09,77.54254913330078,2.004681674143682,2023-04-06,Development,true,,adverse_first,,-0.9409113274877368,-4.0270937911423,-2.1122220082791077,-2.6598480706902072,0.037631333602572425,-5.519998148408578,TSX_above_MA50
trend_rs|BBD-B.TO|2023-03-10,trend_rs,BBD-B.TO,Industrials,2023-03-10,2023-03-09,3,100,2023-03-13,60.16999816894531,2.3971435001918246,2023-04-11,Development,true,,adverse_first,,-4.6534806752008055,10.054849984822356,17.467180415595962,13.214772248781937,23.69952230377543,-8.359645890587608,TSX_not_above_MA50
trend_rs|DPM.TO|2023-03-10,trend_rs,DPM.TO,Materials,2023-03-10,2023-03-09,5,100,2023-03-13,8.629810333251953,0.28554026794827175,2023-04-11,Development,true,,success,4,7.0252420927279235,8.5620175992694,15.446050905888953,11.193642739074928,16.660106921001685,-1.9758683569814584,TSX_not_above_MA50
trend_rs|ATS.TO|2023-03-13,trend_rs,ATS.TO,Industrials,2023-03-13,2023-03-10,2,100,2023-03-14,55.4900016784668,1.1650003705705916,2023-04-12,Development,true,,adverse_first,,0.8289765192981857,-1.5858732050763713,-5.784831144482705,-9.644351168918831,3.4060178995847235,-7.424765943340783,TSX_not_above_MA50
trend_rs|GIL.TO|2023-03-13,trend_rs,GIL.TO,Consumer,2023-03-13,2023-03-10,5,100,2023-03-14,39.57854461669922,1.4204723759623323,2023-04-12,Development,true,,success,15,4.196118889537215,2.9702914948399384,1.249421943199991,-2.610098081236134,8.580856876596332,-1.885906899770895,TSX_not_above_MA50
trend_rs|STN.TO|2023-03-13,trend_rs,STN.TO,Industrials,2023-03-13,2023-03-10,6,100,2023-03-14,76.80321502685547,2.1033515433106436,2023-04-12,Development,true,,adverse_first,,-1.7732434228282745,-2.33057319089347,0.6332033046213326,-3.2263167198147924,0.8871633494510922,-4.610501225376485,TSX_not_above_MA50
trend_rs|ATRL.TO|2023-03-14,trend_rs,ATRL.TO,Industrials,2023-03-14,2023-03-13,2,100,2023-03-15,30.988780975341797,0.8917893415319943,2023-04-13,Development,true,,success,12,3.533577734684812,2.505624714794319,1.6704205798395488,-4.4481170538061,7.838118548451178,-1.2206805827168155,TSX_not_above_MA50
trend_rs|BBD-B.TO|2023-03-14,trend_rs,BBD-B.TO,Industrials,2023-03-14,2023-03-13,3,100,2023-03-15,59.209999084472656,2.688572474888393,2023-04-13,Development,true,,adverse_first,,4.408040281554437,17.716598591403198,19.219722056037458,13.10118442239181,25.705119837933665,-6.873838469441129,TSX_not_above_MA50
trend_rs|STN.TO|2023-03-15,trend_rs,STN.TO,Industrials,2023-03-15,2023-03-14,5,100,2023-03-16,76.81294250488281,1.2472784923776155,2023-04-14,Development,true,,adverse_first,,-3.1154965233502585,0.277661182043043,0.3919238984881446,-4.9353722304079195,1.039452617928216,-4.622581211158961,TSX_not_above_MA50
trend_rs|TOI.V|2023-03-15,trend_rs,TOI.V,Technology,2023-03-15,2023-03-14,6,100,2023-03-16,86.16297912597656,1.806766213103859,2023-04-14,Development,true,,success,6,2.731930090386081,9.277177051617237,0.18213044361412578,-5.145165685281938,10.58622726082108,-1.5139486751793996,TSX_not_above_MA50
trend_rs|OTEX.TO|2023-03-16,trend_rs,OTEX.TO,Technology,2023-03-16,2023-03-15,5,100,2023-03-17,44.87025451660156,1.075296879069972,2023-04-17,Development,true,,neither,,0.3953166971421229,3.044080545001271,3.2021936212706326,-3.2673764246528902,4.763777244016043,-1.106958384901946,TSX_not_above_MA50
trend_rs|PXT.TO|2023-03-20,trend_rs,PXT.TO,Energy,2023-03-20,2023-03-17,6,100,2023-03-21,18.379165649414062,0.7783255196890233,2023-04-19,Development,true,,success,9,2.2231375420611155,9.715912534443838,13.668174349956864,8.448608896883727,14.32687703616815,-2.3466626727443596,TSX_not_above_MA50
trend_rs|ATH.TO|2023-03-21,trend_rs,ATH.TO,Energy,2023-03-21,2023-03-20,2,100,2023-03-22,2.9000000953674316,0.19714289052145823,2023-04-20,Development,true,,success,6,12.413789077831506,14.82757979992899,15.172407045942936,9.551613336963438,21.724132941537633,-3.44828068146934,TSX_not_above_MA50
trend_rs|SHOP.TO|2023-03-23,trend_rs,SHOP.TO,Technology,2023-03-23,2023-03-22,5,100,2023-03-24,61.72999954223633,2.8078577859061107,2023-04-24,Development,true,,adverse_first,,4.973276417118644,-0.7937759070195227,5.3296567717921794,-0.6965423346868116,8.56957255800821,-4.81127692001847,TSX_not_above_MA50
trend_rs|WELL.TO|2023-03-23,trend_rs,WELL.TO,Health Care,2023-03-23,2023-03-22,6,100,2023-03-24,4.659999847412109,0.2403571605682373,2023-04-24,Development,true,,success,15,4.291851773629629,1.9313338097612043,17.381973590178703,11.355774483699712,21.88841232458327,-0.42918415410722055,TSX_not_above_MA50
trend_rs|CG.TO|2023-03-24,trend_rs,CG.TO,Materials,2023-03-24,2023-03-23,3,100,2023-03-27,7.937198162078857,0.3983152248123571,2023-04-25,Development,true,,success,10,1.3745748027801596,12.027476957601358,11.111121791334622,6.957166804365267,17.75487435637302,-1.2600190428998403,TSX_not_above_MA50
trend_rs|ERO.TO|2023-03-24,trend_rs,ERO.TO,Materials,2023-03-24,2023-03-23,5,100,2023-03-27,23.229999542236328,1.2442858559744698,2023-04-25,Development,true,,success,13,4.735257869763321,2.841153079715353,11.450709857207485,7.29675487023813,18.639690094841942,-2.5828686753902708,TSX_not_above_MA50
trend_rs|ELD.TO|2023-03-27,trend_rs,ELD.TO,Materials,2023-03-27,2023-03-24,4,100,2023-03-28,13.733092308044434,0.5163938901076925,2023-04-26,Development,true,,success,6,6.154953083608405,8.978992014758692,3.186089684504889,-0.4216896300061057,12.165096119571084,-0.6517073545882046,TSX_not_above_MA50
trend_rs|EQX.TO|2023-03-27,trend_rs,EQX.TO,Materials,2023-03-27,2023-03-24,5,100,2023-03-28,6.9116082191467285,0.36564083241144446,2023-04-26,Development,true,,success,9,7.780978872750177,10.374638497000245,-3.1700291962030502,-6.7778085107140456,13.256487024098496,-3.7463937103770606,TSX_not_above_MA50
trend_rs|KXS.TO|2023-03-27,trend_rs,KXS.TO,Technology,2023-03-27,2023-03-24,6,100,2023-03-28,179.67999267578125,5.163570949009487,2023-04-26,Development,true,,neither,,3.2780581525654773,1.3635420229853423,1.2355305605499245,-2.3722487539610704,3.4561481339064004,-2.053643885257439,TSX_not_above_MA50
trend_rs|ERO.TO|2023-03-28,trend_rs,ERO.TO,Materials,2023-03-28,2023-03-27,6,100,2023-03-29,24.399999618530273,1.150714601789202,2023-04-27,Development,true,,adverse_first,,-6.475409624622053,3.8934458106220093,9.303280710052753,5.8507614280906015,12.950819249244105,-7.213115804908565,TSX_not_above_MA50
trend_rs|AQN.TO|2023-03-29,trend_rs,AQN.TO,Utilities,2023-03-29,2023-03-28,1,100,2023-03-30,9.698761940002441,0.2601329032694378,2023-04-28,Development,true,,adverse_first,,0.08629396053387861,-0.4314009720263412,-0.6039495612980672,-4.091738538781653,3.3649712237739937,-8.369293299108115,TSX_not_above_MA50
trend_rs|ATH.TO|2023-03-29,trend_rs,ATH.TO,Energy,2023-03-29,2023-03-28,3,100,2023-03-30,3.259999990463257,0.18142858573368617,2023-04-28,Development,true,,neither,,1.226992698467555,3.680985408856041,2.453985396935132,-1.0338035805484536,8.282208028109395,-1.5337408730844548,TSX_not_above_MA50
trend_rs|ELD.TO|2023-03-30,trend_rs,ELD.TO,Materials,2023-03-30,2023-03-29,5,100,2023-03-31,13.92203426361084,0.5320206162836277,2023-05-01,Development,true,,success,6,4.357134191756851,6.999987875309688,8.357138027817058,5.793945132640822,13.285706873432822,-0.00001037013218629923,TSX_not_above_MA50
trend_rs|KXS.TO|2023-03-31,trend_rs,KXS.TO,Technology,2023-03-31,2023-03-30,6,100,2023-04-03,184.6300048828125,4.938570295061384,2023-05-02,Development,true,,adverse_first,,-1.4028118551606017,-3.0547577536101045,0.2870599389483086,-0.3505616720525184,3.076419068171732,-4.679629074988312,TSX_not_above_MA50
trend_rs|OR.TO|2023-04-03,trend_rs,OR.TO,Materials,2023-04-03,2023-03-31,5,100,2023-04-04,21.78598976135254,0.6255132803895075,2023-05-03,Development,true,,adverse_first,,-1.5117666726521262,-3.823926756937601,6.447315926018371,6.058189802955649,7.6256147197038215,-5.2467799830715816,TSX_above_MA50
trend_rs|PXT.TO|2023-04-03,trend_rs,PXT.TO,Energy,2023-04-03,2023-03-31,6,100,2023-04-04,20.16486930847168,0.5918134476875677,2023-05-03,Development,true,,neither,,0.22516602269784247,3.602268553590404,1.3133313135706315,0.9242051905079096,4.803008934402797,-2.51406968725425,TSX_above_MA50
trend_rs|TXG.TO|2023-04-04,trend_rs,TXG.TO,Materials,2023-04-04,2023-04-03,5,100,2023-04-05,22.23244285583496,1.0261340951381832,2023-05-04,Development,true,,adverse_first,,0.7130194970008663,-0.44561681020826027,8.868093666522459,8.478206908362607,12.25490394367814,-5.169331781051401,TSX_above_MA50
trend_rs|ELD.TO|2023-04-04,trend_rs,ELD.TO,Materials,2023-04-04,2023-04-03,6,99.53451723102663,2023-04-05,14.488859176635742,0.4894021511587973,2023-05-04,Development,true,,adverse_first,,5.284838017280702,0.4804487953730341,10.638301233423753,10.248414475263901,12.560052611271132,-3.91215312294777,TSX_above_MA50
trend_rs|AQN.TO|2023-04-05,trend_rs,AQN.TO,Utilities,2023-04-05,2023-04-04,6,99.7040618876859,2023-04-06,9.707131385803223,0.2715595599604922,2023-05-05,Development,true,,adverse_first,,-0.5172485782762304,-2.4999938597055738,1.7241357289978554,0.014446549047919532,3.2758504021868973,-8.448296889658247,TSX_not_above_MA50
trend_rs|ELD.TO|2023-04-06,trend_rs,ELD.TO,Materials,2023-04-06,2023-04-05,6,99.53451723102663,2023-04-10,14.52863597869873,0.44749390767015423,2023-05-08,Development,true,,adverse_first,,2.5325088735156154,-0.13689432303082283,9.240251932815902,7.7143026455940955,12.251883355775806,-4.1752244306390685,TSX_not_above_MA50
trend_rs|OGC.TO|2023-04-10,trend_rs,OGC.TO,Materials,2023-04-10,2023-04-06,5,100,2023-04-11,9.471562385559082,0.4814643803639897,2023-05-09,Development,true,,adverse_first,,-0.30674652044326844,-3.3742318625107015,5.521467574430972,4.719393208226563,6.748460249567256,-8.58895200167269,TSX_above_MA50
trend_rs|TXG.TO|2023-04-11,trend_rs,TXG.TO,Materials,2023-04-11,2023-04-10,5,100,2023-04-12,22.381057739257812,0.9305977369419283,2023-05-10,Development,true,,adverse_first,,-2.301902486083318,1.8149550200611486,6.905707458249966,6.685704826621275,12.439129256744575,-5.799027163032822,TSX_above_MA50
trend_rs|BBD-B.TO|2023-04-11,trend_rs,BBD-B.TO,Industrials,2023-04-11,2023-04-10,6,96.5151931959435,2023-04-12,66.56999969482422,2.961427688598633,2023-05-10,Development,true,,adverse_first,,4.731863512572332,-3.049419841674872,-17.139852635900244,-17.359855267528935,8.592460938749035,-17.830853216614408,TSX_above_MA50
trend_rs|AGI.TO|2023-04-12,trend_rs,AGI.TO,Materials,2023-04-12,2023-04-11,5,96.03368330593409,2023-04-13,17.898534774780273,0.49301291506754336,2023-05-11,Development,true,,adverse_first,,-5.266087857964852,-4.004395999269816,-1.8650920978471097,-1.150752383168907,5.211177917515597,-7.350531829641948,TSX_above_MA50
trend_rs|ELD.TO|2023-04-12,trend_rs,ELD.TO,Materials,2023-04-12,2023-04-11,6,95.28012762556455,2023-04-13,15.254571914672852,0.4212123928194697,2023-05-11,Development,true,,adverse_first,,-4.5632299126671105,-6.844860498320227,-0.3259525851457168,0.3883871295324859,6.910030666330447,-8.735342441918315,TSX_above_MA50
trend_rs|PXT.TO|2023-04-13,trend_rs,PXT.TO,Energy,2023-04-13,2023-04-12,4,100,2023-04-14,20.876123428344727,0.5966769895488285,2023-05-12,Development,true,,adverse_first,,0.2174945667472672,-0.2899470731243192,-5.146768403507651,-4.367849272669567,2.8996243463364824,-7.683939146645691,TSX_above_MA50
trend_rs|ATH.TO|2023-04-13,trend_rs,ATH.TO,Energy,2023-04-13,2023-04-12,6,98.69514730383571,2023-04-14,3.380000114440918,0.1192857027053833,2023-05-12,Development,true,,adverse_first,,0.8875730879888577,-1.1834378377890364,-18.639056009177846,-17.860136878339762,4.437865439944333,-19.822486793162998,TSX_above_MA50
trend_rs|OR.TO|2023-04-14,trend_rs,OR.TO,Materials,2023-04-14,2023-04-13,5,97.78085981727168,2023-04-17,20.92384910583496,0.5705420204615242,2023-05-15,Development,true,,success,10,1.3888814191053367,3.0555719384367963,8.56481736804593,9.058955532952428,13.032422563545376,-1.3425937693115508,TSX_above_MA50
trend_rs|AGI.TO|2023-04-14,trend_rs,AGI.TO,Materials,2023-04-14,2023-04-13,6,96.03368330593409,2023-04-17,17.240713119506836,0.4803897827748183,2023-05-15,Development,true,,adverse_first,,-0.34167122187731547,0.6833424437546309,4.271078345308532,4.765216510215032,9.225524118350004,-3.815479300807112,TSX_above_MA50
trend_rs|ATH.TO|2023-04-17,trend_rs,ATH.TO,Energy,2023-04-17,2023-04-14,1,100,2023-04-18,3.5,0.10500000204358782,2023-05-16,Development,true,,adverse_first,,-5.1428590502057725,-12.857144219534733,-20.000001362391885,-17.860257367595,-1.1428560529436416,-22.571427481515073,TSX_above_MA50
trend_rs|TFPM.TO|2023-04-17,trend_rs,TFPM.TO,Materials,2023-04-17,2023-04-14,2,100,2023-04-18,21.50989532470703,0.7115986553327972,2023-05-16,Development,true,,adverse_first,,2.0991577831021013,2.143822412652585,-11.076358161204114,-8.936614166407232,5.136221006759389,-12.148264432015987,TSX_above_MA50
trend_rs|WELL.TO|2023-04-17,trend_rs,WELL.TO,Health Care,2023-04-17,2023-04-14,3,100,2023-04-18,5.300000190734863,0.16214278766087123,2023-05-16,Development,true,,success,3,1.3207489114168025,8.490562133408952,-12.830193975549587,-10.690449980752703,12.075468744405038,-16.981133263745097,TSX_above_MA50
trend_rs|LUG.TO|2023-04-17,trend_rs,LUG.TO,Materials,2023-04-17,2023-04-14,4,91.0554624312486,2023-04-18,13.838181495666504,0.41290759227043405,2023-05-16,Development,true,,adverse_first,,0.40839715831109125,4.434107020592504,6.301066443102643,8.440810437899525,13.302234274801151,-3.558918828158375,TSX_above_MA50
trend_rs|ERO.TO|2023-04-18,trend_rs,ERO.TO,Materials,2023-04-18,2023-04-17,2,100,2023-04-19,26.670000076293945,1.1292858123779297,2023-05-17,Development,true,,adverse_first,,-1.5373072599896398,0.4874359219899427,-6.186725211136768,-4.327994523234624,5.174350044315279,-12.598427449342797,TSX_above_MA50
trend_rs|BBD-B.TO|2023-04-18,trend_rs,BBD-B.TO,Industrials,2023-04-18,2023-04-17,5,94.23843546728058,2023-04-19,69.72000122070312,3.027142660958426,2023-05-17,Development,true,,adverse_first,,-7.429719183133921,-13.826734395962504,-16.939186985820186,-15.080456297918042,0.6454345099875969,-21.54331640100937,TSX_above_MA50
trend_rs|NGEX.TO|2023-04-20,trend_rs,NGEX.TO,Materials,2023-04-20,2023-04-19,2,100,2023-04-21,6.78000020980835,0.43785715103149414,2023-05-19,Development,true,,adverse_first,,-9.734517755537409,-10.76696160005165,-0.1474959966427325,1.505702263126718,3.097338566538932,-17.256637759411188,TSX_above_MA50
trend_rs|CG.TO|2023-04-20,trend_rs,CG.TO,Materials,2023-04-20,2023-04-19,6,82.73288935195043,2023-04-21,8.71000862121582,0.34354234960327,2023-05-19,Development,true,,adverse_first,,-4.384160218878441,-4.279759810079941,-26.09603458013079,-24.44283632036134,2.505211462344925,-26.72233878128284,TSX_above_MA50
trend_rs|PXT.TO|2023-04-21,trend_rs,PXT.TO,Energy,2023-04-21,2023-04-20,6,80.50172185127444,2023-04-24,21.0198917388916,0.5847865511526162,2023-05-23,Development,true,,adverse_first,,-0.6479574341473615,0.07201140204728951,0.35996627006253945,2.926619743788905,2.1958288495780964,-8.315346970724669,TSX_above_MA50
trend_rs|LUG.TO|2023-04-25,trend_rs,LUG.TO,Materials,2023-04-25,2023-04-24,3,94.86555359454846,2023-04-26,13.918919563293457,0.3886868464425686,2023-05-25,Development,true,,success,5,5.104383028623749,10.440837969324512,-1.4501291362924884,1.4595205963919389,12.645013474611444,-2.900240737717763,TSX_above_MA50
trend_rs|WDO.TO|2023-04-25,trend_rs,WDO.TO,Materials,2023-04-25,2023-04-24,5,84.21535488226934,2023-04-26,8.422313690185547,0.34111740662771745,2023-05-25,Development,true,,success,6,4.9822135380927834,10.32029219257209,-8.185056201505624,-5.275406468821197,12.21827386518064,-8.778172617166103,TSX_above_MA50
trend_rs|FM.TO|2023-04-26,trend_rs,FM.TO,Materials,2023-04-26,2023-04-25,6,81.30900106797081,2023-04-27,32.93064880371094,1.344901088450054,2023-05-26,Development,true,,success,6,1.7570429762995277,-6.3011174421713445,-7.36140399408195,-4.426596320643439,10.209028989072122,-11.844896609906918,TSX_above_MA50
trend_rs|PXT.TO|2023-04-27,trend_rs,PXT.TO,Energy,2023-04-27,2023-04-26,6,75.61045385628137,2023-04-28,20.815593719482422,0.4707476636102767,2023-05-29,Development,true,,adverse_first,,-0.181749608690851,-4.870944491369578,0.7633575195773679,4.002763426586798,3.1988463809160095,-7.415493078660685,TSX_above_MA50
trend_rs|ERO.TO|2023-04-28,trend_rs,ERO.TO,Materials,2023-04-28,2023-04-27,3,79.19698502604572,2023-05-01,27.209999084472656,1.0121427263532365,2023-05-30,Development,true,,adverse_first,,1.8008147554345877,-8.93053465486452,-9.224543939678153,-4.9781400550861985,3.087100995410297,-16.90554439138543,TSX_above_MA50
trend_rs|TECK-B.TO|2023-04-28,trend_rs,TECK-B.TO,Materials,2023-04-28,2023-04-27,5,75.32902655688898,2023-05-01,59.47522735595703,2.2502177429360843,2023-05-30,Development,true,,adverse_first,,-3.957822277028511,-1.930251886431944,-15.977289313103126,-11.730885428511172,1.6058503815140845,-17.25871665798294,TSX_above_MA50
trend_rs|LUN.TO|2023-05-01,trend_rs,LUN.TO,Materials,2023-05-01,2023-04-28,5,91.64732748196198,2023-05-02,9.767728805541992,0.3266085187143696,2023-05-31,Development,true,,adverse_first,,5.328256432256873,-1.2369112669672888,-9.70502838939189,-5.611453414306489,6.945764302448043,-10.180767684630842,TSX_above_MA50
trend_rs|K.TO|2023-05-02,trend_rs,K.TO,Materials,2023-05-02,2023-05-01,2,100,2023-05-03,6.881115436553955,0.18499830592057784,2023-06-01,Development,true,,adverse_first,,3.05556643125493,-1.388888792643761,-8.156058470993699,-4.803523362681217,3.7500017561340915,-12.638889325090464,TSX_above_MA50
trend_rs|WDO.TO|2023-05-02,trend_rs,WDO.TO,Materials,2023-05-02,2023-05-01,4,100,2023-05-03,8.841931343078613,0.338976404762649,2023-06-01,Development,true,,adverse_first,,5.084745762711873,-2.033902619410566,-10.39548669747743,-7.042951589164948,6.892653605996069,-15.254242025217678,TSX_above_MA50
trend_rs|TFPM.TO|2023-05-02,trend_rs,TFPM.TO,Materials,2023-05-02,2023-05-01,6,98.75277161654172,2023-05-03,22.191986083984375,0.812471451053315,2023-06-01,Development,true,,adverse_first,,-6.623347914635436,-13.593056187748132,-16.61823231163373,-13.265697203321247,1.6450273397452975,-21.528186654438574,TSX_above_MA50
trend_rs|LUG.TO|2023-05-03,trend_rs,LUG.TO,Materials,2023-05-03,2023-05-02,5,96.17514235327681,2023-05-04,14.7747220993042,0.4071408775820255,2023-06-02,Development,true,,adverse_first,,-4.590154707279737,-6.284150977326397,-7.868855083250715,-6.813427141929196,6.120228266971117,-8.633884979578866,TSX_above_MA50
trend_rs|ELD.TO|2023-05-03,trend_rs,ELD.TO,Materials,2023-05-03,2023-05-02,6,95.78258013550655,2023-05-04,16.030227661132812,0.580321606260161,2023-06-02,Development,true,,adverse_first,,-5.148887685294568,-12.158817893745887,-19.54094946775853,-18.48552152643701,0.6823813932013367,-21.65013103502973,TSX_above_MA50
trend_rs|IMG.TO|2023-05-04,trend_rs,IMG.TO,Materials,2023-05-04,2023-05-03,3,100,2023-05-05,4.340000152587891,0.13785718168531144,2023-06-05,Development,true,,adverse_first,,1.382487112212738,-13.364058565269554,-9.216591735115864,-6.2451167539796515,2.534554212207918,-18.202768951529613,TSX_above_MA50
trend_rs|FM.TO|2023-05-05,trend_rs,FM.TO,Materials,2023-05-05,2023-05-04,2,100,2023-05-08,36.15288543701172,1.2833369153782717,2023-06-06,Development,true,,adverse_first,,-8.912806251425776,-15.562917855389035,-16.99779429966165,-14.425073949728795,-1.103757281493467,-22.1854293345499,TSX_above_MA50
trend_rs|LUN.TO|2023-05-05,trend_rs,LUN.TO,Materials,2023-05-05,2023-05-04,6,91.64732748196198,2023-05-08,10.343940734863281,0.312667958360277,2023-06-06,Development,true,,adverse_first,,-5.660380837600798,-6.648689593826818,-9.473910625526905,-6.9011902755940495,0.9883224762630372,-15.184171558375093,TSX_above_MA50
trend_rs|TXG.TO|2023-05-08,trend_rs,TXG.TO,Materials,2023-05-08,2023-05-05,4,100,2023-05-09,25.03626823425293,0.961734991864286,2023-06-07,Development,true,,adverse_first,,-19.90502212557085,-21.329644531953807,-17.926393861444446,-15.00203363640199,0.5144465022210554,-23.981002018917362,TSX_above_MA50
trend_rs|LUG.TO|2023-05-09,trend_rs,LUG.TO,Materials,2023-05-09,2023-05-08,2,100,2023-05-10,15.372171401977539,0.4486627986674328,2023-06-08,Development,true,,adverse_first,,-8.560936888334126,-10.766820792250586,-13.970608397972818,-11.255386213374674,-0.26260239370980987,-14.233210507255023,TSX_above_MA50
trend_rs|SHOP.TO|2023-05-10,trend_rs,SHOP.TO,Technology,2023-05-10,2023-05-09,4,95.7006870543307,2023-05-11,84.93000030517578,3.876427786690848,2023-06-09,Development,true,,adverse_first,,-3.2026388919456528,-4.992344105185575,-3.5911963273264513,-1.0174363846605639,1.7779372787055658,-11.586016639500107,TSX_above_MA50
trend_rs|SJ.TO|2023-05-10,trend_rs,SJ.TO,Materials,2023-05-10,2023-05-09,5,93.62819437723772,2023-05-11,56.16880416870117,1.2217669952775065,2023-06-09,Development,true,,success,7,2.6671121882410054,1.4179742826746056,8.094366359317906,10.668126301983794,8.38243414565829,-1.6205363599283373,TSX_above_MA50
trend_rs|GFL.TO|2023-05-11,trend_rs,GFL.TO,Industrials,2023-05-11,2023-05-10,2,94.4144677366246,2023-05-12,50.8089714050293,1.3695741182644514,2023-06-12,Development,true,,adverse_first,,-1.332032761262314,-1.4887305735368117,-0.8619017848354615,1.578394977380293,0.5680841029824135,-5.249752272945996,TSX_above_MA50
trend_rs|QSR.TO|2023-05-11,trend_rs,QSR.TO,Consumer,2023-05-11,2023-05-10,5,76.36402439205841,2023-05-12,87.67560577392578,1.4782786737687144,2023-06-12,Development,true,,adverse_first,,0.2227759108938132,-0.5468238834642092,2.541765153413067,4.9820619156288215,4.1721445805939394,-2.61268162986783,TSX_above_MA50
trend_rs|BYD.TO|2023-05-11,trend_rs,BYD.TO,Industrials,2023-05-11,2023-05-10,6,74.79335612102801,2023-05-12,241.98817443847656,4.926701143679496,2023-06-12,Development,true,,adverse_first,,1.044136816988428,0.8803364311239736,1.130126186893854,3.5704229491096084,4.315762984500626,-4.737538450647005,TSX_above_MA50
trend_rs|WDO.TO|2023-05-12,trend_rs,WDO.TO,Materials,2023-05-12,2023-05-11,4,86.07784636054367,2023-05-15,8.881895065307617,0.42461246163281147,2023-06-13,Development,true,,adverse_first,,-8.548939789819809,-15.523063579110485,-17.88527147397787,-15.209518750633176,-1.0123799916079146,-19.122617025543455,TSX_above_MA50
trend_rs|BEPC.TO|2023-05-12,trend_rs,BEPC.TO,Utilities,2023-05-12,2023-05-11,5,82.86147176882255,2023-05-15,41.03064727783203,0.8699269148166847,2023-06-13,Development,true,,adverse_first,,-1.9083133428251409,-5.130747313716388,-7.875407983943383,-5.199655260598689,0.19097318962053578,-8.001121012858082,TSX_above_MA50
trend_rs|IMG.TO|2023-05-12,trend_rs,IMG.TO,Materials,2023-05-12,2023-05-11,6,79.28893643288609,2023-05-15,4.329999923706055,0.1607142686843872,2023-06-13,Development,true,,adverse_first,,-10.161658811884767,-17.090069805437224,-12.702077644508092,-10.026324921163399,0,-18.013856469590127,TSX_above_MA50
trend_rs|LUG.TO|2023-05-15,trend_rs,LUG.TO,Materials,2023-05-15,2023-05-12,1,100,2023-05-16,14.710134506225586,0.5726503683681747,2023-06-14,Development,true,,adverse_first,,-6.476400763606716,-5.598256924902367,-10.737548505014106,-9.616123334796756,-0.1097916703830637,-12.453058091431613,TSX_above_MA50
trend_rs|SDE.TO|2023-05-15,trend_rs,SDE.TO,Energy,2023-05-15,2023-05-12,2,100,2023-05-16,5.7166428565979,0.14841433650044836,2023-06-14,Development,true,,adverse_first,,-3.3898258430523076,-6.528564597120834,-5.147527219243441,-4.0261020490260915,0.43942550374149736,-8.28625278303119,TSX_above_MA50
trend_rs|BB.TO|2023-05-16,trend_rs,BB.TO,Technology,2023-05-16,2023-05-15,5,90.79691816511811,2023-05-17,7.21999979019165,0.29642864636012484,2023-06-15,Development,true,,adverse_first,,-2.3545651578512627,0.27700805412327334,-5.540161082465289,-4.214802916372684,3.0470951997488838,-6.6481999033513155,TSX_above_MA50
trend_rs|OTEX.TO|2023-05-17,trend_rs,OTEX.TO,Technology,2023-05-17,2023-05-16,4,92.04197205731046,2023-05-18,49.71293640136719,1.2613543988202476,2023-06-16,Development,true,,adverse_first,,1.2845738795151718,1.3957161277807328,-1.798702695867116,-0.21375102818445013,4.015845210620461,-3.461198128488008,TSX_above_MA50
trend_rs|AQN.TO|2023-05-17,trend_rs,AQN.TO,Utilities,2023-05-17,2023-05-16,6,84.95691783508636,2023-05-18,9.531401634216309,0.22773512881775154,2023-06-16,Development,true,,adverse_first,,-0.9657909395052178,0.438945853572581,-2.5461160796161897,-0.9611644119335239,2.8972360434139866,-5.355610153271051,TSX_above_MA50
trend_rs|ARX.TO|2023-05-18,trend_rs,ARX.TO,Energy,2023-05-18,2023-05-17,6,86.90888143130024,2023-05-19,16.132692337036133,0.5360302381773989,2023-06-19,Development,true,,adverse_first,,-4.213478861934439,-5.955077553945731,-2.2471922732286154,-0.19865239760956666,0.8988638114970637,-8.764052502777297,TSX_above_MA50
trend_rs|BYD.TO|2023-05-23,trend_rs,BYD.TO,Industrials,2023-05-23,2023-05-19,6,92.65309496256083,2023-05-24,236.19161987304688,5.605442173979948,2023-06-21,Development,true,,success,5,3.209298190961807,5.663453335068147,3.964441237817251,5.07695912719508,6.875853865367176,0.4530894131224539,TSX_not_above_MA50
trend_rs|GFL.TO|2023-05-25,trend_rs,GFL.TO,Industrials,2023-05-25,2023-05-24,2,100,2023-05-26,49.61463165283203,1.0560607722079272,2023-06-23,Development,true,,adverse_first,,1.103321821368275,-0.3209551645379616,-2.6479416166686365,-0.1273895024525573,2.4674148295304787,-3.5707081292234433,TSX_not_above_MA50
trend_rs|TA.TO|2023-05-29,trend_rs,TA.TO,Utilities,2023-05-29,2023-05-26,5,100,2023-05-30,12.357787132263184,0.24433648516272463,2023-06-27,Development,true,,adverse_first,,0.5727546498211611,-0.9545550694667004,-6.681931789426498,-6.648498608394382,2.710972177509041,-7.674678492612841,TSX_not_above_MA50
trend_rs|QSR.TO|2023-06-02,trend_rs,QSR.TO,Consumer,2023-06-02,2023-06-01,5,88.21492037813941,2023-06-05,89.86859130859375,1.6412581449993786,2023-07-04,Development,true,,adverse_first,,0.039527114445947475,-1.4325013396431774,1.4641077500989974,0.09291433559026618,3.364821943071772,-4.989140160439909,TSX_not_above_MA50
trend_rs|PSK.TO|2023-06-05,trend_rs,PSK.TO,Energy,2023-06-05,2023-06-02,4,93.9799483090161,2023-06-06,21.73143196105957,0.45552382088925014,2023-07-05,Development,true,,adverse_first,,-3.980513851327361,-4.467922098587717,-2.0782849633331324,-2.319119354678989,0.08122091613629312,-7.27051774248938,TSX_not_above_MA50
trend_rs|CSU.TO|2023-06-05,trend_rs,CSU.TO,Technology,2023-06-05,2023-06-02,5,93.07918270774121,2023-06-06,2772.85302734375,76.39180778017648,2023-07-05,Development,true,,adverse_first,,-1.3709667336584852,-3.29496374500049,-3.1815859785944367,-3.4224203699402933,0.635802682671005,-6.421741431990213,TSX_not_above_MA50
trend_rs|GFL.TO|2023-06-05,trend_rs,GFL.TO,Industrials,2023-06-05,2023-06-02,6,92.46359248505699,2023-06-06,49.76392364501953,0.9821244731576121,2023-07-05,Development,true,,adverse_first,,-1.3399830774483479,-1.4599801890548547,3.2000072976396066,2.95917290629375,3.6600140576384943,-3.85999643356435,TSX_not_above_MA50
trend_rs|FTT.TO|2023-06-06,trend_rs,FTT.TO,Industrials,2023-06-06,2023-06-05,5,92.17718994182289,2023-06-07,36.77601623535156,0.9441042632561677,2023-07-06,Development,true,,neither,,-0.3287758080088743,0.22764114975273309,0.7840166163724849,1.6497222002399559,3.1613656144831026,-2.099131473585214,TSX_not_above_MA50
trend_rs|FFH.TO|2023-06-07,trend_rs,FFH.TO,Financials,2023-06-07,2023-06-06,5,83.38309391385013,2023-06-08,956.49267578125,17.5184909333374,2023-07-07,Development,true,,adverse_first,,-0.08680267517894302,-1.5413840033447368,-2.8354796091882295,-2.275378804754591,1.8442324963509948,-4.059916375146688,TSX_not_above_MA50
trend_rs|TPZ.TO|2023-06-07,trend_rs,TPZ.TO,Energy,2023-06-07,2023-06-06,6,81.73180961988335,2023-06-08,17.634078979492188,0.33359216592640123,2023-07-07,Development,true,,adverse_first,,-0.702786788927956,-3.905904555551032,0.2533818132731902,0.8134826177068288,0.827081877532021,-5.770442777415674,TSX_not_above_MA50
trend_rs|BIP-UN.TO|2023-06-08,trend_rs,BIP-UN.TO,Utilities,2023-06-08,2023-06-07,6,80.24891792480116,2023-06-09,43.73233413696289,0.7893657990083044,2023-07-10,Development,true,,adverse_first,,-5.534164752805026,-6.122048619485632,-5.6963221669185105,-5.346436479928496,0.6892251475958622,-6.628824634226593,TSX_not_above_MA50
trend_rs|PXT.TO|2023-06-09,trend_rs,PXT.TO,Energy,2023-06-09,2023-06-08,1,100,2023-06-12,20.830732345581055,0.5026354868342803,2023-07-11,Development,true,,adverse_first,,0.4280166936124763,-3.402020802829109,5.952119449483262,6.166468765041966,6.025775718385051,-4.506813617632199,TSX_not_above_MA50
trend_rs|OTEX.TO|2023-06-09,trend_rs,OTEX.TO,Technology,2023-06-09,2023-06-08,6,79.85931401929723,2023-06-12,50.85286331176758,1.0496142718068333,2023-07-11,Development,true,,adverse_first,,-4.070191578537874,-7.4385933958968415,-6.491236479685014,-6.27688716412631,0.6666622649266651,-8.140352709111342,TSX_not_above_MA50
trend_rs|AC.TO|2023-06-12,trend_rs,AC.TO,Industrials,2023-06-12,2023-06-09,1,100,2023-06-13,23.239999771118164,0.43428570883614676,2023-07-12,Development,true,,adverse_first,,1.5060257526538168,2.2375235063896604,6.841653047535257,6.439458048666169,7.5731508012711,-2.710839789032793,TSX_not_above_MA50
trend_rs|CSU.TO|2023-06-12,trend_rs,CSU.TO,Technology,2023-06-12,2023-06-09,2,100,2023-06-13,2734.838134765625,71.5648225832679,2023-07-12,Development,true,,adverse_first,,-1.9507410218108645,-2.2548413005404333,-4.948572549810093,-5.350767548679181,0.8735743921332473,-5.7106701028096785,TSX_not_above_MA50
trend_rs|CCO.TO|2023-06-12,trend_rs,CCO.TO,Energy,2023-06-12,2023-06-09,5,98.75533325158588,2023-06-13,41.80524444580078,1.6553087504319801,2023-07-12,Development,true,,adverse_first,,0.5469753884343787,-7.324595670004019,-1.3792963113220091,-1.7814913101910967,1.569561564598776,-8.109380175127011,TSX_not_above_MA50
trend_rs|TOU.TO|2023-06-12,trend_rs,TOU.TO,Energy,2023-06-12,2023-06-09,6,87.20372867604246,2023-06-13,50.634124755859375,1.5249870400805048,2023-07-12,Development,true,,success,17,0.38468573915171334,3.24470717143841,9.80099193637336,9.398796937504272,10.587078745894086,-2.508779616351964,TSX_not_above_MA50
trend_rs|TPZ.TO|2023-06-13,trend_rs,TPZ.TO,Energy,2023-06-13,2023-06-12,5,89.71105262619206,2023-06-14,17.38369369506836,0.32528272026335003,2023-07-13,Development,true,,adverse_first,,-0.6304653183179965,-1.357901668871686,2.6673178216255256,1.3558079859360417,3.2977566817766535,-4.413211402992556,TSX_not_above_MA50
trend_rs|SHOP.TO|2023-06-14,trend_rs,SHOP.TO,Technology,2023-06-14,2023-06-13,5,96.34648891837062,2023-06-15,87.44000244140625,4.038928985595703,2023-07-14,Development,true,,adverse_first,,-4.540257444941664,-3.408054979104669,3.556725209878153,2.384834629112298,7.307867350450259,-8.096982654819818,TSX_not_above_MA50
trend_rs|TOU.TO|2023-06-15,trend_rs,TOU.TO,Energy,2023-06-15,2023-06-14,6,81.53111795463835,2023-06-16,51.74352264404297,1.5674277196291722,2023-07-17,Development,true,,adverse_first,,-1.7185021749076657,2.160384198054688,6.4975412580743575,5.238991313098085,8.330605723066187,-4.599022964376365,TSX_not_above_MA50
trend_rs|PSK.TO|2023-06-16,trend_rs,PSK.TO,Energy,2023-06-16,2023-06-15,6,73.39413435630902,2023-06-19,21.01646614074707,0.47853667027901153,2023-07-18,Development,true,,adverse_first,,-3.0239463325964278,-0.911325048796674,12.625866925451422,10.406563376960353,12.965356769104464,-4.115924105985758,TSX_not_above_MA50
trend_rs|ERO.TO|2023-06-19,trend_rs,ERO.TO,Materials,2023-06-19,2023-06-16,6,82.79165937938288,2023-06-20,26.81999969482422,1.0764288221086775,2023-07-19,Development,true,,adverse_first,,0.8575672813326385,-0.44742331562338533,6.860552473991932,3.1291770939407826,9.76883247220548,-4.996272065008589,TSX_not_above_MA50
trend_rs|LUN.TO|2023-06-21,trend_rs,LUN.TO,Materials,2023-06-21,2023-06-20,5,88.29814844046099,2023-06-22,10.001989364624023,0.3243748354076682,2023-07-21,Development,true,,adverse_first,,-4.409017828827766,0.7504686853716303,5.722347563074437,0.7859064899264911,10.975629337565573,-5.909954353968027,TSX_not_above_MA50
trend_rs|ARX.TO|2023-06-23,trend_rs,ARX.TO,Energy,2023-06-23,2023-06-22,3,91.63440203937162,2023-06-26,16.531478881835938,0.4298596195630521,2023-07-25,Development,true,,adverse_first,,-0.30068339968266633,3.6850648002089814,7.892255634309175,2.969682434876897,8.833337825420262,-3.399135466452663,TSX_not_above_MA50
trend_rs|NXE.TO|2023-06-26,trend_rs,NXE.TO,Energy,2023-06-26,2023-06-23,1,100,2023-06-27,5.949999809265137,0.2078570638384138,2023-07-26,Development,true,,success,19,4.53781495095309,4.033617741997264,4.033617741997264,-0.16491171561712203,7.058825037942618,-1.8487337849315333,TSX_not_above_MA50
trend_rs|TSU.TO|2023-06-26,trend_rs,TSU.TO,Financials,2023-06-26,2023-06-23,2,96.59127384484476,2023-06-27,37.439998626708984,0.846785409109933,2023-07-26,Development,true,,adverse_first,,1.3087652148503048,-0.6677350672274152,-5.128200425668883,-9.326729883283269,2.0299203101153296,-7.1848256553887495,TSX_not_above_MA50
trend_rs|AC.TO|2023-06-27,trend_rs,AC.TO,Industrials,2023-06-27,2023-06-26,3,93.24687426496399,2023-06-28,24.68000030517578,0.4721429007393973,2023-07-27,Development,true,,success,14,0.08103913094148485,1.7828222391283344,-2.9578587245123966,-5.8167439210040195,5.51053725095112,-3.40356621637371,TSX_not_above_MA50
trend_rs|SHOP.TO|2023-06-28,trend_rs,SHOP.TO,Technology,2023-06-28,2023-06-27,5,94.08264650328057,2023-06-29,84.45999908447266,3.372142791748047,2023-07-28,Development,true,,adverse_first,,-3.0310177437172015,7.21051862810731,3.4809406503376827,0.436722766431763,11.094012370531313,-4.854367178030017,TSX_not_above_MA50
trend_rs|ARX.TO|2023-06-29,trend_rs,ARX.TO,Energy,2023-06-29,2023-06-28,4,83.97076627962811,2023-06-30,16.17061996459961,0.4278528964905413,2023-07-31,Development,true,,success,5,4.301053707793123,3.5087735852839863,12.733452527240296,10.395115663701947,14.261468775787268,-0.22636596507852325,TSX_not_above_MA50
trend_rs|ERO.TO|2023-06-29,trend_rs,ERO.TO,Materials,2023-06-29,2023-06-28,6,77.70450041689867,2023-06-30,26.799999237060547,0.8742855616978237,2023-07-31,Development,true,,adverse_first,,2.276121745212656,6.8283581186652675,18.28358830362542,15.945251440087073,19.850745695049966,-4.328357762816637,TSX_not_above_MA50
trend_rs|FTT.TO|2023-06-30,trend_rs,FTT.TO,Industrials,2023-06-30,2023-06-29,5,68.8478512467882,2023-07-04,37.789825439453125,0.7620141644448145,2023-08-01,Development,true,,adverse_first,,1.3782739520486587,6.2515192235788275,12.946096534191721,11.322727976768943,13.881368660870375,-3.0519397126604897,TSX_above_MA50
trend_rs|WFG.TO|2023-07-04,trend_rs,WFG.TO,Materials,2023-07-04,2023-06-30,3,82.91511000879254,2023-07-05,106.91365814208984,2.644615213480769,2023-08-02,Development,true,,adverse_first,,4.338929624936494,2.934115785141733,-6.17944113011365,-6.747981691418359,5.948265944883824,-7.42421192201288,TSX_above_MA50
trend_rs|ARX.TO|2023-07-04,trend_rs,ARX.TO,Energy,2023-07-04,2023-06-30,5,76.55838717539454,2023-07-05,16.436010360717773,0.4101417945530593,2023-08-02,Development,true,,success,5,5.957710407889882,7.516731357030815,9.799548647049395,9.231008085744687,12.416501792076673,-1.7260395327117428,TSX_above_MA50
trend_rs|NXE.TO|2023-07-05,trend_rs,NXE.TO,Energy,2023-07-05,2023-07-04,4,79.79206651091994,2023-07-06,5.860000133514404,0.15964286667960031,2023-08-03,Development,true,,success,3,7.167236633526475,5.460745521046695,8.19112641872275,6.626315421508688,11.774744735485987,-0.3412965950654212,TSX_above_MA50
trend_rs|CCA.TO|2023-07-05,trend_rs,CCA.TO,Communication,2023-07-05,2023-07-04,6,73.69205652565296,2023-07-06,59.381690979003906,1.1564635110506494,2023-08-03,Development,true,,adverse_first,,-3.5266186723150184,-7.2483736606059335,-9.526572162342417,-11.091383159556479,1.1430307239211457,-10.288044671746633,TSX_above_MA50
trend_rs|SHOP.TO|2023-07-06,trend_rs,SHOP.TO,Technology,2023-07-06,2023-07-05,5,67.63683492474094,2023-07-07,81.9000015258789,2.75,2023-08-04,Development,true,,success,4,10.561662227986247,5.873012782635767,-5.347991210266945,-7.390248282527545,14.566544667775272,-5.714285980442857,TSX_not_above_MA50
trend_rs|DOL.TO|2023-07-06,trend_rs,DOL.TO,Consumer,2023-07-06,2023-07-05,6,66.16367494487255,2023-07-07,86.40302276611328,1.3268746034628833,2023-08-04,Development,true,,adverse_first,,1.5269645952849409,1.5614192897017265,-1.7910524990823462,-3.8333095713429466,3.3180298627889737,-3.134333858917615,TSX_not_above_MA50
trend_rs|ARX.TO|2023-07-07,trend_rs,ARX.TO,Energy,2023-07-07,2023-07-06,4,80.74928288885721,2023-07-10,16.866127014160156,0.40288704827564203,2023-08-08,Development,true,,success,7,-0.7596089342766899,5.046157805957185,10.146529773458536,8.211859575451232,10.87904096495742,-2.2246143839835475,TSX_not_above_MA50
trend_rs|TOU.TO|2023-07-07,trend_rs,TOU.TO,Energy,2023-07-07,2023-07-06,6,69.21856123894321,2023-07-10,54.783782958984375,1.2690908868345514,2023-08-08,Development,true,,success,7,0.5873935676863562,5.101209923377081,6.97167514782846,5.0370049498211555,8.718494179725077,-0.9893515415041243,TSX_not_above_MA50
trend_rs|CLS.TO|2023-07-10,trend_rs,CLS.TO,Technology,2023-07-10,2023-07-07,2,100,2023-07-11,20.979999542236328,0.5471428462437221,2023-08-09,Development,true,,success,12,2.478553236937975,3.813160924044068,32.79314212693196,30.797522819383193,43.3746452813303,-1.5729262674277433,TSX_not_above_MA50
trend_rs|LSPD.TO|2023-07-10,trend_rs,LSPD.TO,Technology,2023-07-10,2023-07-07,3,100,2023-07-11,23.229999542236328,0.9100001198904855,2023-08-09,Development,true,,adverse_first,,3.745160810922865,-3.1424862532134723,-3.4438194267115807,-5.439438734260349,6.112785640447949,-10.245368952501844,TSX_not_above_MA50
trend_rs|ARX.TO|2023-07-11,trend_rs,ARX.TO,Energy,2023-07-11,2023-07-10,3,91.06068344733757,2023-07-12,17.415220260620117,0.42743200618183685,2023-08-10,Development,true,,adverse_first,,1.4713614923721696,3.1003579067335307,9.038330596562695,7.68263177646782,9.879107283672163,-5.307423737430184,TSX_not_above_MA50
trend_rs|TOU.TO|2023-07-11,trend_rs,TOU.TO,Energy,2023-07-11,2023-07-10,6,82.82157046560016,2023-07-12,55.596771240234375,1.3071995347232541,2023-08-10,Development,true,,adverse_first,,3.7318894277347248,3.7318894277347248,6.717413320379073,5.361714500284198,8.5452935798094,-2.4371783688553528,TSX_not_above_MA50
trend_rs|FTT.TO|2023-07-12,trend_rs,FTT.TO,Industrials,2023-07-12,2023-07-11,5,79.799477767707,2023-07-13,38.80363082885742,0.793903127227867,2023-08-11,Development,true,,success,7,2.900274956919091,5.848504429599322,4.745914305732546,4.104812782355505,10.977938055363445,-0.45541497939535214,TSX_above_MA50
trend_rs|PSK.TO|2023-07-13,trend_rs,PSK.TO,Energy,2023-07-13,2023-07-12,5,80.89750900806459,2023-07-14,22.35894203186035,0.4652529670254632,2023-08-14,Development,true,,success,2,3.789379847771701,4.427587059955096,5.0259308468098896,4.885765754482252,7.299547624700908,-0.5983120871233427,TSX_above_MA50
trend_rs|EQB.TO|2023-07-14,trend_rs,EQB.TO,Financials,2023-07-14,2023-07-13,4,77.50948199585821,2023-07-17,69.75948333740234,1.5185992493630833,2023-08-15,Development,true,,success,10,-0.40170547103602905,4.191178119136896,4.793801945969367,6.4104688797888,13.537775188968816,-1.3122576782905293,TSX_above_MA50
trend_rs|LB.TO|2023-07-14,trend_rs,LB.TO,Financials,2023-07-14,2023-07-13,5,74.90429631513183,2023-07-17,36.129520416259766,1.4029230081756392,2023-08-15,Development,true,,adverse_first,,-0.9912431844244285,-8.414047859301366,-9.405259368542552,-7.788592434723119,1.7519561300159303,-10.673122961323788,TSX_above_MA50
trend_rs|FTT.TO|2023-07-14,trend_rs,FTT.TO,Industrials,2023-07-14,2023-07-13,6,73.25132798146026,2023-07-17,39.510494232177734,0.7440765276694223,2023-08-15,Development,true,,success,6,2.0951318178171308,6.920909695920008,0.8945647664446721,2.511231700264105,8.9924847090624,-0.329538860103773,TSX_above_MA50
trend_rs|AAV.TO|2023-07-17,trend_rs,AAV.TO,Energy,2023-07-17,2023-07-14,5,85.54603201928171,2023-07-18,8.850000381469727,0.2585714203970773,2023-08-16,Development,true,,success,8,3.9547956238312088,5.197740319990585,5.084743388343282,7.428117695901005,10.056489845039241,-0.9039539012174469,TSX_above_MA50
trend_rs|PSK.TO|2023-07-17,trend_rs,PSK.TO,Energy,2023-07-17,2023-07-14,6,78.15016322399391,2023-07-18,23.66997718811035,0.5020564351298932,2023-08-16,Development,true,,adverse_first,,-2.373785091481506,-1.1303730856490612,-0.9043113614670917,1.4390629460906301,1.3564291304268172,-4.182381631148557,TSX_above_MA50
trend_rs|ONEX.TO|2023-07-19,trend_rs,ONEX.TO,Financials,2023-07-19,2023-07-18,5,84.05122111781222,2023-07-20,77.86283874511719,1.0559662793004836,2023-08-18,Development,true,,success,5,1.6358212979923348,-0.4945501692299903,4.362167264800099,7.388555749248182,5.9345614458771845,-1.2934404239085984,TSX_above_MA50
trend_rs|ATRL.TO|2023-07-20,trend_rs,ATRL.TO,Industrials,2023-07-20,2023-07-19,4,88.13562710343369,2023-07-21,38.70672607421875,0.7819037334727342,2023-08-21,Development,true,,adverse_first,,-2.470410189049954,3.576943363856122,5.093273344255733,8.8046718568485,13.715892941418106,-3.139488623631148,TSX_above_MA50
trend_rs|EFX.TO|2023-07-21,trend_rs,EFX.TO,Energy,2023-07-21,2023-07-20,3,93.78716035117613,2023-07-24,10.121892929077148,0.3009024196559796,2023-08-22,Development,true,,adverse_first,,1.904749521697413,2.7618783267540303,-21.14287797870915,-16.81435752873911,5.047580297338006,-23.809528218175423,TSX_above_MA50
trend_rs|BHC.TO|2023-07-24,trend_rs,BHC.TO,Health Care,2023-07-24,2023-07-21,2,100,2023-07-25,12.539999961853027,0.5549998964582171,2023-08-23,Development,true,,adverse_first,,0.4784722472027214,-7.496009435748019,-11.881975882382601,-8.613605112609102,7.89473504090723,-12.679427092701022,TSX_above_MA50
trend_rs|MG.TO|2023-07-24,trend_rs,MG.TO,Consumer,2023-07-24,2023-07-21,5,93.71762328195356,2023-07-25,72.39375305175781,1.2397784688177,2023-08-23,Development,true,,success,5,3.3799658839679836,-3.161076107248195,-6.13738690080109,-2.8690161310275912,5.775091986063963,-10.378783424444393,TSX_above_MA50
trend_rs|HWX.TO|2023-07-24,trend_rs,HWX.TO,Energy,2023-07-24,2023-07-21,6,91.63231448137634,2023-07-25,6.130245685577393,0.1556482943253095,2023-08-23,Development,true,,success,7,3.5961181566012135,4.011074313065044,-3.8727815223594586,-0.6044107525859599,7.7454980724828815,-5.25590568698796,TSX_above_MA50
trend_rs|CLS.TO|2023-07-25,trend_rs,CLS.TO,Technology,2023-07-25,2023-07-24,3,100,2023-07-26,21.75,0.5692855290004185,2023-08-24,Development,true,,success,1,27.908044573904455,28.873566375381653,38.06896867423222,41.89065007574495,44.73563007924748,7.86206475619613,TSX_above_MA50
trend_rs|LSPD.TO|2023-07-25,trend_rs,LSPD.TO,Technology,2023-07-25,2023-07-24,6,100,2023-07-26,22.549999237060547,0.8107144492013114,2023-08-24,Development,true,,adverse_first,,-4.124161548966754,-4.656316064680355,-11.219507161396546,-7.397825759883813,6.740578754723758,-12.283807734514651,TSX_above_MA50
trend_rs|CCO.TO|2023-07-26,trend_rs,CCO.TO,Energy,2023-07-26,2023-07-25,3,100,2023-07-27,43.41581344604492,1.1482772576380487,2023-08-25,Development,true,,success,2,3.091380123089005,7.167402017099267,13.350135904006555,16.046656562072336,13.739415006095124,-3.549337266089325,TSX_above_MA50
trend_rs|MG.TO|2023-07-27,trend_rs,MG.TO,Consumer,2023-07-27,2023-07-26,6,93.71762328195356,2023-07-28,74.25092315673828,1.083863508451736,2023-08-28,Development,true,,ambiguous_both_hit,,-3.3072628775129065,-8.321485227877679,-7.421361443132635,-5.012417849070117,3.1294368165867725,-12.620396553546588,TSX_above_MA50
trend_rs|FTT.TO|2023-07-28,trend_rs,FTT.TO,Industrials,2023-07-28,2023-07-27,4,100,2023-07-31,42.24497985839844,0.7553718459198449,2023-08-29,Development,true,,adverse_first,,0.7265762396214459,-5.6362641756547704,-6.646633438887339,-5.016703032921665,1.9374835278093805,-10.877896995227132,TSX_above_MA50
trend_rs|PSK.TO|2023-07-28,trend_rs,PSK.TO,Energy,2023-07-28,2023-07-27,6,99.38771572674591,2023-07-31,23.375659942626953,0.5475382368711222,2023-08-29,Development,true,,neither,,0.6867566752053689,-1.1827593933146252,-0.2289243314350431,1.4010060745306308,2.6325955392503264,-2.022128351768626,TSX_above_MA50
trend_rs|HWX.TO|2023-07-31,trend_rs,HWX.TO,Energy,2023-07-31,2023-07-28,4,100,2023-08-01,6.350696563720703,0.14171878485643674,2023-08-30,Development,true,,adverse_first,,0.4005518390530538,-4.539382279040627,-4.27236023371017,-3.2856530198208773,4.00534304732274,-9.212279334957952,TSX_above_MA50
trend_rs|KEL.TO|2023-07-31,trend_rs,KEL.TO,Energy,2023-07-31,2023-07-28,5,100,2023-08-01,6.429999828338623,0.16142862183707102,2023-08-30,Development,true,,adverse_first,,7.465008271975471,4.199066689497499,7.153966569635628,8.140673783524921,10.73094985445342,-4.354583832757852,TSX_above_MA50
trend_rs|CCO.TO|2023-08-01,trend_rs,CCO.TO,Energy,2023-08-01,2023-07-31,2,100,2023-08-02,44.03221130371094,1.2256817541920013,2023-08-31,Development,true,,success,6,3.702868806301418,4.018962502967227,12.892301507955617,12.524314281101102,14.1792730561064,-0.6322040955289987,TSX_above_MA50
trend_rs|FTT.TO|2023-08-01,trend_rs,FTT.TO,Industrials,2023-08-01,2023-07-31,5,100,2023-08-02,42.61702346801758,0.7487282885464565,2023-08-31,Development,true,,adverse_first,,-4.670448272556326,-9.057173165606214,-6.824765970953461,-7.192753197807977,0.9166445892606179,-11.655926669768524,TSX_above_MA50
trend_rs|ATRL.TO|2023-08-02,trend_rs,ATRL.TO,Industrials,2023-08-02,2023-08-01,1,100,2023-08-03,41.5355224609375,0.7100457680486443,2023-09-01,Development,true,,adverse_first,,5.251789813054164,-2.9518690174249573,3.7179306792766598,1.6071632190721497,5.971218310980841,-5.803355448413072,TSX_above_MA50
trend_rs|EQB.TO|2023-08-02,trend_rs,EQB.TO,Financials,2023-08-02,2023-08-01,5,100,2023-08-03,76.00869750976562,1.5386134059050087,2023-09-01,Development,true,,success,2,1.3395382656676835,-7.631823863059206,-2.703708625810175,-4.814476086014685,4.203029336780761,-8.725588775617377,TSX_above_MA50
trend_rs|CCO.TO|2023-08-03,trend_rs,CCO.TO,Energy,2023-08-03,2023-08-02,3,100,2023-08-04,44.58894729614258,1.4039243779833295,2023-09-05,Development,true,,success,10,4.459314424798255,8.874038870792145,12.909705720683817,12.03106971925072,14.804909652563335,-1.0033346743201443,TSX_above_MA50
trend_rs|FTT.TO|2023-08-04,trend_rs,FTT.TO,Industrials,2023-08-04,2023-08-03,6,100,2023-08-08,42.55192184448242,0.775966569062259,2023-09-06,Development,true,,adverse_first,,-6.316943008307419,-11.25683801787779,-2.8553803762726315,-2.9593099021560376,1.071040374919674,-11.520766085846446,TSX_above_MA50
trend_rs|ATH.TO|2023-08-08,trend_rs,ATH.TO,Energy,2023-08-08,2023-08-04,1,100,2023-08-09,3.7300000190734863,0.13357142039707728,2023-09-07,Development,true,,adverse_first,,-2.4128663192786504,-1.3404812884881379,6.434316576662047,7.140600411461817,8.042900514766792,-4.557642772778658,TSX_above_MA50
trend_rs|HBM.TO|2023-08-09,trend_rs,HBM.TO,Materials,2023-08-09,2023-08-08,5,100,2023-08-10,7.186125755310059,0.2719112107811345,2023-09-08,Development,true,,adverse_first,,-11.75657072892169,-11.203327211398129,-12.040624275483635,-10.72222244130565,0.6915655685056254,-13.278020969138904,TSX_above_MA50
trend_rs|HPS-A.TO|2023-08-09,trend_rs,HPS-A.TO,Industrials,2023-08-09,2023-08-08,6,100,2023-08-10,57.8324089050293,3.5408606866539425,2023-09-08,Development,true,,adverse_first,,-10.763000679598633,-11.21777702845812,-8.539645243314187,-7.221243409136202,-1.0106033068321363,-14.36752499492564,TSX_above_MA50
trend_rs|KEL.TO|2023-08-10,trend_rs,KEL.TO,Energy,2023-08-10,2023-08-09,5,100,2023-08-11,6.869999885559082,0.22571430887494767,2023-09-11,Development,true,,adverse_first,,-0.2911205423533403,-1.601159512512773,6.550222614242074,7.651767295772038,7.423584241302095,-3.4934465082401167,TSX_above_MA50
trend_rs|TFII.TO|2023-08-10,trend_rs,TFII.TO,Industrials,2023-08-10,2023-08-09,6,98.31104155225358,2023-08-11,170.32009887695312,4.508047017564754,2023-09-11,Development,true,,adverse_first,,-1.0885498407199101,-2.7606369340244075,1.021205870079256,2.1227505516092204,5.734480893059324,-4.97138893133574,TSX_above_MA50
trend_rs|ARX.TO|2023-08-11,trend_rs,ARX.TO,Energy,2023-08-11,2023-08-10,1,100,2023-08-14,19.0075740814209,0.39612716843901224,2023-09-12,Development,true,,adverse_first,,-1.8295824882044842,-2.9369391807268386,3.466529285251041,3.798706366274185,4.3331767747956995,-6.259039924123333,TSX_above_MA50
trend_rs|CCO.TO|2023-08-14,trend_rs,CCO.TO,Energy,2023-08-14,2023-08-11,3,100,2023-08-15,45.47377014160156,1.4223872427687136,2023-09-13,Development,true,,success,4,7.2802834335905064,8.285956266238603,15.391333511623007,13.486291277571127,16.834271447806202,-0.24048908886551423,TSX_above_MA50
trend_rs|CVE.TO|2023-08-14,trend_rs,CVE.TO,Energy,2023-08-14,2023-08-11,5,100,2023-08-15,23.614778518676758,0.6094887825230566,2023-09-13,Development,true,,adverse_first,,-0.46027988978224466,1.189109555046075,6.520899656690182,4.615857422638303,8.24703446165831,-4.296100751947263,TSX_above_MA50
trend_rs|HWX.TO|2023-08-14,trend_rs,HWX.TO,Energy,2023-08-14,2023-08-11,6,100,2023-08-15,6.087850570678711,0.16352169468230063,2023-09-13,Development,true,,adverse_first,,-2.0891431665082894,-1.5320257899414935,1.532033622544371,-0.3730086115075082,4.0389933647789755,-5.292474090532984,TSX_above_MA50
trend_rs|AAV.TO|2023-08-15,trend_rs,AAV.TO,Energy,2023-08-15,2023-08-14,1,100,2023-08-16,9.300000190734863,0.2742855889456613,2023-09-14,Development,true,,adverse_first,,-1.5053800048545063,2.688171987878696,4.9462368678792945,1.5857774249808942,6.666665299391683,-4.9462368678792945,TSX_not_above_MA50
trend_rs|ATH.TO|2023-08-15,trend_rs,ATH.TO,Energy,2023-08-15,2023-08-14,3,100,2023-08-16,3.640000104904175,0.13214281627110072,2023-09-14,Development,true,,success,12,1.0989000192372256,2.747250048093086,10.439556732714506,7.079097289816105,10.989006742333117,-2.197806588435247,TSX_not_above_MA50
trend_rs|CVE.TO|2023-08-16,trend_rs,CVE.TO,Energy,2023-08-16,2023-08-15,3,100,2023-08-17,23.76877212524414,0.6211354383168247,2023-09-15,Development,true,,adverse_first,,-4.3445258834240885,2.6676816179388885,7.516120215553568,3.4272174463277683,8.243857172733836,-4.916149130134895,TSX_not_above_MA50
trend_rs|IMO.TO|2023-08-16,trend_rs,IMO.TO,Energy,2023-08-16,2023-08-15,4,100,2023-08-17,69.3675765991211,1.6520487532289283,2023-09-15,Development,true,,success,11,-1.065259943553487,2.8361178058383896,7.258890556872877,3.1699877876470772,8.920777314207417,-1.2516582887272976,TSX_not_above_MA50
trend_rs|KEL.TO|2023-08-16,trend_rs,KEL.TO,Energy,2023-08-16,2023-08-15,5,100,2023-08-17,6.71999979019165,0.23214292526245117,2023-09-15,Development,true,,success,11,0.2976187730794999,4.464288691983831,10.416671249365184,6.327768480139384,11.607146341683205,-1.339280930962139,TSX_not_above_MA50
trend_rs|ONEX.TO|2023-08-16,trend_rs,ONEX.TO,Financials,2023-08-16,2023-08-15,6,100,2023-08-17,80.59781646728516,1.5515627390338875,2023-09-15,Development,true,,adverse_first,,-0.14699761466102634,2.2785624203139676,1.5190573902201132,-2.5698453790056863,5.353423397390666,-2.2540787775488735,TSX_not_above_MA50
trend_rs|ARX.TO|2023-08-17,trend_rs,ARX.TO,Energy,2023-08-17,2023-08-16,1,100,2023-08-18,18.824542999267578,0.3797849616486099,2023-09-18,Development,true,,adverse_first,,-4.035004066069526,3.1599226788194157,4.375305613810321,0.9724053931445598,5.930977066623355,-5.347596317473946,TSX_not_above_MA50
trend_rs|ATH.TO|2023-08-17,trend_rs,ATH.TO,Energy,2023-08-17,2023-08-16,2,100,2023-08-18,3.6700000762939453,0.12642853600638254,2023-09-18,Development,true,,success,10,-0.544958597022982,6.267030362183146,6.539509660694631,3.13660944002887,10.626699138366957,-2.997278780045287,TSX_not_above_MA50
trend_rs|CCO.TO|2023-08-18,trend_rs,CCO.TO,Energy,2023-08-18,2023-08-17,3,100,2023-08-21,48.5457878112793,1.3485337441816507,2023-09-19,Development,true,,success,15,1.9864785340421909,3.7067301734631686,7.741128448426049,5.547536408884368,15.420843309293852,-1.822661940020609,TSX_not_above_MA50
trend_rs|FFH.TO|2023-08-21,trend_rs,FFH.TO,Financials,2023-08-21,2023-08-18,6,100,2023-08-22,1086.585693359375,27.18120910759554,2023-09-20,Development,true,,neither,,-0.4051987853473271,-0.8059487873133264,2.3191642578451965,-0.3393838284568407,3.0744511846291234,-1.6554160746054314,TSX_not_above_MA50
trend_rs|ATRL.TO|2023-08-22,trend_rs,ATRL.TO,Industrials,2023-08-22,2023-08-21,1,100,2023-08-23,42.46194839477539,1.4750380150375548,2023-09-21,Development,true,,success,20,0.727508266220589,0.844854684760632,7.392608756781094,7.836281069424134,7.885457533345219,-1.4081399412107176,TSX_not_above_MA50
trend_rs|IMO.TO|2023-08-22,trend_rs,IMO.TO,Energy,2023-08-22,2023-08-21,6,100,2023-08-23,69.22901153564453,1.5438472072075398,2023-09-21,Development,true,,success,7,3.055372033345871,5.7009351459143875,4.53258408516215,4.97625639780519,9.138787279793714,-0.9339584404346679,TSX_not_above_MA50
trend_rs|MFI.TO|2023-08-24,trend_rs,MFI.TO,Consumer,2023-08-24,2023-08-23,6,100,2023-08-25,22.668973922729492,0.6225602783814372,2023-09-25,Development,true,,adverse_first,,-0.44625732568194243,-3.6500581275450528,-7.834686052779993,-7.657223230566768,2.300043299881871,-7.9730178791612705,TSX_not_above_MA50
trend_rs|ATH.TO|2023-08-25,trend_rs,ATH.TO,Energy,2023-08-25,2023-08-24,1,100,2023-08-28,3.680000066757202,0.10857142720903669,2023-09-26,Development,true,,success,4,7.880433603050818,5.434783805858867,8.152172469405494,10.493735806276383,10.32608340024279,-0.5434777327093299,TSX_not_above_MA50
trend_rs|CIGI.TO|2023-08-28,trend_rs,CIGI.TO,Real Estate,2023-08-28,2023-08-25,4,100,2023-08-29,152.51715087890625,3.2288743745834187,2023-09-27,Development,true,,adverse_first,,2.5903108681184506,-1.555471116409568,-14.728268025056412,-10.517407844003657,3.4038689064516126,-15.528795911884252,TSX_not_above_MA50
trend_rs|DCBO.TO|2023-08-28,trend_rs,DCBO.TO,Technology,2023-08-28,2023-08-25,6,100,2023-08-29,57.5,2.29714230128697,2023-09-27,Development,true,,adverse_first,,-2.6434790569803024,-6.2260901409646685,-11.269564421280576,-7.05870424022782,4.191304082455849,-12.504345437754761,TSX_not_above_MA50
trend_rs|NXE.TO|2023-08-29,trend_rs,NXE.TO,Energy,2023-08-29,2023-08-28,4,99.85690449464276,2023-08-30,7.150000095367432,0.27071428298950195,2023-09-28,Development,true,,success,7,5.454543514457866,16.78322056079118,17.482510580282806,21.12043788129997,21.398604047567147,-1.9580400645910934,TSX_above_MA50
trend_rs|IMO.TO|2023-08-29,trend_rs,IMO.TO,Energy,2023-08-29,2023-08-28,6,96.90817664181169,2023-08-30,71.3442153930664,1.3182094906553365,2023-09-28,Development,true,,success,3,2.567127807478564,5.264527261603802,9.434481820517915,13.072409121535078,10.90698311777103,-0.09121787052208674,TSX_above_MA50
trend_rs|CCO.TO|2023-08-30,trend_rs,CCO.TO,Energy,2023-08-30,2023-08-29,6,99.79998498124039,2023-08-31,49.70897674560547,1.1468568852468302,2023-09-29,Development,true,,adverse_first,,1.0999922491982561,9.039997974047864,7.779993876099223,11.482323013751483,13.7399932786344,-2.320003313544694,TSX_above_MA50
trend_rs|CLS.TO|2023-08-31,trend_rs,CLS.TO,Technology,2023-08-31,2023-08-30,3,100,2023-09-01,31.959999084472656,1.1185718263898576,2023-10-02,Development,true,,adverse_first,,2.3466834214159293,-3.8798492072567137,4.1927415236970855,10.852145311706584,6.508141084601049,-8.166454248338706,TSX_above_MA50
trend_rs|IMO.TO|2023-08-31,trend_rs,IMO.TO,Energy,2023-08-31,2023-08-30,5,100,2023-09-01,73.26866912841797,1.2492298906740018,2023-10-02,Development,true,,success,16,-0.786684314452557,0.5836743818979695,3.9208323740447693,10.580236162054268,7.993932280673399,-1.5480236396273717,TSX_above_MA50
trend_rs|PEY.TO|2023-09-01,trend_rs,PEY.TO,Energy,2023-09-01,2023-08-31,6,95.90020784920362,2023-09-05,10.215499877929688,0.2186191846847618,2023-10-03,Development,true,,adverse_first,,1.0912058259881174,-1.8705665416448247,6.63021876582377,13.45354581574959,8.751830362361668,-6.157412111634275,TSX_above_MA50
trend_rs|CAE.TO|2023-09-05,trend_rs,CAE.TO,Industrials,2023-09-05,2023-09-01,1,100,2023-09-06,32.7400016784668,0.6249997275216239,2023-10-04,Development,true,,adverse_first,,1.2217400448232718,0.2138047991312675,-3.5125273882782526,2.381570692257662,3.451426986826256,-6.1087410043232815,TSX_above_MA50
trend_rs|CEU.TO|2023-09-05,trend_rs,CEU.TO,Energy,2023-09-05,2023-09-01,3,100,2023-09-06,3.6145191192626953,0.08156603791515739,2023-10-04,Development,true,,success,4,3.394265794710316,1.8276770152117372,-6.7188170332271095,-0.8247189526911951,8.35507053715805,-6.981580681846433,TSX_above_MA50
trend_rs|NXE.TO|2023-09-06,trend_rs,NXE.TO,Energy,2023-09-06,2023-09-05,6,100,2023-09-07,7.539999961853027,0.24857149805341447,2023-10-05,Development,true,,success,4,10.742711189850374,6.233425323695907,2.3872656399110515,7.3261386209586,15.119368025070766,-2.9177691154468333,TSX_above_MA50
trend_rs|SU.TO|2023-09-07,trend_rs,SU.TO,Energy,2023-09-07,2023-09-06,6,100,2023-09-08,41.63246536254883,0.7009904346218799,2023-10-06,Development,true,,adverse_first,,1.3236664629166617,-2.4978510956090827,-5.999138147545002,-1.871556457050339,1.9641496121416857,-7.450889601522148,TSX_not_above_MA50
trend_rs|CURA.TO|2023-09-11,trend_rs,CURA.TO,Health Care,2023-09-11,2023-09-08,2,100,2023-09-12,20.459999084472656,1.765714372907366,2023-10-11,Development,true,,adverse_first,,-13.782990327523281,-15.83577671602654,-21.407621489536798,-18.641978047491346,14.95601911152229,-25.219937070543562,TSX_not_above_MA50
trend_rs|EFR.TO|2023-09-11,trend_rs,EFR.TO,Energy,2023-09-11,2023-09-08,4,100,2023-09-12,10.109999656677246,0.3357142039707729,2023-10-11,Development,true,,success,2,8.011873858786211,16.023738284591715,2.176066018790679,4.94170946083613,20.37587032217307,-1.7804090763008373,TSX_not_above_MA50
trend_rs|SU.TO|2023-09-12,trend_rs,SU.TO,Energy,2023-09-12,2023-09-11,6,100,2023-09-13,41.436927795410156,0.695110223984134,2023-10-12,Development,true,,adverse_first,,-0.36463255684127116,1.7589046735531522,-0.49336972294075077,3.346587853038052,2.4453103258162745,-7.014157709198521,TSX_above_MA50
trend_rs|DML.TO|2023-09-14,trend_rs,DML.TO,Energy,2023-09-14,2023-09-13,3,100,2023-09-15,2.2100000381469727,0.07000001839229039,2023-10-16,Development,true,,adverse_first,,-0.9049764968910634,0.9049764968910745,-11.312216999309122,-6.455823861495059,9.049775757081457,-11.764705247754659,TSX_above_MA50
trend_rs|TVE.TO|2023-09-14,trend_rs,TVE.TO,Energy,2023-09-14,2023-09-13,6,100,2023-09-15,3.671501636505127,0.10657661698937192,2023-10-16,Development,true,,adverse_first,,-4.702970779239757,-3.1482147933873272,-3.8932246294886674,0.9631685083253956,1.4851314277818828,-13.330050403913695,TSX_above_MA50
trend_rs|RBA.TO|2023-09-18,trend_rs,RBA.TO,Industrials,2023-09-18,2023-09-15,6,99.50839488350262,2023-09-19,83.1249771118164,1.7690251562272954,2023-10-18,Development,true,,adverse_first,,-2.278502668613791,-2.266938109508476,2.7411768150414906,6.540597936039716,7.529499494898473,-4.26787632298119,TSX_above_MA50
trend_rs|TVE.TO|2023-09-19,trend_rs,TVE.TO,Energy,2023-09-19,2023-09-18,5,95.39540867326642,2023-09-20,3.5533597469329834,0.109898545411702,2023-10-19,Development,true,,adverse_first,,1.5345207966440455,-8.139093528117625,6.74338230651621,11.026891193439647,6.999982857920206,-10.448453170973238,TSX_not_above_MA50
trend_rs|FRU.TO|2023-09-21,trend_rs,FRU.TO,Energy,2023-09-21,2023-09-20,6,91.12706291071464,2023-09-22,11.97514820098877,0.1846361794006414,2023-10-23,Development,true,,adverse_first,,-1.4777110156501738,-5.163913283049504,-1.8128029371690557,1.8944810934173995,1.4656725234770906,-8.716058331647236,TSX_not_above_MA50
trend_rs|CCO.TO|2023-09-22,trend_rs,CCO.TO,Energy,2023-09-22,2023-09-21,1,100,2023-09-25,55.514984130859375,1.5992093977450186,2023-10-24,Development,true,,adverse_first,,-8.005018924037232,-8.166189328327233,-4.602437174120377,-0.49094749484042133,1.8445518709983677,-13.23424278138643,TSX_not_above_MA50
trend_rs|ATH.TO|2023-09-26,trend_rs,ATH.TO,Energy,2023-09-26,2023-09-25,1,100,2023-09-27,4.139999866485596,0.13000008038112096,2023-10-26,Development,true,,success,3,-3.864730738456079,-0.7246312545574507,0.24155143005657465,3.1264002608345165,6.280198967797257,-6.280187449991126,TSX_not_above_MA50
trend_rs|IMO.TO|2023-09-26,trend_rs,IMO.TO,Energy,2023-09-26,2023-09-25,6,100,2023-09-27,78.40984344482422,1.58777251653154,2023-10-26,Development,true,,adverse_first,,-6.793920797560848,-1.4465033980112563,-3.6044558243941593,-0.7196069936162175,0.9129892947355334,-8.28788103565843,TSX_not_above_MA50
trend_rs|ARX.TO|2023-09-27,trend_rs,ARX.TO,Energy,2023-09-27,2023-09-26,1,100,2023-09-28,20.05242919921875,0.46214830342213226,2023-10-27,Development,true,,adverse_first,,-6.347752854303446,1.6559392492215608,1.1959577097391705,5.551590036064303,4.553800256985685,-7.911690838840957,TSX_not_above_MA50
trend_rs|BTE.TO|2023-09-27,trend_rs,BTE.TO,Energy,2023-09-27,2023-09-26,3,100,2023-09-28,5.44943380355835,0.19025624273157543,2023-10-27,Development,true,,adverse_first,,-8.74786090063685,1.886800047356152,3.4305304266403436,7.786162752965476,9.262440437544228,-11.320761112238165,TSX_not_above_MA50
trend_rs|CVE.TO|2023-09-27,trend_rs,CVE.TO,Energy,2023-09-27,2023-09-26,6,100,2023-09-28,25.910320281982422,0.6137084233165694,2023-10-27,Development,true,,adverse_first,,-7.69500760795232,1.229779299450029,-5.832741358330507,-1.4771090320053748,2.5298632440863056,-8.50315780309343,TSX_not_above_MA50
trend_rs|CLS.TO|2023-09-28,trend_rs,CLS.TO,Technology,2023-09-28,2023-09-27,5,100,2023-09-29,33.2400016784668,0.9678576333182198,2023-10-30,Development,true,,adverse_first,,8.513832350949379,9.86762519155253,-7.551149246350586,-4.048311806497129,13.056558163170573,-13.056563901282892,TSX_not_above_MA50
trend_rs|DML.TO|2023-09-29,trend_rs,DML.TO,Energy,2023-09-29,2023-09-28,5,100,2023-10-02,2.1600000858306885,0.11142855031149727,2023-10-31,Development,true,,adverse_first,,2.7777750183035854,-6.4814860806051255,2.7777750183035854,4.361422428364725,4.166662527455389,-9.722223601959312,TSX_not_above_MA50
trend_rs|EFR.TO|2023-09-29,trend_rs,EFR.TO,Energy,2023-09-29,2023-09-28,6,100,2023-10-02,10.489999771118164,0.6371427263532367,2023-10-31,Development,true,,adverse_first,,1.5252607331091905,-2.8598684202152724,5.719736840430545,7.303384250491685,7.244997573539735,-7.054335436265557,TSX_not_above_MA50
trend_rs|CLS.TO|2023-10-02,trend_rs,CLS.TO,Technology,2023-10-02,2023-09-29,2,100,2023-10-03,32.5099983215332,0.9671436037336077,2023-11-01,Development,true,,success,2,10.827439678556306,10.366050201700228,2.9221802891026716,2.6167288741757666,15.595213076843928,-11.10427219127792,TSX_not_above_MA50
trend_rs|IMO.TO|2023-10-02,trend_rs,IMO.TO,Energy,2023-10-02,2023-09-29,6,100,2023-10-03,76.02984619140625,1.7996094816453632,2023-11-01,Development,true,,adverse_first,,0.20785952653705753,2.2743930389436118,-1.6752289726115976,-1.9806803875385026,3.937387746016796,-5.416974382884665,TSX_not_above_MA50
trend_rs|PEY.TO|2023-10-03,trend_rs,PEY.TO,Energy,2023-10-03,2023-10-02,4,100,2023-10-04,10.595806121826172,0.29800181138149967,2023-11-02,Development,true,,success,3,5.303024848188764,8.712103892999302,14.81036690671569,11.702900709419573,15.344721339329448,-0.9848306863895151,TSX_not_above_MA50
trend_rs|NXE.TO|2023-10-04,trend_rs,NXE.TO,Energy,2023-10-04,2023-10-03,4,88.16457627618428,2023-10-05,7.71999979019165,0.37035713876996723,2023-11-03,Development,true,,success,17,-1.5544027049267939,-0.518134234975598,6.21761699635448,2.6273423497076287,11.981874257914438,-4.663208114780392,TSX_not_above_MA50
trend_rs|ATRL.TO|2023-10-04,trend_rs,ATRL.TO,Industrials,2023-10-04,2023-10-03,5,84.67337211846187,2023-10-05,42.721031188964844,1.2527756571548179,2023-11-03,Development,true,,adverse_first,,-0.62981167529923,-8.957294816298011,-6.8112758014912345,-10.401550448138085,2.472612534040297,-13.482610248600347,TSX_not_above_MA50
trend_rs|DOL.TO|2023-10-05,trend_rs,DOL.TO,Consumer,2023-10-05,2023-10-04,6,75.3467805601741,2023-10-06,93.46749877929688,1.333674842660569,2023-11-06,Development,true,,success,3,1.444513953668336,0.9453127474293499,3.3457426888250152,0.7592405333050722,3.6643783389276097,-0.817836430173835,TSX_not_above_MA50
trend_rs|ATH.TO|2023-10-06,trend_rs,ATH.TO,Energy,2023-10-06,2023-10-05,6,86.19404071860289,2023-10-10,4.099999904632568,0.16357147693634033,2023-11-07,Development,true,,neither,,3.6585389964996606,-0.9756088483765968,-2.195114093759909,-2.5766310958192817,6.097561117441153,-3.658533181412238,TSX_not_above_MA50
trend_rs|IMO.TO|2023-10-10,trend_rs,IMO.TO,Energy,2023-10-10,2023-10-06,5,89.0387089857441,2023-10-11,76.18788146972656,2.0253909119575773,2023-11-08,Development,true,,adverse_first,,2.062246935689993,-1.342256004297171,-7.846257867687656,-7.166828880452425,3.721792120000411,-9.81086174211816,TSX_not_above_MA50
trend_rs|DOL.TO|2023-10-11,trend_rs,DOL.TO,Consumer,2023-10-11,2023-10-10,4,83.80102522701151,2023-10-12,94.40069580078125,1.414690956092325,2023-11-09,Development,true,,adverse_first,,-1.125254661493369,1.1778356731048323,3.670204718422454,3.223023790182733,3.785885237619868,-1.7983005977586286,TSX_not_above_MA50
trend_rs|DFY.TO|2023-10-11,trend_rs,DFY.TO,Financials,2023-10-11,2023-10-10,5,76.21896952117646,2023-10-12,37.39372253417969,0.6803129658731747,2023-11-09,Development,true,,adverse_first,,-0.8249698547519335,-2.2170682292548705,-3.170933247913299,-3.61811417615302,2.294399150862203,-5.310641008164662,TSX_not_above_MA50
trend_rs|ARX.TO|2023-10-12,trend_rs,ARX.TO,Energy,2023-10-12,2023-10-11,5,85.65346946204218,2023-10-13,20.384485244750977,0.5441331485495228,2023-11-10,Development,true,,adverse_first,,1.6741956675659475,-0.4524886031053055,-1.8552135652825097,-2.8396485956713624,7.511313446990409,-4.072420535036114,TSX_not_above_MA50
trend_rs|CNQ.TO|2023-10-16,trend_rs,CNQ.TO,Energy,2023-10-16,2023-10-13,4,95.12165212213762,2023-10-17,39.786651611328125,1.0430758914945375,2023-11-14,Development,true,,adverse_first,,-4.459496567154675,-3.749034500268078,-0.7651034072264973,-2.445404960954989,2.1313994940860947,-6.940663041452632,TSX_not_above_MA50
trend_rs|CVE.TO|2023-10-16,trend_rs,CVE.TO,Energy,2023-10-16,2023-10-13,6,80.2534115607464,2023-10-17,26.21076011657715,0.6925634322875988,2023-11-14,Development,true,,adverse_first,,-6.182715789208649,-8.232040970494293,-13.372702215480192,-15.053003769208683,1.3546186110780845,-17.262958160311204,TSX_not_above_MA50
trend_rs|BTE.TO|2023-10-18,trend_rs,BTE.TO,Energy,2023-10-18,2023-10-17,2,100,2023-10-19,5.898101329803467,0.23101009646997658,2023-11-16,Development,true,,adverse_first,,-4.754376086113787,-1.2678411685786095,-17.43265841850109,-21.07267123421782,0.9508658949191728,-19.809838652815483,TSX_not_above_MA50
trend_rs|CVE.TO|2023-10-19,trend_rs,CVE.TO,Energy,2023-10-19,2023-10-18,4,100,2023-10-20,25.78286361694336,0.6587476791892689,2023-11-17,Development,true,,adverse_first,,-5.367228879939601,-7.697738200867221,-12.429375647209584,-17.97563730543681,-0.21186391280482164,-16.631354295918023,TSX_not_above_MA50
trend_rs|CNQ.TO|2023-10-20,trend_rs,CNQ.TO,Energy,2023-10-20,2023-10-19,6,95.12165212213762,2023-10-23,38.516815185546875,0.9197585138788084,2023-11-20,Development,true,,success,8,-0.5306254798477794,2.8790965828103365,3.522657134549112,-2.776601164594328,5.498504761457013,-3.8726488440234186,TSX_not_above_MA50
trend_rs|ARX.TO|2023-10-23,trend_rs,ARX.TO,Energy,2023-10-23,2023-10-20,6,90.7453184145368,2023-10-24,20.080101013183594,0.49215353099121195,2023-11-21,Development,true,,success,7,2.480481120573086,1.1024381644103354,-1.0105762329598034,-6.927938569356707,9.141023800881399,-4.915027590241228,TSX_not_above_MA50
trend_rs|ATD.TO|2023-10-25,trend_rs,ATD.TO,Consumer,2023-10-25,2023-10-24,6,73.80588448217503,2023-10-26,71.54570770263672,1.1149329952105629,2023-11-23,Development,true,,adverse_first,,5.762740493635987,6.535600272094078,7.064411415282668,0.4875708558296665,8.854241608207513,-1.5728718458196345,TSX_not_above_MA50
trend_rs|AGI.TO|2023-10-26,trend_rs,AGI.TO,Materials,2023-10-26,2023-10-25,4,67.52891616646264,2023-10-27,17.5384578704834,0.5802495428180042,2023-11-24,Development,true,,adverse_first,,3.26026516217206,-0.8993928682161756,4.7779695565176805,-2.5106574156278816,6.745369262269296,-4.04721780637578,TSX_not_above_MA50
trend_rs|DOL.TO|2023-10-26,trend_rs,DOL.TO,Consumer,2023-10-26,2023-10-25,5,67.19007573918609,2023-10-27,93.46749877929688,1.298377000410914,2023-11-24,Development,true,,success,4,1.9224678662231875,5.01328384392683,4.354756504218593,-2.933870467926969,6.638349601076765,-0.042473547966914715,TSX_not_above_MA50
trend_rs|RBA.TO|2023-10-26,trend_rs,RBA.TO,Industrials,2023-10-26,2023-10-25,6,66.25383803105936,2023-10-27,83.00960540771484,1.5355334101752678,2023-11-24,Development,true,,success,2,7.736845757467559,-3.880026488398458,-1.2856248049789354,-8.574251777124498,8.38545030207085,-6.219588444796454,TSX_not_above_MA50
trend_rs|TVE.TO|2023-10-27,trend_rs,TVE.TO,Energy,2023-10-27,2023-10-26,3,74.75178808785856,2023-10-30,3.7593958377838135,0.14588378712743413,2023-11-27,Development,true,,adverse_first,,0.24330213585712634,-3.649646192753464,-14.35521921576981,-20.591157385457848,5.839412454170212,-14.598528021369471,TSX_not_above_MA50
trend_rs|ATH.TO|2023-10-27,trend_rs,ATH.TO,Energy,2023-10-27,2023-10-26,4,71.97320425774907,2023-10-30,4.079999923706055,0.13214281627110072,2023-11-27,Development,true,,adverse_first,,1.7156905139790402,-0.2450919664624518,-6.127451094972402,-12.36338926466044,6.127451094972414,-8.333331385469089,TSX_not_above_MA50
trend_rs|AAV.TO|2023-10-27,trend_rs,AAV.TO,Energy,2023-10-27,2023-10-26,6,66.29051722446654,2023-10-30,9.760000228881836,0.3107142448425293,2023-11-27,Development,true,,success,2,2.459013990675496,0.5122970242039893,3.688520986013244,-2.547417183674794,7.581964690209264,-2.7663980679496825,TSX_not_above_MA50
trend_rs|ATD.TO|2023-10-30,trend_rs,ATD.TO,Consumer,2023-10-30,2023-10-27,3,84.29028171835074,2023-10-31,73.23371124267578,1.1481939781327444,2023-11-28,Development,true,,success,2,2.5698911613625253,4.040269660374229,4.3184581048910875,-1.8452146704287964,6.345201139480783,-0.0000020294613212179513,TSX_not_above_MA50
trend_rs|K.TO|2023-10-30,trend_rs,K.TO,Materials,2023-10-30,2023-10-27,4,84.14773068628139,2023-10-31,7.0088653564453125,0.22196583877114204,2023-11-28,Development,true,,success,19,1.7955859365645477,0.4143508086725811,10.497231855756063,4.333559080436179,10.497231855756063,-2.624312075473023,TSX_not_above_MA50
trend_rs|SJ.TO|2023-10-30,trend_rs,SJ.TO,Materials,2023-10-30,2023-10-27,6,73.95655370922739,2023-10-31,69.38204956054688,1.531650961211872,2023-11-28,Development,true,,success,5,11.329822024173186,16.506034059215025,7.516513005655123,1.3528402303352394,18.020359389721396,-0.19272293640006932,TSX_not_above_MA50
trend_rs|CCO.TO|2023-10-31,trend_rs,CCO.TO,Energy,2023-10-31,2023-10-30,2,96.49689145657095,2023-11-01,56.54893112182617,2.062213088772548,2023-11-29,Development,true,,adverse_first,,-1.845990846037593,3.902944172216305,5.832785740223456,0.39644621116008416,10.425451263749697,-4.078759613368533,TSX_not_above_MA50
trend_rs|EFR.TO|2023-10-31,trend_rs,EFR.TO,Energy,2023-10-31,2023-10-30,6,83.8203055029501,2023-11-01,11.09000015258789,0.4907142775399344,2023-11-29,Development,true,,adverse_first,,-5.770967849566777,-0.7213699062698975,-6.672675932700345,-12.109015461763718,7.123534273970944,-8.746620862782006,TSX_not_above_MA50
trend_rs|NXE.TO|2023-11-01,trend_rs,NXE.TO,Energy,2023-11-01,2023-10-31,2,95.19854427530247,2023-11-02,8.609999656677246,0.34642863273620605,2023-11-30,Development,true,,adverse_first,,-1.2775802678684056,-1.3937269494084026,2.7874649751740144,-0.3206092707010111,7.897797123004824,-9.407659677596037,TSX_not_above_MA50
trend_rs|BTE.TO|2023-11-02,trend_rs,BTE.TO,Energy,2023-11-02,2023-11-01,5,87.27709183335634,2023-11-03,5.664419651031494,0.20563914819293463,2023-12-01,Development,true,,adverse_first,,-7.755766006470665,-10.89107477311716,-15.181508372358998,-18.349241816795235,1.485157005224469,-16.501649521525906,TSX_not_above_MA50
trend_rs|ARX.TO|2023-11-03,trend_rs,ARX.TO,Energy,2023-11-03,2023-11-02,6,85.99971170845947,2023-11-06,20.94713020324707,0.5257540739674135,2023-12-04,Development,true,,adverse_first,,-4.0510714985865,-4.799610355872607,-5.680306973138394,-9.055014173552456,-1.2329181282442536,-8.850719296729103,TSX_above_MA50
trend_rs|ELD.TO|2023-11-06,trend_rs,ELD.TO,Materials,2023-11-06,2023-11-03,1,100,2023-11-07,14.817021369934082,0.5334411458699214,2023-12-05,Development,true,,adverse_first,,-1.543621703168352,5.369132959592049,17.181206161665607,13.092949366370686,22.818783721138747,-4.899331536127094,TSX_above_MA50
trend_rs|K.TO|2023-11-06,trend_rs,K.TO,Materials,2023-11-06,2023-11-03,4,98.0632820268719,2023-11-07,7.134715557098389,0.20398723978856279,2023-12-05,Development,true,,adverse_first,,-1.3568713369877416,1.0854810295789274,7.607115696534472,3.518858901239552,10.06203561106438,-4.341934840663808,TSX_above_MA50
trend_rs|HPS-A.TO|2023-11-06,trend_rs,HPS-A.TO,Industrials,2023-11-06,2023-11-03,5,97.85702208975454,2023-11-07,66.35836791992188,2.8751950975051033,2023-12-05,Development,true,,adverse_first,,9.143070072124626,19.611291413707765,17.550062522103495,13.461805726808574,22.11424458606912,-4.681982209090874,TSX_above_MA50
trend_rs|SJ.TO|2023-11-06,trend_rs,SJ.TO,Materials,2023-11-06,2023-11-03,6,89.05550272436469,2023-11-07,77.24291229248047,1.2607987553809241,2023-12-05,Development,true,,success,3,4.649438884325097,0.272026453365104,-2.5943704421296565,-6.682627237424576,6.009654236306505,-3.995808832435155,TSX_above_MA50
trend_rs|CCO.TO|2023-11-07,trend_rs,CCO.TO,Energy,2023-11-07,2023-11-06,3,98.13688351853006,2023-11-08,55.505043029785156,2.1871950348576266,2023-12-06,Development,true,,success,3,5.857055730893501,10.352855615349599,9.456332007680391,5.646847057390071,13.278955420322603,0.8955743770079794,TSX_not_above_MA50
trend_rs|NXE.TO|2023-11-09,trend_rs,NXE.TO,Energy,2023-11-09,2023-11-08,2,100,2023-11-10,8.260000228881836,0.3746429511478969,2023-12-08,Development,true,,success,6,5.811132311570244,10.77481071412656,12.95399110381219,9.509487300611895,13.498786201233592,-0.7869313832502889,TSX_not_above_MA50
trend_rs|SJ.TO|2023-11-10,trend_rs,SJ.TO,Materials,2023-11-10,2023-11-09,3,89.05550272436469,2023-11-13,80.41401672363281,1.8086433208813832,2023-12-11,Development,true,,adverse_first,,-3.694042120958718,-5.333165212305923,-4.469884609392805,-7.560832978799137,1.8291929437308285,-7.781707465840826,TSX_above_MA50
trend_rs|DML.TO|2023-11-10,trend_rs,DML.TO,Energy,2023-11-10,2023-11-09,5,85.09341270585048,2023-11-13,2.309999942779541,0.08357150214059013,2023-12-11,Development,true,,success,5,9.523810998259652,10.822511090592668,6.493510782815948,3.4025624134096155,11.25541112137034,-2.597400184666032,TSX_above_MA50
trend_rs|EFR.TO|2023-11-13,trend_rs,EFR.TO,Energy,2023-11-13,2023-11-10,2,100,2023-11-14,11.34000015258789,0.5064286504473005,2023-12-12,Development,true,,adverse_first,,2.204585508254575,-1.5873042570877183,-10.846565073722214,-11.895829548806125,4.761904361436842,-14.10935061675984,TSX_above_MA50
trend_rs|BDGI.TO|2023-11-15,trend_rs,BDGI.TO,Industrials,2023-11-15,2023-11-14,5,83.08782579536484,2023-11-16,37.62537384033203,1.5359246868032248,2023-12-14,Development,true,,neither,,2.5235657235645803,4.409878026203495,2.9824096805256994,-0.6364880759873515,6.219709012871588,-0.7137519641556289,TSX_above_MA50
trend_rs|ELD.TO|2023-11-16,trend_rs,ELD.TO,Materials,2023-11-16,2023-11-15,6,78.20308913958206,2023-11-17,15.165072441101074,0.4723548201422613,2023-12-15,Development,true,,success,5,7.540971482915926,19.606551010075577,11.016391863250607,9.264796269441899,19.99999011500244,-1.2458962814054453,TSX_above_MA50
trend_rs|NXE.TO|2023-11-17,trend_rs,NXE.TO,Energy,2023-11-17,2023-11-16,4,89.53492743129186,2023-11-20,8.979999542236328,0.36964300700596403,2023-12-18,Development,true,,adverse_first,,2.115818972639949,0.8908784126780533,3.340759532601867,1.4826644606141137,6.124724039773111,-5.233845627095057,TSX_above_MA50
trend_rs|GIL.TO|2023-11-20,trend_rs,GIL.TO,Consumer,2023-11-20,2023-11-17,3,100,2023-11-21,46.38587951660156,1.196825402010656,2023-12-19,Development,true,,adverse_first,,-0.6758181480257086,3.071889458526389,-5.734182690805256,-9.362226496747583,4.607830533064505,-12.86095173627646,TSX_above_MA50
trend_rs|SJ.TO|2023-11-21,trend_rs,SJ.TO,Materials,2023-11-21,2023-11-20,6,79.77677941734905,2023-11-22,76.47879791259766,2.0849542166071138,2023-12-20,Development,true,,adverse_first,,-1.5111785654537635,-0.4437348747719172,-5.679578948166486,-8.099787664732073,3.877712126857502,-10.001054601906844,TSX_above_MA50
trend_rs|ELD.TO|2023-11-22,trend_rs,ELD.TO,Materials,2023-11-22,2023-11-21,6,82.11142893253799,2023-11-23,16.02028465270996,0.458859035509941,2023-12-21,Development,true,,success,3,10.552439070997233,8.13158995399943,7.634997582520242,4.40882218991363,13.594020485621616,-1.0552522383791119,TSX_above_MA50
trend_rs|CLS.TO|2023-11-23,trend_rs,CLS.TO,Technology,2023-11-23,2023-11-22,2,100,2023-11-24,36.79999923706055,1.2607149396623885,2023-12-22,Development,true,,adverse_first,,-0.4347822030685733,0.4347822030685622,7.445656889327856,3.5751114287057684,8.50543786143092,-4.538038596651628,TSX_above_MA50
trend_rs|NXE.TO|2023-11-24,trend_rs,NXE.TO,Energy,2023-11-24,2023-11-23,6,83.37711531167048,2023-11-27,9.170000076293945,0.33071439606802805,2023-12-27,Development,true,,adverse_first,,-1.1995600410256713,1.9629258852583265,-0.10905374916722055,-5.017035250505552,3.9258413705786976,-7.197381046029916,TSX_above_MA50
trend_rs|DCBO.TO|2023-11-27,trend_rs,DCBO.TO,Technology,2023-11-27,2023-11-24,6,97.67181737040133,2023-11-28,62.84000015258789,2.5260704585484097,2023-12-28,Development,true,,adverse_first,,-3.676004722600057,0.3978357724267134,4.026102144893051,-0.42869889405461326,12.062377463322239,-4.869512039880219,TSX_above_MA50
trend_rs|ELD.TO|2023-11-28,trend_rs,ELD.TO,Materials,2023-11-28,2023-11-27,1,100,2023-11-29,17.531818389892578,0.47022414170281807,2023-12-29,Development,true,,adverse_first,,-0.5104919404655628,-2.8927876626381854,-2.4390315546967134,-6.6257129586569485,3.8003304936456983,-9.585931773876544,TSX_above_MA50
trend_rs|CSU.TO|2023-11-28,trend_rs,CSU.TO,Technology,2023-11-28,2023-11-27,5,85.56281430351245,2023-11-29,3200.688720703125,57.756560589529954,2023-12-29,Development,true,,adverse_first,,1.1145291071616104,2.560865463144557,2.2048706100470827,-1.9818107939131524,4.458734179754442,-2.0438493099718347,TSX_above_MA50
trend_rs|AGI.TO|2023-11-28,trend_rs,AGI.TO,Materials,2023-11-28,2023-11-27,6,82.71552429289923,2023-11-29,19.589046478271484,0.5612363351338566,2023-12-29,Development,true,,adverse_first,,-3.053269514372603,-4.716949900791622,-10.161697289914162,-14.348378693874398,1.6607787301641919,-11.018740981069175,TSX_above_MA50
trend_rs|ONEX.TO|2023-11-29,trend_rs,ONEX.TO,Financials,2023-11-29,2023-11-28,6,73.47110558204356,2023-11-30,90.74353790283203,1.7526481980039026,2024-01-02,Development,true,,adverse_first,,-0.15252308802375936,-1.1874957804131614,-0.7626070324737722,-3.9044798233452305,2.189774528545474,-4.6083524666863385,TSX_above_MA50
trend_rs|HPS-A.TO|2023-11-30,trend_rs,HPS-A.TO,Industrials,2023-11-30,2023-11-29,2,93.53204899566717,2023-12-01,77.40831756591797,2.68118690264981,2024-01-03,Development,true,,adverse_first,,1.5937117678058943,1.8466078911593575,-1.0997664808507501,-2.8877731291284903,4.540093706876092,-7.928334645591351,TSX_above_MA50
trend_rs|BDGI.TO|2023-11-30,trend_rs,BDGI.TO,Industrials,2023-11-30,2023-11-29,3,89.90431232603942,2023-12-01,38.88178634643555,0.9536167185302388,2024-01-03,Development,true,,neither,,0.937344219502978,-0.9126793318346649,-0.6912741926100141,-2.4792808408877542,2.787362319503095,-2.0784785483158985,TSX_above_MA50
trend_rs|DML.TO|2023-12-01,trend_rs,DML.TO,Energy,2023-12-01,2023-11-30,2,92.55322754477412,2023-12-04,2.5,0.09142853532518659,2024-01-04,Development,true,,adverse_first,,-1.5999984741210893,-3.1999969482421897,-9.60000038146973,-11.859660696060459,1.1999988555908114,-10.799999237060543,TSX_above_MA50
trend_rs|STN.TO|2023-12-01,trend_rs,STN.TO,Industrials,2023-12-01,2023-11-30,6,72.47422112254543,2023-12-04,99.17428588867188,2.143428293440141,2024-01-04,Development,true,,success,3,2.311567407022652,1.5706934363732827,3.9366959171848404,1.6770356025941124,5.371731747546082,-1.4027486719265347,TSX_above_MA50
trend_rs|FVI.TO|2023-12-04,trend_rs,FVI.TO,Materials,2023-12-04,2023-12-01,3,100,2023-12-05,5.150000095367432,0.18428574289594377,2024-01-05,Development,true,,adverse_first,,-6.601944588190012,3.300972294095006,-5.436897177151856,-8.193581338252475,6.601935329216246,-7.3786428622154565,TSX_above_MA50
trend_rs|SHOP.TO|2023-12-04,trend_rs,SHOP.TO,Technology,2023-12-04,2023-12-01,5,100,2023-12-05,101.58000183105469,2.7292861938476562,2024-01-05,Development,true,,adverse_first,,-2.992715948739,2.8745797561628095,-1.9688914785868428,-4.725575639687463,5.020671768251472,-7.147078170273247,TSX_above_MA50
trend_rs|STN.TO|2023-12-06,trend_rs,STN.TO,Industrials,2023-12-06,2023-12-05,5,87.47575759258095,2023-12-07,103.58290100097656,2.0972424490074295,2024-01-09,Development,true,,adverse_first,,-4.048054558881176,-2.090232041115969,1.3323445891371577,-2.082602275769019,1.7682225082910508,-5.599168428818169,TSX_above_MA50
trend_rs|CSU.TO|2023-12-07,trend_rs,CSU.TO,Technology,2023-12-07,2023-12-06,6,90.17416889449402,2023-12-08,3276.562744140625,47.415159738592656,2024-01-10,Development,true,,adverse_first,,0.7645743350191969,-1.3096759276886694,5.682984197440977,2.447116747302025,6.239412704793446,-4.312179829994223,TSX_above_MA50
trend_rs|NXE.TO|2023-12-08,trend_rs,NXE.TO,Energy,2023-12-08,2023-12-07,5,93.34202316269956,2023-12-11,9.350000381469727,0.30928570883614676,2024-01-11,Development,true,,adverse_first,,-0.748670006872576,-2.0320911904364136,1.0695125531074101,-1.8834758144062214,3.6363549202350853,-6.684491705889705,TSX_above_MA50
trend_rs|K.TO|2023-12-11,trend_rs,K.TO,Materials,2023-12-11,2023-12-08,5,80.52825158919333,2023-12-12,7.434195518493652,0.1658414437818074,2024-01-12,Development,true,,success,1,7.853418185965189,5.36648981266834,3.1413659915649372,-0.5969254232686572,9.81675875099215,-2.617811366999756,TSX_above_MA50
trend_rs|CSU.TO|2023-12-12,trend_rs,CSU.TO,Technology,2023-12-12,2023-12-11,5,79.51573609861927,2023-12-13,3282.654052734375,51.59197420745003,2024-01-15,Development,true,,adverse_first,,-3.2017772752150453,-0.34710593703543013,9.679838634524774,7.583809207611859,9.934634881500504,-4.48973860772568,TSX_above_MA50
trend_rs|DML.TO|2023-12-12,trend_rs,DML.TO,Energy,2023-12-12,2023-12-11,6,77.86027821572429,2023-12-13,2.4200000762939453,0.08499995299748012,2024-01-15,Development,true,,adverse_first,,-6.611573586217279,-4.132237185888455,15.702473720756283,13.606444293843367,16.528919187532566,-9.504132719934233,TSX_above_MA50
trend_rs|AYA.TO|2023-12-13,trend_rs,AYA.TO,Materials,2023-12-13,2023-12-12,1,100,2023-12-14,10.390000343322754,0.45071431568690706,2024-01-16,Development,true,,adverse_first,,-3.753612419978325,-3.4648758272940894,-3.657363829493321,-4.472130908244887,0.481224594883467,-8.277195206295174,TSX_above_MA50
trend_rs|FVI.TO|2023-12-13,trend_rs,FVI.TO,Materials,2023-12-13,2023-12-12,3,99.69105560184104,2023-12-14,5.269999980926514,0.20428572382245744,2024-01-16,Development,true,,adverse_first,,0.1897576644787291,-5.6926032603537235,-6.072109541167736,-6.886876619919302,4.174569088954194,-9.867172349307918,TSX_above_MA50
trend_rs|K.TO|2023-12-13,trend_rs,K.TO,Materials,2023-12-13,2023-12-12,4,94.94074127877843,2023-12-14,7.9888410568237305,0.201363545396075,2024-01-16,Development,true,,adverse_first,,-1.0962220303985748,-3.775874556086156,-7.308162786097538,-8.122929864849105,2.1924343476766195,-9.378816630958076,TSX_above_MA50
trend_rs|JWEL.TO|2023-12-13,trend_rs,JWEL.TO,Consumer,2023-12-13,2023-12-12,5,84.31385376741903,2023-12-14,28.529693603515625,0.7072301263434387,2024-01-16,Development,true,,adverse_first,,-1.3716678201358246,2.188099353807682,3.1351987086850386,2.3204316299334726,4.866086181325069,-3.2984956889726136,TSX_above_MA50
trend_rs|AGI.TO|2023-12-13,trend_rs,AGI.TO,Materials,2023-12-13,2023-12-12,6,76.5059401324848,2023-12-14,18.378650665283203,0.5878466727204196,2024-01-16,Development,true,,adverse_first,,-1.2359032124890534,-6.072020047103965,-10.317043712209573,-11.13181079096114,2.203107767335055,-10.532007145866473,TSX_above_MA50
trend_rs|SHOP.TO|2023-12-14,trend_rs,SHOP.TO,Technology,2023-12-14,2023-12-13,2,90.98050987960877,2023-12-15,103.02999877929688,3.365356990269252,2024-01-17,Development,true,,adverse_first,,-1.1258818270974635,-6.900903323877616,5.309134509863056,4.501500566213812,7.774436796208151,-8.453847605230557,TSX_above_MA50
trend_rs|NXE.TO|2023-12-14,trend_rs,NXE.TO,Energy,2023-12-14,2023-12-13,6,74.64769690692403,2023-12-15,9.109999656677246,0.35714285714285715,2024-01-17,Development,true,,adverse_first,,0.9879270689316044,-2.3051596713623557,13.830958028174113,13.02332408452487,19.31943243918599,-4.226117340469171,TSX_above_MA50
trend_rs|FVI.TO|2023-12-15,trend_rs,FVI.TO,Materials,2023-12-15,2023-12-14,6,81.34228628352568,2023-12-18,5.170000076293945,0.20428575788225448,2024-01-18,Development,true,,adverse_first,,2.1276621255537087,-4.835589870613877,-17.98840022150331,-18.63816967495181,6.189549131566108,-21.276593586069936,TSX_above_MA50
trend_rs|CM.TO|2023-12-18,trend_rs,CM.TO,Financials,2023-12-18,2023-12-15,4,88.20334778536395,2023-12-19,55.29399871826172,0.9231775818744846,2024-01-19,Development,true,,success,3,3.6755734222652103,4.034773394117552,0.7204075339134475,0.399382217309463,4.638854130006864,-0.6183912815189596,TSX_above_MA50
trend_rs|CG.TO|2023-12-18,trend_rs,CG.TO,Materials,2023-12-18,2023-12-15,5,85.04972037046929,2023-12-19,7.602615833282471,0.2885548512076472,2024-01-19,Development,true,,adverse_first,,-0.9840037918090072,-6.027067128930852,-11.316112597961814,-11.637137914565798,1.2300064234880503,-13.161127271372475,TSX_above_MA50
trend_rs|AEM.TO|2023-12-18,trend_rs,AEM.TO,Materials,2023-12-18,2023-12-15,6,84.48664312632044,2023-12-19,70.81666564941406,1.6955676708169756,2024-01-19,Development,true,,adverse_first,,-1.6772637862927708,-4.842448062837623,-10.334098535220871,-10.655123851824856,0.9738778706391171,-10.99689456123164,TSX_above_MA50
trend_rs|LSPD.TO|2023-12-19,trend_rs,LSPD.TO,Technology,2023-12-19,2023-12-18,1,100,2023-12-20,25.280000686645508,0.9292857306344169,2024-01-22,Development,true,,success,3,10.047464158181363,0.7515768257449151,-0.8307001033121986,-2.4010274096877615,13.64714700112064,-4.034811827764306,TSX_above_MA50
trend_rs|BN.TO|2023-12-19,trend_rs,BN.TO,Financials,2023-12-19,2023-12-18,3,90.49791763341459,2023-12-20,34.19057083129883,0.7941073187049977,2024-01-22,Development,true,,adverse_first,,1.7809619325453552,-0.42124979624234005,3.810828984922554,2.240501678546991,4.327873290772444,-3.3320398715074306,TSX_above_MA50
trend_rs|MFC.TO|2023-12-20,trend_rs,MFC.TO,Financials,2023-12-20,2023-12-19,5,77.0357806672265,2023-12-21,25.922534942626953,0.38426032920847064,2024-01-23,Development,true,,adverse_first,,0.48341997725827035,-0.3452905236263737,0.06907576363375245,-1.2258500069475708,1.6920049854340702,-3.1077164539426216,TSX_above_MA50
trend_rs|ATZ.TO|2023-12-20,trend_rs,ATZ.TO,Consumer,2023-12-20,2023-12-19,6,75.30212604471842,2023-12-21,27.979999542236328,1.1914285932268416,2024-01-23,Development,true,,adverse_first,,-3.2523225957829194,-6.111505048066146,23.981412416907965,22.686486646326642,25.94711313440645,-11.508217891475814,TSX_above_MA50
trend_rs|LUG.TO|2023-12-21,trend_rs,LUG.TO,Materials,2023-12-21,2023-12-20,6,73.92409953595539,2023-12-22,14.16209602355957,0.47029604437921524,2024-01-24,Development,true,,adverse_first,,-8.362566711968466,-12.105265213534189,-11.228061834740577,-11.92055828087456,1.111107903605535,-15.614033196314992,TSX_above_MA50
trend_rs|STN.TO|2023-12-22,trend_rs,STN.TO,Industrials,2023-12-22,2023-12-21,6,72.85213570710388,2023-12-27,103.01467895507812,1.8348234135555848,2024-01-25,Development,true,,success,17,0.061930006206334376,2.2723913040258115,3.587244877554552,3.1799360885712114,4.320901093324037,-1.0147244139724898,TSX_above_MA50
trend_rs|BAM.TO|2023-12-27,trend_rs,BAM.TO,Financials,2023-12-27,2023-12-22,1,100,2023-12-28,48.39415740966797,0.951411621498576,2024-01-26,Development,true,,adverse_first,,-3.8461520271021232,-2.176350467333188,2.4015078386516064,1.4655020909057237,2.9080681617339676,-5.72233354140722,TSX_above_MA50
trend_rs|CJT.TO|2023-12-27,trend_rs,CJT.TO,Industrials,2023-12-27,2023-12-22,3,100,2023-12-28,111.72766876220703,3.5800083693039446,2024-01-26,Development,true,,success,17,-0.3607598251587296,5.119401184168471,2.8173900835194665,1.8813843357735838,7.318343130448723,-2.1731600102631754,TSX_above_MA50
trend_rs|RUS.TO|2023-12-27,trend_rs,RUS.TO,Industrials,2023-12-27,2023-12-22,6,100,2023-12-28,40.64830780029297,0.9633096809606501,2024-01-26,Development,true,,adverse_first,,-2.4173612082160623,-5.2117784737009565,-3.304509976341319,-4.240515724087201,0.6653492401647698,-7.318680692927715,TSX_above_MA50
trend_rs|EQB.TO|2023-12-28,trend_rs,EQB.TO,Financials,2023-12-28,2023-12-27,6,99.34731643580864,2023-12-29,82.27891540527344,1.881062179786436,2024-01-29,Development,true,,adverse_first,,3.3016111513026747,5.170244004754254,5.754909238866057,4.601676099670393,7.164970088143052,-3.3589372778794147,TSX_above_MA50
trend_rs|BMO.TO|2023-12-29,trend_rs,BMO.TO,Financials,2023-12-29,2023-12-28,6,90.34055725611573,2024-01-02,116.27865600585938,1.7649988529082503,2024-01-30,Development,true,,adverse_first,,-0.49045081135756785,-2.3296823620899465,-0.4084082830934421,-2.113080011903079,1.0345635478341109,-3.8240474141747693,TSX_above_MA50
trend_rs|ARE.TO|2024-01-02,trend_rs,ARE.TO,Industrials,2024-01-02,2023-12-29,1,100,2024-01-03,12.06640625,0.30420532563601604,2024-01-31,Development,true,,success,3,5.3951363457025,4.711226453747175,5.015181136694724,4.038646763275833,7.446806026314912,-0.6079160867977218,TSX_above_MA50
trend_rs|CIGI.TO|2024-01-02,trend_rs,CIGI.TO,Real Estate,2024-01-02,2023-12-29,3,100,2024-01-03,153.78759765625,4.253647003139638,2024-01-31,Development,true,,adverse_first,,-1.718915201122695,-4.142162660299665,1.983852160771149,1.0073177873522576,4.549265040238382,-5.0468437343108015,TSX_above_MA50
trend_rs|HBM.TO|2024-01-02,trend_rs,HBM.TO,Materials,2024-01-02,2023-12-29,6,100,2024-01-03,7.147064685821533,0.218280014833771,2024-01-31,Development,true,,adverse_first,,-0.5571144934566785,-1.6713167932093986,4.0389950122363905,3.062460638817499,8.077990044822192,-4.874667194645877,TSX_above_MA50
trend_rs|RUS.TO|2024-01-03,trend_rs,RUS.TO,Industrials,2024-01-03,2024-01-02,5,100,2024-01-04,40.06234359741211,0.9819829804936481,2024-02-01,Development,true,,adverse_first,,-1.417620832703692,-1.8902118937511814,1.6201612191386827,0.4328962369753109,1.8001833404201806,-5.963095110230466,TSX_above_MA50
trend_rs|NWC.TO|2024-01-03,trend_rs,NWC.TO,Consumer,2024-01-03,2024-01-02,6,97.25692583531918,2024-01-04,36.07175827026367,0.5118403681538949,2024-02-01,Development,true,,adverse_first,,-1.01960713811714,-0.07648058189539952,0.433354713068268,-0.7539102690951038,1.3765018933716622,-2.345138009546488,TSX_above_MA50
trend_rs|HBM.TO|2024-01-04,trend_rs,HBM.TO,Materials,2024-01-04,2024-01-03,5,99.31266539230867,2024-01-05,7.1172027587890625,0.21614693312114452,2024-02-02,Development,true,,adverse_first,,4.6153734834370574,-1.398619951847313,4.6153734834370574,3.9108992230067585,8.531457110734998,-4.475546101226824,TSX_above_MA50
trend_rs|EQB.TO|2024-01-04,trend_rs,EQB.TO,Financials,2024-01-04,2024-01-03,6,89.4852534231902,2024-01-05,82.7411117553711,1.7268277116451844,2024-02-02,Development,true,,success,3,3.511180176971185,1.9379637314485443,6.167342997164704,5.462868736734405,7.273143953081762,0.0683823134547401,TSX_above_MA50
trend_rs|BBD-B.TO|2024-01-08,trend_rs,BBD-B.TO,Industrials,2024-01-08,2024-01-05,2,100,2024-01-09,55.900001525878906,1.874643325805664,2024-02-06,Development,true,,adverse_first,,-6.654742610303776,-12.3434728757289,-5.384619059155105,-5.32119441917609,0.17888814202411396,-16.332738495344223,TSX_above_MA50
trend_rs|LUN.TO|2024-01-08,trend_rs,LUN.TO,Materials,2024-01-08,2024-01-05,4,100,2024-01-09,10.063546180725098,0.2716925073232203,2024-02-06,Development,true,,adverse_first,,-1.8043679760600284,0.09494528871318852,5.887915660457299,5.951340300436314,7.502351028775034,-6.457745630239964,TSX_above_MA50
trend_rs|AP-UN.TO|2024-01-08,trend_rs,AP-UN.TO,Real Estate,2024-01-08,2024-01-05,5,97.62861359508071,2024-01-09,16.194927215576172,0.4267651587253601,2024-02-06,Development,true,,adverse_first,,0.14374371526095775,-2.156202838693999,-15.534926837334407,-15.471502197355392,2.2999027555423934,-16.693292781956703,TSX_above_MA50
trend_rs|LSPD.TO|2024-01-08,trend_rs,LSPD.TO,Technology,2024-01-08,2024-01-05,6,94.29846860964803,2024-01-09,25.5,1.0475003378731864,2024-02-06,Development,true,,adverse_first,,0.196075439453125,-3.0588262221392437,4.23529381845511,4.298718458434125,5.098036223766855,-5.1372528076171875,TSX_above_MA50
trend_rs|WFG.TO|2024-01-09,trend_rs,WFG.TO,Materials,2024-01-09,2024-01-08,5,88.93590347898859,2024-01-10,109.34292602539062,2.804327934531091,2024-02-07,Development,true,,adverse_first,,-2.724717823223277,-4.9237653117585545,-9.356929166449202,-9.260684531066365,3.1189795196682635,-9.917643553871214,TSX_above_MA50
trend_rs|CM.TO|2024-01-09,trend_rs,CM.TO,Financials,2024-01-09,2024-01-08,6,88.7306504195681,2024-01-10,56.93817901611328,0.7199899386270044,2024-02-07,Development,true,,adverse_first,,-2.1721891769812207,-2.536868211594767,-4.391946349732501,-4.295701714349665,-0.12684019910718103,-4.851756249342731,TSX_above_MA50
trend_rs|NPI.TO|2024-01-10,trend_rs,NPI.TO,Utilities,2024-01-10,2024-01-09,5,89.56359618372268,2024-01-11,21.66141128540039,0.46557580798102627,2024-02-08,Development,true,,adverse_first,,-2.460654031789533,0.5244074528622411,-6.481269665499612,-6.487002507053486,2.712656817280701,-6.683775734650599,TSX_above_MA50
trend_rs|CSH-UN.TO|2024-01-10,trend_rs,CSH-UN.TO,Health Care,2024-01-10,2024-01-09,6,89.05189548968534,2024-01-11,10.747197151184082,0.19063627642464379,2024-02-08,Development,true,,adverse_first,,-2.2765484100853883,-2.6981823906163105,0.5191293513421069,0.5133965097882331,3.737102597781594,-3.7943043547708055,TSX_above_MA50
trend_rs|LSPD.TO|2024-01-11,trend_rs,LSPD.TO,Technology,2024-01-11,2024-01-10,5,93.27245013796018,2024-01-12,25.459999084472656,1.041429110935756,2024-02-09,Development,true,,adverse_first,,-1.7281957679932791,-0.8248196858762991,-25.608793341989568,-25.701219290037116,6.245091161678751,-25.648071540109907,TSX_above_MA50
trend_rs|CS.TO|2024-01-12,trend_rs,CS.TO,Materials,2024-01-12,2024-01-11,3,100,2024-01-15,6.519999980926514,0.2085714680807931,2024-02-12,Development,true,,adverse_first,,-7.668711678875628,1.0736222678858098,-0.6134963492337775,-0.6391369159672644,6.288341236372941,-8.435585772144538,TSX_above_MA50
trend_rs|HBM.TO|2024-01-12,trend_rs,HBM.TO,Materials,2024-01-12,2024-01-11,4,100,2024-01-15,7.385962963104248,0.18415155720136442,2024-02-12,Development,true,,adverse_first,,-5.660374678644942,0.6738635049695407,-5.660374678644942,-5.686015245378429,4.582217623153473,-7.951487136292701,TSX_above_MA50
trend_rs|ATZ.TO|2024-01-15,trend_rs,ATZ.TO,Consumer,2024-01-15,2024-01-12,2,100,2024-01-16,33.599998474121094,1.595715114048549,2024-02-13,Development,true,,success,13,3.2440482205004173,0.6845338314843685,12.589296276878015,14.322625868324579,22.76786271812179,-3.1845230458815044,TSX_above_MA50
trend_rs|DML.TO|2024-01-15,trend_rs,DML.TO,Energy,2024-01-15,2024-01-12,3,100,2024-01-16,2.7200000286102295,0.10857141017913818,2024-02-13,Development,true,,adverse_first,,-2.9411736347271344,-1.1029401130226768,-2.2058802260453536,-0.47255063459878954,5.882356034843128,-6.985296147865794,TSX_above_MA50
trend_rs|KNT.TO|2024-01-15,trend_rs,KNT.TO,Materials,2024-01-15,2024-01-12,4,100,2024-01-16,6.579999923706055,0.24499995367867605,2024-02-13,Development,true,,adverse_first,,0.4559302455348968,0,-5.927049711361332,-4.193720119914768,4.407294304187337,-7.294833201200646,TSX_above_MA50
trend_rs|NXE.TO|2024-01-15,trend_rs,NXE.TO,Energy,2024-01-15,2024-01-12,5,100,2024-01-16,10.529999732971191,0.40321425029209684,2024-02-13,Development,true,,adverse_first,,-3.5137691827336948,-1.7093955941694494,-4.178533632869796,-2.4452040414232323,6.077876159092432,-9.116809710270479,TSX_above_MA50
trend_rs|L.TO|2024-01-16,trend_rs,L.TO,Consumer,2024-01-16,2024-01-15,5,97.65568214270323,2024-01-17,31.980215072631836,0.44686817499823533,2024-02-14,Development,true,,success,1,2.05803203381818,2.027662571898592,3.235128998345127,2.295769778122847,3.797096009166756,-0.5011963158117694,TSX_above_MA50
trend_rs|HPS-A.TO|2024-01-17,trend_rs,HPS-A.TO,Industrials,2024-01-17,2024-01-16,6,91.47409272091909,2024-01-18,87.76500701904297,3.2127738926915717,2024-02-15,Development,true,,success,3,3.6247901188634524,6.781159008948112,18.1240114451775,15.878953138512575,20.700408089636134,-0.2230778186819493,TSX_above_MA50
trend_rs|CSU.TO|2024-01-18,trend_rs,CSU.TO,Technology,2024-01-18,2024-01-17,3,100,2024-01-19,3644.958740234375,65.58047341729944,2024-02-16,Development,true,,success,7,0.9400223754568948,3.5360536153617117,1.3730235688458547,-0.2967901703022635,3.9695981142314096,-2.6815605640412743,TSX_above_MA50
trend_rs|CJT.TO|2024-01-22,trend_rs,CJT.TO,Industrials,2024-01-22,2024-01-19,3,100,2024-01-23,118.8965835571289,2.70633974461066,2024-02-21,Development,true,,adverse_first,,-2.6232909328296916,-2.9461538565194956,-4.269895052063932,-4.925009881007869,0.8475427523646273,-7.014270932535704,TSX_above_MA50
trend_rs|ONEX.TO|2024-01-23,trend_rs,ONEX.TO,Financials,2024-01-23,2024-01-22,6,100,2024-01-24,102.03913879394531,2.531596810767894,2024-02-22,Development,true,,adverse_first,,-3.71483768258849,0.9020242590475069,0.30068472225524,-1.0895064584091507,4.054305694374283,-4.064011989449867,TSX_above_MA50
trend_rs|BDGI.TO|2024-01-25,trend_rs,BDGI.TO,Industrials,2024-01-25,2024-01-24,3,100,2024-01-26,46.2315788269043,1.298887448122281,2024-02-26,Development,true,,adverse_first,,-1.8124845340060425,-2.47914674498122,-3.583324855142578,-4.5253232771324985,1.9166679663184416,-6.500004654999203,TSX_above_MA50
trend_rs|IVN.TO|2024-01-26,trend_rs,IVN.TO,Materials,2024-01-26,2024-01-25,6,100,2024-01-29,14.420000076293945,0.39285721097673687,2024-02-27,Development,true,,adverse_first,,-2.7045793429911535,-0.27739224439247145,-0.41609167336509323,-0.9764700840281471,2.843272158410981,-4.36893280934596,TSX_above_MA50
trend_rs|AYA.TO|2024-01-29,trend_rs,AYA.TO,Materials,2024-01-29,2024-01-26,2,100,2024-01-30,10.569999694824219,0.3657143456595285,2024-02-28,Development,true,,adverse_first,,1.608326217617484,-10.312206093266285,-8.798480400683973,-8.873383666350431,2.554403647673542,-11.069064428325914,TSX_above_MA50
trend_rs|CLS.TO|2024-01-29,trend_rs,CLS.TO,Technology,2024-01-29,2024-01-26,4,100,2024-01-30,44.31999969482422,1.6057137080601283,2024-02-28,Development,true,,success,2,10.333939220648404,14.869134020678887,26.037908382194797,25.963005116528336,29.535199103614996,-0.7897077539058883,TSX_above_MA50
trend_rs|CURA.TO|2024-01-30,trend_rs,CURA.TO,Health Care,2024-01-30,2024-01-29,5,100,2024-01-31,21.09000015258789,1.1957144056047713,2024-02-29,Development,true,,adverse_first,,8.392605239248807,-6.2588889771167056,-7.823611221395876,-9.449055222178915,11.095306475380728,-9.103840978675137,TSX_above_MA50
trend_rs|BYD.TO|2024-02-02,trend_rs,BYD.TO,Industrials,2024-02-02,2024-02-01,3,100,2024-02-05,291.86309814453125,6.076110859398516,2024-03-05,Development,true,,success,7,3.591366166271248,4.145718686250288,4.410990644902579,1.277591252608823,10.4441814872549,0.08504037159959843,TSX_above_MA50
trend_rs|HPS-A.TO|2024-02-05,trend_rs,HPS-A.TO,Industrials,2024-02-05,2024-02-02,5,100,2024-02-06,99.48198699951172,3.030282929329599,2024-03-06,Development,true,,adverse_first,,2.272966584180147,6.297368808746917,13.942762124631969,10.906642679417633,18.547689735445537,-3.3749653331935914,TSX_above_MA50
trend_rs|NXE.TO|2024-02-05,trend_rs,NXE.TO,Energy,2024-02-05,2024-02-02,6,100,2024-02-06,10.569999694824219,0.41035727092197966,2024-03-06,Development,true,,adverse_first,,-4.541150010357786,-9.933767903273427,-2.175965457680673,-5.212084902895009,2.7909184939560294,-13.907278673568014,TSX_above_MA50
trend_rs|CURA.TO|2024-02-06,trend_rs,CURA.TO,Health Care,2024-02-06,2024-02-05,4,100,2024-02-07,22.860000610351562,1.221428326198033,2024-03-07,Development,true,,adverse_first,,-13.517060674043302,-9.186353129486779,-25.065622469801152,-29.00187383550401,0,-27.296586196469917,TSX_above_MA50
trend_rs|ONEX.TO|2024-02-09,trend_rs,ONEX.TO,Financials,2024-02-09,2024-02-08,6,100,2024-02-12,100.69312286376953,2.2424020373581857,2024-03-12,Development,true,,adverse_first,,0.894450384295431,-0.6487095175961244,0.4128185915963867,-3.212226812557595,3.1747607340858464,-3.6465424311249994,TSX_above_MA50
trend_rs|TSU.TO|2024-02-12,trend_rs,TSU.TO,Financials,2024-02-12,2024-02-09,4,100,2024-02-13,39.9900016784668,1.0221429552350725,2024-03-13,Development,true,,success,3,3.800941683593062,10.527629176718921,6.051508045443255,-0.677175993298551,12.103025630014063,-0.10002729144390488,TSX_above_MA50
trend_rs|BYD.TO|2024-02-12,trend_rs,BYD.TO,Industrials,2024-02-12,2024-02-09,5,99.96326508085788,2024-02-13,298.2852783203125,5.987497333547712,2024-03-13,Development,true,,success,3,2.0797993741081156,7.101257881453771,4.3160001031285145,-2.412683935613291,8.06628192455452,-0.3760325098998707,TSX_above_MA50
trend_rs|SHOP.TO|2024-02-12,trend_rs,SHOP.TO,Technology,2024-02-12,2024-02-09,6,98.70308490809771,2024-02-13,104.8499984741211,4.320714133126395,2024-03-13,Development,true,,adverse_first,,-2.641866173941898,-2.1554622499954323,1.0681952912555026,-5.660488747486303,7.935145270295596,-5.960896605585186,TSX_above_MA50
trend_rs|CIGI.TO|2024-02-13,trend_rs,CIGI.TO,Real Estate,2024-02-13,2024-02-12,6,98.56338257658774,2024-02-14,167.27320861816406,4.747433610634149,2024-03-14,Development,true,,adverse_first,,1.6278435677095748,-6.1727719352401955,-3.481476758273294,-7.983760128848594,4.8657088723147,-7.4203900512403,TSX_not_above_MA50
trend_rs|GFL.TO|2024-02-14,trend_rs,GFL.TO,Industrials,2024-02-14,2024-02-13,4,100,2024-02-15,48.825016021728516,0.9779242408215235,2024-03-15,Development,true,,adverse_first,,-1.8367263228088349,-1.71428102648723,-6.673456161466529,-9.625484051710087,2.34693708182927,-7.3061121213190745,TSX_above_MA50
trend_rs|CURA.TO|2024-02-15,trend_rs,CURA.TO,Health Care,2024-02-15,2024-02-14,2,100,2024-02-16,20.610000610351562,1.270714214869908,2024-03-18,Development,true,,adverse_first,,1.746718546054371,-6.841338212789394,1.6011640656638848,-1.1350542488666626,7.132456428051581,-25.473075197472117,TSX_above_MA50
trend_rs|LUN.TO|2024-02-15,trend_rs,LUN.TO,Materials,2024-02-15,2024-02-14,5,99.11023885968704,2024-02-16,11.172161102294922,0.22732032003368335,2024-03-18,Development,true,,adverse_first,,-8.383241455723756,-7.527815099796332,13.430275735262743,10.694057420732197,17.621888644343066,-9.666376984761227,TSX_above_MA50
trend_rs|MFC.TO|2024-02-15,trend_rs,MFC.TO,Financials,2024-02-15,2024-02-14,6,98.65699328709269,2024-02-16,29.807336807250977,0.5914151176321697,2024-03-18,Development,true,,adverse_first,,-1.681675448015818,-1.0432484671859088,-0.891242043178786,-3.6274603577093334,0.20321209770928217,-3.2432431317225285,TSX_above_MA50
trend_rs|TFII.TO|2024-02-16,trend_rs,TFII.TO,Industrials,2024-02-16,2024-02-15,6,97.98110249592216,2024-02-20,187.817138671875,4.98121842240693,2024-03-19,Development,true,,success,18,2.8553836024744594,2.850273430746686,6.64209397126474,3.611107241560485,6.857022535283286,-0.8903883852082406,TSX_above_MA50
trend_rs|CS.TO|2024-02-20,trend_rs,CS.TO,Materials,2024-02-20,2024-02-16,2,100,2024-02-21,7.150000095367432,0.21071420397077287,2024-03-20,Development,true,,success,1,-2.0979034037302835,3.076920101500291,9.650350321918433,5.525646405438134,17.0629339009674,-3.3566467797786603,TSX_above_MA50
trend_rs|ERO.TO|2024-02-21,trend_rs,ERO.TO,Materials,2024-02-21,2024-02-20,3,100,2024-02-22,22.09000015258789,1.0410714830671037,2024-03-21,Development,true,,success,6,4.66274639896207,6.564059542433198,16.794925571958498,13.186718527383423,18.764148615354692,-3.983707840817463,TSX_above_MA50
trend_rs|WCN.TO|2024-02-22,trend_rs,WCN.TO,Industrials,2024-02-22,2024-02-21,5,100,2024-02-23,225.18368530273438,3.5691330444718687,2024-03-22,Development,true,,adverse_first,,-2.2033878321178535,-1.8590237814479549,1.379793975160526,-1.2863204376970527,2.1077725376834833,-2.9313675678487416,TSX_above_MA50
trend_rs|CP.TO|2024-02-22,trend_rs,CP.TO,Industrials,2024-02-22,2024-02-21,6,93.74151039163156,2024-02-23,114.32723999023438,1.6705730450409857,2024-03-22,Development,true,,adverse_first,,0.128407551501164,3.6377735216982288,4.0143809517454,1.3482665388878212,5.597887913147104,-1.5663771626870049,TSX_above_MA50
trend_rs|BHC.TO|2024-02-23,trend_rs,BHC.TO,Health Care,2024-02-23,2024-02-22,1,100,2024-02-26,12.15999984741211,0.387857232775007,2024-03-25,Development,true,,success,4,6.990134803748571,1.2335573526879084,6.003293627228157,3.1051915682692277,10.279605392149938,-1.6447352942006832,TSX_above_MA50
trend_rs|TFII.TO|2024-02-26,trend_rs,TFII.TO,Industrials,2024-02-26,2024-02-23,4,100,2024-02-27,193.18003845214844,4.550098091440361,2024-03-26,Development,true,,success,16,-0.004968307490371693,1.0447742449258612,7.3980073216580955,4.613625395299281,9.288552444606468,-2.1144182843444326,TSX_above_MA50
trend_rs|TOI.V|2024-02-26,trend_rs,TOI.V,Technology,2024-02-26,2024-02-23,5,100,2024-02-27,115.73399353027344,4.005503793424665,2024-03-26,Development,true,,success,3,3.389831402329646,-1.2288089392086143,1.707368331398973,-1.0770135949598414,9.18644078931905,-1.2288089392086143,TSX_above_MA50
trend_rs|BHC.TO|2024-02-27,trend_rs,BHC.TO,Health Care,2024-02-27,2024-02-26,1,100,2024-02-28,12.5,0.4007143974304199,2024-03-27,Development,true,,success,2,-0.23999786376953658,0,13.839996337890614,9.776228102561667,13.919998168945312,-2.1600036621093777,TSX_above_MA50
trend_rs|SIA.TO|2024-02-28,trend_rs,SIA.TO,Health Care,2024-02-28,2024-02-27,4,100,2024-02-29,11.652704238891602,0.20105996697240794,2024-03-28,Development,true,,adverse_first,,-1.5789672688179324,-1.7293263973242379,1.4979605926827455,-2.262643450244761,2.406012845360239,-3.9849794973232266,TSX_above_MA50
trend_rs|TFII.TO|2024-02-28,trend_rs,TFII.TO,Industrials,2024-02-28,2024-02-27,5,100,2024-02-29,192.71873474121094,4.202045370310263,2024-03-28,Development,true,,success,14,1.5908611351609592,1.9698788956307611,7.991558204800242,4.230954161872735,9.550152412421653,-0.9176227427773131,TSX_above_MA50
trend_rs|ATH.TO|2024-02-29,trend_rs,ATH.TO,Energy,2024-02-29,2024-02-28,1,100,2024-03-01,5.010000228881836,0.13214281627110072,2024-04-01,Development,true,,success,3,3.592810780745137,5.788422127831949,4.590809016542918,1.6542433479675323,9.381232908577086,-0.5988065556445155,TSX_above_MA50
trend_rs|AIF.TO|2024-03-01,trend_rs,AIF.TO,Real Estate,2024-03-01,2024-02-29,1,100,2024-03-04,49.7113037109375,1.5495316979941909,2024-04-02,Development,true,,neither,,-0.9771461809520265,-0.3517701695581188,2.8338137070733183,0.30723582731126964,4.225311932463982,-2.1497051574976056,TSX_above_MA50
trend_rs|DFY.TO|2024-03-04,trend_rs,DFY.TO,Financials,2024-03-04,2024-03-01,5,100,2024-03-05,44.441802978515625,1.1977487378636984,2024-04-03,Development,true,,adverse_first,,2.873936752069839,0.7363079898013325,-5.970720382017336,-8.695807828907487,3.4182325360030408,-6.407668480317019,TSX_above_MA50
trend_rs|BDT.TO|2024-03-05,trend_rs,BDT.TO,Industrials,2024-03-05,2024-03-04,2,100,2024-03-06,17.6755428314209,0.41409475983365734,2024-04-04,Development,true,,adverse_first,,0.47648260103645423,-2.488045041180742,-2.2403617106800167,-4.360398671178311,1.9058149721492113,-4.076211488936221,TSX_above_MA50
trend_rs|ARE.TO|2024-03-07,trend_rs,ARE.TO,Industrials,2024-03-07,2024-03-06,1,100,2024-03-08,15.6148099899292,0.44142192386921647,2024-04-08,Development,true,,adverse_first,,-3.640637219768872,-3.0520881079976747,1.2250298733029963,-1.1800341002450088,3.3635985115229694,-5.754568887659028,TSX_above_MA50
trend_rs|ATRL.TO|2024-03-11,trend_rs,ATRL.TO,Industrials,2024-03-11,2024-03-08,3,100,2024-03-12,54.953887939453125,1.6450274185271094,2024-04-10,Development,true,,neither,,1.9599839842641575,0.8165998326233437,-1.7423915536429968,-3.4285241603719596,2.5588921585491198,-1.9964736623589996,TSX_above_MA50
trend_rs|CCL-B.TO|2024-03-11,trend_rs,CCL-B.TO,Materials,2024-03-11,2024-03-08,5,100,2024-03-12,70.59973907470703,1.9606873225481347,2024-04-10,Development,true,,adverse_first,,-3.1260208810599988,-4.90838803157544,-5.724747070047719,-7.410879676776682,0.9486400569157061,-8.894923883375172,TSX_above_MA50
trend_rs|CS.TO|2024-03-11,trend_rs,CS.TO,Materials,2024-03-11,2024-03-08,6,100,2024-03-12,7.5,0.2835714476449149,2024-04-10,Development,true,,success,1,4.000002543131509,9.33333079020182,24.66667175292969,22.980539146200726,26.26667022705078,2.133331298828134,TSX_above_MA50
trend_rs|CLS.TO|2024-03-12,trend_rs,CLS.TO,Technology,2024-03-12,2024-03-11,6,100,2024-03-13,60.66999816894531,3.072857175554548,2024-04-11,Development,true,,adverse_first,,-2.0932861074594022,1.8460569975017993,3.758039661786561,3.1208099610151585,13.581680800811057,-6.972143843580181,TSX_above_MA50
trend_rs|CS.TO|2024-03-13,trend_rs,CS.TO,Materials,2024-03-13,2024-03-12,6,100,2024-03-14,8,0.30428576469421387,2024-04-12,Development,true,,adverse_first,,1.1250019073486328,7.749998569488525,16.124999523162842,15.803882119415524,21.24999761581421,-4.250001907348633,TSX_above_MA50
trend_rs|ARE.TO|2024-03-14,trend_rs,ARE.TO,Industrials,2024-03-14,2024-03-13,1,100,2024-03-15,15.046331405639648,0.49185175888068094,2024-04-15,Development,true,,success,12,0.6107855996448475,5.172786438575816,2.6451995161125286,3.144073634604072,7.2688688770872645,-0.792200075529581,TSX_above_MA50
trend_rs|CLS.TO|2024-03-18,trend_rs,CLS.TO,Technology,2024-03-18,2024-03-15,5,100,2024-03-19,58.36000061035156,2.781428473336356,2024-04-17,Development,true,,success,2,7.916379169922938,14.136394643108808,5.311854766449797,6.247327734502783,18.07745534856371,-1.045237498238416,TSX_above_MA50
trend_rs|FFH.TO|2024-03-19,trend_rs,FFH.TO,Financials,2024-03-19,2024-03-18,6,100,2024-03-20,1491.571044921875,24.682770297645707,2024-04-18,Development,true,,adverse_first,,-3.4240094279786693,-2.056379639821748,-1.0235904067043444,0.5064079153181411,1.4268262788358133,-4.745589525224759,TSX_above_MA50
trend_rs|HBM.TO|2024-03-20,trend_rs,HBM.TO,Materials,2024-03-20,2024-03-19,5,100,2024-03-21,9.29849910736084,0.31106452118852085,2024-04-19,Development,true,,success,8,1.6077339266350243,6.75241685207344,14.89817165482945,16.165417450941433,18.435153629526635,-2.465161088518708,TSX_above_MA50
trend_rs|IMG.TO|2024-03-20,trend_rs,IMG.TO,Materials,2024-03-20,2024-03-19,6,100,2024-03-21,4.050000190734863,0.17857142857142858,2024-04-19,Development,true,,success,5,11.604932544617231,25.18518352813799,24.691356861851222,25.958602657963205,32.83950274246108,-1.4814858857385205,TSX_above_MA50
trend_rs|BDT.TO|2024-03-21,trend_rs,BDT.TO,Industrials,2024-03-21,2024-03-20,5,99.53945397402194,2024-03-22,17.301265716552734,0.537364129847485,2024-04-22,Development,true,,neither,,0.1997608602328782,4.428980494211898,2.6397207052131666,3.149632920709111,5.188061488243445,-2.9992432771813293,TSX_above_MA50
trend_rs|RBA.TO|2024-03-21,trend_rs,RBA.TO,Industrials,2024-03-21,2024-03-20,6,97.26210525784481,2024-03-22,101.4980697631836,1.4631292833634697,2024-04-22,Development,true,,adverse_first,,-0.5826111892648256,-3.2378112466930786,-4.584518950009975,-4.07460673451403,0.019122310122687836,-5.262640494270676,TSX_above_MA50
trend_rs|CLS.TO|2024-03-22,trend_rs,CLS.TO,Technology,2024-03-22,2024-03-21,3,100,2024-03-25,62.970001220703125,2.8314285278320312,2024-04-23,Development,true,,adverse_first,,1.0639958011070094,1.3816085676027212,-5.065908177809353,-5.382185117916294,9.433067057736233,-11.942195191337024,TSX_above_MA50
trend_rs|TXG.TO|2024-03-22,trend_rs,TXG.TO,Materials,2024-03-22,2024-03-21,6,96.71214519447989,2024-03-25,18.160459518432617,0.6906949430948618,2024-04-23,Development,true,,success,3,6.764866728962016,9.219864785427134,6.9285416682639545,6.6122647281570135,13.529725709346717,-2.0185455553337173,TSX_above_MA50
trend_rs|ATH.TO|2024-03-25,trend_rs,ATH.TO,Energy,2024-03-25,2024-03-22,2,100,2024-03-26,5.190000057220459,0.14285714285714285,2024-04-24,Development,true,,adverse_first,,-2.890175216062818,7.1290921287048725,-4.046243464965194,-3.8691720160205283,7.7071308469629285,-6.1657065150930945,TSX_above_MA50
trend_rs|CNQ.TO|2024-03-25,trend_rs,CNQ.TO,Energy,2024-03-25,2024-03-22,4,100,2024-03-26,45.380741119384766,0.7142072386437032,2024-04-24,Development,true,,success,4,5.282243899757311,10.358684124099549,3.3222293103336575,3.499300759278323,10.731084413866743,-0.7251954176594411,TSX_above_MA50
trend_rs|CVE.TO|2024-03-25,trend_rs,CVE.TO,Energy,2024-03-25,2024-03-22,5,100,2024-03-26,24.898183822631836,0.4706482103533118,2024-04-24,Development,true,,success,5,5.107325296911203,10.325667913734659,7.697992441905321,7.875063890849987,10.88082010023168,-1.2953260753269302,TSX_above_MA50
trend_rs|ERO.TO|2024-03-25,trend_rs,ERO.TO,Materials,2024-03-25,2024-03-22,6,100,2024-03-26,25.229999542236328,1.1139287948608398,2024-04-24,Development,true,,success,4,11.692432883326042,14.863258295832726,1.0701564116625484,1.247227860607214,19.381693958459856,0.07927252527368811,TSX_above_MA50
trend_rs|CS.TO|2024-03-26,trend_rs,CS.TO,Materials,2024-03-26,2024-03-25,4,100,2024-03-27,8.420000076293945,0.31785723141261507,2024-04-25,Development,true,,success,5,6.76959251376994,10.92636660282409,14.251779078288497,15.254620801840435,16.389549904236155,-1.1876529758149568,TSX_above_MA50
trend_rs|HBM.TO|2024-03-26,trend_rs,HBM.TO,Materials,2024-03-26,2024-03-25,6,100,2024-03-27,9.3483304977417,0.2968513904503044,2024-04-25,Development,true,,success,4,5.543714393413479,13.539452187135126,18.336903024605622,19.33974474815756,19.402995113151533,-0.4264184391165715,TSX_above_MA50
trend_rs|FM.TO|2024-03-27,trend_rs,FM.TO,Materials,2024-03-27,2024-03-26,6,100,2024-03-28,14.5600004196167,0.8278570856366839,2024-04-26,Development,true,,success,7,4.807690859143299,4.876373747835805,25.480768758416296,26.37308969156016,25.824170101957343,-1.579673690124106,TSX_above_MA50
trend_rs|HBM.TO|2024-03-28,trend_rs,HBM.TO,Materials,2024-03-28,2024-03-27,5,100,2024-04-01,9.428061485290527,0.2968513905551057,2024-04-29,Development,true,,success,3,7.082442219780849,11.310778765894014,27.167007939175637,27.9499640666932,27.484139912701266,-0.845670571784507,TSX_above_MA50
trend_rs|HPS-A.TO|2024-03-28,trend_rs,HPS-A.TO,Industrials,2024-03-28,2024-03-27,6,100,2024-04-01,143.545654296875,4.796306520871554,2024-04-29,Development,true,,success,5,6.479595654828629,6.554706673719268,-7.98853414245454,-7.205578014936975,9.593077344850819,-16.59837810691863,TSX_above_MA50
trend_rs|HWX.TO|2024-04-01,trend_rs,HWX.TO,Energy,2024-04-01,2024-03-28,6,100,2024-04-02,7.03156852722168,0.14252480513615837,2024-04-30,Development,true,,success,1,5.03146287589511,-0.25158229865346327,-5.911950060856075,-4.278437117513079,7.798763934983,-5.911950060856075,TSX_above_MA50
trend_rs|AYA.TO|2024-04-03,trend_rs,AYA.TO,Materials,2024-04-03,2024-04-02,2,100,2024-04-04,12.319999694824219,0.7035713195800781,2024-05-02,Development,true,,success,6,4.87013308711195,14.285716497389478,8.766233364110999,9.802890482355842,20.211045344737787,-3.165579539845942,TSX_above_MA50
trend_rs|ERO.TO|2024-04-03,trend_rs,ERO.TO,Materials,2024-04-03,2024-04-02,5,100,2024-04-04,28.229999542236328,0.9496428625924247,2024-05-02,Development,true,,adverse_first,,1.8065895754578287,-0.8501586078989765,-0.9210068476722344,0.11565027057260924,6.6950100164519855,-11.122916898919977,TSX_above_MA50
trend_rs|CNQ.TO|2024-04-04,trend_rs,CNQ.TO,Energy,2024-04-04,2024-04-03,2,100,2024-04-05,49.063140869140625,0.7074446042485556,2024-05-03,Development,true,,adverse_first,,-1.1602437269119026,-4.541329513385883,-7.451051221589089,-6.027253614475081,2.4202402585084437,-8.457212826898697,TSX_above_MA50
trend_rs|FM.TO|2024-04-04,trend_rs,FM.TO,Materials,2024-04-04,2024-04-03,6,100,2024-04-05,15.260000228881836,0.7128570420401437,2024-05-03,Development,true,,adverse_first,,0.06553229837382712,4.587154644600089,21.756223099791463,23.18002070690547,22.14940439102646,-5.963301662930509,TSX_above_MA50
trend_rs|BHC.TO|2024-04-05,trend_rs,BHC.TO,Health Care,2024-04-05,2024-04-04,2,100,2024-04-08,13.170000076293945,0.5657142911638532,2024-05-06,Development,true,,adverse_first,,-9.719056382354896,-12.072894027160242,-22.01973881344378,-22.016141462006935,2.4297622852730294,-22.475322862563875,TSX_above_MA50
trend_rs|AEM.TO|2024-04-08,trend_rs,AEM.TO,Materials,2024-04-08,2024-04-05,1,100,2024-04-09,81.57329559326172,1.881506156201419,2024-05-07,Development,true,,adverse_first,,1.006530598883737,1.788051318862971,7.092964583250527,7.411369941439306,9.674406221740895,-2.39192350074684,TSX_above_MA50
trend_rs|BBD-B.TO|2024-04-08,trend_rs,BBD-B.TO,Industrials,2024-04-08,2024-04-05,3,100,2024-04-09,61.439998626708984,1.8842855181012834,2024-05-07,Development,true,,adverse_first,,-6.315099837471793,-4.3619797608698825,19.726561202454196,20.044966560642973,21.126301810484915,-12.044267377253393,TSX_above_MA50
trend_rs|BTE.TO|2024-04-08,trend_rs,BTE.TO,Energy,2024-04-08,2024-04-05,4,100,2024-04-09,4.85557222366333,0.1693647131078804,2024-05-07,Development,true,,adverse_first,,-1.750959675132946,1.167322817440608,-1.361845522378602,-1.0434401641898239,6.031142243637233,-7.392973784212198,TSX_above_MA50
trend_rs|CVE.TO|2024-04-09,trend_rs,CVE.TO,Energy,2024-04-09,2024-04-08,6,100,2024-04-10,27.469087600708008,0.4120293815178052,2024-05-08,Development,true,,adverse_first,,-4.193216459736426,-2.3817444494276474,-4.3944911275485055,-4.665221068999004,0.5031940408745994,-7.413613111885386,TSX_above_MA50
trend_rs|AEM.TO|2024-04-10,trend_rs,AEM.TO,Materials,2024-04-10,2024-04-09,1,100,2024-04-11,81.49603271484375,1.8808124641630652,2024-05-09,Development,true,,success,1,3.5794555399028427,5.155868160640376,10.406542014078468,9.20482344849436,10.54876687430637,-1.920103930352024,TSX_above_MA50
trend_rs|ARX.TO|2024-04-10,trend_rs,ARX.TO,Energy,2024-04-10,2024-04-09,2,100,2024-04-11,24.120243072509766,0.5807983846141465,2024-05-09,Development,true,,adverse_first,,-2.9914627239668867,0.3108029651222921,0.42736989237821543,-0.7743486732058935,1.592846692413974,-5.982884582892034,TSX_above_MA50
trend_rs|CS.TO|2024-04-12,trend_rs,CS.TO,Materials,2024-04-12,2024-04-11,5,100,2024-04-15,9.260000228881836,0.3442857265472412,2024-05-13,Development,true,,success,9,-0.5399588498811614,9.719218102427085,14.794814813136492,12.407532181648984,17.494598763683843,-3.3477366301764344,TSX_above_MA50
trend_rs|CVE.TO|2024-04-12,trend_rs,CVE.TO,Energy,2024-04-12,2024-04-11,6,100,2024-04-15,26.114526748657227,0.5127330601978092,2024-05-13,Development,true,,success,9,2.1171551790438725,3.846150756091382,-1.446718932058233,-3.8340015635457414,3.9520050048975186,-2.6111559845351295,TSX_above_MA50
trend_rs|AG.TO|2024-04-15,trend_rs,AG.TO,Materials,2024-04-15,2024-04-12,2,100,2024-04-16,9.39608097076416,0.688885260058211,2024-05-14,Development,true,,adverse_first,,-1.585617058808897,-2.959825952892181,4.968289790261471,2.1941681162317206,10.6765173984938,-10.042291753997679,TSX_above_MA50
trend_rs|AGI.TO|2024-04-15,trend_rs,AGI.TO,Materials,2024-04-15,2024-04-12,3,100,2024-04-16,20.36188507080078,0.7371048483758761,2024-05-14,Development,true,,adverse_first,,0.2915369146452518,-1.6034858159230558,4.616124484005035,1.842002809975285,5.58796237990582,-4.616131659959432,TSX_above_MA50
trend_rs|AYA.TO|2024-04-16,trend_rs,AYA.TO,Materials,2024-04-16,2024-04-15,4,100,2024-04-17,13.270000457763672,0.9050000054495675,2024-05-15,Development,true,,neither,,3.69253771073903,1.2057260127561031,5.124335554213411,2.221221959358899,12.810849665574375,-1.0550138545085463,TSX_above_MA50
trend_rs|CEU.TO|2024-04-17,trend_rs,CEU.TO,Energy,2024-04-17,2024-04-16,5,100,2024-04-18,5.140842437744141,0.21454541476705336,2024-05-16,Development,true,,success,7,1.123611555302939,8.426966083697373,26.591762939833387,23.867470131596804,30.337084191601903,0.3745273960549911,TSX_above_MA50
trend_rs|CVE.TO|2024-04-22,trend_rs,CVE.TO,Energy,2024-04-22,2024-04-19,6,100,2024-04-23,26.777984619140625,0.6312083102656718,2024-05-22,Development,true,,adverse_first,,-2.684100774849252,-2.684100774849252,-5.384641026780679,-6.907020372281425,1.3764648044699124,-7.088769369075543,TSX_above_MA50
trend_rs|AYA.TO|2024-04-23,trend_rs,AYA.TO,Materials,2024-04-23,2024-04-22,4,100,2024-04-24,13.760000228881836,0.9014286313738141,2024-05-23,Development,true,,success,17,-2.3982552195994433,1.3081348001990012,2.107557827247164,0.6121474751672906,15.843018279358102,-4.578489127627816,TSX_above_MA50
trend_rs|CG.TO|2024-04-23,trend_rs,CG.TO,Materials,2024-04-23,2024-04-22,6,100,2024-04-24,8.040797233581543,0.2736892228475928,2024-05-23,Development,true,,adverse_first,,-0.9389736232010226,5.399040513737541,11.03285853205409,9.537448179974216,20.3051671197533,-3.5211382520396017,TSX_above_MA50
trend_rs|BTE.TO|2024-04-24,trend_rs,BTE.TO,Energy,2024-04-24,2024-04-23,5,100,2024-04-25,5.035058975219727,0.1713890323208846,2024-05-24,Development,true,,adverse_first,,-8.81803160138509,-3.752337753203716,-11.444639617610441,-13.43455066436723,1.313327683960397,-15.572233175207927,TSX_above_MA50
trend_rs|AAV.TO|2024-04-25,trend_rs,AAV.TO,Energy,2024-04-25,2024-04-24,1,100,2024-04-26,10.84000015258789,0.3328571319580078,2024-05-27,Development,true,,success,20,-1.568266364400006,-0.18450606533337854,6.826566058133321,4.986712143339611,7.380075456400026,-2.214019997599981,TSX_above_MA50
trend_rs|ARIS.TO|2024-04-26,trend_rs,ARIS.TO,Materials,2024-04-26,2024-04-25,4,100,2024-04-29,5.639999866485596,0.21500001634870256,2024-05-28,Development,true,,success,10,0.8865282255054341,6.560290268708746,8.156029238234863,7.004363732325736,8.86524843681531,-6.028363187933783,TSX_above_MA50
trend_rs|BBD-B.TO|2024-04-26,trend_rs,BBD-B.TO,Industrials,2024-04-26,2024-04-25,6,100,2024-04-29,63.099998474121094,2.6014281681605746,2024-05-28,Development,true,,success,2,16.576861073558604,14.009515342398405,43.819337867684524,42.667672361775395,45.84786213115473,-0.6180656086836267,TSX_above_MA50
trend_rs|CEU.TO|2024-04-29,trend_rs,CEU.TO,Energy,2024-04-29,2024-04-26,5,100,2024-04-30,5.458535194396973,0.17466184868533277,2024-05-29,Development,true,,success,7,4.056431088411694,19.047628199226054,19.929463323391605,19.084405873300646,22.75132242653615,-1.4109333797107215,TSX_above_MA50
trend_rs|CS.TO|2024-04-29,trend_rs,CS.TO,Materials,2024-04-29,2024-04-26,6,100,2024-04-30,9.529999732971191,0.4300000326974051,2024-05-29,Development,true,,success,4,8.919206771107845,14.165796634800465,5.246589863692619,4.401532413601661,20.776501063902273,-4.302202087095786,TSX_above_MA50
trend_rs|DOL.TO|2024-04-30,trend_rs,DOL.TO,Consumer,2024-04-30,2024-04-29,4,100,2024-05-01,114.51371765136719,1.915588934766458,2024-05-30,Development,true,,success,5,4.080917325791811,5.409392238617272,7.467209858901747,5.888186748609048,9.203781191497317,-0.9898492343383247,TSX_not_above_MA50
trend_rs|FM.TO|2024-04-30,trend_rs,FM.TO,Materials,2024-04-30,2024-04-29,5,100,2024-05-01,17.290000915527344,1.0385712896074568,2024-05-30,Development,true,,success,9,6.188546201078005,7.576630402407525,3.065348474452123,1.4863253641594243,20.069399245885798,-5.205329544376469,TSX_not_above_MA50
trend_rs|FVI.TO|2024-04-30,trend_rs,FVI.TO,Materials,2024-04-30,2024-04-29,6,100,2024-05-01,6.480000019073486,0.29071429797581266,2024-05-30,Development,true,,success,6,1.8518500803375026,12.345681919446161,31.172839120073558,29.59381600978086,33.9506215991779,-3.549382999945916,TSX_not_above_MA50
trend_rs|HBM.TO|2024-05-01,trend_rs,HBM.TO,Materials,2024-05-01,2024-04-30,6,100,2024-05-02,11.341578483581543,0.44634494545938086,2024-05-31,Development,true,,success,8,5.184533420917892,15.729349581211082,16.871707538200308,14.828467286597368,25.92268201701089,-0.43936689052580524,TSX_not_above_MA50
trend_rs|IVN.TO|2024-05-02,trend_rs,IVN.TO,Materials,2024-05-02,2024-05-01,5,100,2024-05-03,19.059999465942383,0.8742858341761998,2024-06-03,Development,true,,success,10,3.147955919630774,10.598113926357321,0.419726788812369,-0.35165763536444405,11.857294292794428,-1.7838413542215714,TSX_not_above_MA50
trend_rs|PAAS.TO|2024-05-02,trend_rs,PAAS.TO,Materials,2024-05-02,2024-05-01,6,100,2024-05-03,23.9919376373291,0.8517071296227284,2024-06-03,Development,true,,success,4,11.573896635459114,18.395229708033867,19.159848585126337,18.388464160949525,24.914617413284912,1.9623599306971329,TSX_not_above_MA50
trend_rs|AAV.TO|2024-05-03,trend_rs,AAV.TO,Energy,2024-05-03,2024-05-02,1,100,2024-05-06,10.949999809265137,0.26999991280691965,2024-06-04,Development,true,,success,13,-0.6392666305344519,1.187215677674458,0.7305929232835684,1.9943265257903686,7.123285356692044,-2.0091348937071207,TSX_above_MA50
trend_rs|CS.TO|2024-05-03,trend_rs,CS.TO,Materials,2024-05-03,2024-05-02,4,100,2024-05-06,10.550000190734863,0.4657143865312849,2024-06-04,Development,true,,adverse_first,,0.7582931019879169,4.454978753854122,-15.63981556752615,-14.376081965019349,9.099526263421831,-17.819905975849714,TSX_above_MA50
trend_rs|AYA.TO|2024-05-06,trend_rs,AYA.TO,Materials,2024-05-06,2024-05-03,2,100,2024-05-07,14.319999694824219,0.6507143974304199,2024-06-05,Development,true,,success,8,0.6983267011232641,0.41899735262134197,1.0474900516848962,1.7006784446690126,11.312848603932647,-4.189940227528577,TSX_above_MA50
trend_rs|IVN.TO|2024-05-07,trend_rs,IVN.TO,Materials,2024-05-07,2024-05-06,6,100,2024-05-08,19.8799991607666,0.8507145472935268,2024-06-06,Development,true,,adverse_first,,0.251514821529053,-4.879272405950585,-6.488928886498835,-6.353705651021224,7.24346375677658,-11.619716113978473,TSX_above_MA50
trend_rs|K.TO|2024-05-08,trend_rs,K.TO,Materials,2024-05-08,2024-05-07,5,100,2024-05-09,10.089170455932617,0.3215337443229314,2024-06-07,Development,true,,success,7,3.491755852156797,7.080512799475058,-0.8894760333943874,0.7587366265924711,9.311349382911228,-0.986836337377972,TSX_above_MA50
trend_rs|POU.TO|2024-05-08,trend_rs,POU.TO,Energy,2024-05-08,2024-05-07,6,100,2024-05-09,15.544011116027832,0.4280254218266399,2024-06-07,Development,true,,adverse_first,,-2.172902183356762,-1.9578961434441933,-3.6472310671334385,-1.99901840714658,1.5436105193820993,-6.31943324941755,TSX_above_MA50
trend_rs|CS.TO|2024-05-09,trend_rs,CS.TO,Materials,2024-05-09,2024-05-08,4,100,2024-05-10,10.75,0.47785731724330355,2024-06-10,Development,true,,adverse_first,,4.186044737350114,-4.279070122297424,-12.372092313544691,-11.300324520473737,7.0697695709938335,-19.348836499591204,TSX_above_MA50
trend_rs|EDR.TO|2024-05-09,trend_rs,EDR.TO,Materials,2024-05-09,2024-05-08,5,100,2024-05-10,4.53000020980835,0.234285763331822,2024-06-10,Development,true,,success,5,15.894034367431331,19.867540327737633,10.375270826125082,11.447038619196036,26.490060787787574,-2.869759567768715,TSX_above_MA50
trend_rs|CEU.TO|2024-05-10,trend_rs,CEU.TO,Energy,2024-05-10,2024-05-09,4,100,2024-05-13,6.392358779907227,0.20010480166240338,2024-06-11,Development,true,,success,13,3.9156561797223155,3.162650827092972,5.722880961211563,7.393643839270226,9.03613672954231,-1.3554128403199583,TSX_above_MA50
trend_rs|FVI.TO|2024-05-14,trend_rs,FVI.TO,Materials,2024-05-14,2024-05-13,6,100,2024-05-15,7.28000020980835,0.302142824445452,2024-06-13,Development,true,,success,2,9.065931708667962,16.758238393289382,-7.8296724620064655,-5.196931080855605,19.230769986533947,-9.203297486053009,TSX_above_MA50
trend_rs|HBM.TO|2024-05-15,trend_rs,HBM.TO,Materials,2024-05-15,2024-05-14,5,100,2024-05-16,13.125535011291504,0.4805148510768629,2024-06-14,Development,true,,success,2,0.07593481158816306,0.9870944242951873,-9.187545470246173,-6.224733477636235,8.807906095287255,-9.946849823608417,TSX_above_MA50
trend_rs|IMG.TO|2024-05-15,trend_rs,IMG.TO,Materials,2024-05-15,2024-05-14,6,100,2024-05-16,6,0.23214285714285715,2024-06-14,Development,true,,adverse_first,,-8.666666348775232,-10.6666644414266,-16.99999968210856,-14.037187689498621,3.9999961853027344,-18.999997774759926,TSX_above_MA50
trend_rs|CG.TO|2024-05-16,trend_rs,CG.TO,Materials,2024-05-16,2024-05-15,3,100,2024-05-17,9.277115821838379,0.25279198675487274,2024-06-17,Development,true,,adverse_first,,-0.6103562782843852,-2.1523452313435776,-5.53347270764567,-1.6274662054593598,4.27265041629985,-7.172787789540902,TSX_above_MA50
trend_rs|AG.TO|2024-05-17,trend_rs,AG.TO,Materials,2024-05-17,2024-05-16,1,100,2024-05-21,10.344758033752441,0.4831759515614053,2024-06-18,Development,true,,adverse_first,,-0.28819246141769117,-12.680108764743924,-18.731984514068756,-14.918156671626859,2.9779204833758177,-21.22960514515102,TSX_above_MA50
trend_rs|CS.TO|2024-05-17,trend_rs,CS.TO,Materials,2024-05-17,2024-05-16,5,100,2024-05-21,11.020000457763672,0.468571526663644,2024-06-18,Development,true,,adverse_first,,-6.261347598869715,-19.237756362703617,-15.335757385263982,-11.521929542822084,-2.813070841556109,-21.778588679765175,TSX_above_MA50
trend_rs|EDR.TO|2024-05-17,trend_rs,EDR.TO,Materials,2024-05-17,2024-05-16,6,100,2024-05-21,5.380000114440918,0.2671429429735456,2024-06-18,Development,true,,adverse_first,,4.646840049853407,-7.620823708697532,-3.5315995014658763,0.2822283409760207,6.505574297165984,-11.895916909088422,TSX_above_MA50
trend_rs|AGI.TO|2024-05-21,trend_rs,AGI.TO,Materials,2024-05-21,2024-05-17,2,100,2024-05-22,22.380264282226562,0.5597189935564598,2024-06-19,Development,true,,adverse_first,,1.6799298840332044,0.8841709318728297,-5.423385488503884,-1.709653045328729,3.757727665051691,-8.567107976820065,TSX_above_MA50
trend_rs|AYA.TO|2024-05-21,trend_rs,AYA.TO,Materials,2024-05-21,2024-05-17,3,100,2024-05-22,14.380000114440918,0.6485714912414551,2024-06-19,Development,true,,adverse_first,,4.79832805905458,0.6258703189961023,-3.3379728239960937,0.3757596191790613,8.831707190419124,-7.23226671471735,TSX_above_MA50
trend_rs|CCO.TO|2024-05-21,trend_rs,CCO.TO,Energy,2024-05-21,2024-05-17,5,100,2024-05-22,71.1135025024414,2.581391386236237,2024-06-19,Development,true,,success,7,4.3983744643406375,4.090209740618733,-0.7423997603687726,2.9713326828063824,7.381986089294301,-3.3898345752113923,TSX_above_MA50
trend_rs|CS.TO|2024-05-22,trend_rs,CS.TO,Materials,2024-05-22,2024-05-21,3,100,2024-05-23,10.140000343322754,0.5014287403651646,2024-06-20,Development,true,,adverse_first,,-2.4654831512370357,-7.692314203511275,-5.128209469007516,-2.3382182577529997,5.2268216472024065,-14.99014207395566,TSX_above_MA50
trend_rs|DML.TO|2024-05-22,trend_rs,DML.TO,Energy,2024-05-22,2024-05-21,4,100,2024-05-23,3.0899999141693115,0.11785720075879778,2024-06-20,Development,true,,success,5,6.796117928159462,-2.2653700707825464,-7.443366519811622,-4.653375308557106,9.061487998941997,-10.679609478072393,TSX_above_MA50
trend_rs|EDR.TO|2024-05-22,trend_rs,EDR.TO,Materials,2024-05-22,2024-05-21,5,100,2024-05-23,5.019999980926514,0.28071437563214985,2024-06-20,Development,true,,success,3,9.561753404327611,7.569723423998576,5.776891692328334,8.56688290358285,14.143427108458507,-5.57769344366953,TSX_above_MA50
trend_rs|ERO.TO|2024-05-22,trend_rs,ERO.TO,Materials,2024-05-22,2024-05-21,6,100,2024-05-23,30.219999313354492,1.1242859704153878,2024-06-20,Development,true,,adverse_first,,-2.217075087747822,-8.934476892584398,-4.731960391525291,-1.9419691802707746,6.18795791437039,-14.262076650801758,TSX_above_MA50
trend_rs|FVI.TO|2024-05-24,trend_rs,FVI.TO,Materials,2024-05-24,2024-05-23,6,100,2024-05-27,8.510000228881836,0.3250000476837158,2024-06-24,Development,true,,adverse_first,,-0.47003479174151375,-17.74383299964072,-20.68155324965355,-18.335907205300337,1.9976506665297933,-22.326675020748866,TSX_above_MA50
trend_rs|BEP-UN.TO|2024-05-27,trend_rs,BEP-UN.TO,Utilities,2024-05-27,2024-05-24,2,100,2024-05-28,34.31052017211914,0.9212179814621224,2024-06-25,Development,true,,adverse_first,,0.39020281407207147,-3.9594756544063414,-4.97355157384729,-2.832983520092336,2.3382395850385596,-10.951062224182396,TSX_above_MA50
trend_rs|BEPC.TO|2024-05-27,trend_rs,BEPC.TO,Utilities,2024-05-27,2024-05-24,3,100,2024-05-28,38.87394714355469,0.9698363945037245,2024-06-25,Development,true,,adverse_first,,0.5422168647648107,0.42593291132235755,-6.248972089103533,-4.1084040353485785,2.7516798879686943,-7.760712077807508,TSX_above_MA50
trend_rs|CG.TO|2024-05-27,trend_rs,CG.TO,Materials,2024-05-27,2024-05-24,5,100,2024-05-28,9.286555290222168,0.3107656100632536,2024-06-25,Development,true,,adverse_first,,-4.810642886550043,-4.196521977202117,-4.708297959499297,-2.5677299057443426,1.1258933345777322,-7.267143501366413,TSX_above_MA50
trend_rs|CLS.TO|2024-05-27,trend_rs,CLS.TO,Technology,2024-05-27,2024-05-24,6,100,2024-05-28,81.06999969482422,2.8035717010498047,2024-06-25,Development,true,,adverse_first,,-11.089179594931565,-9.670650508700017,-6.007157721616407,-3.8665896678614526,2.3806590754175128,-13.79055180370199,TSX_above_MA50
trend_rs|AGI.TO|2024-05-29,trend_rs,AGI.TO,Materials,2024-05-29,2024-05-28,1,100,2024-05-30,22.756237030029297,0.5703190780696966,2024-06-27,Development,true,,adverse_first,,0.6087007248955612,-8.814882998002993,-5.897313697245677,-5.310589500270447,1.1739228035864357,-10.077738913215327,TSX_not_above_MA50
trend_rs|AYA.TO|2024-05-29,trend_rs,AYA.TO,Materials,2024-05-29,2024-05-28,2,100,2024-05-30,15.010000228881836,0.7278570447649274,2024-06-27,Development,true,,adverse_first,,0.26648874912114096,-10.459697698588855,-9.726848873311011,-9.14012467633578,2.198533768647626,-15.056630209326748,TSX_not_above_MA50
trend_rs|CCO.TO|2024-05-29,trend_rs,CCO.TO,Energy,2024-05-29,2024-05-28,6,100,2024-05-30,74.62982940673828,2.266188363393346,2024-06-27,Development,true,,adverse_first,,1.1879412558791103,-2.9498109821618157,-5.4057598942371055,-4.819035697261875,2.322478788738591,-10.277620390243547,TSX_not_above_MA50
trend_rs|CEU.TO|2024-05-31,trend_rs,CEU.TO,Energy,2024-05-31,2024-05-30,5,100,2024-06-03,6.719677925109863,0.17466210225645057,2024-07-02,Development,true,,adverse_first,,1.7192009813097764,0.5730622630158333,7.741616524221295,8.478156981225382,11.193955038386584,-3.4383897963149224,TSX_above_MA50
trend_rs|CG.TO|2024-05-31,trend_rs,CG.TO,Materials,2024-05-31,2024-05-30,6,100,2024-06-03,9.07744026184082,0.3334121339652628,2024-07-02,Development,true,,adverse_first,,-1.675399589804405,-3.4555018046126706,-3.664907054620392,-2.9283665976163054,3.4555086715847505,-5.6544317954117185,TSX_above_MA50
trend_rs|AGI.TO|2024-06-03,trend_rs,AGI.TO,Materials,2024-06-03,2024-05-31,1,100,2024-06-04,22.14280891418457,0.5681989230862191,2024-07-03,Development,true,,adverse_first,,-2.23414015545762,-4.946194008566818,-1.6792789241713235,-2.7962949160482253,3.976770855906775,-7.586598633554232,TSX_above_MA50
trend_rs|CLS.TO|2024-06-04,trend_rs,CLS.TO,Technology,2024-06-04,2024-06-03,3,100,2024-06-05,77.16000366210938,3.4042859758649553,2024-07-04,Development,true,,adverse_first,,-2.3716974393474977,6.233796436372874,4.186101055261093,3.7390475443105364,7.5686833342627935,-9.42198539063962,TSX_not_above_MA50
trend_rs|EDR.TO|2024-06-04,trend_rs,EDR.TO,Materials,2024-06-04,2024-06-03,4,100,2024-06-05,5.110000133514404,0.286428621837071,2024-07-04,Development,true,,adverse_first,,-3.913899821461353,1.369857005778119,3.3268115822342903,2.8797580712837334,6.653613833017613,-8.023489501697723,TSX_not_above_MA50
trend_rs|FVI.TO|2024-06-04,trend_rs,FVI.TO,Materials,2024-06-04,2024-06-03,5,100,2024-06-05,6.96999979019165,0.2828572818211147,2024-07-04,Development,true,,adverse_first,,-1.147775123589423,-2.295550247178846,1.7216695266635051,1.2746160157129482,5.451938678329138,-5.4519318370497505,TSX_not_above_MA50
trend_rs|K.TO|2024-06-04,trend_rs,K.TO,Materials,2024-06-04,2024-06-03,6,100,2024-06-05,10.598610877990723,0.27861892431887053,2024-07-04,Development,true,,adverse_first,,-4.633925975635467,-4.355884478346916,5.0046389739135,4.557585462962943,6.58016602141287,-8.248377262493046,TSX_not_above_MA50
trend_rs|NFI.TO|2024-06-05,trend_rs,NFI.TO,Industrials,2024-06-05,2024-06-04,6,100,2024-06-06,16.489999771118164,0.49285691125052317,2024-07-05,Development,true,,adverse_first,,-3.274711760753468,-5.397206804133803,-0.12128840534432195,0.6439230173588384,2.304433434746289,-8.550635942892427,TSX_above_MA50
trend_rs|AGI.TO|2024-06-06,trend_rs,AGI.TO,Materials,2024-06-06,2024-06-05,1,100,2024-06-07,21.747047424316406,0.5886934254447928,2024-07-08,Development,true,,adverse_first,,-4.30995650128454,-1.8037986562724373,3.983172357564424,3.441982693480261,4.256566413679841,-5.904822496547501,TSX_above_MA50
trend_rs|BDT.TO|2024-06-06,trend_rs,BDT.TO,Industrials,2024-06-06,2024-06-05,3,100,2024-06-07,21.676258087158203,0.6951875705491882,2024-07-08,Development,true,,success,2,12.652180868278528,8.565218561987486,16.640899522922137,16.099709858837976,18.90573792268175,-0.0000046667448905246545,TSX_above_MA50
trend_rs|HBM.TO|2024-06-06,trend_rs,HBM.TO,Materials,2024-06-06,2024-06-05,6,100,2024-06-07,12.457797050476074,0.5460077033491462,2024-07-08,Development,true,,adverse_first,,-4.319997623813365,-3.5999992957178817,3.440012425986261,2.898822761902098,6.800004440100693,-7.919994959366161,TSX_above_MA50
trend_rs|CLS.TO|2024-06-07,trend_rs,CLS.TO,Technology,2024-06-07,2024-06-06,3,100,2024-06-10,75.04000091552734,3.6178572518484935,2024-07-09,Development,true,,success,6,4.2910463505029695,-2.905117642029098,7.635921718590244,7.7596237017689695,10.607674556711743,-2.9450946928431643,TSX_not_above_MA50
trend_rs|NFI.TO|2024-06-07,trend_rs,NFI.TO,Industrials,2024-06-07,2024-06-06,5,100,2024-06-10,16.530000686645508,0.46285697392054964,2024-07-09,Development,true,,adverse_first,,-4.295226632355165,-6.957050964514888,-0.9074502096064085,-0.7837482264276829,1.5728990809533938,-8.771934075664623,TSX_not_above_MA50
trend_rs|DOL.TO|2024-06-07,trend_rs,DOL.TO,Consumer,2024-06-07,2024-06-06,6,92.28797324228765,2024-06-10,126.0277099609375,2.2016682718120464,2024-07-09,Development,true,,adverse_first,,-2.9191212579388837,-0.5443768469971966,2.6935163920849936,2.817218375263719,2.9540490249744478,-5.52267863961683,TSX_not_above_MA50
trend_rs|BIR.TO|2024-06-10,trend_rs,BIR.TO,Energy,2024-06-10,2024-06-07,3,100,2024-06-11,5.847194194793701,0.17375037740012914,2024-07-10,Development,true,,adverse_first,,-3.621012268750423,-2.3444652804026633,-3.142307148120016,-5.257225027334,2.5117556485002135,-6.3336827739632895,TSX_not_above_MA50
trend_rs|EFN.TO|2024-06-12,trend_rs,EFN.TO,Industrials,2024-06-12,2024-06-11,5,95.61153808250772,2024-06-13,23.58618927001953,0.46015815835841906,2024-07-12,Development,true,,adverse_first,,-2.2013825700172296,1.1414726043016854,6.0981698463103085,1.6028434896944388,6.91746387056813,-3.3428455925568867,TSX_not_above_MA50
trend_rs|CCO.TO|2024-06-13,trend_rs,CCO.TO,Energy,2024-06-13,2024-06-12,4,97.54399342808453,2024-06-14,71.01388549804688,2.4049356849601913,2024-07-15,Development,true,,adverse_first,,-0.7855128292729274,-5.582819040792309,0.15430924935850854,-4.987307682304265,3.464734163715888,-7.644824929531802,TSX_not_above_MA50
trend_rs|GIL.TO|2024-06-13,trend_rs,GIL.TO,Consumer,2024-06-13,2024-06-12,6,80.21207026173393,2024-06-14,49.61629104614258,1.1712701945541717,2024-07-15,Development,true,,success,19,0.3099577115118324,0.5230570018497582,3.9907084188635533,-1.1509085127992202,5.617989835413928,-2.130952333496483,TSX_not_above_MA50
trend_rs|SJ.TO|2024-06-14,trend_rs,SJ.TO,Materials,2024-06-14,2024-06-13,5,80.29563601140117,2024-06-17,82.03783416748047,1.7684622079469545,2024-07-16,Development,true,,success,7,2.728138543195424,3.9510779594234657,7.373003822330859,0.8531479098437211,8.901697659076957,-0.7761038713067769,TSX_not_above_MA50
trend_rs|SAP.TO|2024-06-17,trend_rs,SAP.TO,Consumer,2024-06-17,2024-06-14,4,88.14688492625521,2024-06-18,27.841402053833008,0.6517809116936751,2024-07-17,Development,true,,adverse_first,,4.424791735074396,5.445884345546204,7.5561593057381415,1.8188904108656034,9.428183199135054,-2.7569744443009747,TSX_not_above_MA50
trend_rs|CEU.TO|2024-06-17,trend_rs,CEU.TO,Energy,2024-06-17,2024-06-14,5,83.75996877715113,2024-06-18,6.690796375274658,0.20354323948470945,2024-07-17,Development,true,,success,7,1.1510861506553338,8.784582703476019,10.951588829712211,5.214319934839673,13.696485795537594,-2.733803791746525,TSX_not_above_MA50
trend_rs|BIR.TO|2024-06-18,trend_rs,BIR.TO,Energy,2024-06-18,2024-06-17,6,78.87054142470478,2024-06-19,5.598145961761475,0.17813724663064404,2024-07-18,Development,true,,success,10,0,5.499983262583319,2.6666580353271074,-2.956365581736997,8.99999645465126,-2.1666905306169992,TSX_not_above_MA50
trend_rs|CEU.TO|2024-06-19,trend_rs,CEU.TO,Energy,2024-06-19,2024-06-18,3,81.92519073053592,2024-06-20,6.710051536560059,0.20560619186836376,2024-07-19,Development,true,,success,5,6.599702472953739,8.04024417854523,13.8023754693541,8.663691325012145,16.539395417452706,-3.0129188306404764,TSX_not_above_MA50
trend_rs|CPX.TO|2024-06-19,trend_rs,CPX.TO,Utilities,2024-06-19,2024-06-18,5,78.03913457340087,2024-06-20,36.16161346435547,0.832305641916401,2024-07-19,Development,true,,adverse_first,,-1.4917902221097012,-0.8730266732070668,0.9958700571229606,-4.142814087218993,7.006595152237849,-3.1965241566291214,TSX_not_above_MA50
trend_rs|EDR.TO|2024-06-20,trend_rs,EDR.TO,Materials,2024-06-20,2024-06-19,2,91.4012974214971,2024-06-21,5.099999904632568,0.25357154437473844,2024-07-22,Development,true,,adverse_first,,-5.686273868154523,10.000004674874186,24.11764788380133,18.003962344812894,34.70588262793377,-7.843139271514355,TSX_not_above_MA50
trend_rs|KNT.TO|2024-06-20,trend_rs,KNT.TO,Materials,2024-06-20,2024-06-19,3,86.6590751722173,2024-06-21,7.550000190734863,0.2528570720127651,2024-07-22,Development,true,,success,7,3.973506043958186,7.947012087916394,3.973506043958186,-2.1401794950302477,13.907286943163166,-3.046357791563181,TSX_not_above_MA50
trend_rs|BIR.TO|2024-06-20,trend_rs,BIR.TO,Energy,2024-06-20,2024-06-19,4,85.43810866648386,2024-06-21,5.476851463317871,0.16726065085471425,2024-07-22,Development,true,,success,1,2.3850427354147996,7.666124837734278,6.132891163777154,0.019205624788720677,11.413992888345327,0.00001051798952378391,TSX_not_above_MA50
trend_rs|NFI.TO|2024-06-20,trend_rs,NFI.TO,Industrials,2024-06-20,2024-06-19,5,83.24600428052841,2024-06-21,15.319999694824219,0.4500000136239188,2024-07-22,Development,true,,success,7,3.3942589303010973,8.94256440289778,9.268930186556634,3.1552446475682006,9.986949850674032,-1.5665781716643679,TSX_not_above_MA50
trend_rs|SAP.TO|2024-06-21,trend_rs,SAP.TO,Consumer,2024-06-21,2024-06-20,2,82.79029905421874,2024-06-24,28.61846160888672,0.6359503147528953,2024-07-23,Development,true,,success,5,4.701987081583736,2.5496663759947413,4.2715109439177334,-0.14616885767853027,6.456946781568451,-0.9271478165793989,TSX_not_above_MA50
trend_rs|TXG.TO|2024-06-21,trend_rs,TXG.TO,Materials,2024-06-21,2024-06-20,3,80.55590878492578,2024-06-24,21.04354476928711,0.8110007533337844,2024-07-23,Development,true,,adverse_first,,-0.5649749775171964,5.932196476748852,3.6252372227808527,-0.792442578815411,10.922782597392988,-4.048975095468721,TSX_not_above_MA50
trend_rs|CPX.TO|2024-06-21,trend_rs,CPX.TO,Utilities,2024-06-21,2024-06-20,4,76.06058990327082,2024-06-24,35.990787506103516,0.8676271908255916,2024-07-23,Development,true,,adverse_first,,-1.1638016786632455,0.2825930343392624,4.520227257286313,0.10254745569004964,7.5144891279687265,-2.737058063527953,TSX_not_above_MA50
trend_rs|CJT.TO|2024-06-21,trend_rs,CJT.TO,Industrials,2024-06-21,2024-06-20,5,75.1609801286659,2024-06-24,127.99464416503906,3.43300000991215,2024-07-23,Development,true,,success,4,5.118321958900407,2.133256050690857,-2.329268166199483,-6.746947967795746,8.276793205152288,-4.251486306837416,TSX_not_above_MA50
trend_rs|BIR.TO|2024-06-24,trend_rs,BIR.TO,Energy,2024-06-24,2024-06-21,2,95.77052771826209,2024-06-25,5.710108757019043,0.17378722325840806,2024-07-24,Development,true,,success,12,2.2875806077445215,-0.8169960566067558,-1.307193690570807,-5.213380942446799,6.862743942406846,-2.7777787834754486,TSX_not_above_MA50
trend_rs|CEU.TO|2024-06-24,trend_rs,CEU.TO,Energy,2024-06-24,2024-06-21,3,92.40953785037638,2024-06-25,6.767813205718994,0.19322848861916547,2024-07-24,Development,true,,success,2,7.546628358939489,11.40287348818616,9.11767683710143,5.211489585225437,15.544759514027206,-0.42675362791214644,TSX_not_above_MA50
trend_rs|NWC.TO|2024-06-24,trend_rs,NWC.TO,Consumer,2024-06-24,2024-06-21,6,80.58008405115999,2024-06-25,39.18511199951172,1.0369128889307073,2024-07-24,Development,true,,adverse_first,,0.5956498654321463,-0.24164385578002712,6.6720553512597425,2.7658680993837503,7.485448529521044,-3.3037768421311564,TSX_not_above_MA50
trend_rs|NFI.TO|2024-06-25,trend_rs,NFI.TO,Industrials,2024-06-25,2024-06-24,5,74.25781510779946,2024-06-26,15.4399995803833,0.440000057220459,2024-07-25,Development,true,,success,4,6.670982907796308,3.6269458214764905,6.865287878397619,3.1298408276934753,9.779800670944482,-0.5828963818620747,TSX_not_above_MA50
trend_rs|IGM.TO|2024-06-25,trend_rs,IGM.TO,Financials,2024-06-25,2024-06-24,6,69.61857339415457,2024-06-26,34.0066032409668,0.5961658123284269,2024-07-25,Development,true,,success,11,1.8528088724295566,2.6590231986150403,4.916470425515285,1.181023374811141,6.152676347904085,-0.39716969676637515,TSX_not_above_MA50
trend_rs|CEU.TO|2024-06-26,trend_rs,CEU.TO,Energy,2024-06-26,2024-06-25,5,74.61684824098161,2024-06-27,7.152894973754883,0.20148019174911383,2024-07-26,Development,true,,success,8,1.35135621598661,1.081082306248482,9.3243265584531,5.347507490315451,10.270268381891379,-1.7567560742491106,TSX_not_above_MA50
trend_rs|SJ.TO|2024-06-26,trend_rs,SJ.TO,Materials,2024-06-26,2024-06-25,6,71.17393068956778,2024-06-27,86.0799331665039,1.5752126292583637,2024-07-26,Development,true,,adverse_first,,-1.378477025249969,0.8629252528812081,7.486269427916392,3.509450359778743,9.828497035908757,-5.435410593178913,TSX_not_above_MA50
trend_rs|WELL.TO|2024-07-02,trend_rs,WELL.TO,Health Care,2024-07-02,2024-06-28,4,100,2024-07-03,4.619999885559082,0.14714288711547852,2024-07-31,Development,true,,success,3,1.5151552682972858,5.194810690482932,4.76191065970526,0.7702189356219913,9.307366143446249,-0.21644485481340237,TSX_not_above_MA50
trend_rs|FM.TO|2024-07-03,trend_rs,FM.TO,Materials,2024-07-03,2024-07-02,6,94.8638723248163,2024-07-04,19.149999618530273,1.0178570066179549,2024-08-01,Development,true,,adverse_first,,-2.506525074662991,-14.464754636774579,-16.553525532327072,-18.707810817122983,2.819848179029827,-18.43341933832431,TSX_above_MA50
trend_rs|CLS.TO|2024-07-05,trend_rs,CLS.TO,Technology,2024-07-05,2024-07-04,3,100,2024-07-08,80.7300033569336,3.0371415274483815,2024-08-06,Development,true,,success,6,3.716090518089077,-3.0348129267435464,-19.70767125050903,-19.044656885845125,7.630367616212652,-22.22222432233486,TSX_above_MA50
trend_rs|K.TO|2024-07-08,trend_rs,K.TO,Materials,2024-07-08,2024-07-05,5,100,2024-07-09,11.512115478515625,0.3276544622565322,2024-08-07,Development,true,,success,2,8.788386828690275,6.313986331909804,-4.692847381829079,-3.960171868615969,11.604071650682934,-5.204796272653123,TSX_above_MA50
trend_rs|ATZ.TO|2024-07-09,trend_rs,ATZ.TO,Consumer,2024-07-09,2024-07-08,1,100,2024-07-10,41.27000045776367,1.0153568812779017,2024-08-08,Development,true,,success,2,14.732246059894717,10.419188731197693,3.004598618889198,3.5620863090681354,16.86454811551461,-1.8657631432587474,TSX_above_MA50
trend_rs|CEU.TO|2024-07-10,trend_rs,CEU.TO,Energy,2024-07-10,2024-07-09,6,96.67992432406703,2024-07-11,7.143229007720947,0.23636704952119336,2024-08-09,Development,true,,success,5,6.765904092116948,8.52503835502263,3.788901485317142,4.821538992064989,12.990525918222161,-11.096068830125905,TSX_above_MA50
trend_rs|EDR.TO|2024-07-11,trend_rs,EDR.TO,Materials,2024-07-11,2024-07-10,2,100,2024-07-12,6.480000019073486,0.2892856938498361,2024-08-12,Development,true,,adverse_first,,-3.2407413198896617,-7.407407679948075,-43.98147988030504,-42.77037612757608,6.018516440395905,-47.83950456030721,TSX_above_MA50
trend_rs|PAAS.TO|2024-07-11,trend_rs,PAAS.TO,Materials,2024-07-11,2024-07-10,5,88.63069773149948,2024-07-12,31.224597930908203,0.9151652685958442,2024-08-12,Development,true,,adverse_first,,-4.298079945600309,-8.101421797821251,-15.739014416137332,-14.527910663408372,2.6592553990841594,-22.820035144521377,TSX_above_MA50
trend_rs|FM.TO|2024-07-12,trend_rs,FM.TO,Materials,2024-07-12,2024-07-11,6,86.78343456189864,2024-07-15,18.3700008392334,1.059286117553711,2024-08-13,Development,true,,adverse_first,,-10.288520471705876,-9.961893522604882,-13.881333848189382,-13.294564487727811,-1.4697901220941834,-21.611328466704617,TSX_above_MA50
trend_rs|LUG.TO|2024-07-15,trend_rs,LUG.TO,Materials,2024-07-15,2024-07-12,6,95.79329524873972,2024-07-16,19.71986961364746,0.5205562507000996,2024-08-14,Development,true,,adverse_first,,-1.7476826092856612,-2.855944607598626,7.3742435237976744,8.397928202586613,8.226757572667044,-8.312017179678433,TSX_above_MA50
trend_rs|SKE.TO|2024-07-16,trend_rs,SKE.TO,Materials,2024-07-16,2024-07-15,4,100,2024-07-17,9.069999694824219,0.4614284038543701,2024-08-15,Development,true,,adverse_first,,-4.18963756589501,-0.8820278544409033,16.20728022590412,15.413011188806603,17.199564190800487,-14.66372622333182,TSX_above_MA50
trend_rs|LUG.TO|2024-07-18,trend_rs,LUG.TO,Materials,2024-07-18,2024-07-17,6,95.79329524873972,2024-07-19,19.602190017700195,0.5589822128722799,2024-08-19,Development,true,,adverse_first,,-3.816479850091359,2.7872980491852273,16.166359822181022,14.288913886163026,16.80958167296074,-7.761578439834949,TSX_above_MA50
trend_rs|WELL.TO|2024-07-19,trend_rs,WELL.TO,Health Care,2024-07-19,2024-07-18,5,100,2024-07-22,4.800000190734863,0.14821420397077287,2024-08-20,Development,true,,adverse_first,,3.1249919285380123,-4.791666873627232,-4.791666873627232,-5.5117444224107475,4.7916668736272205,-9.583333747254464,TSX_above_MA50
trend_rs|CEU.TO|2024-07-22,trend_rs,CEU.TO,Energy,2024-07-22,2024-07-19,2,100,2024-07-23,7.578202724456787,0.2306049409007645,2024-08-21,Development,true,,success,7,4.59182276981871,-6.8877467391673,-2.4234672609206642,-3.77308208596574,6.505095163516494,-16.19897710263578,TSX_above_MA50
trend_rs|WDO.TO|2024-07-22,trend_rs,WDO.TO,Materials,2024-07-22,2024-07-19,6,100,2024-07-23,13.167983055114746,0.4531579327680963,2024-08-21,Development,true,,adverse_first,,-2.0485628562930125,-6.7526572806008485,4.248860648144492,2.8992458230994167,13.73292835143316,-7.20789916903275,TSX_above_MA50
trend_rs|PAAS.TO|2024-07-23,trend_rs,PAAS.TO,Materials,2024-07-23,2024-07-22,6,97.75385221683402,2024-07-24,30.26874351501465,1.0261989980586423,2024-08-22,Development,true,,adverse_first,,1.2440121921626135,-18.660283704523493,-8.803066049996788,-10.560607691591152,2.1371562733527805,-20.382774734652564,TSX_above_MA50
trend_rs|LUG.TO|2024-07-24,trend_rs,LUG.TO,Materials,2024-07-24,2024-07-23,4,100,2024-07-25,18.6523380279541,0.5799964621967383,2024-08-23,Development,true,,success,4,6.985144076758032,3.7854948622059625,24.60567058829064,21.6062915659313,27.354681165744488,-3.064427438246997,TSX_above_MA50
trend_rs|WDO.TO|2024-07-25,trend_rs,WDO.TO,Materials,2024-07-25,2024-07-24,4,100,2024-07-26,12.788329124450684,0.44530795022777464,2024-08-26,Development,true,,adverse_first,,1.875001631301898,9.375000699129398,3.593756233903722,1.2522971790036141,17.109378306259515,-4.453130702236196,TSX_above_MA50
trend_rs|OGC.TO|2024-07-25,trend_rs,OGC.TO,Materials,2024-07-25,2024-07-24,5,94.78928985381398,2024-07-26,10.481060028076172,0.3774692486357291,2024-08-26,Development,true,,adverse_first,,-4.761902162183218,-3.081248473638487,0.5602269952069916,-1.7812320596931164,4.201673361146874,-16.526610722757727,TSX_above_MA50
trend_rs|CEU.TO|2024-07-25,trend_rs,CEU.TO,Energy,2024-07-25,2024-07-24,6,92.37907476862577,2024-07-26,7.819854259490967,0.2582223408142732,2024-08-26,Development,true,,adverse_first,,-3.95549892212671,-2.8430146597230865,0.6180583304668641,-1.7234007244332439,3.213842042783699,-18.78862201782129,TSX_above_MA50
trend_rs|CSU.TO|2024-07-26,trend_rs,CSU.TO,Technology,2024-07-26,2024-07-25,5,93.85324987112931,2024-07-29,4333.8505859375,82.12035944703901,2024-08-27,Development,true,,adverse_first,,-7.137776673142005,-5.7825973897797205,-1.3225171664830615,-3.4314233758234947,1.0185541420343114,-9.869513505166093,TSX_above_MA50
trend_rs|AIF.TO|2024-07-29,trend_rs,AIF.TO,Real Estate,2024-07-29,2024-07-26,1,100,2024-07-30,56.46341323852539,1.1077411427592685,2024-08-28,Development,true,,adverse_first,,-6.836286347134712,-11.786093951678689,-7.13049212092386,-8.454937969488054,0.8999630061633734,-14.243687043504838,TSX_above_MA50
trend_rs|CIGI.TO|2024-07-29,trend_rs,CIGI.TO,Real Estate,2024-07-29,2024-07-26,3,100,2024-07-30,184.73500061035156,4.796504757174576,2024-08-28,Development,true,,adverse_first,,-2.687995078465455,0.5979370424521235,3.630688985927155,2.306243137362962,7.326006244615968,-2.860374646399755,TSX_above_MA50
trend_rs|LUG.TO|2024-07-30,trend_rs,LUG.TO,Materials,2024-07-30,2024-07-29,4,100,2024-07-31,20.0897216796875,0.5349653745336861,2024-08-29,Development,true,,adverse_first,,-7.9916356524381005,4.644358575117735,13.849365790672952,13.344410467598733,18.24268152741959,-9.999994266559952,TSX_above_MA50
trend_rs|WDO.TO|2024-07-30,trend_rs,WDO.TO,Materials,2024-07-30,2024-07-29,5,100,2024-07-31,13.27788257598877,0.4074853728074513,2024-08-29,Development,true,,adverse_first,,-5.041389098755433,1.6553843895248832,0.6772023783316428,0.172247055257424,12.791573864986262,-7.975928812603983,TSX_above_MA50
trend_rs|PAAS.TO|2024-07-30,trend_rs,PAAS.TO,Materials,2024-07-30,2024-07-29,6,92.2731862131455,2024-07-31,30.64529037475586,1.0889575622458252,2024-08-29,Development,true,,adverse_first,,-19.65972650205471,-12.917448343364068,-12.646500974235442,-13.151456297309661,0.6301269926910269,-21.361052825294223,TSX_above_MA50
trend_rs|SKE.TO|2024-07-31,trend_rs,SKE.TO,Materials,2024-07-31,2024-07-30,5,100,2024-08-01,8.859999656677246,0.32142843518938335,2024-08-30,Development,true,,adverse_first,,-11.060943343239993,29.57110594902277,16.93002322939754,14.18833182405206,30.02258356840617,-12.64108271962523,TSX_above_MA50
trend_rs|AEM.TO|2024-07-31,trend_rs,AEM.TO,Materials,2024-07-31,2024-07-30,6,91.40568850235894,2024-08-01,102.59101104736328,2.245086030753573,2024-08-30,Development,true,,adverse_first,,-3.5325183841013907,3.7408875220879434,4.495683697150743,1.753992291805262,6.733598375872685,-6.193759563987367,TSX_above_MA50
trend_rs|K.TO|2024-08-01,trend_rs,K.TO,Materials,2024-08-01,2024-07-31,3,100,2024-08-02,11.924663543701172,0.38308217160730923,2024-09-03,Development,true,,adverse_first,,0.9061081344436506,5.271836439080357,-3.6418030959261105,-7.3079677063471955,7.495893093416006,-8.48435026118004,TSX_above_MA50
trend_rs|NFI.TO|2024-08-01,trend_rs,NFI.TO,Industrials,2024-08-01,2024-07-31,5,100,2024-08-02,18.850000381469727,0.5021429061889648,2024-09-03,Development,true,,adverse_first,,-1.8567659118659208,0.795753928353915,1.3793115311415471,-2.2868530792795383,3.713521705171674,-4.403182530022532,TSX_above_MA50
trend_rs|FSV.TO|2024-08-01,trend_rs,FSV.TO,Real Estate,2024-08-01,2024-07-31,6,92.047798544329,2024-08-02,232.6394805908203,4.734356675438213,2024-09-03,Development,true,,adverse_first,,-2.039601709560135,0.9074290411268615,2.4933260686013536,-1.1728385418197318,3.1124103407961234,-3.010644985232558,TSX_above_MA50
trend_rs|GIL.TO|2024-08-02,trend_rs,GIL.TO,Consumer,2024-08-02,2024-08-01,4,93.78246967202855,2024-08-06,53.11499786376953,1.1046747756185102,2024-09-04,Development,true,,success,4,3.8726270987658573,5.085071020236032,9.994298961100935,5.165230052206927,12.630945104962654,-0.5971530315637685,TSX_not_above_MA50
trend_rs|CPX.TO|2024-08-06,trend_rs,CPX.TO,Utilities,2024-08-06,2024-08-02,4,99.02740285341117,2024-08-07,39.10628890991211,0.836948427250756,2024-09-05,Development,true,,success,12,0.7706790405560104,3.3629196333524236,6.282117926593811,1.2215595368949783,6.375534366454172,-0.5137732144408269,TSX_not_above_MA50
trend_rs|TRP.TO|2024-08-06,trend_rs,TRP.TO,Energy,2024-08-06,2024-08-02,5,92.61652213656686,2024-08-07,49.1446418762207,0.7857363242552806,2024-09-05,Development,true,,success,8,1.0803639812021704,1.2998009077562989,6.735324214371952,1.674765824673119,7.596230022741812,-0.0843964052628543,TSX_not_above_MA50
trend_rs|AEM.TO|2024-08-06,trend_rs,AEM.TO,Materials,2024-08-06,2024-08-02,6,89.98091377557145,2024-08-07,96.51852416992188,2.6337243566964057,2024-09-05,Development,true,,success,3,7.207587838186069,13.187047284314545,7.600390676503355,2.539832286804522,13.448769179546938,-0.29191669010599774,TSX_not_above_MA50
trend_rs|FCR-UN.TO|2024-08-07,trend_rs,FCR-UN.TO,Real Estate,2024-08-07,2024-08-06,6,81.47108728682342,2024-08-08,14.841912269592285,0.33100658765370294,2024-09-06,Development,true,,success,11,0.733514949328451,2.5672701949055243,9.3802538901397,6.879530440521009,10.914769262801416,-1.0391019552662195,TSX_not_above_MA50
trend_rs|GIL.TO|2024-08-08,trend_rs,GIL.TO,Consumer,2024-08-08,2024-08-07,6,84.52586434969575,2024-08-09,55.018150329589844,1.2509117380522337,2024-09-09,Development,true,,success,12,0.8735132268778312,0.9054351764630653,4.855270290302527,1.6465894315798923,8.734887901656464,-0.8036397921978855,TSX_above_MA50
trend_rs|CSH-UN.TO|2024-08-09,trend_rs,CSH-UN.TO,Health Care,2024-08-09,2024-08-08,6,83.49543034809844,2024-08-12,13.31615161895752,0.2406797739717108,2024-09-10,Development,true,,success,5,3.641446030533424,3.8515513539106205,7.0986121389269075,4.401161781038421,7.801361629059289,-0.28010253762651427,TSX_above_MA50
trend_rs|CCA.TO|2024-08-12,trend_rs,CCA.TO,Communication,2024-08-12,2024-08-09,1,100,2024-08-13,58.40509796142578,1.0374416320428363,2024-09-11,Development,true,,adverse_first,,-1.627864871703466,-0.8519617785022193,-0.6085543912019875,-3.230336940134604,1.3844569251435956,-3.3622374014451006,TSX_above_MA50
trend_rs|GFL.TO|2024-08-12,trend_rs,GFL.TO,Industrials,2024-08-12,2024-08-09,5,94.02858094229578,2024-08-13,55.10549545288086,1.5859101501256363,2024-09-11,Development,true,,success,8,3.474482670298684,2.6782596054501173,0.09048445631274493,-2.5312980926198714,6.768007353521899,-3.4020931933345655,TSX_above_MA50
trend_rs|BEI-UN.TO|2024-08-12,trend_rs,BEI-UN.TO,Real Estate,2024-08-12,2024-08-09,6,92.52777129123547,2024-08-13,75.65521240234375,1.6127104414569595,2024-09-11,Development,true,,success,6,1.7709867006579172,5.116233103542855,10.192148668653967,7.570366119721351,10.549295940860869,-1.0822472184300214,TSX_above_MA50
trend_rs|CSH-UN.TO|2024-08-13,trend_rs,CSH-UN.TO,Health Care,2024-08-13,2024-08-12,6,91.39430825139868,2024-08-14,13.530627250671387,0.2504097855396447,2024-09-12,Development,true,,success,17,0.27567874605183285,1.654016090199728,6.853365309897019,3.7114513846993047,7.268332742595973,-0.827020358763686,TSX_above_MA50
trend_rs|LUG.TO|2024-08-14,trend_rs,LUG.TO,Materials,2024-08-14,2024-08-13,6,90.38756921551968,2024-08-15,21.02276039123535,0.8483795848776737,2024-09-13,Development,true,,success,2,9.676119020709617,8.796467713018185,18.889698684837143,16.562572389697294,20.020823032480518,0.9196285777987256,TSX_above_MA50
trend_rs|MTL.TO|2024-08-15,trend_rs,MTL.TO,Industrials,2024-08-15,2024-08-14,4,90.65824795068464,2024-08-16,12.965978622436523,0.26990325247748587,2024-09-16,Development,true,,adverse_first,,0.8275856083350464,-1.1767813240163516,-1.3846761951877284,-4.193226380274007,1.6551662990873517,-5.334825904651508,TSX_above_MA50
trend_rs|TA.TO|2024-08-15,trend_rs,TA.TO,Utilities,2024-08-15,2024-08-14,5,85.34987043034693,2024-08-16,11.110445022583008,0.36097921465546406,2024-09-16,Development,true,,success,13,2.5173675935048268,3.5577150706952443,9.141284581326282,6.332734396240004,9.315766717806362,-1.475698311880902,TSX_above_MA50
trend_rs|H.TO|2024-08-15,trend_rs,H.TO,Utilities,2024-08-15,2024-08-14,6,81.13774606093554,2024-08-16,41.78289031982422,0.7402293552785757,2024-09-16,Development,true,,success,10,1.1284076320074332,3.385232025829321,8.924194664285135,6.115644479198857,9.105966363678641,-0.29339745091127023,TSX_above_MA50
trend_rs|SKE.TO|2024-08-16,trend_rs,SKE.TO,Materials,2024-08-16,2024-08-15,2,100,2024-08-19,10.420000076293945,0.5971430369785854,2024-09-17,Development,true,,adverse_first,,2.7831090185190366,-4.0307108754199295,16.602682625426922,14.174541484764557,16.602682625426922,-5.950094827442609,TSX_above_MA50
trend_rs|LUG.TO|2024-08-16,trend_rs,LUG.TO,Materials,2024-08-16,2024-08-15,6,85.22763891321206,2024-08-19,22.771150588989258,0.8771992510621652,2024-09-17,Development,true,,adverse_first,,1.734954589890081,-2.473229574454916,9.201792733360525,6.77365159269816,10.880110288179035,-4.909555969911883,TSX_above_MA50
trend_rs|DPM.TO|2024-08-19,trend_rs,DPM.TO,Materials,2024-08-19,2024-08-16,6,94.31418439369676,2024-08-20,13.05433464050293,0.37270123208542827,2024-09-18,Development,true,,adverse_first,,-0.7513115790510283,-5.709991378140222,-0.3005231705358824,-2.7105139218184693,2.4042030899366074,-7.588275953078294,TSX_above_MA50
trend_rs|TVK.TO|2024-08-22,trend_rs,TVK.TO,Energy,2024-08-22,2024-08-21,5,87.6284363016245,2024-08-23,91.61368560791016,4.302517370016251,2024-09-23,Development,false,validation_boundary_outcome_purge,success,18,4.35017054062925,2.5043160848998047,4.652419318505374,2.03884461263244,9.81219181684374,-0.5073393287617245,TSX_above_MA50
trend_rs|QBR-B.TO|2024-08-22,trend_rs,QBR-B.TO,Communication,2024-08-22,2024-08-21,6,86.78451840246777,2024-08-23,30.8437557220459,0.5676267943956622,2024-09-23,Development,false,validation_boundary_outcome_purge,success,9,1.732501449661994,3.221839376647506,6.565334721496385,3.951760015623451,6.990864705361588,-0.9726641288918314,TSX_above_MA50
trend_rs|DPM.TO|2024-08-23,trend_rs,DPM.TO,Materials,2024-08-23,2024-08-22,5,94.31418439369676,2024-08-26,13.04452896118164,0.3825091341717282,2024-09-24,Development,false,validation_boundary_outcome_purge,adverse_first,,-4.135367424613512,-2.4060364756129826,3.834574482862485,1.2511695458202077,5.03758067899267,-7.518809302789253,TSX_above_MA50
trend_rs|GFL.TO|2024-08-23,trend_rs,GFL.TO,Industrials,2024-08-23,2024-08-22,6,87.97768298371642,2024-08-26,57.36914825439453,1.1781250647912498,2024-09-24,Development,false,validation_boundary_outcome_purge,adverse_first,,-1.4253561644946844,-5.492793459768341,-6.900748175840143,-9.48415311288242,2.085855771428813,-8.291327250412795,TSX_above_MA50
trend_rs|AGI.TO|2024-08-26,trend_rs,AGI.TO,Materials,2024-08-26,2024-08-23,1,100,2024-08-27,25.95273780822754,0.7587771297610928,2024-09-25,Development,false,validation_boundary_outcome_purge,adverse_first,,-5.689178772030767,-2.0618505180054925,6.5941441093507525,3.81727226659494,10.53216304090887,-6.94920481680692,TSX_above_MA50
trend_rs|IMG.TO|2024-08-26,trend_rs,IMG.TO,Materials,2024-08-26,2024-08-23,3,100,2024-08-27,6.920000076293945,0.31999993324279785,2024-09-25,Development,false,validation_boundary_outcome_purge,adverse_first,,-6.069365197447796,-3.0346825987238923,7.514450508575754,4.7375786658199415,9.104047796171688,-7.658962485043719,TSX_above_MA50
trend_rs|MDA.TO|2024-08-26,trend_rs,MDA.TO,Industrials,2024-08-26,2024-08-23,5,100,2024-08-27,16.15999984741211,0.5514285905020577,2024-09-25,Development,false,validation_boundary_outcome_purge,adverse_first,,-2.660893002697906,-4.950496276539118,4.146040115224636,1.3691682724688237,5.136138190242456,-9.344060910518204,TSX_above_MA50
trend_rs|SKE.TO|2024-08-27,trend_rs,SKE.TO,Materials,2024-08-27,2024-08-26,6,100,2024-08-28,10.4399995803833,0.6414285387311663,2024-09-26,Development,false,validation_boundary_outcome_purge,success,10,-0.8620613269245903,12.931038656422643,10.344836406025216,6.423874840538991,22.318016963893662,-6.130262599349068,TSX_above_MA50
trend_rs|NFI.TO|2024-08-28,trend_rs,NFI.TO,Industrials,2024-08-28,2024-08-27,5,100,2024-08-29,18.989999771118164,0.3735712596348354,2024-09-27,Development,false,validation_boundary_outcome_purge,adverse_first,,-2.580304249731502,-2.001048790661608,-3.4755126664925085,-6.615328751951566,2.948917707698362,-6.898364832709247,TSX_above_MA50
trend_rs|TVK.TO|2024-08-30,trend_rs,TVK.TO,Energy,2024-08-30,2024-08-29,5,100,2024-09-03,92.928955078125,3.678082673447068,2024-10-01,Development,false,validation_boundary_outcome_purge,success,12,1.5643184976762647,5.352778697289029,1.5112413533103775,-2.791677166815476,8.257965545466362,-0.9364781415290957,TSX_above_MA50
trend_rs|SHOP.TO|2024-08-30,trend_rs,SHOP.TO,Technology,2024-08-30,2024-08-29,6,96.27461936760437,2024-09-03,96.58000183105469,2.4085709708077565,2024-10-01,Development,false,validation_boundary_outcome_purge,adverse_first,,-3.9449214286131795,4.856072399145139,9.732865342374009,5.429946822248155,13.21183916434039,-7.434251572841754,TSX_above_MA50
trend_rs|IAG.TO|2024-09-03,trend_rs,IAG.TO,Financials,2024-09-03,2024-08-30,1,100,2024-09-04,100.2354507446289,1.5777611322533278,2024-10-02,Development,false,validation_boundary_outcome_purge,adverse_first,,-0.7398428124210987,1.8875007506815589,7.265478520764979,3.0954896508170515,7.587971132231974,-2.4281468517162286,TSX_above_MA50
trend_rs|LUG.TO|2024-09-04,trend_rs,LUG.TO,Materials,2024-09-04,2024-09-03,3,100,2024-09-05,22.611440658569336,0.7397050958331745,2024-10-03,Development,false,validation_boundary_outcome_purge,adverse_first,,8.132716688540874,8.80878272600536,15.306505567694462,11.042600949091753,15.757217660031664,-3.9405198246281414,TSX_above_MA50
trend_rs|TVK.TO|2024-09-05,trend_rs,TVK.TO,Energy,2024-09-05,2024-09-04,5,100,2024-09-06,92.9388427734375,2.933566319811891,2024-10-04,Development,false,validation_boundary_outcome_purge,success,8,5.01170610293491,3.681643254460787,4.708291467186787,-1.3554287911756946,8.246448059918631,0.2979266665769087,TSX_above_MA50
trend_rs|TXG.TO|2024-09-05,trend_rs,TXG.TO,Materials,2024-09-05,2024-09-04,6,100,2024-09-06,23.579864501953125,0.9369668425403825,2024-10-04,Development,false,validation_boundary_outcome_purge,success,4,8.40335882950567,7.521014928850156,11.092444655834033,5.028724397471551,14.789913199859406,-1.2184777211833642,TSX_above_MA50
trend_rs|CM.TO|2024-09-06,trend_rs,CM.TO,Financials,2024-09-06,2024-09-05,6,98.92307374309034,2024-09-09,76.13822174072266,1.2526351610886388,2024-10-07,Development,false,validation_boundary_outcome_purge,neither,,1.814864319562659,1.2180261130994463,0.3707266902474693,-4.299836975716165,2.8745397608356704,-0.9013496889955563,TSX_above_MA50
trend_rs|NWC.TO|2024-09-09,trend_rs,NWC.TO,Consumer,2024-09-09,2024-09-06,5,96.42738107248977,2024-09-10,47.58345413208008,1.1309303856008341,2024-10-08,Development,false,validation_boundary_outcome_purge,success,18,-0.43343135009396017,0.47281014953282074,2.9083231566019885,-1.7406172418005017,4.814396007363153,-2.167077265260442,TSX_above_MA50
trend_rs|HR-UN.TO|2024-09-10,trend_rs,HR-UN.TO,Real Estate,2024-09-10,2024-09-09,2,100,2024-09-11,10.538687705993652,0.21668107036913767,2024-10-09,Development,false,validation_boundary_outcome_purge,success,8,1.6129238055981432,2.598579355085673,-2.1113847509844463,-6.478678152422024,4.996355875161695,-2.561234758302644,TSX_above_MA50
trend_rs|REI-UN.TO|2024-09-10,trend_rs,REI-UN.TO,Real Estate,2024-09-10,2024-09-09,6,96.90207434075052,2024-09-11,17.615428924560547,0.372049728179721,2024-10-09,Development,false,validation_boundary_outcome_purge,success,2,2.769383290105476,2.3665381128027185,-1.7687723903634156,-6.136065791800993,4.8841671316158575,-1.8699652977252956,TSX_above_MA50
trend_rs|CRR-UN.TO|2024-09-11,trend_rs,CRR-UN.TO,Real Estate,2024-09-11,2024-09-10,2,100,2024-09-12,13.909711837768555,0.23002049207455982,2024-10-10,Development,false,validation_boundary_outcome_purge,success,11,1.2140436423023315,2.23640917383765,-3.451227564021253,-6.974966272864269,4.123736490782148,-3.5796137059130873,TSX_above_MA50
trend_rs|KMP-UN.TO|2024-09-11,trend_rs,KMP-UN.TO,Real Estate,2024-09-11,2024-09-10,4,100,2024-09-12,19.502532958984375,0.3934343396467437,2024-10-10,Development,false,validation_boundary_outcome_purge,adverse_first,,0.2836788152580594,-0.2363924927119454,-6.882052361362567,-10.405791070205584,2.6950296915075223,-7.308764670761391,TSX_above_MA50
trend_rs|SKE.TO|2024-09-12,trend_rs,SKE.TO,Materials,2024-09-12,2024-09-11,5,100,2024-09-13,11.949999809265137,0.43142856870378765,2024-10-11,Development,false,validation_boundary_outcome_purge,adverse_first,,1.0041831587816796,-3.179917326411119,1.924690373068616,-1.9045408951636977,6.861930222482249,-7.949789325758627,TSX_above_MA50
trend_rs|CAR-UN.TO|2024-09-13,trend_rs,CAR-UN.TO,Real Estate,2024-09-13,2024-09-12,1,100,2024-09-16,50.99728775024414,0.8755812745846089,2024-10-15,Development,false,validation_boundary_outcome_purge,adverse_first,,-1.1363839518969465,-2.137136983265231,-8.899802994068285,-12.009232167627626,-0.12429813405072654,-11.373530183560943,TSX_above_MA50
trend_rs|AP-UN.TO|2024-09-16,trend_rs,AP-UN.TO,Real Estate,2024-09-16,2024-09-13,1,100,2024-09-17,15.91724967956543,0.452665649671038,2024-10-16,Development,false,validation_boundary_outcome_purge,success,8,3.2915597342335845,6.603730062096602,6.919599392370945,3.188240226779504,7.288108687843398,-0.9926783321202337,TSX_above_MA50
trend_rs|CPX.TO|2024-09-16,trend_rs,CPX.TO,Utilities,2024-09-16,2024-09-13,4,100,2024-09-17,44.357601165771484,0.6621221371108972,2024-10-16,Development,false,validation_boundary_outcome_purge,adverse_first,,1.70888931869142,4.7398800782141315,8.368845791295353,4.637486625703912,8.848537580437931,-3.0677244661149627,TSX_above_MA50
trend_rs|GRT-UN.TO|2024-09-16,trend_rs,GRT-UN.TO,Real Estate,2024-09-16,2024-09-13,6,100,2024-09-17,74.7887191772461,1.456194453032287,2024-10-16,Development,false,validation_boundary_outcome_purge,adverse_first,,-1.1263215354697431,0.40153194418643956,-2.5959155975997295,-6.327274763191171,1.4691373315659062,-6.379566827974981,TSX_above_MA50
trend_rs|HPS-A.TO|2024-09-17,trend_rs,HPS-A.TO,Industrials,2024-09-17,2024-09-16,5,100,2024-09-18,132.22740173339844,5.858255434872717,2024-10-17,Development,false,validation_boundary_outcome_purge,success,4,1.0506534128118528,6.233862298926041,6.144509561019906,1.4909300114872348,13.934264138422293,-4.020867632614555,TSX_above_MA50
trend_rs|HR-UN.TO|2024-09-17,trend_rs,HR-UN.TO,Real Estate,2024-09-17,2024-09-16,6,100,2024-09-18,10.70866870880127,0.20020819769542605,2024-10-17,Development,false,validation_boundary_outcome_purge,adverse_first,,0.9700100268478007,0.7619834367766698,-1.6286970717311888,-6.28227662126386,3.329726124244381,-4.993334290038431,TSX_above_MA50
trend_rs|CRR-UN.TO|2024-09-18,trend_rs,CRR-UN.TO,Real Estate,2024-09-18,2024-09-17,3,100,2024-09-19,14.078581809997559,0.2475339288473148,2024-10-18,Development,false,validation_boundary_outcome_purge,adverse_first,,1.010102446996819,-2.7065876473322925,-1.7552152374573304,-5.7616979660300665,2.8747916235447146,-4.7361583192511825,TSX_above_MA50
trend_rs|CRT-UN.TO|2024-09-18,trend_rs,CRT-UN.TO,Real Estate,2024-09-18,2024-09-17,4,100,2024-09-19,14.240850448608398,0.2662804367701881,2024-10-18,Development,false,validation_boundary_outcome_purge,adverse_first,,0.24968166993402097,-2.15259029664866,-1.0235984135128606,-5.030081142085596,1.560545438038785,-3.9715652635984977,TSX_above_MA50
trend_rs|FCR-UN.TO|2024-09-18,trend_rs,FCR-UN.TO,Real Estate,2024-09-18,2024-09-17,5,100,2024-09-19,16.92647933959961,0.34614153652689694,2024-10-18,Development,false,validation_boundary_outcome_purge,adverse_first,,1.0764844749192815,-2.2084885090175588,-1.6141801934789535,-5.6206629220516895,2.152885649588443,-4.693771866224883,TSX_above_MA50
trend_rs|HPS-A.TO|2024-09-19,trend_rs,HPS-A.TO,Industrials,2024-09-19,2024-09-18,2,100,2024-09-20,141.2088165283203,6.31386254501558,2024-10-21,Development,false,validation_boundary_outcome_purge,adverse_first,,-5.230120481797518,-3.626189060369056,-2.984646748130404,-6.570711324150135,6.687614030168354,-10.125503452399332,TSX_above_MA50
trend_rs|HR-UN.TO|2024-09-19,trend_rs,HR-UN.TO,Real Estate,2024-09-19,2024-09-18,3,100,2024-09-20,10.812543869018555,0.20640273598587797,2024-10-21,Development,false,validation_boundary_outcome_purge,adverse_first,,0.6708900706611454,-2.135295693846073,-3.8891232088415273,-7.475187784861259,2.337046511899077,-5.9060549912796745,TSX_above_MA50
trend_rs|REI-UN.TO|2024-09-19,trend_rs,REI-UN.TO,Real Estate,2024-09-19,2024-09-18,4,100,2024-09-20,18.076656341552734,0.40230891501427707,2024-10-21,Development,false,validation_boundary_outcome_purge,adverse_first,,0.8511640460743708,-1.859861180955824,-3.387921590938592,-6.973986166958324,1.7384192326790782,-5.408893693316097,TSX_above_MA50
trend_rs|SKE.TO|2024-09-20,trend_rs,SKE.TO,Materials,2024-09-20,2024-09-19,5,100,2024-09-23,11.609999656677246,0.5500000544956752,2024-10-22,Validation,true,,adverse_first,,-1.0335907761208851,-3.1869069466017086,20.58570554692649,17.258607797245794,22.997417357875214,-5.254088498843479,TSX_above_MA50
trend_rs|TA.TO|2024-09-20,trend_rs,TA.TO,Utilities,2024-09-20,2024-09-19,6,100,2024-09-23,13.17293930053711,0.2776384695934935,2024-10-22,Validation,true,,success,4,3.1640949992282508,4.9300838322174245,4.562164967231919,1.2350672175512223,7.7998340985837356,-0.5886738645106249,TSX_above_MA50
trend_rs|REI-UN.TO|2024-09-23,trend_rs,REI-UN.TO,Real Estate,2024-09-23,2024-09-20,5,96.49058516383069,2024-09-24,18.227439880371094,0.3826682257899329,2024-10-23,Validation,true,,adverse_first,,-0.12973466655114008,-4.969273038001232,-3.796052248810955,-6.3903876789311305,0.8968046676951502,-6.191383271845707,TSX_above_MA50
trend_rs|BAM.TO|2024-09-23,trend_rs,BAM.TO,Financials,2024-09-23,2024-09-20,6,96.18156642787386,2024-09-24,59.23427963256836,1.4430309765210718,2024-10-23,Validation,true,,success,13,1.1983646737800058,1.261444633473241,10.485666745513921,7.891331315393745,12.740468999507804,-0.39419019722293225,TSX_above_MA50
trend_rs|NWC.TO|2024-09-24,trend_rs,NWC.TO,Consumer,2024-09-24,2024-09-23,5,99.84720804028485,2024-09-25,47.620941162109375,1.1952105190287317,2024-10-24,Validation,true,,success,13,2.0337333693060344,3.581202581574594,1.636963029088534,-1.0640405231693073,5.267554500186233,-0.22794915142372307,TSX_above_MA50
trend_rs|AP-UN.TO|2024-09-24,trend_rs,AP-UN.TO,Real Estate,2024-09-24,2024-09-23,6,98.97252046642834,2024-09-25,16.382963180541992,0.42650346896932945,2024-10-24,Validation,true,,success,15,3.8290840409989535,0.14647138545678118,2.192367305202425,-0.5086362470554162,6.079575415858196,-1.4902270617366153,TSX_above_MA50
trend_rs|DFY.TO|2024-09-25,trend_rs,DFY.TO,Financials,2024-09-25,2024-09-24,5,96.30093798949217,2024-09-26,53.76040267944336,1.0344249180794678,2024-10-25,Validation,true,,adverse_first,,-4.109844293256348,-3.5642813894334657,0.07273131342746542,-1.7159929978574295,1.5820965703243095,-5.146385370538731,TSX_above_MA50
trend_rs|BAM.TO|2024-09-25,trend_rs,BAM.TO,Financials,2024-09-25,2024-09-24,6,96.18156642787386,2024-09-26,59.262306213378906,1.2488924029059127,2024-10-25,Validation,true,,success,11,1.2923506001638385,3.62490922262122,14.909375821116067,13.120651509831172,15.697397834896565,-0.2521726988851558,TSX_above_MA50
trend_rs|AP-UN.TO|2024-09-26,trend_rs,AP-UN.TO,Real Estate,2024-09-26,2024-09-25,1,100,2024-09-27,16.817556381225586,0.3766057495890279,2024-10-28,Validation,true,,adverse_first,,-0.6477648398711455,-2.989551269030466,-1.7439351507041345,-4.285586863968616,3.3383054499908527,-4.035880933760916,TSX_above_MA50
trend_rs|CPX.TO|2024-09-26,trend_rs,CPX.TO,Utilities,2024-09-26,2024-09-25,3,100,2024-09-27,46.117794036865234,0.9824192998825829,2024-10-28,Validation,true,,success,12,1.444343907272283,1.0230776236210826,2.206625036612331,-0.33502667665215036,5.195588846751353,-1.8054194878292962,TSX_above_MA50
trend_rs|SSRM.TO|2024-09-26,trend_rs,SSRM.TO,Materials,2024-09-26,2024-09-25,5,100,2024-09-27,8.052367210388184,0.35751818941870844,2024-10-28,Validation,true,,adverse_first,,-3.225805496499745,0,9.305219778625485,6.763568065361004,12.90322776233539,-8.808932772222654,TSX_above_MA50
trend_rs|ARE.TO|2024-09-27,trend_rs,ARE.TO,Industrials,2024-09-27,2024-09-26,2,100,2024-09-30,19.818588256835938,0.5064301293225763,2024-10-29,Validation,true,,success,4,4.1587107945529445,7.5047966209614625,9.751441873500099,7.408984207795476,10.898675917443246,-0.717001573831455,TSX_above_MA50
trend_rs|SKE.TO|2024-09-27,trend_rs,SKE.TO,Materials,2024-09-27,2024-09-26,5,98.42937830622438,2024-09-30,11.489999771118164,0.5507143565586635,2024-10-29,Validation,true,,success,10,-2.175805091209948,13.14186474291712,21.49695662516482,19.1544989594602,24.281984485901464,-4.264575986762431,TSX_above_MA50
trend_rs|BAM.TO|2024-09-30,trend_rs,BAM.TO,Financials,2024-09-30,2024-09-27,3,100,2024-10-01,59.944122314453125,1.074434452208967,2024-10-30,Validation,true,,success,8,0.0623329832419417,7.71268052064682,16.5472147370318,14.57583759943506,17.49766753414159,-1.0750923983320115,TSX_above_MA50
trend_rs|HPS-A.TO|2024-09-30,trend_rs,HPS-A.TO,Industrials,2024-09-30,2024-09-27,4,100,2024-10-01,139.8597869873047,6.841029490303794,2024-10-30,Validation,true,,adverse_first,,4.280770001607048,-3.9710115296441084,-8.132109064395653,-10.103486201992395,7.716678538898325,-15.862865371878144,TSX_above_MA50
trend_rs|NWC.TO|2024-09-30,trend_rs,NWC.TO,Consumer,2024-09-30,2024-09-27,5,100,2024-10-01,48.305999755859375,0.8494995855820865,2024-10-30,Validation,true,,success,9,1.3690535229526235,3.129274220397993,3.911600672440496,1.9402235348437546,4.53745574180604,-1.1539325668234346,TSX_above_MA50
trend_rs|SKE.TO|2024-10-01,trend_rs,SKE.TO,Materials,2024-10-01,2024-09-30,5,100,2024-10-02,11.5600004196167,0.5400000299726214,2024-10-31,Validation,true,,adverse_first,,-1.9031164277077406,12.197230071198062,17.041515932919072,16.39447247007695,23.529404970771452,-4.844294111498549,TSX_above_MA50
trend_rs|SSRM.TO|2024-10-01,trend_rs,SSRM.TO,Materials,2024-10-01,2024-09-30,6,100,2024-10-02,7.972443103790283,0.3596589928963039,2024-10-31,Validation,true,,adverse_first,,-6.265664040479857,0.877189257405675,7.769423888680382,7.1223804258382595,14.912274901456612,-7.894738154211001,TSX_above_MA50
trend_rs|LUG.TO|2024-10-02,trend_rs,LUG.TO,Materials,2024-10-02,2024-10-01,5,100,2024-10-03,26.07246208190918,0.6970048762513527,2024-11-01,Validation,true,,success,5,6.612373448907594,13.127032859116294,8.66449994180465,7.468349916771789,16.905539967116077,-0.3908809749144204,TSX_above_MA50
trend_rs|MDA.TO|2024-10-03,trend_rs,MDA.TO,Industrials,2024-10-03,2024-10-02,6,100,2024-10-04,19.209999084472656,0.5107139859880719,2024-11-04,Validation,true,,success,2,10.15096749544162,13.586677432281679,25.97606411392381,25.589938229885576,28.891209832983368,0.20822965868685372,TSX_above_MA50
trend_rs|AYA.TO|2024-10-07,trend_rs,AYA.TO,Materials,2024-10-07,2024-10-04,2,100,2024-10-08,17.440000534057617,0.8635713032313755,2024-11-06,Validation,true,,success,5,6.76605658853866,6.077978402995843,-2.4082572444522055,-4.755333784072102,12.155956805991707,-6.422022964083118,TSX_above_MA50
trend_rs|SHOP.TO|2024-10-07,trend_rs,SHOP.TO,Technology,2024-10-07,2024-10-04,6,100,2024-10-08,112.76000213623047,3.0289273943219865,2024-11-06,Validation,true,,adverse_first,,-0.21284630065375731,-2.2880469866767728,1.2947845484330145,-1.0522919911868822,2.8112789188452503,-4.638172452865852,TSX_above_MA50
trend_rs|ARE.TO|2024-10-08,trend_rs,ARE.TO,Industrials,2024-10-08,2024-10-07,2,100,2024-10-09,20.945938110351562,0.3949143385337968,2024-11-07,Validation,true,,success,4,3.5730429448836087,1.944834790666361,31.478967198533113,28.915489165656137,33.42378992344124,-0.7236443997435615,TSX_above_MA50
trend_rs|SHOP.TO|2024-10-09,trend_rs,SHOP.TO,Technology,2024-10-09,2024-10-08,4,100,2024-10-10,113.80999755859375,2.8546415056501115,2024-11-08,Validation,true,,adverse_first,,0.34267586153637897,-3.488271070965643,6.537213426769339,4.656323162553422,6.669013382042754,-5.517967589854034,TSX_above_MA50
trend_rs|SVM.TO|2024-10-09,trend_rs,SVM.TO,Materials,2024-10-09,2024-10-08,5,100,2024-10-10,6.566873073577881,0.26035439902688395,2024-11-08,Validation,true,,success,6,4.826539234610383,-1.8099467670403935,-13.574655212187924,-15.455545476403842,10.708904083027315,-15.686267200144188,TSX_above_MA50
trend_rs|TA.TO|2024-10-09,trend_rs,TA.TO,Utilities,2024-10-09,2024-10-08,6,100,2024-10-10,13.67697811126709,0.3565682515447426,2024-11-08,Validation,true,,ambiguous_both_hit,,2.4096614049819998,0.14176488672510423,1.7009415640130365,-0.179948700202881,8.92985212689863,-8.858954366682859,TSX_above_MA50
trend_rs|ARE.TO|2024-10-10,trend_rs,ARE.TO,Industrials,2024-10-10,2024-10-09,1,100,2024-10-11,21.51434898376465,0.40059423758639034,2024-11-11,Validation,true,,adverse_first,,-0.8366346135518454,-0.08806073557710015,24.570682858565142,23.27078104477798,29.89872239656892,-2.906201695087607,TSX_above_MA50
trend_rs|LUG.TO|2024-10-10,trend_rs,LUG.TO,Materials,2024-10-10,2024-10-09,4,100,2024-10-11,27.74551773071289,0.7194492202176755,2024-11-11,Validation,true,,success,4,7.040099013916756,2.387513214389969,-5.693300213203845,-6.993202026991008,9.856131990060234,-9.39699750951749,TSX_above_MA50
trend_rs|SVM.TO|2024-10-11,trend_rs,SVM.TO,Materials,2024-10-11,2024-10-10,5,100,2024-10-15,6.6263017654418945,0.25823191346841173,2024-11-12,Validation,true,,success,4,2.3916187560456548,3.736920497609364,-18.086697799035456,-20.066723243341812,9.715999506651718,-20.777280937990138,TSX_above_MA50
trend_rs|TA.TO|2024-10-11,trend_rs,TA.TO,Utilities,2024-10-11,2024-10-10,6,100,2024-10-15,13.725446701049805,0.29633236853899153,2024-11-12,Validation,true,,ambiguous_both_hit,,0.3530946749254138,-0.7768458052271998,-1.3418125711932016,-3.3218380154995564,8.54518877620225,-9.180800208890016,TSX_above_MA50
trend_rs|AYA.TO|2024-10-15,trend_rs,AYA.TO,Materials,2024-10-15,2024-10-11,2,100,2024-10-16,18.6200008392334,0.8242856434413365,2024-11-13,Validation,true,,adverse_first,,-0.6444727917549242,-4.189047537538249,-20.784106685318115,-22.525881496229694,5.04832752063229,-21.10634308119558,TSX_above_MA50
trend_rs|BHC.TO|2024-10-15,trend_rs,BHC.TO,Health Care,2024-10-15,2024-10-11,3,100,2024-10-16,11.65999984741211,0.3128570147923061,2024-11-13,Validation,true,,adverse_first,,-4.116634206842306,-2.487135211390179,5.660376123920741,3.9186013130091624,17.83876458770026,-4.9742704227803465,TSX_above_MA50
trend_rs|LSPD.TO|2024-10-15,trend_rs,LSPD.TO,Technology,2024-10-15,2024-10-11,4,100,2024-10-16,21.93000030517578,0.8050001689365932,2024-11-13,Validation,true,,adverse_first,,-4.468762100313494,-4.651164813358156,17.373458335261272,15.631683524349693,20.3830335209777,-6.748743828731407,TSX_above_MA50
trend_rs|LUG.TO|2024-10-17,trend_rs,LUG.TO,Materials,2024-10-17,2024-10-16,4,100,2024-10-18,29.49500274658203,0.7182362509941834,2024-11-15,Validation,true,,adverse_first,,-1.5548495086225467,-3.9447095928601628,-13.475379652552832,-13.750127235390973,3.3400567596477027,-15.289375022720709,TSX_above_MA50
trend_rs|TA.TO|2024-10-18,trend_rs,TA.TO,Utilities,2024-10-18,2024-10-17,6,100,2024-10-21,13.822376251220703,0.2901010760762759,2024-11-18,Validation,true,,adverse_first,,-0.4207588728210365,0.3506254945213838,1.2622697189669685,0.23651829678095204,7.784014566350783,-9.817670745665907,TSX_above_MA50
trend_rs|AG.TO|2024-10-21,trend_rs,AG.TO,Materials,2024-10-21,2024-10-18,1,100,2024-10-22,10.890016555786133,0.4638737991213034,2024-11-19,Validation,true,,adverse_first,,1.0958830931928398,-12.694060168088129,-15.002973112380147,-16.30352181350061,2.1004548322038907,-23.92693362969627,TSX_above_MA50
trend_rs|BEPC.TO|2024-10-21,trend_rs,BEPC.TO,Utilities,2024-10-21,2024-10-18,3,100,2024-10-22,43.35702133178711,1.2195472588343468,2024-11-19,Validation,true,,adverse_first,,-8.86824955218659,-6.94678932370959,-9.396105838022773,-10.696654539143235,2.744936823628974,-15.540545544225226,TSX_above_MA50
trend_rs|IMG.TO|2024-10-21,trend_rs,IMG.TO,Materials,2024-10-21,2024-10-18,4,100,2024-10-22,8.4399995803833,0.3700000217982701,2024-11-19,Validation,true,,adverse_first,,-4.9762931694429575,-12.559236002879558,-8.530803625454109,-9.83135232657457,-0.5924080514975172,-18.601893043612183,TSX_above_MA50
trend_rs|KNT.TO|2024-10-22,trend_rs,KNT.TO,Materials,2024-10-22,2024-10-21,4,100,2024-10-23,9.420000076293945,0.4325000217982701,2024-11-20,Validation,true,,adverse_first,,-0.21231908282043355,-5.732483625047657,-3.29087491619916,-5.174605415529021,1.9108312496595836,-14.012735500354035,TSX_above_MA50
trend_rs|MDA.TO|2024-10-23,trend_rs,MDA.TO,Industrials,2024-10-23,2024-10-22,4,100,2024-10-24,20.899999618530273,0.6764283861432757,2024-11-21,Validation,true,,success,6,1.9138738078044115,21.913875633018453,26.602868743656806,23.185170415542203,31.435405812156823,-0.9569323408671226,TSX_above_MA50
trend_rs|SKE.TO|2024-10-23,trend_rs,SKE.TO,Materials,2024-10-23,2024-10-22,5,100,2024-10-24,14.140000343322754,0.5057142802647182,2024-11-21,Validation,true,,adverse_first,,-4.314007040598266,-7.425743742861357,-10.96181154950827,-14.379509877622876,0.42432435986974326,-26.874116679419423,TSX_above_MA50
trend_rs|TXG.TO|2024-10-23,trend_rs,TXG.TO,Materials,2024-10-23,2024-10-22,6,100,2024-10-24,30.663732528686523,1.1138867680568048,2024-11-21,Validation,true,,adverse_first,,-2.97253273338991,-0.6785129741456286,0.7108207461677063,-2.706877581946898,0.7108207461677063,-14.1518517644047,TSX_above_MA50
trend_rs|BAM.TO|2024-10-24,trend_rs,BAM.TO,Financials,2024-10-24,2024-10-23,2,100,2024-10-25,68.09794616699219,1.2932568304973888,2024-11-22,Validation,true,,success,6,1.8378656590035014,7.653275349679922,6.295437439654816,2.2870429865852415,11.342743483548357,-0.13715592926557552,TSX_above_MA50
trend_rs|BDT.TO|2024-10-28,trend_rs,BDT.TO,Industrials,2024-10-28,2024-10-25,3,100,2024-10-29,29.088565826416016,1.307838240518267,2024-11-26,Validation,true,,adverse_first,,1.6572391744268167,-6.680672065033233,-0.6642936305053415,-4.09430516592294,2.9978492074144603,-13.22022413820888,TSX_above_MA50
trend_rs|CCO.TO|2024-10-28,trend_rs,CCO.TO,Energy,2024-10-28,2024-10-25,4,100,2024-10-29,75.95468139648438,2.9449768945809183,2024-11-26,Validation,true,,adverse_first,,-6.91147394232674,-0.4983661345270174,8.131147587090283,4.701136051672684,11.711480981517152,-8.577060921304891,TSX_above_MA50
trend_rs|EDR.TO|2024-10-28,trend_rs,EDR.TO,Materials,2024-10-28,2024-10-25,5,100,2024-10-29,7.71999979019165,0.39357147897992817,2024-11-26,Validation,true,,adverse_first,,-15.673569872982807,-18.5233143419959,-22.409327280960177,-25.839338816377776,-2.20206741032265,-24.09326045630723,TSX_above_MA50
trend_rs|GMIN.TO|2024-10-28,trend_rs,GMIN.TO,Materials,2024-10-28,2024-10-25,6,100,2024-10-29,12.369999885559082,0.4685713904244559,2024-11-26,Validation,true,,adverse_first,,-5.012125232780951,-17.461599574739882,-14.955533103562324,-18.385544638979923,0.24252007476746051,-19.159255517260387,TSX_above_MA50
trend_rs|BTO.TO|2024-10-29,trend_rs,BTO.TO,Materials,2024-10-29,2024-10-28,4,100,2024-10-30,4.5163469314575195,0.12318551664477588,2024-11-27,Validation,true,,adverse_first,,-6.962037344588468,-20.886064522640947,-14.767925049828612,-18.768692025012047,-1.2658142522784854,-21.940915149036865,TSX_above_MA50
trend_rs|CPX.TO|2024-10-31,trend_rs,CPX.TO,Utilities,2024-10-31,2024-10-30,4,100,2024-11-01,51.15976333618164,1.1174261992544028,2024-11-29,Validation,true,,success,2,3.164550591016102,3.14647617946906,12.622060997410745,6.8797837697995865,16.437615231943802,-0.8499085513940186,TSX_above_MA50
trend_rs|GMIN.TO|2024-10-31,trend_rs,GMIN.TO,Materials,2024-10-31,2024-10-30,6,100,2024-11-01,12.050000190734863,0.5014284678867885,2024-11-29,Validation,true,,adverse_first,,-5.0622456489302525,-12.116182697404055,-11.452282926119683,-17.19456015373084,0.6638997712843597,-17.012449446358435,TSX_above_MA50
trend_rs|ARE.TO|2024-11-01,trend_rs,ARE.TO,Industrials,2024-11-01,2024-10-31,2,100,2024-11-04,27.08477210998535,0.6577325272508988,2024-12-02,Validation,true,,adverse_first,,-1.049300570744638,0.6645741640218139,0.20986293100648812,-5.290614035040142,3.8824904901304746,-4.3721459570293835,TSX_above_MA50
trend_rs|AC.TO|2024-11-04,trend_rs,AC.TO,Industrials,2024-11-04,2024-11-01,1,100,2024-11-05,22.18000030517578,0.6628571919032505,2024-12-03,Validation,true,,success,2,5.5004476851598705,5.5004476851598705,12.263297005995843,7.1468302001667094,13.570785335739789,-0.5410317294062272,TSX_above_MA50
trend_rs|ATRL.TO|2024-11-04,trend_rs,ATRL.TO,Industrials,2024-11-04,2024-11-01,4,100,2024-11-05,68.68893432617188,1.33317075080328,2024-12-03,Validation,true,,adverse_first,,-6.4225303992049065,4.824175770470851,8.936670933299684,3.82020412747055,11.974415540837224,-7.585008883885314,TSX_above_MA50
trend_rs|BHC.TO|2024-11-06,trend_rs,BHC.TO,Health Care,2024-11-06,2024-11-05,5,100,2024-11-07,13.069999694824219,0.49142844336373465,2024-12-05,Validation,true,,adverse_first,,-5.66181934503952,-12.394796659410856,-12.853859148648283,-16.210950645681443,1.3006892139505233,-17.214996576403983,TSX_above_MA50
trend_rs|CLS.TO|2024-11-06,trend_rs,CLS.TO,Technology,2024-11-06,2024-11-05,6,100,2024-11-07,118.30999755859375,4.419285910470145,2024-12-05,Validation,true,,adverse_first,,-4.217731355541787,8.06356276932776,9.24689600808093,5.889804511047769,9.948444354106067,-7.345106069931195,TSX_above_MA50
trend_rs|EFR.TO|2024-11-12,trend_rs,EFR.TO,Energy,2024-11-12,2024-11-11,5,100,2024-11-13,8.949999809265137,0.479285614831107,2024-12-11,Validation,true,,success,2,8.491622850037107,6.815649422920478,1.3407808728091553,-1.3351934308844626,16.648042490187542,-0.8938539152060998,TSX_above_MA50
trend_rs|LAC.TO|2024-11-12,trend_rs,LAC.TO,Materials,2024-11-12,2024-11-11,6,100,2024-11-13,5.929999828338623,0.6085714272090367,2024-12-11,Validation,true,,adverse_first,,-13.490720692345059,-6.239458621750805,-19.561549426504797,-22.237523730198415,0.33726781628116154,-19.730179314095864,TSX_above_MA50
trend_rs|LSPD.TO|2024-11-13,trend_rs,LSPD.TO,Technology,2024-11-13,2024-11-12,6,100,2024-11-14,24.75,0.8478572028023856,2024-12-12,Validation,true,,success,11,-0.12121489553740261,4.808082965889371,-5.05050505050505,-6.491640119024312,7.474749016039306,-6.828284986091382,TSX_above_MA50
trend_rs|ATRL.TO|2024-11-14,trend_rs,ATRL.TO,Industrials,2024-11-14,2024-11-13,3,100,2024-11-15,72.89091491699219,2.145194840584936,2024-12-13,Validation,true,,adverse_first,,3.3958700676724796,4.122291515202381,2.3965250841588404,0.8553809036408566,8.72438080803608,-4.354377074402804,TSX_above_MA50
trend_rs|CPX.TO|2024-11-14,trend_rs,CPX.TO,Utilities,2024-11-14,2024-11-13,6,100,2024-11-15,52.769493103027344,1.6011377377198086,2024-12-13,Validation,true,,success,4,7.065216841273103,9.18653275314485,9.730014864233215,8.188870683715232,20.494386390704932,-0.2804980152751324,TSX_above_MA50
trend_rs|EFX.TO|2024-11-15,trend_rs,EFX.TO,Energy,2024-11-15,2024-11-14,6,100,2024-11-18,12.139654159545898,0.35931471962073414,2024-12-16,Validation,true,,success,4,5.896616873603122,3.855161496855697,12.280210694183125,11.598385385751666,12.361222803393513,-2.180951749950555,TSX_above_MA50
trend_rs|CPX.TO|2024-11-18,trend_rs,CPX.TO,Utilities,2024-11-18,2024-11-15,4,100,2024-11-19,54.97129821777344,1.725369530842835,2024-12-17,Validation,true,,success,6,4.190516346670825,1.1780661683412408,6.563469872722449,6.128064231565866,15.668137696300487,-1.4977989808188985,TSX_above_MA50
trend_rs|IAG.TO|2024-11-18,trend_rs,IAG.TO,Financials,2024-11-18,2024-11-15,6,100,2024-11-19,126.53264617919922,3.6759305513599805,2024-12-17,Validation,true,,neither,,0.05730518393041173,1.986139549820276,0.18587404303689326,-0.24953159811968995,4.391504019432402,-1.228581685072505,TSX_above_MA50
trend_rs|BAM.TO|2024-11-19,trend_rs,BAM.TO,Financials,2024-11-19,2024-11-18,3,100,2024-11-20,71.8246078491211,1.9333808609804402,2024-12-18,Validation,true,,success,4,4.447337239137283,5.874798641838197,1.6859009187721208,3.6011047212205494,10.18154044022368,-0.6892100728299266,TSX_above_MA50
trend_rs|FFH.TO|2024-11-20,trend_rs,FFH.TO,Financials,2024-11-20,2024-11-19,6,100,2024-11-21,1922.396240234375,48.35141850460967,2024-12-19,Validation,true,,success,11,0.7477456253925041,3.7974139381659056,1.8818638491719941,5.728937219265218,5.729805306346192,-0.6819036300062309,TSX_above_MA50
trend_rs|CCO.TO|2024-11-21,trend_rs,CCO.TO,Energy,2024-11-21,2024-11-20,3,100,2024-11-22,83.68463134765625,3.6977645241848456,2024-12-20,Validation,true,,adverse_first,,0.0036011520769152483,3.009077091275625,-9.978865339886767,-6.658668850649629,5.167768443819121,-11.565090414167612,TSX_above_MA50
trend_rs|EFR.TO|2024-11-21,trend_rs,EFR.TO,Energy,2024-11-21,2024-11-20,6,100,2024-11-22,9.739999771118164,0.5614286490849086,2024-12-20,Validation,true,,adverse_first,,4.620121353590911,-2.7720688956274886,-21.663241337376494,-18.343044848139357,7.186856526843388,-21.971251712256677,TSX_above_MA50
trend_rs|EFX.TO|2024-11-22,trend_rs,EFX.TO,Energy,2024-11-22,2024-11-21,5,100,2024-11-25,12.855483055114746,0.4363608007344795,2024-12-23,Validation,true,,adverse_first,,-1.9277814882264765,2.8151660195203876,6.2576414409815095,8.860514203541436,8.093632290993003,-3.916760141739939,TSX_above_MA50
trend_rs|IAG.TO|2024-11-22,trend_rs,IAG.TO,Financials,2024-11-22,2024-11-21,6,100,2024-11-25,125.7724838256836,4.005462666237778,2024-12-23,Validation,true,,neither,,1.7502493592605806,3.987485540863167,1.506710452876936,4.109583215436863,5.0224408425648015,-2.2677335414003297,TSX_above_MA50
trend_rs|CAE.TO|2024-11-25,trend_rs,CAE.TO,Industrials,2024-11-25,2024-11-22,3,100,2024-11-26,32.45000076293945,1.0092857905796595,2024-12-24,Validation,true,,success,18,2.434517402013703,1.9106284046466193,10.107854244006376,12.305439912668648,10.169488935203397,-0.46225430617006236,TSX_above_MA50
trend_rs|CEU.TO|2024-11-25,trend_rs,CEU.TO,Energy,2024-11-25,2024-11-22,4,100,2024-11-26,9.182208061218262,0.339028932827921,2024-12-24,Validation,true,,adverse_first,,4.122621333923537,0.31709835325095526,2.959813124782995,5.157398793445267,5.602525843290751,-3.9112153967984953,TSX_above_MA50
trend_rs|BN.TO|2024-11-27,trend_rs,BN.TO,Financials,2024-11-27,2024-11-26,3,100,2024-11-28,56.058170318603516,1.3867597990077971,2024-12-30,Validation,true,,adverse_first,,-1.0687217073906519,-1.0452244195138904,-3.144444762762111,0.4686090107027585,2.935986806910118,-7.1898955317263535,TSX_above_MA50
trend_rs|EFR.TO|2024-11-28,trend_rs,EFR.TO,Energy,2024-11-28,2024-11-27,6,100,2024-11-29,10.1899995803833,0.5642857551574707,2024-12-31,Validation,true,,adverse_first,,-7.065744288552844,-16.486746032213972,-27.477917852793297,-23.890505152485286,1.472037079308186,-28.557404223813432,TSX_above_MA50
trend_rs|BN.TO|2024-11-29,trend_rs,BN.TO,Financials,2024-11-29,2024-11-28,2,100,2024-12-02,56.90084457397461,1.3449077573659562,2025-01-02,Validation,true,,adverse_first,,-3.0082028182082388,-2.3543372095400916,-3.9647792687353967,-1.2594543600213615,1.4115541436895862,-8.564368727322591,TSX_above_MA50
trend_rs|DML.TO|2024-11-29,trend_rs,DML.TO,Energy,2024-11-29,2024-11-28,6,100,2024-12-02,3.2200000286102295,0.1799999475479126,2025-01-02,Validation,true,,adverse_first,,-4.037270598939302,-9.316768622693639,-7.453416379015643,-4.748091470301608,3.1055870727966672,-19.565220771529923,TSX_above_MA50
trend_rs|CCO.TO|2024-12-02,trend_rs,CCO.TO,Energy,2024-12-02,2024-11-29,2,100,2024-12-03,83.39820098876953,3.4351490117766526,2025-01-03,Validation,true,,adverse_first,,-4.2963108520232325,-8.472945574256519,-8.209670896131971,-6.0166383833351045,5.52896618311729,-12.290566967849815,TSX_above_MA50
trend_rs|EFR.TO|2024-12-02,trend_rs,EFR.TO,Energy,2024-12-02,2024-11-29,5,100,2024-12-03,9.800000190734863,0.5557143347603934,2025-01-03,Validation,true,,adverse_first,,-7.3469413573023505,-18.979592829731672,-15.510208450819352,-13.317175938022485,3.061226376490178,-25.714285019187834,TSX_above_MA50
trend_rs|EFX.TO|2024-12-02,trend_rs,EFX.TO,Energy,2024-12-02,2024-11-29,6,100,2024-12-03,12.745338439941406,0.4563453179310831,2025-01-03,Validation,true,,success,11,5.015430482168526,6.558650797308929,14.429004816956258,16.622037329753123,14.969125886237045,-0.6172756834020077,TSX_above_MA50
trend_rs|MDA.TO|2024-12-04,trend_rs,MDA.TO,Industrials,2024-12-04,2024-12-03,6,100,2024-12-05,28.229999542236328,1.099285398210798,2025-01-07,Validation,true,,neither,,0.5667724052659917,-0.7084621283524717,-0.10626560319986211,2.8146830314379923,6.269927334272474,-2.5504758236969294,TSX_above_MA50
trend_rs|ATS.TO|2024-12-05,trend_rs,ATS.TO,Industrials,2024-12-05,2024-12-04,1,100,2024-12-06,44.70000076293945,1.6571431841169084,2025-01-08,Validation,true,,adverse_first,,0.06711136193480183,-4.026843862054063,-8.076063867418537,-5.584601443472181,2.0357938073383375,-8.16555137266375,TSX_above_MA50
trend_rs|CPX.TO|2024-12-05,trend_rs,CPX.TO,Utilities,2024-12-05,2024-12-04,4,100,2024-12-06,62.77015686035156,1.6209624079717198,2025-01-08,Validation,true,,adverse_first,,-7.752385015454443,-6.927034145618127,-9.21949313331899,-6.728030709372634,0.5895371927538084,-13.33824432519608,TSX_above_MA50
trend_rs|NXE.TO|2024-12-05,trend_rs,NXE.TO,Energy,2024-12-05,2024-12-04,6,100,2024-12-06,11.84000015258789,0.5392860685076032,2025-01-08,Validation,true,,adverse_first,,-9.7128425454727,-15.456080237516456,-15.793917748813147,-13.302455324866791,1.351350045186761,-20.777027081450548,TSX_above_MA50
trend_rs|AC.TO|2024-12-06,trend_rs,AC.TO,Industrials,2024-12-06,2024-12-05,1,100,2024-12-09,25.540000915527344,0.5485713141305106,2025-01-09,Validation,true,,adverse_first,,-2.42756780347827,-13.625690386993107,-13.821458731817826,-11.66734604836509,2.505870660557963,-16.953804525598947,TSX_above_MA50
trend_rs|LUG.TO|2024-12-09,trend_rs,LUG.TO,Materials,2024-12-09,2024-12-06,3,100,2024-12-10,28.89137840270996,0.8120226475819996,2025-01-10,Validation,true,,adverse_first,,-6.666654343322087,-7.79258992449069,0.2666595719411413,3.1548060411104806,1.481475914687147,-10.992597479846832,TSX_above_MA50
trend_rs|MX.TO|2024-12-09,trend_rs,MX.TO,Materials,2024-12-09,2024-12-06,4,100,2024-12-10,65.1119155883789,1.4929417582222517,2025-01-10,Validation,true,,adverse_first,,0.581637802719337,3.937347769583832,2.699456045212112,5.587602514381452,10.290791245945474,-4.114672275119757,TSX_above_MA50
trend_rs|OGC.TO|2024-12-09,trend_rs,OGC.TO,Materials,2024-12-09,2024-12-06,5,100,2024-12-10,13.143799781799316,0.3894302445720467,2025-01-10,Validation,true,,adverse_first,,-9.19283052947798,-10.986540463971362,-10.762324908235389,-7.87417843906605,1.5695069981376264,-14.34976998841142,TSX_above_MA50
trend_rs|SHOP.TO|2024-12-09,trend_rs,SHOP.TO,Technology,2024-12-09,2024-12-06,6,100,2024-12-10,160.80999755859375,5.12750244140625,2025-01-10,Validation,true,,success,5,6.26205302972509,-0.8146244502717725,-6.896335119867036,-4.008188650697697,6.8590255250006615,-10.57769713642217,TSX_above_MA50
trend_rs|ATRL.TO|2024-12-10,trend_rs,ATRL.TO,Industrials,2024-12-10,2024-12-09,1,100,2024-12-11,74.19847106933594,2.0435785173698915,2025-01-13,Validation,true,,adverse_first,,0.41709587179556973,1.2378896289714003,-3.821305204485359,0.5493066260583213,3.579121822368836,-5.812698384086346,TSX_above_MA50
trend_rs|ATS.TO|2024-12-10,trend_rs,ATS.TO,Industrials,2024-12-10,2024-12-09,2,100,2024-12-11,44.45000076293945,1.6442860194614954,2025-01-13,Validation,true,,adverse_first,,-3.5095643341173544,-2.6546688074741587,-13.205846639217434,-8.835234808673754,2.204723341767423,-14.128239564014011,TSX_above_MA50
trend_rs|KNT.TO|2024-12-10,trend_rs,KNT.TO,Materials,2024-12-10,2024-12-09,5,100,2024-12-11,9.739999771118164,0.27607154846191406,2025-01-13,Validation,true,,adverse_first,,-12.83367586626235,-12.628332352569682,-0.41067723606769135,3.959934594475989,6.673517325247014,-15.349075161091651,TSX_above_MA50
trend_rs|OGC.TO|2024-12-11,trend_rs,OGC.TO,Materials,2024-12-11,2024-12-10,5,100,2024-12-12,12.70174503326416,0.3620648417419403,2025-01-14,Validation,true,,adverse_first,,-8.816709081824147,-9.280754305304296,-5.56845258318257,-2.3332027291825264,-0.6960676689674927,-11.600931120550184,TSX_above_MA50
trend_rs|POU.TO|2024-12-11,trend_rs,POU.TO,Energy,2024-12-11,2024-12-10,6,100,2024-12-12,15.160832405090332,0.2831269493746437,2025-01-14,Validation,true,,adverse_first,,-4.760573896737719,1.89770139995602,-0.6481232487182575,2.5871266052817865,6.4344620528065555,-5.805021021810486,TSX_above_MA50
trend_rs|CLS.TO|2024-12-12,trend_rs,CLS.TO,Technology,2024-12-12,2024-12-11,1,100,2024-12-13,141.22000122070312,5.443572453090122,2025-01-15,Validation,true,,adverse_first,,-3.0307313003120284,-6.061462600624057,8.950573063580602,10.869518336083662,9.84988212850273,-8.554030396994317,TSX_above_MA50
trend_rs|TA.TO|2024-12-12,trend_rs,TA.TO,Utilities,2024-12-12,2024-12-11,5,100,2024-12-13,18.57536506652832,0.7132810572242468,2025-01-15,Validation,true,,success,2,4.190673202283524,6.495547057396256,-0.8905063754506282,1.0284388970524305,9.900471553001445,-3.6144540910775014,TSX_above_MA50
trend_rs|WELL.TO|2024-12-12,trend_rs,WELL.TO,Health Care,2024-12-12,2024-12-11,6,100,2024-12-13,6.789999961853027,0.2746427740369524,2025-01-15,Validation,true,,success,14,4.565536738161335,1.0309303689933103,-1.1782021230560158,0.7407431494470429,8.39470066073198,-3.2400558384040323,TSX_above_MA50
trend_rs|ATS.TO|2024-12-13,trend_rs,ATS.TO,Industrials,2024-12-13,2024-12-12,1,100,2024-12-16,44.06999969482422,1.385000501360212,2025-01-16,Validation,true,,adverse_first,,-2.632175755490973,0.5672793322695657,-13.56932058916861,-12.372368207387774,3.086000952505774,-15.044250315467767,TSX_above_MA50
trend_rs|MDA.TO|2024-12-13,trend_rs,MDA.TO,Industrials,2024-12-13,2024-12-12,4,100,2024-12-16,28.3799991607666,0.9342854363577706,2025-01-16,Validation,true,,adverse_first,,2.0436925329718303,0.38759906132637134,-4.897813357126579,-3.7008609753457433,5.708248369058944,-5.778715426868741,TSX_above_MA50
trend_rs|SHOP.TO|2024-12-16,trend_rs,SHOP.TO,Technology,2024-12-16,2024-12-13,3,100,2024-12-17,170.8800048828125,4.871074131556919,2025-01-17,Validation,true,,adverse_first,,-6.659646861911539,-7.6135354598960365,-12.482444535089144,-12.27623654002551,0.5617927362165487,-16.450140336564868,TSX_above_MA50
trend_rs|SSRM.TO|2024-12-16,trend_rs,SSRM.TO,Materials,2024-12-16,2024-12-13,6,99.61269930536685,2024-12-17,10.38016128540039,0.5023810256230101,2025-01-17,Validation,true,,adverse_first,,-0.7699743890056121,-0.8662223360651922,6.063519602572054,6.269727597635688,7.988450845538608,-5.967276168010294,TSX_above_MA50
trend_rs|MDA.TO|2024-12-19,trend_rs,MDA.TO,Industrials,2024-12-19,2024-12-18,4,98.68338481229584,2024-12-20,28.459999084472656,0.9414284569876534,2025-01-22,Validation,true,,adverse_first,,3.7596684349741505,0.9838394084779489,-0.49191635331014005,-3.386284125012806,5.41110669384226,-6.043567704444863,TSX_not_above_MA50
trend_rs|BMO.TO|2024-12-19,trend_rs,BMO.TO,Financials,2024-12-19,2024-12-18,6,94.34369868151934,2024-12-20,129.8806915283203,2.829130335553667,2025-01-22,Validation,true,,neither,,0.5113805312375375,1.9518763288075336,3.7381249529333305,0.8437571812306643,4.026212675787066,-0.7202514873646981,TSX_not_above_MA50
trend_rs|CAE.TO|2024-12-20,trend_rs,CAE.TO,Industrials,2024-12-20,2024-12-19,1,100,2024-12-23,35.31999969482422,0.6850005558558873,2025-01-23,Validation,true,,adverse_first,,-0.651187837552647,-3.652324254454564,-0.821067151848931,-3.58925822775098,3.8505113876058594,-4.869765672606086,TSX_not_above_MA50
trend_rs|CLS.TO|2024-12-20,trend_rs,CLS.TO,Technology,2024-12-20,2024-12-19,2,100,2024-12-23,140.2899932861328,7.020716530936105,2025-01-23,Validation,true,,adverse_first,,-4.305362873468644,5.574173282815131,25.917743495925905,23.149552420023856,33.93684716574696,-6.821578532626282,TSX_not_above_MA50
trend_rs|BB.TO|2024-12-23,trend_rs,BB.TO,Technology,2024-12-23,2024-12-20,1,100,2024-12-24,5.650000095367432,0.322857141494751,2025-01-24,Validation,true,,adverse_first,,-5.486724558353851,3.8938015305881812,5.84070651568005,3.338576667159865,10.265485202055302,-7.256642784580425,TSX_not_above_MA50
trend_rs|EFX.TO|2024-12-24,trend_rs,EFX.TO,Energy,2024-12-24,2024-12-23,4,100,2024-12-27,13.797614097595215,0.4144483477988367,2025-01-27,Validation,true,,success,4,5.060594019275988,1.6393593324563138,-1.2829483198156577,-3.270328828122482,8.48182884914086,-1.4967807568160185,TSX_not_above_MA50
trend_rs|MDA.TO|2024-12-24,trend_rs,MDA.TO,Industrials,2024-12-24,2024-12-23,5,100,2024-12-27,29.239999771118164,0.9000000272478376,2025-01-27,Validation,true,,adverse_first,,-0.2393970429964254,-4.7195594102900635,-9.81531790133463,-11.802698409641454,2.5991800096815565,-10.020520957971723,TSX_not_above_MA50
trend_rs|NGEX.TO|2024-12-24,trend_rs,NGEX.TO,Materials,2024-12-24,2024-12-23,6,100,2024-12-27,13.6899995803833,0.5064285142081124,2025-01-27,Validation,true,,adverse_first,,-1.0956875319792614,4.967131672890401,0.9495991119473635,-1.0377813963594607,8.911616540711753,-5.222784666393354,TSX_not_above_MA50
trend_rs|MX.TO|2024-12-27,trend_rs,MX.TO,Materials,2024-12-27,2024-12-24,6,100,2024-12-30,68.84090423583984,1.907238589482213,2025-01-28,Validation,true,,adverse_first,,2.2993278928618244,0.23979523701072036,-0.5219372688921697,-3.76678265568281,4.316536360119927,-4.274226000271508,TSX_not_above_MA50
trend_rs|SSRM.TO|2025-01-02,trend_rs,SSRM.TO,Materials,2025-01-02,2024-12-31,4,100,2025-01-03,10.29024600982666,0.4645598937467811,2025-01-31,Validation,true,,success,12,3.9805822093482934,6.9902934216117485,13.009706578388247,11.176697188494543,16.407766798190828,-1.8446655859425953,TSX_not_above_MA50
trend_rs|TA.TO|2025-01-02,trend_rs,TA.TO,Utilities,2025-01-02,2024-12-31,5,100,2025-01-03,19.937623977661133,0.5984207952145414,2025-01-31,Validation,true,,adverse_first,,-6.68617802428515,0.9272789768581591,-18.448038693369796,-20.2810480832635,3.56271678843183,-27.574427033105074,TSX_not_above_MA50
trend_rs|WELL.TO|2025-01-02,trend_rs,WELL.TO,Health Care,2025-01-02,2024-12-31,6,100,2025-01-03,7.159999847412109,0.24571425574166433,2025-01-31,Validation,true,,adverse_first,,-6.2849136711613625,-8.798877807678519,-17.178771582209663,-19.011780972103367,2.79330014475605,-17.737430279213473,TSX_not_above_MA50
trend_rs|ATZ.TO|2025-01-06,trend_rs,ATZ.TO,Consumer,2025-01-06,2025-01-03,1,100,2025-01-07,56.90999984741211,1.7628577096121651,2025-02-04,Validation,true,,success,3,16.605167436789547,21.806360711098183,21.63064734896638,20.228716356368317,29.045866523132347,-1.8274484595252272,TSX_not_above_MA50
trend_rs|MX.TO|2025-01-06,trend_rs,MX.TO,Materials,2025-01-06,2025-01-03,5,100,2025-01-07,70.42378234863281,1.945066653485976,2025-02-04,Validation,true,,adverse_first,,-2.0132416295130073,0.5102167944700309,5.832879949333658,4.430948956735592,7.804750315785491,-6.4258035986490825,TSX_not_above_MA50
trend_rs|NGEX.TO|2025-01-06,trend_rs,NGEX.TO,Materials,2025-01-06,2025-01-03,6,100,2025-01-07,13.75,0.46035691670009066,2025-02-04,Validation,true,,success,6,5.890912142666904,6.181820956143458,-1.8181818181818188,-3.220112810779885,8.436362526633513,-7.636365023526281,TSX_not_above_MA50
trend_rs|SSRM.TO|2025-01-08,trend_rs,SSRM.TO,Materials,2025-01-08,2025-01-07,6,100,2025-01-09,10.879687309265137,0.3853490902748758,2025-02-06,Validation,true,,adverse_first,,1.7447219227538335,3.7649216408683683,20.01835700509258,18.179357897706215,25.895313139246756,-7.162539732432949,TSX_above_MA50
trend_rs|TVE.TO|2025-01-10,trend_rs,TVE.TO,Energy,2025-01-10,2025-01-09,5,97.73180359736372,2025-01-13,4.637382984161377,0.12212755772100094,2025-02-10,Validation,true,,adverse_first,,-0.8281700805641168,-5.383033546430505,-5.732400768840273,-10.307660989944424,2.2774492139930436,-12.999731194229048,TSX_not_above_MA50
trend_rs|PXT.TO|2025-01-10,trend_rs,PXT.TO,Energy,2025-01-10,2025-01-09,6,86.24010362433461,2025-01-13,13.236119270324707,0.38820517199644416,2025-02-10,Validation,true,,adverse_first,,-3.143429494627059,-9.037337281146286,-7.400124662468544,-11.975384883572694,0.523908436815046,-12.901116782430588,TSX_not_above_MA50
trend_rs|EFX.TO|2025-01-14,trend_rs,EFX.TO,Energy,2025-01-14,2025-01-13,4,100,2025-01-15,14.16148567199707,0.4516782613798088,2025-02-12,Validation,true,,adverse_first,,3.9583433505771426,-2.7777631868344255,-6.944438271353026,-10.06594151564897,5.694448007073949,-9.44443940827523,TSX_not_above_MA50
trend_rs|MX.TO|2025-01-14,trend_rs,MX.TO,Materials,2025-01-14,2025-01-13,5,100,2025-01-15,69.8799819946289,1.8464642358385663,2025-02-12,Validation,true,,adverse_first,,-0.5836684841618478,-0.0972780806936413,-7.087281365875963,-10.208784610171906,8.643678141919352,-7.184557194328023,TSX_not_above_MA50
trend_rs|TVE.TO|2025-01-15,trend_rs,TVE.TO,Energy,2025-01-15,2025-01-14,6,100,2025-01-16,4.493364334106445,0.11400042671644149,2025-02-13,Validation,true,,adverse_first,,-2.1367534065676597,-3.6324659343234256,-3.1396008263799735,-6.569907304027545,2.564106729318061,-10.21125015058918,TSX_not_above_MA50
trend_rs|EFX.TO|2025-01-17,trend_rs,EFX.TO,Energy,2025-01-17,2025-01-16,5,96.84906524368252,2025-01-20,14.751547813415527,0.46713213380891244,2025-02-18,Validation,true,,adverse_first,,-7.6666529395073795,-8.26666125338188,-12.46666773122188,-14.527883386500474,1.466668446858721,-14.466662205151238,TSX_not_above_MA50
trend_rs|PXT.TO|2025-01-20,trend_rs,PXT.TO,Energy,2025-01-20,2025-01-17,5,100,2025-01-21,12.586013793945312,0.38820505485692447,2025-02-19,Validation,true,,adverse_first,,-4.3388420984994625,-2.8236791026590713,3.443543997177634,2.08049887859576,4.132245388228539,-8.402197434867919,TSX_above_MA50
trend_rs|SSRM.TO|2025-01-21,trend_rs,SSRM.TO,Materials,2025-01-21,2025-01-20,4,99.36287991274428,2025-01-22,11.199383735656738,0.41317993958875576,2025-02-20,Validation,true,,success,10,0.35683006759963387,16.324711614731836,32.64942322946369,31.848998089211246,38.09099036134973,-3.0330043013237606,TSX_above_MA50
trend_rs|AAV.TO|2025-01-21,trend_rs,AAV.TO,Energy,2025-01-21,2025-01-20,5,92.00360010719656,2025-01-22,10.149999618530273,0.2692856788635254,2025-02-20,Validation,true,,adverse_first,,-9.16255553156493,-9.26107995774894,-3.05418204525284,-3.8546071855052877,2.561578705945644,-11.428570354764977,TSX_above_MA50
trend_rs|ARX.TO|2025-01-21,trend_rs,ARX.TO,Energy,2025-01-21,2025-01-20,6,88.32559946116424,2025-01-22,25.673343658447266,0.7229180083868033,2025-02-20,Validation,true,,adverse_first,,-5.3731415802379505,-6.604473060110583,2.649242293554366,1.8488171533019182,3.134313730866811,-11.007464590057726,TSX_above_MA50
trend_rs|TVK.TO|2025-01-22,trend_rs,TVK.TO,Energy,2025-01-22,2025-01-21,4,93.6861833349726,2025-01-23,135.56060791015625,4.692645973509024,2025-02-21,Validation,true,,adverse_first,,-0.4683535754887891,-5.583604416879595,-14.284660235701985,-13.155862229150284,2.1514884058386086,-16.260507334652786,TSX_above_MA50
trend_rs|NTR.TO|2025-01-24,trend_rs,NTR.TO,Materials,2025-01-24,2025-01-23,5,73.93436952517516,2025-01-27,71.4853515625,1.7293085222489017,2025-02-25,Validation,true,,adverse_first,,-1.6556190318438246,-1.4834475451155016,1.5496714525757849,1.886571083177102,3.576155926822011,-6.556299038842239,TSX_above_MA50
trend_rs|WDO.TO|2025-01-24,trend_rs,WDO.TO,Materials,2025-01-24,2025-01-23,6,71.74624205332455,2025-01-27,13.647544860839844,0.46457605507489586,2025-02-25,Validation,true,,success,3,7.979504262887471,8.931190886013107,3.806739504620671,4.143639135221989,11.273790884450108,0.6588634041016173,TSX_above_MA50
trend_rs|BIR.TO|2025-01-27,trend_rs,BIR.TO,Energy,2025-01-27,2025-01-24,2,100,2025-01-28,5.666268348693848,0.2234683151486855,2025-02-26,Validation,true,,adverse_first,,-2.2222285804979314,-0.3418994454779445,-5.811953958528749,-5.453569216991738,4.615376814436978,-7.521370457930199,TSX_above_MA50
trend_rs|GMIN.TO|2025-01-27,trend_rs,GMIN.TO,Materials,2025-01-27,2025-01-24,5,88.94075222097818,2025-01-28,13.319999694824219,0.42142861230032785,2025-02-26,Validation,true,,success,3,13.363368824529086,18.16816915719819,18.018022726660888,18.376407468197897,23.01051504714817,-0.22522322566455033,TSX_above_MA50
trend_rs|K.TO|2025-01-27,trend_rs,K.TO,Materials,2025-01-27,2025-01-24,6,80.13294077166012,2025-01-28,15.469637870788574,0.5295406864305521,2025-02-26,Validation,true,,success,2,5.047928033940496,10.095849903067556,1.469654538033227,1.8280392795702372,12.651768237729977,-4.28115525682895,TSX_above_MA50
trend_rs|BB.TO|2025-01-28,trend_rs,BB.TO,Technology,2025-01-28,2025-01-27,2,100,2025-01-29,6.25,0.26500007084437777,2025-02-27,Validation,true,,success,5,15.999999999999993,33.11999511718751,10.080001831054686,11.43475976157784,41.75999450683594,-3.1999969482421897,TSX_above_MA50
trend_rs|SSRM.TO|2025-01-28,trend_rs,SSRM.TO,Materials,2025-01-28,2025-01-27,4,91.87238275339746,2025-01-29,11.239346504211426,0.399621502972986,2025-02-27,Validation,true,,success,5,15.911105937061132,17.066663249983517,29.777776721849204,31.132534652372357,37.59999221610788,1.8666675654120946,TSX_above_MA50
trend_rs|CLS.TO|2025-01-30,trend_rs,CLS.TO,Technology,2025-01-30,2025-01-29,3,100,2025-01-31,179.42999267578125,13.073570251464844,2025-03-03,Validation,true,,adverse_first,,3.249179105518407,4.425125545066111,-25.04597281226051,-22.964361068558038,15.125684532283179,-26.48386053246824,TSX_above_MA50
trend_rs|GMIN.TO|2025-01-31,trend_rs,GMIN.TO,Materials,2025-01-31,2025-01-30,6,88.94075222097818,2025-02-03,14.619999885559082,0.408928598676409,2025-03-04,Validation,true,,success,2,6.771544315099742,5.471957571799058,7.455541457729686,10.109079480054694,12.07250586278139,-3.214776133432473,TSX_above_MA50
trend_rs|WDO.TO|2025-02-03,trend_rs,WDO.TO,Materials,2025-02-03,2025-01-31,5,100,2025-02-04,14.726560592651367,0.4952623226381862,2025-03-05,Validation,true,,adverse_first,,-0.5427434597178871,-3.5956608499021936,2.4423326169715542,4.058666877520434,3.1207554117586245,-6.648576355844693,TSX_above_MA50
trend_rs|BB.TO|2025-02-04,trend_rs,BB.TO,Technology,2025-02-04,2025-02-03,2,100,2025-02-05,7.25,0.28285721370152067,2025-03-06,Validation,true,,success,3,14.758616480334052,9.103446171201512,-12.827583839153423,-8.972251567762102,22.20689181623787,-16.68965569857893,TSX_above_MA50
trend_rs|SHOP.TO|2025-02-05,trend_rs,SHOP.TO,Technology,2025-02-05,2025-02-04,5,100,2025-02-06,169.97000122070312,5.824998038155692,2025-03-07,Validation,true,,success,5,6.50114901005947,-3.2299849701332817,-15.36741479649173,-12.329567105132977,7.977876955467167,-19.073953012948742,TSX_above_MA50
trend_rs|TVK.TO|2025-02-06,trend_rs,TVK.TO,Energy,2025-02-06,2025-02-05,6,98.82504736267514,2025-02-07,132.50518798828125,5.148624530621155,2025-03-10,Validation,true,,adverse_first,,-10.720975464827854,-12.457898906707388,-18.60448003537597,-14.429636933500714,3.2791686540498244,-24.90080361282039,TSX_above_MA50
trend_rs|SHOP.TO|2025-02-07,trend_rs,SHOP.TO,Technology,2025-02-07,2025-02-06,6,95.57744832928101,2025-02-10,171.5500030517578,6.36285400390625,2025-03-11,Validation,true,,adverse_first,,6.9367494519332995,-7.443896266564409,-21.91197649034694,-16.41407459120543,6.983384152971772,-22.94374812600638,TSX_above_MA50
trend_rs|AEM.TO|2025-02-10,trend_rs,AEM.TO,Materials,2025-02-10,2025-02-07,1,100,2025-02-11,137.84400939941406,3.7300001634730657,2025-03-12,Validation,true,,adverse_first,,-0.7686513179196441,0.39142127655806824,3.788439899510121,8.503286157538291,5.06058696357734,-4.97375593957713,TSX_above_MA50
trend_rs|AGI.TO|2025-02-10,trend_rs,AGI.TO,Materials,2025-02-10,2025-02-07,2,100,2025-02-11,31.911823272705078,0.9168763675358692,2025-03-12,Validation,true,,success,6,0.49812963802611243,5.168111431089595,9.806965351593732,14.521811609621903,10.273956938233075,-2.3038712944132067,TSX_above_MA50
trend_rs|DPM.TO|2025-02-10,trend_rs,DPM.TO,Materials,2025-02-10,2025-02-07,5,100,2025-02-11,15.644124031066895,0.41321139030281867,2025-03-12,Validation,true,,success,3,3.286974261787612,7.458931033690264,10.99875134517061,15.713597603198782,12.64222816886491,-1.390645612414021,TSX_above_MA50
trend_rs|LUG.TO|2025-02-11,trend_rs,LUG.TO,Materials,2025-02-11,2025-02-10,6,100,2025-02-12,32.83772659301758,1.0694395118693552,2025-03-13,Validation,true,,adverse_first,,0.02605651138047893,4.848811245725448,14.545492775329794,19.865271720001555,15.783959199712116,-3.4671584368309416,TSX_above_MA50
trend_rs|DPM.TO|2025-02-12,trend_rs,DPM.TO,Materials,2025-02-12,2025-02-11,5,100,2025-02-13,15.594679832458496,0.3771878704353832,2025-03-14,Validation,true,,success,1,7.03867679757233,7.545960004053276,15.97970842712546,20.435609002548148,17.564996871926255,1.0780030483446223,TSX_above_MA50
trend_rs|FNV.TO|2025-02-13,trend_rs,FNV.TO,Materials,2025-02-13,2025-02-12,6,100,2025-02-14,193.37405395507812,3.94680957494884,2025-03-17,Validation,true,,success,8,1.5857776579776717,4.405481528312016,12.619654347578724,15.359104772866583,14.07149003296675,0.020397031628793805,TSX_above_MA50
trend_rs|GMIN.TO|2025-02-14,trend_rs,GMIN.TO,Materials,2025-02-14,2025-02-13,5,100,2025-02-18,15.420000076293945,0.5489285332815987,2025-03-18,Validation,true,,adverse_first,,-4.669262408991203,1.880674192076448,19.390400494970585,23.065820565932118,25.81063244192203,-8.23605999662812,TSX_above_MA50
trend_rs|SKE.TO|2025-02-14,trend_rs,SKE.TO,Materials,2025-02-14,2025-02-13,6,100,2025-02-18,15.479999542236328,0.7521431786673409,2025-03-18,Validation,true,,adverse_first,,-8.204131405974735,-11.627902392046895,3.294575219400553,6.969995290362085,4.5219688865593355,-15.374672035828585,TSX_above_MA50
trend_rs|EQX.TO|2025-02-18,trend_rs,EQX.TO,Materials,2025-02-18,2025-02-14,5,100,2025-02-19,9.660317420959473,0.40298769523001315,2025-03-19,Validation,true,,adverse_first,,-5.773202573019587,-1.2371197731158912,2.6803982041895713,4.853955020966594,5.463913201220194,-8.453603151354827,TSX_above_MA50
trend_rs|SSRM.TO|2025-02-19,trend_rs,SSRM.TO,Materials,2025-02-19,2025-02-18,6,100,2025-02-20,14.855917930603027,0.6943417845197596,2025-03-20,Validation,true,,adverse_first,,-1.8157337744636348,-2.5554838213098674,6.993945585441219,8.7729634523238,9.751173856011297,-8.675183230906159,TSX_above_MA50
trend_rs|LUG.TO|2025-02-21,trend_rs,LUG.TO,Materials,2025-02-21,2025-02-20,6,100,2025-02-24,35.277442932128906,1.2125203398786546,2025-03-24,Validation,true,,adverse_first,,-5.508354987202324,-2.378054385003092,6.403003102369542,5.795484511367244,12.387859566343696,-8.129086484901881,TSX_not_above_MA50
trend_rs|CLS.TO|2025-02-26,trend_rs,CLS.TO,Technology,2025-02-26,2025-02-25,3,100,2025-02-27,155.9499969482422,13.707140241350446,2025-03-27,Validation,true,,adverse_first,,-25.0785516997039,-19.96152475959946,-22.468736115308896,-22.599666272056663,0.9169656701211171,-27.41904157973625,TSX_above_MA50
trend_rs|SSRM.TO|2025-02-27,trend_rs,SSRM.TO,Materials,2025-02-27,2025-02-26,6,100,2025-02-28,14.416335105895996,0.6622293752275421,2025-03-28,Validation,true,,adverse_first,,-1.1781004262658379,6.722103210485564,7.96950482922012,10.467391222391598,13.582806605727992,-5.89050733191212,TSX_not_above_MA50
trend_rs|X.TO|2025-02-28,trend_rs,X.TO,Financials,2025-02-28,2025-02-27,6,95.00072352876522,2025-03-03,49.51274871826172,0.7699151289222185,2025-03-31,Validation,true,,success,2,0.5311619041455495,-0.6492329810076969,3.364151232677459,3.700528147310811,4.052712164479466,-1.8493135607773215,TSX_above_MA50
trend_rs|FTT.TO|2025-03-03,trend_rs,FTT.TO,Industrials,2025-03-03,2025-02-28,3,100,2025-03-04,40.094871520996094,1.0430522679760312,2025-04-01,Validation,true,,adverse_first,,-4.669244374504666,-1.4834600780352813,-1.7752789319003703,-3.6526221731912667,2.407590721045594,-6.906606857110131,TSX_not_above_MA50
trend_rs|WPM.TO|2025-03-03,trend_rs,WPM.TO,Materials,2025-03-03,2025-02-28,6,100,2025-03-04,98.61898040771484,2.6189019826145667,2025-04-01,Validation,true,,success,7,2.71571964725561,8.217249216648348,10.415724296731899,8.538381055441002,12.446140712450626,-0.47099153674726724,TSX_not_above_MA50
trend_rs|GMIN.TO|2025-03-04,trend_rs,GMIN.TO,Materials,2025-03-04,2025-03-03,4,100,2025-03-05,15.949999809265137,0.6807143347603934,2025-04-02,Validation,true,,success,8,2.319748526543264,18.808783633537463,14.921630989979118,13.166969202695622,21.630093106716398,-4.13793012730147,TSX_not_above_MA50
trend_rs|LUG.TO|2025-03-05,trend_rs,LUG.TO,Materials,2025-03-05,2025-03-04,4,100,2025-03-06,35.08054733276367,1.4387598958317667,2025-04-03,Validation,true,,success,5,7.22220319252993,5.2736061973727155,11.884053715928022,12.893650277716173,13.018655738387007,-4.001924400562185,TSX_not_above_MA50
trend_rs|EXE.TO|2025-03-06,trend_rs,EXE.TO,Health Care,2025-03-06,2025-03-05,5,98.53115199075816,2025-03-07,12.525605201721191,0.39800198185316155,2025-04-04,Validation,true,,neither,,-0.8435327140929649,0.3834461101827724,0.785256701874637,7.107456210161855,2.607372405315256,-2.607366508749953,TSX_not_above_MA50
trend_rs|X.TO|2025-03-06,trend_rs,X.TO,Financials,2025-03-06,2025-03-05,6,90.23784330411259,2025-03-07,50.27252960205078,0.9217494719741209,2025-04-04,Validation,true,,adverse_first,,-2.712654308387774,1.0656788461208766,-0.3875133720151136,5.934686136272104,3.9720935012878433,-3.3326885943712914,TSX_not_above_MA50
trend_rs|LUG.TO|2025-03-07,trend_rs,LUG.TO,Materials,2025-03-07,2025-03-06,3,100,2025-03-10,34.43852615356445,1.5243640682212305,2025-04-07,Validation,true,,success,3,7.83917283544604,8.994962589665567,8.090450741721211,14.329809199415156,15.125609163313403,1.08038400539745,TSX_not_above_MA50
trend_rs|MFI.TO|2025-03-10,trend_rs,MFI.TO,Consumer,2025-03-10,2025-03-07,6,95.01605039669933,2025-03-11,20.740257263183594,0.6529535298362651,2025-04-08,Validation,true,,adverse_first,,0.040013360471169435,-0.720286470279019,-8.523406758294295,-1.342259769125154,2.801115530591769,-9.323729020083116,TSX_not_above_MA50
trend_rs|LUG.TO|2025-03-12,trend_rs,LUG.TO,Materials,2025-03-12,2025-03-11,4,100,2025-03-13,37.6141357421875,1.8087696912636286,2025-04-10,Validation,true,,adverse_first,,-1.8173446703555252,0.1150368345043562,10.443991675726538,15.353668356834193,12.26133329865009,-6.349203653907464,TSX_not_above_MA50
trend_rs|FNV.TO|2025-03-13,trend_rs,FNV.TO,Materials,2025-03-13,2025-03-12,4,100,2025-03-14,217.73765563964844,5.683500631368111,2025-04-11,Validation,true,,adverse_first,,1.484604918619259,1.0442228631315942,4.857896003792672,8.790547261920189,5.375465859911666,-9.375281428189531,TSX_not_above_MA50
trend_rs|GMIN.TO|2025-03-13,trend_rs,GMIN.TO,Materials,2025-03-13,2025-03-12,5,100,2025-03-14,16.75,0.7442857878548759,2025-04-11,Validation,true,,success,1,5.850743535739267,11.880595648466642,21.25372815487989,25.18637941300741,24.29850564074161,-6.388057879547571,TSX_not_above_MA50
trend_rs|AAUC.TO|2025-03-17,trend_rs,AAUC.TO,Materials,2025-03-17,2025-03-14,1,100,2025-03-18,15.239999771118164,0.7221428326198033,2025-04-15,Validation,true,,adverse_first,,-6.692910232337345,-3.5433068895210806,12.795280788881414,15.37844538726192,12.795280788881414,-19.685039665718374,TSX_not_above_MA50
trend_rs|ABX.TO|2025-03-17,trend_rs,ABX.TO,Materials,2025-03-17,2025-03-14,2,100,2025-03-18,26.78767204284668,0.6934339851773039,2025-04-15,Validation,true,,adverse_first,,-0.03617085889057181,1.7721513579558534,2.748643503788495,5.331808102169,4.6654687457264865,-12.188070154510521,TSX_not_above_MA50
trend_rs|AEM.TO|2025-03-17,trend_rs,AEM.TO,Materials,2025-03-17,2025-03-14,3,100,2025-03-18,149.0855255126953,4.257735247664791,2025-04-15,Validation,true,,adverse_first,,-0.44936430380159154,2.3326413501747023,11.26675700009898,13.849921598479487,11.557513879227654,-10.526666350949865,TSX_not_above_MA50
trend_rs|FNV.TO|2025-03-19,trend_rs,FNV.TO,Materials,2025-03-19,2025-03-18,6,100,2025-03-20,220.09039306640625,5.445067080243263,2025-04-17,Validation,true,,adverse_first,,1.033067190687853,0.47162185059683726,6.418434641972004,9.879693788112442,9.0819257017976,-10.344047780062782,TSX_not_above_MA50
trend_rs|GMIN.TO|2025-03-20,trend_rs,GMIN.TO,Materials,2025-03-20,2025-03-19,5,100,2025-03-21,17.729999542236328,0.8685716220310756,2025-04-21,Validation,true,,adverse_first,,5.69656094167299,-7.952622018140576,18.950934557823217,22.794175478883748,24.81669335663892,-11.562319740488702,TSX_not_above_MA50
trend_rs|KNT.TO|2025-03-20,trend_rs,KNT.TO,Materials,2025-03-20,2025-03-19,6,100,2025-03-21,11.800000190734863,0.4889284542628697,2025-04-21,Validation,true,,adverse_first,,1.610165909425021,-5.932201677545423,10.7627074878061,14.605948408866631,15.084743255926503,-12.881359603342613,TSX_not_above_MA50
trend_rs|DPM.TO|2025-03-21,trend_rs,DPM.TO,Materials,2025-03-21,2025-03-20,3,100,2025-03-24,18.234996795654297,0.503623883063504,2025-04-22,Validation,true,,adverse_first,,3.783548579085161,-3.396451399995193,2.20612339036379,6.150541981749713,10.365222692389686,-5.952960461057744,TSX_not_above_MA50
trend_rs|ARIS.TO|2025-03-24,trend_rs,ARIS.TO,Materials,2025-03-24,2025-03-21,2,100,2025-03-25,6.639999866485596,0.25928568840026855,2025-04-23,Validation,true,,adverse_first,,3.463855778587832,-8.734938785669522,12.95180950010446,16.372558848947172,16.867475676457076,-9.18674200215166,TSX_above_MA50
trend_rs|BTO.TO|2025-03-24,trend_rs,BTO.TO,Materials,2025-03-24,2025-03-21,3,100,2025-03-25,4.389391899108887,0.1639198473334579,2025-04-23,Validation,true,,adverse_first,,-7.760529838389562,-16.18624189617589,-2.882472579151274,0.538276769691437,8.203995038730195,-19.733922922331914,TSX_above_MA50
trend_rs|FVI.TO|2025-03-24,trend_rs,FVI.TO,Materials,2025-03-24,2025-03-21,6,100,2025-03-25,8.729999542236328,0.39142867497035433,2025-04-23,Validation,true,,adverse_first,,0.4582006600781119,-15.234816914185034,-2.978227821772794,0.44252152706991676,7.216496534655414,-16.265746551150805,TSX_above_MA50
trend_rs|DPM.TO|2025-03-25,trend_rs,DPM.TO,Materials,2025-03-25,2025-03-24,4,100,2025-03-26,18.462438583374023,0.48596500139237037,2025-04-24,Validation,true,,adverse_first,,1.2693763762786414,-3.350890813548235,-0.5035210521884381,1.219772508532735,9.005615539851997,-7.111541257732535,TSX_above_MA50
trend_rs|FVI.TO|2025-03-26,trend_rs,FVI.TO,Materials,2025-03-26,2025-03-25,4,100,2025-03-27,8.9399995803833,0.3857143947056362,2025-04-25,Validation,true,,adverse_first,,-4.250550096226169,-2.796420712911052,-5.9284089244718725,-4.137550749071994,4.697987651090441,-18.23265899453067,TSX_not_above_MA50
trend_rs|K.TO|2025-03-26,trend_rs,K.TO,Materials,2025-03-26,2025-03-25,5,100,2025-03-27,17.721296310424805,0.5706039986624127,2025-04-25,Validation,true,,adverse_first,,-0.11184941916764224,7.046986980929959,12.304275624866602,14.095133800266481,19.46309186027819,-10.346748090902846,TSX_not_above_MA50
trend_rs|KNT.TO|2025-03-26,trend_rs,KNT.TO,Materials,2025-03-26,2025-03-25,6,100,2025-03-27,12.180000305175781,0.4392857551574707,2025-04-25,Validation,true,,adverse_first,,-2.052545104565928,0.49260644038642276,4.351393429325068,6.1422516047249465,11.494249453633888,-15.599347492603933,TSX_not_above_MA50
trend_rs|AEM.TO|2025-03-27,trend_rs,AEM.TO,Materials,2025-03-27,2025-03-26,1,100,2025-03-28,151.509033203125,3.2996072198105844,2025-04-28,Validation,true,,adverse_first,,-8.01742641170129,6.261783312734348,6.964038538079631,6.804904188552041,14.006096058670249,-11.957863604358131,TSX_not_above_MA50
trend_rs|AGI.TO|2025-03-27,trend_rs,AGI.TO,Materials,2025-03-27,2025-03-26,2,100,2025-03-28,37.86190414428711,1.0600298299084747,2025-04-28,Validation,true,,adverse_first,,-8.326765082787158,6.619396085003615,3.1520952929144253,2.9929609433868354,12.871030859285248,-12.004202266633367,TSX_not_above_MA50
trend_rs|BTO.TO|2025-03-27,trend_rs,BTO.TO,Materials,2025-03-27,2025-03-26,4,100,2025-03-28,4.039019584655762,0.16614906910819355,2025-04-28,Validation,true,,adverse_first,,-8.915660559701877,7.710829121233154,3.3734737211936316,3.214339371666042,17.590353133853288,-12.771091817324454,TSX_not_above_MA50
trend_rs|EQX.TO|2025-03-27,trend_rs,EQX.TO,Materials,2025-03-27,2025-03-26,6,100,2025-03-28,9.809703826904297,0.354614926618983,2025-04-28,Validation,true,,adverse_first,,-13.40102583845183,-3.5532975184275672,-5.989848554668287,-6.148982904195877,4.06091700988882,-18.984775306542257,TSX_not_above_MA50
trend_rs|FNV.TO|2025-03-28,trend_rs,FNV.TO,Materials,2025-03-28,2025-03-27,6,100,2025-03-31,223.73812866210938,5.0872279440290304,2025-04-29,Validation,true,,adverse_first,,-8.518525186896841,3.5655902221811253,3.194456322493333,3.367025801774959,8.492037371346427,-11.805762018198852,TSX_not_above_MA50
trend_rs|AG.TO|2025-03-31,trend_rs,AG.TO,Materials,2025-03-31,2025-03-28,2,100,2025-04-01,9.445130348205566,0.45617310188662785,2025-04-30,Validation,true,,adverse_first,,-21.202532891717706,-2.848089603154791,-9.177219120032776,-8.411832389076746,1.4768004655171696,-21.940926306098195,TSX_not_above_MA50
trend_rs|ALA.TO|2025-03-31,trend_rs,ALA.TO,Utilities,2025-03-31,2025-03-28,4,100,2025-04-01,38.14698028564453,0.578648723678577,2025-04-30,Validation,true,,adverse_first,,-8.188908362218328,-0.5526398894720175,2.4867995026401024,3.2521862335961327,2.938947922540258,-11.253457163916492,TSX_not_above_MA50
trend_rs|DSV.TO|2025-04-01,trend_rs,DSV.TO,Materials,2025-04-01,2025-03-31,6,100,2025-04-02,2.0299999713897705,0.10607141256332397,2025-05-01,Validation,true,,adverse_first,,-3.9408829967266135,36.94581332858531,23.152711095284406,25.174268696158542,44.33498069220549,-21.42856891183762,TSX_not_above_MA50
trend_rs|FVI.TO|2025-04-02,trend_rs,FVI.TO,Materials,2025-04-02,2025-04-01,4,100,2025-04-03,8.5600004196167,0.3542859894888742,2025-05-02,Validation,true,,adverse_first,,1.5186817102098127,3.1541996595070954,-4.43925345576015,-7.298001458357284,9.345785021542907,-14.602808593006245,TSX_above_MA50
trend_rs|GMIN.TO|2025-04-02,trend_rs,GMIN.TO,Materials,2025-04-02,2025-04-01,5,100,2025-04-03,17.850000381469727,0.942500250680106,2025-05-02,Validation,true,,adverse_first,,9.075624074308175,15.182067375673203,5.042014561885244,2.1832665592881106,23.97758368532017,-12.156862912712574,TSX_above_MA50
trend_rs|K.TO|2025-04-02,trend_rs,K.TO,Materials,2025-04-02,2025-04-01,6,100,2025-04-03,17.701475143432617,0.5075967356073756,2025-05-02,Validation,true,,adverse_first,,7.166852482972397,14.781635939901339,8.790614385533125,5.931866382935992,19.596860253814818,-10.246359164947027,TSX_above_MA50
trend_rs|AEM.TO|2025-04-03,trend_rs,AEM.TO,Materials,2025-04-03,2025-04-02,1,100,2025-04-04,139.36190795898438,4.0912622911016285,2025-05-05,Validation,true,,adverse_first,,15.523820618835282,20.77618391406668,11.614586834744633,4.026253896636978,23.943146632258603,-4.283895349888445,TSX_not_above_MA50
trend_rs|AGI.TO|2025-04-03,trend_rs,AGI.TO,Materials,2025-04-03,2025-04-02,2,100,2025-04-04,34.709232330322266,1.1827846785578144,2025-05-05,Validation,true,,adverse_first,,16.30373487014851,17.908295111331498,1.6618863748990576,-5.926446563208598,23.123211438120926,-5.7306516639601295,TSX_not_above_MA50
trend_rs|ALA.TO|2025-04-03,trend_rs,ALA.TO,Utilities,2025-04-03,2025-04-02,3,100,2025-04-04,35.46393966674805,0.6194240825824642,2025-05-05,Validation,true,,adverse_first,,3.1883389505842796,6.673881444936303,5.349921945077263,-2.238410993030393,10.726841234393802,-4.53929676737409,TSX_not_above_MA50
trend_rs|DPM.TO|2025-04-03,trend_rs,DPM.TO,Materials,2025-04-03,2025-04-02,5,100,2025-04-04,17.764434814453125,0.5127254492301496,2025-05-05,Validation,true,,adverse_first,,5.639306911983244,10.887790862473267,2.065907353484331,-5.522425584623325,13.288686252490468,-3.4617491327049943,TSX_not_above_MA50
trend_rs|FVI.TO|2025-04-04,trend_rs,FVI.TO,Materials,2025-04-04,2025-04-03,2,100,2025-04-07,7.650000095367432,0.45428599630083355,2025-05-06,Validation,true,,success,3,18.431376557800494,11.241831670501412,12.679735661428925,3.4266932993912693,22.352935163299282,-4.1830087277405115,TSX_not_above_MA50
trend_rs|GWO.TO|2025-04-04,trend_rs,GWO.TO,Financials,2025-04-04,2025-04-03,3,100,2025-04-07,50.3724250793457,0.9259400534355378,2025-05-06,Validation,true,,adverse_first,,-1.572144554086996,-2.2833692128841676,-1.7031572313431664,-10.956199593380822,1.5721537925660334,-5.146918865292205,TSX_not_above_MA50
trend_rs|K.TO|2025-04-04,trend_rs,K.TO,Materials,2025-04-04,2025-04-03,4,100,2025-04-07,16.88875389099121,0.6470625483000545,2025-05-06,Validation,true,,success,2,18.133809080078535,19.542256762072373,23.239443220908164,13.986400858870509,25.352104878783145,-0.8802854100217972,TSX_not_above_MA50
trend_rs|KNT.TO|2025-04-04,trend_rs,KNT.TO,Materials,2025-04-04,2025-04-03,5,100,2025-04-07,11.1899995803833,0.48785713740757536,2025-05-06,Validation,true,,success,3,12.60054382448983,14.119758146820672,20.01788032878329,10.764837966745633,21.358359543753338,0.8936584916860335,TSX_not_above_MA50
trend_rs|TFPM.TO|2025-04-04,trend_rs,TFPM.TO,Materials,2025-04-04,2025-04-03,6,100,2025-04-07,25.806795120239258,0.7892476966159211,2025-05-06,Validation,true,,success,2,14.827578586646917,16.97317990955487,16.13026510412674,6.877222742089083,21.494239921708868,-0.42145839509248884,TSX_not_above_MA50
trend_rs|AGI.TO|2025-04-07,trend_rs,AGI.TO,Materials,2025-04-07,2025-04-04,1,100,2025-04-08,34.7490119934082,1.5031666569897477,2025-05-07,Validation,true,,success,1,18.546070503098775,10.58958234189551,7.5271990159447855,-4.266067858025212,22.982263549588254,-5.8385684852168,TSX_not_above_MA50
trend_rs|GMIN.TO|2025-04-07,trend_rs,GMIN.TO,Materials,2025-04-07,2025-04-04,4,100,2025-04-08,16.56999969482422,0.991786003112793,2025-05-07,Validation,true,,success,2,27.57996245619545,14.604708031768121,24.62281230445935,12.829545430489354,33.55461417225671,1.9915505720204285,TSX_not_above_MA50
trend_rs|GWO.TO|2025-04-08,trend_rs,GWO.TO,Financials,2025-04-08,2025-04-07,3,100,2025-04-09,49.401371002197266,1.1932839420802988,2025-05-08,Validation,true,,adverse_first,,0.47709418944295034,1.3549598529698947,-1.049630382309319,-7.485756354303241,2.4045743398927844,-5.458022262067974,TSX_not_above_MA50
trend_rs|LUG.TO|2025-04-08,trend_rs,LUG.TO,Materials,2025-04-08,2025-04-07,6,100,2025-04-09,39.673526763916016,1.5637022305772297,2025-05-08,Validation,true,,success,2,24.100320600312862,24.492890842146252,29.53107432690809,23.094948354914166,34.61286383009974,1.374046952967789,TSX_not_above_MA50
trend_rs|TFPM.TO|2025-04-09,trend_rs,TFPM.TO,Materials,2025-04-09,2025-04-08,6,100,2025-04-10,28.486345291137695,0.9827631543873601,2025-05-09,Validation,true,,success,4,5.657778558342863,-0.17352470688244415,6.560246303845396,-3.619240847353943,10.065960582320542,-4.1651969561482645,TSX_not_above_MA50
trend_rs|AGI.TO|2025-04-10,trend_rs,AGI.TO,Materials,2025-04-10,2025-04-09,1,100,2025-04-11,40.368133544921875,1.8164447871707046,2025-05-12,Validation,true,,adverse_first,,1.3796291606408717,-3.2520356702497644,-14.239977381021685,-22.483214872859435,5.8635060822305185,-18.945553690695927,TSX_not_above_MA50
trend_rs|FVI.TO|2025-04-10,trend_rs,FVI.TO,Materials,2025-04-10,2025-04-09,3,100,2025-04-11,9.010000228881836,0.5814287662506104,2025-05-12,Validation,true,,adverse_first,,-2.9966753707527882,-5.549389426175977,-13.540513163563084,-21.783750655400837,3.88456624755098,-17.425084703424233,TSX_not_above_MA50
trend_rs|AAUC.TO|2025-04-14,trend_rs,AAUC.TO,Materials,2025-04-14,2025-04-11,1,100,2025-04-15,17.190000534057617,1.1882142339433943,2025-05-14,Validation,true,,adverse_first,,-6.45724593290371,-3.141366484878627,-8.900527278135916,-15.650595140340538,5.061075653610847,-9.598606869938909,TSX_not_above_MA50
trend_rs|AEM.TO|2025-04-14,trend_rs,AEM.TO,Materials,2025-04-14,2025-04-11,2,100,2025-04-15,165.88262939453125,7.174839696590218,2025-05-14,Validation,true,,adverse_first,,-2.446840685976004,-3.7712288631223334,-13.071620610776058,-19.821688472980682,4.127559685771276,-14.354426497664441,TSX_not_above_MA50
trend_rs|DSV.TO|2025-04-14,trend_rs,DSV.TO,Materials,2025-04-14,2025-04-11,5,100,2025-04-15,2.7100000381469727,0.1950000183922904,2025-05-14,Validation,true,,adverse_first,,-3.3210387941333908,1.8450166646666544,-9.22509212106667,-15.975159983271293,12.546122117466641,-12.915134248133386,TSX_not_above_MA50
trend_rs|FNV.TO|2025-04-14,trend_rs,FNV.TO,Materials,2025-04-14,2025-04-11,6,100,2025-04-15,233.8608856201172,8.95483400280294,2025-05-14,Validation,true,,adverse_first,,-0.13949870637459671,0.14371368131931295,-8.238579587372218,-14.988647449576842,3.795918465967718,-9.075539320361903,TSX_not_above_MA50
trend_rs|GMIN.TO|2025-04-15,trend_rs,GMIN.TO,Materials,2025-04-15,2025-04-14,6,100,2025-04-16,21.350000381469727,1.1471430914742606,2025-05-15,Validation,true,,adverse_first,,-10.398131995491333,-10.444962540477555,-14.379389414385013,-21.807580467188604,0.9836022516183096,-19.484776454724052,TSX_not_above_MA50
trend_rs|DPM.TO|2025-04-16,trend_rs,DPM.TO,Materials,2025-04-16,2025-04-15,5,100,2025-04-17,19.470455169677734,0.7594117723058219,2025-05-16,Validation,true,,adverse_first,,-6.469688951723363,-9.93377236918902,-3.9225613006735993,-11.27640026070772,4.9414200713966405,-11.512986151325123,TSX_not_above_MA50
trend_rs|DOL.TO|2025-04-21,trend_rs,DOL.TO,Consumer,2025-04-21,2025-04-17,5,100,2025-04-22,171.68739318847656,6.023834519579903,2025-05-21,Validation,true,,adverse_first,,0.09289258827884783,-0.31358802954751797,-0.21487410130286433,-6.522778399624263,1.4749340157259372,-6.863723371466035,TSX_not_above_MA50
trend_rs|DSV.TO|2025-04-22,trend_rs,DSV.TO,Materials,2025-04-22,2025-04-21,6,100,2025-04-23,2.619999885559082,0.20821428298950195,2025-05-22,Validation,true,,success,9,5.343515687761191,8.396948023655494,16.030537963337398,10.386286101688635,18.129777244237832,-9.923664191602644,TSX_not_above_MA50
trend_rs|ELD.TO|2025-04-23,trend_rs,ELD.TO,Materials,2025-04-23,2025-04-22,6,100,2025-04-24,26.750192642211914,1.4646549558200745,2025-05-23,Validation,true,,adverse_first,,-4.126388923054547,1.1524153098741774,1.2267692848492384,-3.4340334651254967,4.609666955633962,-10.817840735226136,TSX_not_above_MA50
trend_rs|K.TO|2025-04-25,trend_rs,K.TO,Materials,2025-04-25,2025-04-24,6,100,2025-04-28,20.228843688964844,0.9670537108026885,2025-05-27,Validation,true,,adverse_first,,-1.812839085250062,-6.124466562446374,-1.6168508750921684,-7.546219524074759,7.839284330174823,-9.211171238761384,TSX_above_MA50
trend_rs|LUG.TO|2025-04-29,trend_rs,LUG.TO,Materials,2025-04-29,2025-04-28,6,100,2025-04-30,48.65522766113281,2.3752189433433983,2025-05-29,Validation,true,,adverse_first,,7.682727495390718,-1.7961961558255135,16.100479541777467,10.589985357902231,20.5762060963238,-7.113621990543373,TSX_above_MA50
trend_rs|L.TO|2025-04-30,trend_rs,L.TO,Consumer,2025-04-30,2025-04-29,6,100,2025-05-01,55.15715026855469,1.1906509436820762,2025-05-30,Validation,true,,adverse_first,,-1.4518591593013053,-2.9037252346547304,3.43086672795212,-2.132620429980636,5.056955328762047,-5.320523894976203,TSX_above_MA50
trend_rs|LUG.TO|2025-05-01,trend_rs,LUG.TO,Materials,2025-05-01,2025-04-30,3,100,2025-05-02,47.30537796020508,2.317738640629586,2025-06-02,Validation,true,,success,2,23.998523968695306,3.548571501838471,26.630970642992114,21.20780383317249,28.08926176254376,-1.1706567328018114,TSX_above_MA50
trend_rs|NWC.TO|2025-05-01,trend_rs,NWC.TO,Consumer,2025-05-01,2025-04-30,4,100,2025-05-02,53.26012420654297,1.223580193822593,2025-06-02,Validation,true,,adverse_first,,-0.12612250750654308,-0.19820479017710335,4.234218141443136,-1.1889486683764883,4.41440242255422,-2.954957398503455,TSX_above_MA50
trend_rs|TXG.TO|2025-05-01,trend_rs,TXG.TO,Materials,2025-05-01,2025-04-30,5,100,2025-05-02,43.18682098388672,2.44998431965984,2025-06-02,Validation,true,,adverse_first,,2.2252831554629537,-5.505846305937034,6.446438467557147,1.0232716577375234,7.91466375654748,-9.956406314129662,TSX_above_MA50
trend_rs|OR.TO|2025-05-01,trend_rs,OR.TO,Materials,2025-05-01,2025-04-30,6,99.77054624399918,2025-05-02,31.612150192260742,1.0288150457044583,2025-06-02,Validation,true,,success,4,6.3029270591040465,2.3204778171617146,16.211994168411238,10.788827358591615,16.58828436419246,-1.693319327530296,TSX_above_MA50
trend_rs|SII.TO|2025-05-02,trend_rs,SII.TO,Financials,2025-05-02,2025-05-01,3,88.78535978947845,2025-05-05,70.19053649902344,1.9493504661896282,2025-06-03,Validation,true,,success,4,5.7890455384089545,10.278310446049321,15.231183343851429,9.32780462192866,15.59495645710709,-0.04174676134894861,TSX_above_MA50
trend_rs|TOI.V|2025-05-02,trend_rs,TOI.V,Technology,2025-05-02,2025-05-01,5,83.86758525427712,2025-05-05,159.52000427246094,5.306431361607143,2025-06-03,Validation,true,,success,3,11.634902872051821,13.954359271966776,13.07045529481976,7.167076572896991,15.972915650139473,-1.5421305466275514,TSX_above_MA50
trend_rs|K.TO|2025-05-02,trend_rs,K.TO,Materials,2025-05-02,2025-05-01,6,75.59119829761596,2025-05-05,19.86212730407715,0.7383869866756323,2025-06-03,Validation,true,,success,2,-4.391233473936418,-0.19960675951111728,6.705840269458552,0.8024615475357821,9.830331507197009,-7.534928278387499,TSX_above_MA50
trend_rs|AAUC.TO|2025-05-05,trend_rs,AAUC.TO,Materials,2025-05-05,2025-05-02,1,100,2025-05-06,18,0.6664290428161621,2025-06-04,Validation,true,,adverse_first,,-9.499994913736975,-1.6666624281141518,17.722225189208984,12.299534131399392,18.666670057508682,-13.666666878594292,TSX_above_MA50
trend_rs|ARIS.TO|2025-05-05,trend_rs,ARIS.TO,Materials,2025-05-05,2025-05-02,2,100,2025-05-06,8.180000305175781,0.22642861093793595,2025-06-04,Validation,true,,adverse_first,,-0.7335014349416968,6.6014662800360835,14.914416477253113,9.49172541944352,16.748164235302454,-5.745724321445589,TSX_above_MA50
trend_rs|GMIN.TO|2025-05-05,trend_rs,GMIN.TO,Materials,2025-05-05,2025-05-02,4,100,2025-05-06,20.5,0.8728569575718471,2025-06-04,Validation,true,,adverse_first,,-6.731703223251717,1.317075403725232,4.146343324242574,-1.2763477335670181,8.780484083222184,-16.146338858255525,TSX_above_MA50
trend_rs|IMG.TO|2025-05-05,trend_rs,IMG.TO,Materials,2025-05-05,2025-05-02,5,100,2025-05-06,10.180000305175781,0.5121427263532367,2025-06-04,Validation,true,,adverse_first,,-13.26130000981779,-9.13556264534633,-0.0982340725152242,-5.520925130324816,3.045181303037592,-16.89587637982992,TSX_above_MA50
trend_rs|ELD.TO|2025-05-06,trend_rs,ELD.TO,Materials,2025-05-06,2025-05-05,4,100,2025-05-07,27.48607063293457,1.0533866377042842,2025-06-05,Validation,true,,adverse_first,,-12.120105613798493,-2.4963747214987397,6.331401354987087,1.6372627639303916,7.742409808387252,-13.205493340958485,TSX_above_MA50
trend_rs|K.TO|2025-05-07,trend_rs,K.TO,Materials,2025-05-07,2025-05-06,6,100,2025-05-08,20.37751007080078,0.7992705177784565,2025-06-06,Validation,true,,adverse_first,,-6.663422467381097,-1.799603956837359,0.7903640729171713,-3.862345856063265,6.00534179866512,-9.873531195211427,TSX_above_MA50
trend_rs|LUG.TO|2025-05-08,trend_rs,LUG.TO,Materials,2025-05-08,2025-05-07,4,100,2025-05-09,58.6579704284668,2.3146492321246996,2025-06-09,Validation,true,,adverse_first,,-16.492093463967063,-4.4569639981179465,1.855004622212575,-2.1599557009511106,11.516489079230263,-20.297967988595833,TSX_above_MA50
trend_rs|OGC.TO|2025-05-08,trend_rs,OGC.TO,Materials,2025-05-08,2025-05-07,5,100,2025-05-09,18.10205841064453,0.6676297531917242,2025-06-09,Validation,true,,adverse_first,,-8.66013774338057,-0.5766070587898131,8.26833280439403,4.253372481230344,12.52699004909208,-11.274501349876742,TSX_above_MA50
trend_rs|SII.TO|2025-05-08,trend_rs,SII.TO,Financials,2025-05-08,2025-05-07,6,100,2025-05-09,75.28926086425781,1.7393439428661241,2025-06-09,Validation,true,,adverse_first,,0.8822277037394688,3.957889868522635,11.340609956270132,7.325649633106447,12.449318343030203,-4.696401384732352,TSX_above_MA50
trend_rs|TVK.TO|2025-05-09,trend_rs,TVK.TO,Energy,2025-05-09,2025-05-08,5,100,2025-05-12,165.87554931640625,5.6974447538356925,2025-06-10,Validation,true,,adverse_first,,-0.6526922532062884,-3.179640542295792,0.6886141063875639,-2.813244683134175,5.772453037885539,-4.065864810803599,TSX_above_MA50
trend_rs|NG.TO|2025-05-09,trend_rs,NG.TO,Materials,2025-05-09,2025-05-08,6,95.24700053352916,2025-05-12,4.820000171661377,0.5707142012459892,2025-06-10,Validation,true,,success,16,6.638997581485984,1.037338425663803,23.0290377001096,19.527178910587864,37.136927346540794,-2.2821603650791777,TSX_above_MA50
trend_rs|KXS.TO|2025-05-12,trend_rs,KXS.TO,Technology,2025-05-12,2025-05-09,1,100,2025-05-13,201.35000610351562,5.17035893031529,2025-06-11,Validation,true,,adverse_first,,-2.3342498458206795,-2.259748156858077,-0.8443070054625523,-4.386104858793171,-0.17382969600492348,-3.8986867969002525,TSX_above_MA50
trend_rs|TOI.V|2025-05-12,trend_rs,TOI.V,Technology,2025-05-12,2025-05-09,3,100,2025-05-13,167.1999969482422,5.6521453857421875,2025-06-11,Validation,true,,success,4,4.174638669221853,5.263159816014773,2.751199872892096,-0.7905979804385233,10.645935033879162,-0.38277476156087786,TSX_above_MA50
trend_rs|LMN.V|2025-05-13,trend_rs,LMN.V,Technology,2025-05-13,2025-05-12,2,100,2025-05-14,46.150001525878906,1.5435703822544642,2025-06-12,Validation,true,,success,1,0.2166814102162462,1.7118029787866362,-0.5200469567313348,-4.113705733611739,9.209100453911766,-2.275196136600377,TSX_above_MA50
trend_rs|PEY.TO|2025-05-13,trend_rs,PEY.TO,Energy,2025-05-13,2025-05-12,4,100,2025-05-14,17.76261329650879,0.41064363329425796,2025-06-12,Validation,true,,adverse_first,,-2.3896120630642503,-2.5974030157660644,5.867842119250799,2.274183342370395,6.076855378626478,-3.7402715742201775,TSX_above_MA50
trend_rs|SPB.TO|2025-05-14,trend_rs,SPB.TO,Utilities,2025-05-14,2025-05-13,4,89.3824625345768,2025-05-15,7.363971710205078,0.16355123475718195,2025-06-13,Validation,true,,success,2,4.8748239373691105,2.6350340158960206,6.982855035248781,4.639384080040743,7.773374282093037,-0.2635105512020619,TSX_above_MA50
trend_rs|TOI.V|2025-05-14,trend_rs,TOI.V,Technology,2025-05-14,2025-05-13,5,85.8757567795129,2025-05-15,174.5800018310547,6.086072649274554,2025-06-13,Validation,true,,adverse_first,,-1.1456065866784937,2.82391604082588,-3.0988679146336406,-5.442338869841679,5.968609267760794,-4.759993969203602,TSX_above_MA50
trend_rs|LMN.V|2025-05-15,trend_rs,LMN.V,Technology,2025-05-15,2025-05-14,4,86.22601675735018,2025-05-16,49.400001525878906,1.677856172834124,2025-06-16,Validation,true,,adverse_first,,-2.6315850437307886,-5.303649120758635,-8.603238600657892,-10.90071860703198,0.6275254028714095,-8.704459350077542,TSX_above_MA50
trend_rs|STN.TO|2025-05-15,trend_rs,STN.TO,Industrials,2025-05-15,2025-05-14,6,83.88145166328994,2025-05-16,140.2848358154297,2.77682567182323,2025-06-16,Validation,true,,adverse_first,,-0.09887197840870998,1.2287970456313246,3.6087619498859302,1.311281943511844,4.223159489081008,-2.4011363384593754,TSX_above_MA50
trend_rs|NFI.TO|2025-05-20,trend_rs,NFI.TO,Industrials,2025-05-20,2025-05-16,1,100,2025-05-21,15,0.7050000599452427,2025-06-18,Validation,true,,neither,,4.399998982747388,-0.46666463216146203,6.200002034505214,3.410824375500865,9.19999440511068,-1.933333079020183,TSX_above_MA50
trend_rs|TOI.V|2025-05-20,trend_rs,TOI.V,Technology,2025-05-20,2025-05-16,4,100,2025-05-21,174.17999267578125,6.774644034249442,2025-06-18,Validation,true,,adverse_first,,1.0449003334191742,3.972909472223529,-5.270405937419509,-8.05958359642386,5.769895208610376,-5.62061872648939,TSX_above_MA50
trend_rs|DSV.TO|2025-05-21,trend_rs,DSV.TO,Materials,2025-05-21,2025-05-20,4,94.6337398151632,2025-05-22,3.0399999618530273,0.2221428326198033,2025-06-19,Validation,true,,success,8,5.592107842998861,16.776315686280043,9.868419607920643,7.357006359487129,24.671052941159854,-0.49341666690194685,TSX_above_MA50
trend_rs|OGC.TO|2025-05-21,trend_rs,OGC.TO,Materials,2025-05-21,2025-05-20,5,93.70786234982819,2025-05-22,17.49363136291504,0.8946487266854015,2025-06-19,Validation,true,,success,7,2.3728749988688014,12.711851378495664,15.593203485373097,13.081790236939582,19.830488064418915,0.33896439048108906,TSX_above_MA50
trend_rs|ARIS.TO|2025-05-21,trend_rs,ARIS.TO,Materials,2025-05-21,2025-05-20,6,88.76677877621924,2025-05-22,8.489999771118164,0.35428554671151297,2025-06-19,Validation,true,,success,7,4.475855414432717,8.71613417041004,8.71613417041004,6.204720921976526,12.485282075303195,0.8245070716805802,TSX_above_MA50
trend_rs|SPB.TO|2025-05-22,trend_rs,SPB.TO,Utilities,2025-05-22,2025-05-21,4,100,2025-05-23,7.722952365875244,0.19404396372693014,2025-06-20,Validation,true,,adverse_first,,-2.1356793150000275,-1.5075383400000142,1.3819039707141378,-1.0044932834396558,4.773867291030909,-4.020103303871492,TSX_above_MA50
trend_rs|ARIS.TO|2025-05-23,trend_rs,ARIS.TO,Materials,2025-05-23,2025-05-22,1,100,2025-05-26,8.979999542236328,0.36642844336373465,2025-06-23,Validation,true,,adverse_first,,3.1180478944186962,-1.8930860944932015,4.677061221646239,2.7190868157375814,7.238314090634312,-4.677050601664446,TSX_above_MA50
trend_rs|ATRL.TO|2025-05-26,trend_rs,ATRL.TO,Industrials,2025-05-26,2025-05-23,2,100,2025-05-27,89.86823272705078,2.918189431768997,2025-06-24,Validation,true,,success,14,2.5675323359998004,2.8565160869460815,4.301443331211807,2.589921730180178,6.535510898828845,-1.4782688069628125,TSX_above_MA50
trend_rs|LUG.TO|2025-05-28,trend_rs,LUG.TO,Materials,2025-05-28,2025-05-27,4,100,2025-05-29,56.48895263671875,3.0830823739713518,2025-06-26,Validation,true,,success,6,9.877858543621665,13.87227651631795,14.387111500083737,12.321533456491961,17.304518470840957,0.3555387199738025,TSX_above_MA50
trend_rs|CTC-A.TO|2025-05-30,trend_rs,CTC-A.TO,Consumer,2025-05-30,2025-05-29,3,100,2025-06-02,165.2240753173828,2.7807976346013032,2025-06-30,Validation,true,,success,7,2.252578354978363,3.6985904761904775,6.803800288600281,5.0299566060999945,6.976633052672798,-1.2789367852095612,TSX_above_MA50
trend_rs|KNT.TO|2025-05-30,trend_rs,KNT.TO,Materials,2025-05-30,2025-05-29,5,100,2025-06-02,14.770000457763672,0.4403571401323591,2025-06-30,Validation,true,,success,3,6.093429862131106,7.108999353541834,3.9945780678933396,2.220734385393053,9.817188968526036,-1.7603264781564043,TSX_above_MA50
trend_rs|BDT.TO|2025-06-02,trend_rs,BDT.TO,Industrials,2025-06-02,2025-05-30,3,100,2025-06-03,26.467172622680664,0.8548698282656085,2025-07-02,Validation,true,,neither,,1.1001035497553824,0.7334167794418978,5.762530554528444,4.085812339076278,6.27718781868265,-2.01686977269645,TSX_above_MA50
trend_rs|CG.TO|2025-06-02,trend_rs,CG.TO,Materials,2025-06-02,2025-05-30,4,100,2025-06-03,10.182755470275879,0.2584521518771729,2025-07-02,Validation,true,,adverse_first,,-7.129099771826331,-6.551065414563273,-2.8901717863152543,-4.566890001767421,1.6377607111992765,-8.670526184461401,TSX_above_MA50
trend_rs|DPM.TO|2025-06-02,trend_rs,DPM.TO,Materials,2025-06-02,2025-05-30,5,100,2025-06-03,22.059242248535156,0.5986654669321929,2025-07-02,Validation,true,,adverse_first,,-9.667269499462016,-4.496404619435424,-2.854351031300617,-4.531069246752784,1.933459925924863,-9.89208620291242,TSX_above_MA50
trend_rs|BIR.TO|2025-06-03,trend_rs,BIR.TO,Energy,2025-06-03,2025-06-02,3,100,2025-06-04,6.5334649085998535,0.16830938534344542,2025-07-03,Validation,true,,success,5,6.706409270286717,15.821678366336256,5.795782980890873,3.1169847688433228,17.61737328372672,-0.5961266561022915,TSX_above_MA50
trend_rs|FTT.TO|2025-06-04,trend_rs,FTT.TO,Industrials,2025-06-04,2025-06-03,3,100,2025-06-05,50.1276741027832,1.2726497359450089,2025-07-04,Validation,true,,success,4,7.005868574880014,7.436402210572379,16.966723688116648,14.276755126678875,17.945197193155103,0.626218919865873,TSX_above_MA50
trend_rs|LNR.TO|2025-06-04,trend_rs,LNR.TO,Consumer,2025-06-04,2025-06-03,4,100,2025-06-05,60.523841857910156,1.2761127171461928,2025-07-04,Validation,true,,success,3,4.433982635279232,3.0696846494401075,7.03265266865003,4.342684107212258,9.30648268507066,-0.09744678179618438,TSX_above_MA50
trend_rs|NFI.TO|2025-06-04,trend_rs,NFI.TO,Industrials,2025-06-04,2025-06-03,5,100,2025-06-05,15.229999542236328,0.46857132230486187,2025-07-04,Validation,true,,success,9,3.020354904616296,5.3184596036572,22.127386346188672,19.4374177847509,22.980959325006456,-1.1162122634881366,TSX_above_MA50
trend_rs|OGC.TO|2025-06-04,trend_rs,OGC.TO,Materials,2025-06-04,2025-06-03,6,100,2025-06-05,19.717395782470703,0.6083279168741969,2025-07-04,Validation,true,,success,6,3.0075179969343058,2.556387879036448,-2.957380605196913,-5.647349166634685,6.315783654389895,-7.167915580792439,TSX_above_MA50
trend_rs|ARIS.TO|2025-06-05,trend_rs,ARIS.TO,Materials,2025-06-05,2025-06-04,1,100,2025-06-06,8.640000343322754,0.32571424756731304,2025-07-07,Validation,true,,success,5,5.43980665137036,8.680555210621277,13.07870450855033,10.841771807046996,13.8888861294147,-0.9259250061012025,TSX_above_MA50
trend_rs|CTC-A.TO|2025-06-05,trend_rs,CTC-A.TO,Consumer,2025-06-05,2025-06-04,3,100,2025-06-06,168.7650146484375,2.6189808636054823,2025-07-07,Validation,true,,success,10,0.3891707407399414,3.491261989854788,4.410604742199586,2.1736720406962506,5.583749689574002,-0.14100013186266747,TSX_above_MA50
trend_rs|KNT.TO|2025-06-05,trend_rs,KNT.TO,Materials,2025-06-05,2025-06-04,6,100,2025-06-06,15.630000114440918,0.4642857824053083,2025-07-07,Validation,true,,adverse_first,,3.1989702025895905,1.919387002804207,-2.75112157407148,-4.988054275574816,3.7747869135871692,-6.07805375757745,TSX_above_MA50
trend_rs|LUG.TO|2025-06-06,trend_rs,LUG.TO,Materials,2025-06-06,2025-06-05,5,100,2025-06-09,59.74607849121094,2.1074795441933403,2025-07-08,Validation,true,,success,3,6.248354305010406,7.929919379780825,3.2244831400384033,1.2234108977116298,10.909528379293132,-2.823258703507181,TSX_above_MA50
trend_rs|NFI.TO|2025-06-06,trend_rs,NFI.TO,Industrials,2025-06-06,2025-06-05,6,100,2025-06-09,15.359999656677246,0.4514284133911133,2025-07-08,Validation,true,,success,9,2.1484370513159323,11.393235630142495,16.86198674578936,14.860914503462585,21.940103912008134,-1.4973928865704367,TSX_above_MA50
trend_rs|BBD-B.TO|2025-06-09,trend_rs,BBD-B.TO,Industrials,2025-06-09,2025-06-06,2,100,2025-06-10,104.11000061035156,2.695356641496931,2025-07-09,Validation,true,,adverse_first,,2.2572264531208086,9.78772680978457,50.033614477485045,47.96749101768019,53.19374177134153,-2.7470949895155417,TSX_above_MA50
trend_rs|CCO.TO|2025-06-09,trend_rs,CCO.TO,Energy,2025-06-09,2025-06-06,3,100,2025-06-10,87.15092468261719,3.2137650957590886,2025-07-09,Validation,true,,success,4,8.234082222902718,13.719659362310189,12.17360938579779,10.10748592599293,17.934041070838823,0.49244299062984886,TSX_above_MA50
trend_rs|DFY.TO|2025-06-10,trend_rs,DFY.TO,Financials,2025-06-10,2025-06-09,4,100,2025-06-11,74.29270935058594,2.03660351709266,2025-07-10,Validation,true,,success,13,1.072153222313199,2.916583741489509,2.5848419553951896,0.48071976155539264,6.087944008439905,0.31579679610695965,TSX_above_MA50
trend_rs|ELD.TO|2025-06-10,trend_rs,ELD.TO,Materials,2025-06-10,2025-06-09,6,100,2025-06-11,28.57000160217285,0.8147226553275956,2025-07-10,Validation,true,,adverse_first,,-0.20884698611894903,-2.1928299317393596,-5.1514098924027145,-7.2555320862425114,2.2276355680603377,-6.926558614017175,TSX_above_MA50
trend_rs|DOL.TO|2025-06-11,trend_rs,DOL.TO,Consumer,2025-06-11,2025-06-10,5,100,2025-06-12,193.35140991210938,3.9892872440264364,2025-07-11,Validation,true,,adverse_first,,-2.397652428548591,-1.655150251612325,-1.9409180207707433,-3.4719634450627312,1.2942198092850798,-3.552634568467228,TSX_above_MA50
trend_rs|ARIS.TO|2025-06-12,trend_rs,ARIS.TO,Materials,2025-06-12,2025-06-11,1,100,2025-06-13,9.109999656677246,0.3285713195800781,2025-07-14,Validation,true,,adverse_first,,3.07355320743925,-1.0976886011418774,8.232711616517818,5.612392010096334,9.220638685449401,-4.9396248762238475,TSX_above_MA50
trend_rs|DSV.TO|2025-06-13,trend_rs,DSV.TO,Materials,2025-06-13,2025-06-12,6,100,2025-06-16,3.3299999237060547,0.19499998433249338,2025-07-15,Validation,true,,adverse_first,,-4.50450031187728,-10.51050788743092,-4.804800332669101,-6.6321454209991915,8.40840774188818,-18.61861560852728,TSX_above_MA50
trend_rs|AAV.TO|2025-06-16,trend_rs,AAV.TO,Energy,2025-06-16,2025-06-13,1,100,2025-06-17,12.40999984741211,0.3199999673025949,2025-07-16,Validation,true,,adverse_first,,-4.754231747318871,-6.285251753116228,-8.70265863807621,-11.006981697047246,2.739727290639671,-10.153104305997129,TSX_above_MA50
trend_rs|BTO.TO|2025-06-16,trend_rs,BTO.TO,Materials,2025-06-16,2025-06-13,4,100,2025-06-17,4.922444820404053,0.15734514810530761,2025-07-16,Validation,true,,adverse_first,,-2.7832974833662094,-0.9940507298426882,-5.96421719606921,-8.268540255040246,2.584485729250363,-7.554674238732351,TSX_above_MA50
trend_rs|DOL.TO|2025-06-17,trend_rs,DOL.TO,Consumer,2025-06-17,2025-06-16,5,100,2025-06-18,190.13124084472656,4.173012693458761,2025-07-17,Validation,true,,neither,,1.247957435856395,0.036692120286918595,-0.5477093467237681,-3.661425843536792,2.343855574127063,-1.9191480282577444,TSX_above_MA50
trend_rs|DSV.TO|2025-06-17,trend_rs,DSV.TO,Materials,2025-06-17,2025-06-16,6,100,2025-06-18,3.369999885559082,0.20500000885554723,2025-07-17,Validation,true,,adverse_first,,-9.495547302955176,-11.572696727878217,-5.637977010505413,-8.751693507318436,2.373892131790445,-19.584565870174075,TSX_above_MA50
trend_rs|EFR.TO|2025-06-18,trend_rs,EFR.TO,Energy,2025-06-18,2025-06-17,5,100,2025-06-19,7.800000190734863,0.5400000299726214,2025-07-18,Validation,true,,success,14,3.205128126752599,5.641020123383456,64.3589664273637,61.30010509744386,67.17948260235218,-5.769234296132741,TSX_above_MA50
trend_rs|HBM.TO|2025-06-18,trend_rs,HBM.TO,Materials,2025-06-18,2025-06-17,6,100,2025-06-19,13.160600662231445,0.39299190508757575,2025-07-18,Validation,true,,success,5,10.622157133136568,10.39454662319772,1.745064634573179,-1.3137966953466584,15.250373129532857,-1.213957886982464,TSX_above_MA50
trend_rs|HPS-A.TO|2025-06-19,trend_rs,HPS-A.TO,Industrials,2025-06-19,2025-06-18,5,100,2025-06-20,113.37946319580078,3.5763421880878608,2025-07-21,Validation,true,,success,5,5.042005271157346,11.16945821419777,13.742981317450198,10.65062426358676,15.39741207930656,-1.7769742630319274,TSX_above_MA50
trend_rs|KNT.TO|2025-06-19,trend_rs,KNT.TO,Materials,2025-06-19,2025-06-18,6,100,2025-06-20,15.930000305175781,0.505356924874442,2025-07-21,Validation,true,,adverse_first,,-5.7752671605099115,-4.582551675617119,-5.838043235150581,-8.930400289014017,1.2554855728774683,-10.483364998752375,TSX_above_MA50
trend_rs|LUG.TO|2025-06-20,trend_rs,LUG.TO,Materials,2025-06-20,2025-06-19,5,100,2025-06-23,64.48389434814453,2.301815377143612,2025-07-22,Validation,true,,adverse_first,,-1.7356889165009215,-4.359714402440218,-9.689775229225916,-12.527118382084044,1.3803351779687167,-13.202145297588174,TSX_above_MA50
trend_rs|NG.TO|2025-06-20,trend_rs,NG.TO,Materials,2025-06-20,2025-06-19,6,100,2025-06-23,5.579999923706055,0.3621429034641811,2025-07-22,Validation,true,,adverse_first,,0.358422602149977,8.781366570877648,49.10393922189063,46.266596069032495,50.358431147618866,-10.931902183777487,TSX_above_MA50
trend_rs|AG.TO|2025-06-23,trend_rs,AG.TO,Materials,2025-06-23,2025-06-20,1,100,2025-06-24,11.01771354675293,0.5156318711478,2025-07-23,Validation,true,,success,12,4.524885937828649,4.253404553484796,8.687785155428362,6.076118408473729,17.375566561533763,-1.9004629570642417,TSX_above_MA50
trend_rs|BIR.TO|2025-06-23,trend_rs,BIR.TO,Energy,2025-06-23,2025-06-20,3,100,2025-06-24,7.185877323150635,0.22238831984654736,2025-07-23,Validation,true,,adverse_first,,-1.9047600720297875,-5.986399225421679,-8.163265035275336,-10.774931782229968,4.3537439321532645,-9.115651135158775,TSX_above_MA50
trend_rs|HPS-A.TO|2025-06-23,trend_rs,HPS-A.TO,Industrials,2025-06-23,2025-06-20,5,100,2025-06-24,116.2873764038086,3.468990681067648,2025-07-23,Validation,true,,success,4,5.6243139442353485,10.164736049732003,19.09192607619765,16.48025932924302,19.39917251548522,-1.374070855384646,TSX_above_MA50
trend_rs|IPCO.TO|2025-06-23,trend_rs,IPCO.TO,Energy,2025-06-23,2025-06-20,6,100,2025-06-24,22.450000762939453,0.7632146562848773,2025-07-23,Validation,true,,adverse_first,,-0.3118111349395214,-2.0044576732590413,2.2717073683806266,-0.33995937857400627,2.850776694426438,-3.5189349161692696,TSX_above_MA50
trend_rs|CLS.TO|2025-06-24,trend_rs,CLS.TO,Technology,2025-06-24,2025-06-23,4,100,2025-06-25,204.47000122070312,8.192859104701451,2025-07-24,Validation,true,,success,9,6.675792935390401,6.128037709439882,9.458598436166298,6.424679613080241,16.144174847050174,-1.7019590682071706,TSX_above_MA50
trend_rs|ERO.TO|2025-06-24,trend_rs,ERO.TO,Materials,2025-06-24,2025-06-23,5,100,2025-06-25,21.739999771118164,0.7307143892560687,2025-07-24,Validation,true,,success,1,5.61177242961739,-7.359707443950136,-8.785647964677379,-11.819566787763435,13.70744974061726,-10.993557565826562,TSX_above_MA50
trend_rs|FTT.TO|2025-06-24,trend_rs,FTT.TO,Industrials,2025-06-24,2025-06-23,6,100,2025-06-25,55.562259674072266,1.1302204079271492,2025-07-24,Validation,true,,success,4,5.9145381908373595,5.9145381908373595,8.562850657586285,5.528931834500228,10.34603740348028,-0.6532483231935338,TSX_above_MA50
trend_rs|HPS-A.TO|2025-06-25,trend_rs,HPS-A.TO,Industrials,2025-06-25,2025-06-24,6,100,2025-06-26,119.45335388183594,3.41579583728245,2025-07-25,Validation,true,,success,4,5.932206637418824,-1.1382583753326792,-3.9797304590473703,-6.754851536443452,17.56397087216064,-4.162516446475195,TSX_above_MA50
trend_rs|BIR.TO|2025-06-26,trend_rs,BIR.TO,Energy,2025-06-26,2025-06-25,3,100,2025-06-27,7.283644199371338,0.22113659955750928,2025-07-28,Validation,true,,adverse_first,,-7.382544799448565,-5.906031911548537,-7.785237869502204,-10.456793293738675,2.9530248296108397,-10.33557328438114,TSX_above_MA50
trend_rs|DML.TO|2025-06-26,trend_rs,DML.TO,Energy,2025-06-26,2025-06-25,6,100,2025-06-27,2.450000047683716,0.13714282853262766,2025-07-28,Validation,true,,adverse_first,,1.2244886043219827,3.26530294485865,23.673465812965986,21.001910388729513,26.530605889717297,-6.122452752980356,TSX_above_MA50
trend_rs|BEPC.TO|2025-06-30,trend_rs,BEPC.TO,Utilities,2025-06-30,2025-06-27,3,100,2025-07-02,42.89142608642578,0.7635428811493118,2025-07-30,Validation,true,,success,9,1.9051773744122258,6.158605729593303,12.295074677175633,10.433123126557287,13.003979601233473,-1.019055683578296,TSX_above_MA50
trend_rs|AC.TO|2025-07-02,trend_rs,AC.TO,Industrials,2025-07-02,2025-06-30,1,100,2025-07-03,21.920000076293945,0.5249997547694615,2025-07-31,Validation,true,,success,5,6.250003806865978,-1.8704372535815694,-11.952558531543433,-12.786684044256525,8.211675322972333,-14.461679129838323,TSX_above_MA50
trend_rs|DOO.TO|2025-07-02,trend_rs,DOO.TO,Consumer,2025-07-02,2025-06-30,6,100,2025-07-03,70.13894653320312,1.9403433455204424,2025-07-31,Validation,true,,adverse_first,,-1.2563671701809165,-4.545453556586942,-1.1010793569022126,-1.9352048696153035,3.5714182048758536,-7.876899311051488,TSX_above_MA50
trend_rs|BEPC.TO|2025-07-03,trend_rs,BEPC.TO,Utilities,2025-07-03,2025-07-02,4,100,2025-07-04,43.7560920715332,0.8253050965409869,2025-08-01,Validation,true,,adverse_first,,-2.410422237347143,8.273610756454207,1.4766620545042963,1.589412460441142,11.226925236779707,-2.9750223083926275,TSX_above_MA50
trend_rs|CAE.TO|2025-07-03,trend_rs,CAE.TO,Industrials,2025-07-03,2025-07-02,5,100,2025-07-04,40.22999954223633,0.8335718427385602,2025-08-01,Validation,true,,adverse_first,,-2.013426255301387,-0.6711420851004624,-2.7839894223933848,-2.671239016456539,2.4608543120350435,-4.399702903067149,TSX_above_MA50
trend_rs|CJT.TO|2025-07-04,trend_rs,CJT.TO,Industrials,2025-07-04,2025-07-03,5,100,2025-07-07,103.43416595458984,3.3276038931728826,2025-08-05,Validation,true,,adverse_first,,-1.286293761681423,-2.364508096473028,-7.386745893713675,-9.421507951234942,1.43762007689483,-9.363477492241978,TSX_above_MA50
trend_rs|CLS.TO|2025-07-04,trend_rs,CLS.TO,Technology,2025-07-04,2025-07-03,6,100,2025-07-07,210.47000122070312,8.067855834960938,2025-08-05,Validation,true,,success,6,5.539983653006431,5.996101603075443,28.678664418435474,26.643902360914208,40.63761974781783,-0.8742321125190466,TSX_above_MA50
trend_rs|ARIS.TO|2025-07-07,trend_rs,ARIS.TO,Materials,2025-07-07,2025-07-04,2,100,2025-07-08,9.460000038146973,0.33214282989501953,2025-08-06,Validation,true,,success,11,2.9598280321575743,6.236788057174891,16.067647969979216,12.286366669258754,16.279069298552386,-1.2684977280675303,TSX_above_MA50
trend_rs|EIF.TO|2025-07-08,trend_rs,EIF.TO,Industrials,2025-07-08,2025-07-07,4,100,2025-07-09,64.45657348632812,1.0150711292875354,2025-08-07,Validation,true,,adverse_first,,-0.32975271682906815,-1.1091381000921774,1.4762941187332235,-1.4489290811670275,1.9334256065679067,-2.6229340786263156,TSX_above_MA50
trend_rs|FM.TO|2025-07-08,trend_rs,FM.TO,Materials,2025-07-08,2025-07-07,5,100,2025-07-09,23.579999923706055,0.8807142802647182,2025-08-07,Validation,true,,adverse_first,,-1.993211683100904,3.2230713797321675,-1.781170812777233,-4.7063940126774835,4.834603025177886,-6.022052929976285,TSX_above_MA50
trend_rs|FTT.TO|2025-07-08,trend_rs,FTT.TO,Industrials,2025-07-08,2025-07-07,6,100,2025-07-09,58.662132263183594,1.109900388838734,2025-08-07,Validation,true,,success,8,2.12374542574858,3.0100222877909477,-3.394645025603582,-6.319868225503833,4.983270272782314,-9.698995645893572,TSX_above_MA50
trend_rs|CCO.TO|2025-07-09,trend_rs,CCO.TO,Energy,2025-07-09,2025-07-08,3,100,2025-07-10,96.60259246826172,3.4105272097772144,2025-08-08,Validation,true,,success,3,10.672588897633407,12.635596804427763,9.515439829504203,7.01787345594005,14.526286447813419,-0.4545973332296338,TSX_above_MA50
trend_rs|EFR.TO|2025-07-10,trend_rs,EFR.TO,Energy,2025-07-10,2025-07-09,4,100,2025-07-11,9.039999961853027,0.5328572137015206,2025-08-11,Validation,true,,success,2,41.81415651462419,51.54867109597752,46.23894162405462,43.456533791693516,63.38496150542132,-2.5442427345893748,TSX_above_MA50
trend_rs|GOOS.TO|2025-07-10,trend_rs,GOOS.TO,Consumer,2025-07-10,2025-07-09,6,100,2025-07-11,19.139999389648438,0.5960713795253209,2025-08-11,Validation,true,,success,8,0.4702202479513362,2.76907368624133,-20.323926403844517,-23.10633423620562,9.770119638795594,-21.21211909828048,TSX_above_MA50
trend_rs|AG.TO|2025-07-11,trend_rs,AG.TO,Materials,2025-07-11,2025-07-10,2,100,2025-07-14,12.5033597946167,0.5476811207126948,2025-08-12,Validation,true,,adverse_first,,-5.023918208019495,-8.532694955114216,-1.6746368602250206,-4.330628022551575,-0.2392362210098975,-14.752807190001826,TSX_above_MA50
trend_rs|EDR.TO|2025-07-11,trend_rs,EDR.TO,Materials,2025-07-11,2025-07-10,5,100,2025-07-14,7.860000133514404,0.3607142652784075,2025-08-12,Validation,true,,adverse_first,,-4.1984722404642465,-3.3078908965054055,0.763358037663453,-1.8926331246631012,1.3994867024011315,-13.61323350490775,TSX_above_MA50
trend_rs|BDGI.TO|2025-07-14,trend_rs,BDGI.TO,Industrials,2025-07-14,2025-07-11,3,100,2025-07-15,52.33128356933594,1.118240890869298,2025-08-13,Validation,true,,ambiguous_both_hit,,2.1923948188453224,2.9862012378764513,3.345297372887601,-0.1266377305246147,4.913995093089452,-3.855617662270272,TSX_above_MA50
trend_rs|CCO.TO|2025-07-14,trend_rs,CCO.TO,Energy,2025-07-14,2025-07-11,4,100,2025-07-15,103.78864288330078,3.5916044698749383,2025-08-13,Validation,true,,adverse_first,,1.9328811797598933,4.288879896293563,0.0865567928337585,-3.3853783105784574,6.5967900655689915,-6.067887113490578,TSX_above_MA50
trend_rs|DML.TO|2025-07-14,trend_rs,DML.TO,Energy,2025-07-14,2025-07-11,6,100,2025-07-15,2.549999952316284,0.1192857027053833,2025-08-13,Validation,true,,success,1,14.901965550852104,14.901965550852104,9.019608759779253,5.547673656367037,27.45098277542606,1.1764694882648863,TSX_above_MA50
trend_rs|EDR.TO|2025-07-15,trend_rs,EDR.TO,Materials,2025-07-15,2025-07-14,5,100,2025-07-16,7.670000076293945,0.3692857197352818,2025-08-14,Validation,true,,adverse_first,,2.3468034752040845,-5.60626207168895,0,-2.8100025779840054,4.823988029708892,-11.473273868155209,TSX_above_MA50
trend_rs|EFR.TO|2025-07-15,trend_rs,EFR.TO,Energy,2025-07-15,2025-07-14,6,100,2025-07-16,11.279999732971191,0.6457143170492989,2025-08-14,Validation,true,,success,1,14.095746367265916,11.79077974459959,19.680853897006713,16.87085131902271,30.93972346995084,-0.2659550858277293,TSX_above_MA50
trend_rs|BN.TO|2025-07-16,trend_rs,BN.TO,Financials,2025-07-16,2025-07-15,4,100,2025-07-17,61.959896087646484,1.1315860421883737,2025-08-15,Validation,true,,adverse_first,,-1.7508356977703143,-0.918120858259075,-3.405577311009478,-5.299181924814289,1.2277104196090294,-5.626138513469304,TSX_above_MA50
trend_rs|DML.TO|2025-07-17,trend_rs,DML.TO,Energy,2025-07-17,2025-07-16,6,100,2025-07-18,2.9200000762939453,0.13285713536398752,2025-08-18,Validation,true,,adverse_first,,3.76711959663496,-3.7671277616545873,-1.7123352543991444,-3.9415964048165164,11.301366954924518,-8.904109029793172,TSX_above_MA50
trend_rs|ATZ.TO|2025-07-18,trend_rs,ATZ.TO,Consumer,2025-07-18,2025-07-17,1,100,2025-07-21,74.7699966430664,2.596428462437221,2025-08-19,Validation,true,,adverse_first,,0.06687582453228647,-1.3240576544299443,0.8559676979767783,-0.9996547738356565,4.199554848226872,-5.443359472454434,TSX_above_MA50
trend_rs|BEPC.TO|2025-07-18,trend_rs,BEPC.TO,Utilities,2025-07-18,2025-07-17,4,100,2025-07-21,46.88220977783203,1.138526955489832,2025-08-19,Validation,true,,adverse_first,,2.4929027029533923,-4.276466266174883,-5.634371015525774,-7.489993487338209,3.8102854911787,-8.37049886640303,TSX_above_MA50
trend_rs|CCO.TO|2025-07-18,trend_rs,CCO.TO,Energy,2025-07-18,2025-07-17,6,100,2025-07-21,105.31568145751953,3.6479231544173834,2025-08-19,Validation,true,,adverse_first,,3.0136474833230453,-2.5966577506112976,-2.985206321935552,-4.840828793747987,5.051175888598758,-7.429868138067885,TSX_above_MA50
trend_rs|AC.TO|2025-07-21,trend_rs,AC.TO,Industrials,2025-07-21,2025-07-18,1,100,2025-07-22,21.579999923706055,0.6464286531720843,2025-08-20,Validation,true,,adverse_first,,-10.37998044039602,-13.484707403615037,-11.445779991134986,-13.325596041484955,3.0583866994692954,-14.040781730110163,TSX_above_MA50
trend_rs|CLS.TO|2025-07-21,trend_rs,CLS.TO,Technology,2025-07-21,2025-07-18,6,100,2025-07-22,213.32000732421875,8.95428466796875,2025-08-20,Validation,true,,success,2,30.48939424068715,28.04705818396669,18.966805768754824,17.086989718404855,41.19163327405877,0.928180976728421,TSX_above_MA50
trend_rs|CEU.TO|2025-07-22,trend_rs,CEU.TO,Energy,2025-07-22,2025-07-21,3,100,2025-07-23,7.38216495513916,0.18937656401188802,2025-08-21,Validation,true,,adverse_first,,-0.26702154994838745,-2.67022195879707,7.610156159064974,5.279434434492747,8.14419827823276,-6.008008622419547,TSX_above_MA50
trend_rs|DML.TO|2025-07-22,trend_rs,DML.TO,Energy,2025-07-22,2025-07-21,5,100,2025-07-23,2.9600000381469727,0.1307143313544137,2025-08-21,Validation,true,,adverse_first,,-2.702700090373533,4.054050135560283,-8.4459458370989,-10.776667561671127,9.797295882285662,-12.837841538637507,TSX_above_MA50
trend_rs|DSV.TO|2025-07-22,trend_rs,DSV.TO,Materials,2025-07-22,2025-07-21,6,100,2025-07-23,3.450000047683716,0.19000000613076345,2025-08-21,Validation,true,,adverse_first,,-8.40579587956033,3.1884027123326497,13.043479462727547,10.71275773815532,17.971017837924986,-9.275360255651055,TSX_above_MA50
trend_rs|ARIS.TO|2025-07-23,trend_rs,ARIS.TO,Materials,2025-07-23,2025-07-22,1,100,2025-07-24,10.010000228881836,0.3642857415335519,2025-08-22,Validation,true,,adverse_first,,-3.596409611588758,2.497502440396304,-1.5984000374991258,-5.1085135489769335,12.2877074336863,-8.391609724086113,TSX_above_MA50
trend_rs|AYA.TO|2025-07-24,trend_rs,AYA.TO,Materials,2025-07-24,2025-07-23,1,100,2025-07-25,13.319999694824219,0.5828572000776019,2025-08-25,Validation,true,,adverse_first,,-9.534531029928194,-9.009007783471823,-6.981977273339101,-9.438841181636349,-0.45044645132910066,-14.039038501522727,TSX_above_MA50
trend_rs|EDR.TO|2025-07-24,trend_rs,EDR.TO,Materials,2025-07-24,2025-07-23,5,100,2025-07-25,7.840000152587891,0.41785717010498047,2025-08-25,Validation,true,,adverse_first,,-12.5,-2.8061258003443945,1.913260403199879,-0.5436035050973675,3.9540747437365242,-13.39285931503803,TSX_above_MA50
trend_rs|EFR.TO|2025-07-24,trend_rs,EFR.TO,Energy,2025-07-24,2025-07-23,6,100,2025-07-25,13.699999809265137,0.8842856543404716,2025-08-25,Validation,true,,adverse_first,,-10.65693473338294,-3.5036463424744757,10.43795857725991,7.981094668962663,12.846717177992728,-17.44525126220886,TSX_above_MA50
trend_rs|BDGI.TO|2025-07-25,trend_rs,BDGI.TO,Industrials,2025-07-25,2025-07-24,2,100,2025-07-28,53.953338623046875,1.0625362726278387,2025-08-26,Validation,true,,adverse_first,,-3.721351593348876,1.0265885268925468,6.599463331114186,3.189551464547624,7.351067158338842,-6.7461057254170065,TSX_above_MA50
trend_rs|CLS.TO|2025-07-25,trend_rs,CLS.TO,Technology,2025-07-25,2025-07-24,3,100,2025-07-28,238.07000732421875,10.823570251464844,2025-08-26,Validation,true,,success,1,13.760649489724376,23.602302143370444,15.39883334072547,11.988921474158909,26.513207533625472,1.0165069494241674,TSX_above_MA50
trend_rs|BTE.TO|2025-07-28,trend_rs,BTE.TO,Energy,2025-07-28,2025-07-25,3,100,2025-07-29,2.9496846199035645,0.11232249481447999,2025-08-27,Validation,true,,adverse_first,,-4.304618685899975,-8.27813151023038,-0.33112202726927054,-3.5740517282024764,0.9933836322880474,-11.258271510548157,TSX_above_MA50
trend_rs|CEU.TO|2025-07-28,trend_rs,CEU.TO,Energy,2025-07-28,2025-07-25,4,100,2025-07-29,7.421589374542236,0.16755253575465576,2025-08-27,Validation,true,,adverse_first,,-3.5856514574696075,3.851260980245619,9.694561256308631,6.4516315553754255,11.155375081573403,-6.507305942924912,TSX_above_MA50
trend_rs|BEPC.TO|2025-07-30,trend_rs,BEPC.TO,Utilities,2025-07-30,2025-07-29,2,100,2025-07-31,48.14595031738281,1.0200924260078799,2025-08-29,Validation,true,,adverse_first,,-7.933684763982296,-8.782306429228603,-7.64398108194706,-12.430146722773783,-0.5723138013100981,-10.775600737650826,TSX_above_MA50
trend_rs|EFR.TO|2025-07-30,trend_rs,EFR.TO,Energy,2025-07-30,2025-07-29,6,100,2025-07-31,12.569999694824219,0.9049999373299735,2025-08-29,Validation,true,,adverse_first,,4.455055156821386,7.637231992473792,26.252985448310405,21.46681980748368,46.77805259244647,-10.023860825759067,TSX_above_MA50
trend_rs|NG.TO|2025-07-31,trend_rs,NG.TO,Materials,2025-07-31,2025-07-30,5,100,2025-08-01,7.28000020980835,0.3850000245230539,2025-09-02,Validation,true,,success,5,9.34065671347728,15.109888364433521,26.785704343809535,20.882019736295465,31.868133307683678,2.0604342610894166,TSX_above_MA50
trend_rs|NGEX.TO|2025-07-31,trend_rs,NGEX.TO,Materials,2025-07-31,2025-07-30,6,100,2025-08-01,20.049999237060547,0.5167861665998187,2025-09-02,Validation,true,,success,1,8.379054209989478,3.940154342086455,4.788035054120177,-1.1156495533938937,13.216965719283547,-3.142140572265495,TSX_above_MA50
trend_rs|DPM.TO|2025-08-01,trend_rs,DPM.TO,Materials,2025-08-01,2025-07-31,4,100,2025-08-05,23.48802947998047,0.7230804712422536,2025-09-03,Validation,true,,success,12,1.227772936147109,1.227772936147109,13.971213753681443,9.68649662176253,14.7756190812826,-0.7620673106700226,TSX_above_MA50
trend_rs|DSV.TO|2025-08-01,trend_rs,DSV.TO,Materials,2025-08-01,2025-07-31,5,100,2025-08-05,3.4000000953674316,0.16892855507986887,2025-09-03,Validation,true,,success,5,14.705881940452304,10.882349270025449,30.294108943543474,26.00939181162456,35.0000007012311,-1.176476445577379,TSX_above_MA50
trend_rs|CIGI.TO|2025-08-05,trend_rs,CIGI.TO,Real Estate,2025-08-05,2025-08-01,2,100,2025-08-06,214.516357421875,5.314606244907354,2025-09-04,Validation,true,,success,8,3.3754846874612277,5.058589282076431,6.4162192044922906,2.852580546427763,9.759160825349555,-0.9066391102162341,TSX_above_MA50
trend_rs|ARIS.TO|2025-08-06,trend_rs,ARIS.TO,Materials,2025-08-06,2025-08-05,1,100,2025-08-07,10.970000267028809,0.38642856052943636,2025-09-05,Validation,true,,adverse_first,,-13.855974665125137,-11.030082121180273,15.7702780321344,11.126047423906593,16.134908486823175,-16.408387847946592,TSX_above_MA50
trend_rs|CS.TO|2025-08-08,trend_rs,CS.TO,Materials,2025-08-08,2025-08-07,3,100,2025-08-11,8.65999984741211,0.3992856911250523,2025-09-09,Validation,true,,success,2,6.9284109935524585,11.431868228196418,17.32101647147544,12.684503260147498,20.66974588213113,1.0392627502734397,TSX_above_MA50
trend_rs|EFX.TO|2025-08-11,trend_rs,EFX.TO,Energy,2025-08-11,2025-08-08,6,100,2025-08-12,13.059842109680176,0.44731278894393117,2025-09-10,Validation,true,,success,14,-1.0815863636652434,2.951241460185039,8.734163137383998,4.22828563822446,9.114625091522367,-1.6903121244387753,TSX_above_MA50
trend_rs|CS.TO|2025-08-12,trend_rs,CS.TO,Materials,2025-08-12,2025-08-11,3,100,2025-08-13,9.390000343322754,0.4342856747763498,2025-09-11,Validation,true,,adverse_first,,-4.259856843232502,4.366345393199711,10.756115423635016,5.703138721048663,11.288598798573535,-5.21832488686671,TSX_above_MA50
trend_rs|ABX.TO|2025-08-13,trend_rs,ABX.TO,Materials,2025-08-13,2025-08-12,1,100,2025-08-14,31.818578720092773,0.8382835050657759,2025-09-12,Validation,true,,success,4,8.692976825038624,10.774393558028873,23.814671043493995,18.914969147627822,26.954677845315288,-1.0101081923354793,TSX_above_MA50
trend_rs|DOO.TO|2025-08-13,trend_rs,DOO.TO,Consumer,2025-08-13,2025-08-12,5,100,2025-08-14,78.70333862304688,2.403123797359225,2025-09-12,Validation,true,,adverse_first,,-3.0947272747717913,-0.6164134177035541,11.951186742206431,7.05148484634026,18.895470918362236,-4.013076439856256,TSX_above_MA50
trend_rs|EFR.TO|2025-08-14,trend_rs,EFR.TO,Energy,2025-08-14,2025-08-13,6,100,2025-08-15,13.529999732971191,1.041428565979004,2025-09-15,Validation,true,,adverse_first,,8.130084280705052,17.294901690837115,40.28085673929511,34.81419246164374,43.60680479414132,-16.40797751048425,TSX_above_MA50
trend_rs|ABX.TO|2025-08-15,trend_rs,ABX.TO,Materials,2025-08-15,2025-08-14,1,100,2025-08-18,32.62694549560547,0.8375879534490512,2025-09-16,Validation,true,,success,3,8.805970986879629,11.620435877271929,19.21592506358618,14.22969938986478,23.80924262276607,-0.9552305333488054,TSX_above_MA50
trend_rs|DPM.TO|2025-08-15,trend_rs,DPM.TO,Materials,2025-08-15,2025-08-14,6,100,2025-08-18,24.44266700744629,0.7443892776646491,2025-09-16,Validation,true,,success,10,2.685104023044249,8.340111199401768,18.795774981453373,13.809549307731974,24.165988179567833,-2.7664829429657756,TSX_above_MA50
trend_rs|AEM.TO|2025-08-18,trend_rs,AEM.TO,Materials,2025-08-18,2025-08-15,2,100,2025-08-19,178.53518676757812,5.0428270665112835,2025-09-17,Validation,true,,success,2,6.937594536703706,13.965313565714643,17.25223798472575,11.869100440754131,19.92842954095815,0.7363850536768357,TSX_above_MA50
trend_rs|BHC.TO|2025-08-18,trend_rs,BHC.TO,Health Care,2025-08-18,2025-08-15,3,100,2025-08-19,10.789999961853027,0.6700001784733364,2025-09-17,Validation,true,,adverse_first,,-7.877668067421862,-6.0240928714391355,-12.696940596872853,-18.08007814084447,0.18536105499891153,-13.994441466360442,TSX_above_MA50
trend_rs|CURA.TO|2025-08-19,trend_rs,CURA.TO,Health Care,2025-08-19,2025-08-18,6,100,2025-08-20,10.829999923706055,1.3875000476837158,2025-09-18,Validation,true,,success,6,22.43767610613454,7.202213651579359,0.27700584656076277,-5.371369171811868,38.504156100371965,-10.249304381318968,TSX_above_MA50
trend_rs|DOO.TO|2025-08-20,trend_rs,DOO.TO,Consumer,2025-08-20,2025-08-19,6,100,2025-08-21,76.26768493652344,2.2991632404397797,2025-09-19,Validation,true,,success,6,2.557460277827639,17.69441041606521,9.126311276341315,3.0205349332868234,22.69246819570545,0.09087919906136666,TSX_above_MA50
trend_rs|CS.TO|2025-08-21,trend_rs,CS.TO,Materials,2025-08-21,2025-08-20,4,100,2025-08-22,9.65999984741211,0.38214285033089773,2025-09-22,Validation,true,,adverse_first,,1.6563131463710468,3.416148332491553,7.55694107082423,1.8184217664025892,8.90269797035199,-5.2795055583615085,TSX_above_MA50
trend_rs|DSV.TO|2025-08-21,trend_rs,DSV.TO,Materials,2025-08-21,2025-08-20,6,100,2025-08-22,3.990000009536743,0.18928570406777517,2025-09-22,Validation,true,,success,5,9.523806393836542,12.280701964049223,32.08019970752793,26.34168040310629,32.33083200973179,-1.2531316340044119,TSX_above_MA50
trend_rs|CLS.TO|2025-08-22,trend_rs,CLS.TO,Technology,2025-08-22,2025-08-21,3,100,2025-08-25,267.2799987792969,12.984994070870536,2025-09-23,Validation,true,,success,3,3.3335841450174097,26.519008233511986,33.298413800686454,27.456365387559334,35.3748833525857,-5.297816419777012,TSX_above_MA50
trend_rs|DOO.TO|2025-08-22,trend_rs,DOO.TO,Consumer,2025-08-22,2025-08-21,6,100,2025-08-25,78.82215118408203,2.4130250201770105,2025-09-23,Validation,true,,adverse_first,,15.425194531183983,13.591257002817736,4.861200980275915,-0.9808474328512062,18.716253843173547,-3.102610303636877,TSX_above_MA50
trend_rs|DSV.TO|2025-08-27,trend_rs,DSV.TO,Materials,2025-08-27,2025-08-26,4,100,2025-08-28,4.050000190734863,0.17928571360451834,2025-09-26,Validation,true,,success,2,10.86418665830886,22.46913097668255,28.64197019214536,23.97691201148564,34.07406352129978,0,TSX_above_MA50
trend_rs|EFR.TO|2025-08-27,trend_rs,EFR.TO,Energy,2025-08-27,2025-08-26,5,100,2025-08-28,16.110000610351562,1.4050000054495675,2025-09-26,Validation,true,,success,11,-0.6828094735197077,2.6691513897242336,44.19614315414597,39.53108497348625,62.25945623398703,-8.628183058103689,TSX_above_MA50
trend_rs|EFX.TO|2025-08-27,trend_rs,EFX.TO,Energy,2025-08-27,2025-08-26,6,100,2025-08-28,13.733453750610352,0.3217920639777532,2025-09-26,Validation,true,,success,9,0.28942604355244317,5.93342485748829,10.781476011018999,6.116417830359278,12.807527930515938,-1.8813352871530187,TSX_above_MA50
trend_rs|BHC.TO|2025-08-29,trend_rs,BHC.TO,Health Care,2025-08-29,2025-08-28,2,100,2025-09-02,10.579999923706055,0.52071441922869,2025-09-30,Validation,true,,adverse_first,,-5.482040906318719,-12.003776117651322,-15.311908291504173,-20.229509848292704,-0.09452012243807983,-15.689979767321493,TSX_above_MA50
trend_rs|DOO.TO|2025-08-29,trend_rs,DOO.TO,Consumer,2025-08-29,2025-08-28,5,100,2025-09-02,90.98062133789062,2.950509410415824,2025-09-30,Validation,true,,adverse_first,,-1.5888537470654107,-2.6335738697789157,-7.676721834745326,-12.594323391533857,2.8512486596680153,-9.772534146514866,TSX_above_MA50
trend_rs|AEM.TO|2025-09-02,trend_rs,AEM.TO,Materials,2025-09-02,2025-08-29,2,100,2025-09-03,203.4681854248047,4.402306770101593,2025-10-01,Validation,true,,success,4,3.2544174352061805,2.8841445841464752,15.614341784774544,10.897010421091657,16.37922891660304,-1.7830957896062816,TSX_above_MA50
trend_rs|AG.TO|2025-09-02,trend_rs,AG.TO,Materials,2025-09-02,2025-08-29,3,100,2025-09-03,13.049182891845703,0.5918910300952845,2025-10-01,Validation,true,,success,6,-0.15288977757899058,5.810403520849872,30.81040352084987,26.093072157166986,38.30275483570749,-4.357789034172576,TSX_above_MA50
trend_rs|ARIS.TO|2025-09-02,trend_rs,ARIS.TO,Materials,2025-09-02,2025-08-29,4,100,2025-09-03,12.569999694824219,0.40499993732997347,2025-10-01,Validation,true,,success,5,5.966587257029277,4.375498839203074,12.410504832860415,7.693173469177529,12.649166198807338,-2.5457414685219226,TSX_above_MA50
trend_rs|ASM.TO|2025-09-02,trend_rs,ASM.TO,Materials,2025-09-02,2025-08-29,5,100,2025-09-03,6.320000171661377,0.3128570147923061,2025-10-01,Validation,true,,adverse_first,,-10.60126674202001,-4.113927560440056,18.6708828526571,13.953551488974215,22.15189209658277,-12.183543671077135,TSX_above_MA50
trend_rs|CEU.TO|2025-09-03,trend_rs,CEU.TO,Energy,2025-09-03,2025-09-02,5,100,2025-09-04,8.269208908081055,0.2041605049605178,2025-10-02,Validation,true,,success,9,1.787831796813566,4.767570679563149,12.572994203365884,8.268444796515828,15.56696445325132,-2.383805722380272,TSX_above_MA50
trend_rs|CS.TO|2025-09-03,trend_rs,CS.TO,Materials,2025-09-03,2025-09-02,6,100,2025-09-04,9.600000381469727,0.31857143129621235,2025-10-02,Validation,true,,success,3,8.333325054910778,3.7499962747098436,28.854160354369473,24.54961094751942,29.89583095328685,0,TSX_above_MA50
trend_rs|ATZ.TO|2025-09-04,trend_rs,ATZ.TO,Consumer,2025-09-04,2025-09-03,3,100,2025-09-05,83.4000015258789,2.135356903076172,2025-10-03,Validation,true,,success,7,1.019182804040275,7.6738626004617005,-0.6235063104879979,-5.515314495116286,8.057555273087047,-3.4172642949373833,TSX_above_MA50
trend_rs|CURA.TO|2025-09-04,trend_rs,CURA.TO,Health Care,2025-09-04,2025-09-03,6,100,2025-09-05,11.9399995803833,1.2964287485395158,2025-10-03,Validation,true,,adverse_first,,-16.331657267968993,-10.05025001204074,5.778899148298522,0.887090963670234,18.09045960634017,-18.592959726747537,TSX_above_MA50
trend_rs|ARIS.TO|2025-09-05,trend_rs,ARIS.TO,Materials,2025-09-05,2025-09-04,2,100,2025-09-08,12.75,0.44285706111363005,2025-10-06,Validation,true,,success,5,6.431370155484073,7.921570422602642,13.882356531479779,8.700405455924388,15.215682983398438,-3.5294102687461693,TSX_above_MA50
trend_rs|CLS.TO|2025-09-05,trend_rs,CLS.TO,Technology,2025-09-05,2025-09-04,5,100,2025-09-08,337.19000244140625,16.916427612304688,2025-10-06,Validation,true,,adverse_first,,1.678579916702283,4.513775945462051,-2.5682860106785776,-7.750237086233969,7.307448012234907,-6.459265880245546,TSX_above_MA50
trend_rs|AIF.TO|2025-09-08,trend_rs,AIF.TO,Real Estate,2025-09-08,2025-09-05,2,100,2025-09-09,60.32188415527344,0.85976477922241,2025-10-07,Validation,true,,adverse_first,,-2.359112933519336,-3.8335561455054123,0.37296481001098947,-4.0611927743746445,3.5922585665584705,-5.3243843921086835,TSX_above_MA50
trend_rs|AP-UN.TO|2025-09-08,trend_rs,AP-UN.TO,Real Estate,2025-09-08,2025-09-05,3,100,2025-09-09,18.253812789916992,0.2823175401138308,2025-10-07,Validation,true,,success,2,5.255189125054671,7.377473223022801,5.28853201926176,0.8543744348761262,13.32892383745261,-0.15156702836517377,TSX_above_MA50
trend_rs|ATZ.TO|2025-09-08,trend_rs,ATZ.TO,Consumer,2025-09-08,2025-09-05,5,100,2025-09-09,84.29000091552734,2.2078568594796315,2025-10-07,Validation,true,,success,7,2.704945728475927,3.7252335455485897,-4.093017606079041,-8.527175190464675,6.916599558347758,-5.1014390853633245,TSX_above_MA50
trend_rs|BTO.TO|2025-09-09,trend_rs,BTO.TO,Materials,2025-09-09,2025-09-08,6,100,2025-09-10,5.939177513122559,0.1607727814363331,2025-10-08,Validation,true,,adverse_first,,-0.9933716879113375,11.754981269908104,23.841065025991213,19.308416679317396,24.503328587914154,-3.807938647821074,TSX_above_MA50
trend_rs|CG.TO|2025-09-10,trend_rs,CG.TO,Materials,2025-09-10,2025-09-09,5,100,2025-09-11,12.545969009399414,0.356339484051186,2025-10-09,Validation,true,,success,7,0.31495046673601923,8.818879119011335,23.543301831445373,20.61177799627274,29.99999825857462,-2.6771743766613176,TSX_above_MA50
trend_rs|CLS.TO|2025-09-10,trend_rs,CLS.TO,Technology,2025-09-10,2025-09-09,6,100,2025-09-11,340.1499938964844,17.38214111328125,2025-10-09,Validation,true,,adverse_first,,2.099078282097633,0.26458736223240464,7.16155117043864,4.230027335266007,7.396737943134046,-7.273259055798764,TSX_above_MA50
trend_rs|AEM.TO|2025-09-11,trend_rs,AEM.TO,Materials,2025-09-11,2025-09-10,2,100,2025-09-12,210.3872833251953,4.432243651241649,2025-10-10,Validation,true,,adverse_first,,4.659825567863973,7.354876264701171,8.443269375753793,6.5067051516927386,13.107794911468872,-2.822289247236065,TSX_above_MA50
trend_rs|AP-UN.TO|2025-09-12,trend_rs,AP-UN.TO,Real Estate,2025-09-12,2025-09-11,3,100,2025-09-15,18.770343780517578,0.32242161576311545,2025-10-14,Validation,true,,success,6,2.653553995065172,3.3809142220974753,-8.149858968530443,-11.28464748871325,10.210286162088543,-8.298317599375027,TSX_above_MA50
trend_rs|ASM.TO|2025-09-12,trend_rs,ASM.TO,Materials,2025-09-12,2025-09-11,5,100,2025-09-15,6.329999923706055,0.32357144355773926,2025-10-14,Validation,true,,adverse_first,,3.475517688474228,16.90363640691672,22.906797844846682,19.772009324663877,24.960504624793177,-7.898894250021771,TSX_above_MA50
trend_rs|AG.TO|2025-09-15,trend_rs,AG.TO,Materials,2025-09-15,2025-09-12,2,100,2025-09-16,14.246356010437012,0.6284611892584157,2025-10-15,Validation,true,,adverse_first,,14.425781043160812,19.67788757916098,46.148469710953385,41.639203440030315,46.49860443492413,-6.372542552207805,TSX_above_MA50
trend_rs|AGI.TO|2025-09-15,trend_rs,AGI.TO,Materials,2025-09-15,2025-09-12,3,100,2025-09-16,43.26516342163086,1.1790510634400353,2025-10-15,Validation,true,,success,4,7.7135594187222045,11.696982366757446,16.532358500306344,12.02309222938327,16.854714929225235,-2.0723014103183113,TSX_above_MA50
trend_rs|AYA.TO|2025-09-15,trend_rs,AYA.TO,Materials,2025-09-15,2025-09-12,6,100,2025-09-16,15.779999732971191,0.6092856270926339,2025-10-15,Validation,true,,adverse_first,,1.330798743349737,2.0278875406437136,17.934099653165923,13.424833382242849,18.377697219761323,-24.271229331541377,TSX_above_MA50
trend_rs|AP-UN.TO|2025-09-16,trend_rs,AP-UN.TO,Real Estate,2025-09-16,2025-09-15,4,100,2025-09-17,18.8902530670166,0.36284484524742133,2025-10-16,Validation,true,,success,4,4.541004063739118,2.527995696255214,-8.978746120354408,-12.856766810822684,9.51070650417365,-9.077096564509224,TSX_above_MA50
trend_rs|AEM.TO|2025-09-17,trend_rs,AEM.TO,Materials,2025-09-17,2025-09-16,2,100,2025-09-18,211.1505584716797,4.733141994749979,2025-10-17,Validation,true,,success,1,4.6899099238811415,10.187308637839255,14.74108580865552,12.517241443809237,23.57635738537953,0.6619454809008829,TSX_above_MA50
trend_rs|ASM.TO|2025-09-17,trend_rs,ASM.TO,Materials,2025-09-17,2025-09-16,6,100,2025-09-18,6.050000190734863,0.32857145581926617,2025-10-17,Validation,true,,success,3,10.41321682218388,20.33057818671051,37.19008147215783,34.96623710731154,54.21486991015758,0.6611563734210124,TSX_above_MA50
trend_rs|ATZ.TO|2025-09-18,trend_rs,ATZ.TO,Consumer,2025-09-18,2025-09-17,6,100,2025-09-19,89.80000305175781,2.05785642351423,2025-10-20,Validation,true,,adverse_first,,-3.7639251313436706,-7.706019558096644,1.8040034099484181,-0.3728014955784342,2.3162518162291423,-11.581293065084509,TSX_above_MA50
trend_rs|AEM.TO|2025-09-19,trend_rs,AEM.TO,Materials,2025-09-19,2025-09-18,2,100,2025-09-22,220.83526611328125,5.037075035803028,2025-10-21,Validation,true,,success,5,4.26429557524326,6.710653052030513,2.549607328576786,2.783924958504358,18.156929076870366,-1.9032331040668038,TSX_above_MA50
trend_rs|AGI.TO|2025-09-22,trend_rs,AGI.TO,Materials,2025-09-22,2025-09-19,4,100,2025-09-23,46.602447509765625,1.2335126625580546,2025-10-22,Validation,true,,success,6,3.6981629513794134,0,-4.809745008247823,-5.371197378209103,12.719124084061484,-8.058997986655125,TSX_above_MA50
trend_rs|AYA.TO|2025-09-23,trend_rs,AYA.TO,Materials,2025-09-23,2025-09-22,6,100,2025-09-24,15.300000190734863,0.6935713631766183,2025-10-23,Validation,true,,adverse_first,,11.830067954592383,12.614374689159824,-1.895424563645698,-3.3381129436907186,28.62745137149274,-21.895427056911853,TSX_above_MA50
trend_rs|AP-UN.TO|2025-09-24,trend_rs,AP-UN.TO,Real Estate,2025-09-24,2025-09-23,3,100,2025-09-25,19.259201049804688,0.4157276149924914,2025-10-24,Validation,true,,success,6,2.1555221122969925,-8.26259872869841,-8.600241171758816,-10.689234880137,7.412812923130074,-11.542385233914809,TSX_above_MA50
trend_rs|BTE.TO|2025-09-24,trend_rs,BTE.TO,Energy,2025-09-24,2025-09-23,6,100,2025-09-25,3.3834879398345947,0.14363619389520405,2025-10-24,Validation,true,,adverse_first,,-7.558131955764402,4.360464809017484,-2.9069765393449853,-4.99597024772317,9.593024998864275,-10.755810220620043,TSX_above_MA50
trend_rs|AEM.TO|2025-09-25,trend_rs,AEM.TO,Materials,2025-09-25,2025-09-24,2,100,2025-09-26,225.8610076904297,5.061857362439805,2025-10-27,Validation,true,,success,3,3.7129712032007545,1.0138273629686,-4.726791810337872,-6.455546893261344,15.52776259451889,-6.513057942008182,TSX_above_MA50
trend_rs|BBD-B.TO|2025-09-25,trend_rs,BBD-B.TO,Industrials,2025-09-25,2025-09-24,5,100,2025-09-26,191.4199981689453,6.415004185267857,2025-10-27,Validation,true,,success,6,5.187549905734601,-0.6268921532342153,3.683002360879528,1.954247277956056,6.833142804395198,-2.3142789249592344,TSX_above_MA50
trend_rs|AGI.TO|2025-09-26,trend_rs,AGI.TO,Materials,2025-09-26,2025-09-25,4,100,2025-09-29,48.02702331542969,1.3113188002695182,2025-10-28,Validation,true,,adverse_first,,0.4770692540331245,-0.7674744296979896,-8.794847909403625,-10.28891008860754,9.375653555997122,-14.333128264051942,TSX_above_MA50
trend_rs|AP-UN.TO|2025-09-26,trend_rs,AP-UN.TO,Real Estate,2025-09-26,2025-09-25,5,100,2025-09-29,19.404953002929688,0.4242924281327089,2025-10-28,Validation,true,,success,4,6.606027806369785,-11.153676940654533,-10.004792710362242,-11.498854889566157,6.606027806369785,-12.206796537512876,TSX_above_MA50
trend_rs|AAUC.TO|2025-09-29,trend_rs,AAUC.TO,Materials,2025-09-29,2025-09-26,1,100,2025-09-30,24.31999969482422,0.7664284024919782,2025-10-29,Validation,true,,success,2,5.468749754915114,18.215462009724348,-0.9457218138258283,-1.352079637963921,18.25658137241892,-3.741775735325259,TSX_above_MA50
trend_rs|ASM.TO|2025-09-29,trend_rs,ASM.TO,Materials,2025-09-29,2025-09-26,6,100,2025-09-30,7.300000190734863,0.382857152393886,2025-10-29,Validation,true,,adverse_first,,2.602733909849042,25.20548088372947,-8.630138328496372,-9.036496152634465,27.80821479357851,-13.424657444766908,TSX_above_MA50
trend_rs|ABRA.TO|2025-09-30,trend_rs,ABRA.TO,Materials,2025-09-30,2025-09-29,2,100,2025-10-01,7.900000095367432,0.42785712650844027,2025-10-30,Validation,true,,adverse_first,,-11.13924182047733,-14.177213570109338,-15.569620306647336,-15.806439403091598,0.7594929374080017,-30.253162501695343,TSX_above_MA50
trend_rs|BBD-B.TO|2025-09-30,trend_rs,BBD-B.TO,Industrials,2025-09-30,2025-09-29,6,100,2025-10-01,196.89999389648438,6.795004708426339,2025-10-30,Validation,true,,adverse_first,,-2.844078729464372,-3.4179766054625693,-2.102589902478591,-2.339408998922854,3.8598305429664803,-5.033005947440639,TSX_above_MA50
trend_rs|ASM.TO|2025-10-01,trend_rs,ASM.TO,Materials,2025-10-01,2025-09-30,6,100,2025-10-02,7.28000020980835,0.38642856052943636,2025-10-31,Validation,true,,success,8,-0.824181564388704,14.010988345196296,-10.302197505290245,-10.634086163577683,28.159335917816854,-13.186813330768366,TSX_above_MA50
trend_rs|BBD-B.TO|2025-10-03,trend_rs,BBD-B.TO,Industrials,2025-10-03,2025-10-02,6,100,2025-10-06,200.13999938964844,6.683574131556919,2025-11-04,Validation,true,,adverse_first,,-3.012890375580146,-2.718098560006099,-2.6681304857477772,-0.19825602746954551,1.3340652428738942,-6.5703976899105125,TSX_above_MA50
trend_rs|ARE.TO|2025-10-06,trend_rs,ARE.TO,Industrials,2025-10-06,2025-10-03,5,100,2025-10-07,24.390356063842773,0.7237331905496082,2025-11-05,Validation,true,,adverse_first,,-0.2816875855469303,-0.764593995216134,21.56940516693906,22.38714923115499,41.24747314587167,-3.702222326018767,TSX_above_MA50
trend_rs|BBD-B.TO|2025-10-09,trend_rs,BBD-B.TO,Industrials,2025-10-09,2025-10-08,6,100,2025-10-10,190.22000122070312,7.030000959123884,2025-11-10,Validation,true,,success,20,1.9188276064878496,4.3370833493098,5.136160345791008,3.576076017827967,7.507096355618503,-1.839974754252638,TSX_above_MA50
trend_rs|AEM.TO|2025-10-14,trend_rs,AEM.TO,Materials,2025-10-14,2025-10-10,4,100,2025-10-15,248.9278564453125,6.910574518948233,2025-11-12,Validation,true,,adverse_first,,-9.13904699696011,-12.838475503097513,-3.4525261411610386,-4.0743212928852195,4.8224061719313704,-15.932614742203576,TSX_above_MA50
trend_rs|AGI.TO|2025-10-15,trend_rs,AGI.TO,Materials,2025-10-15,2025-10-14,6,100,2025-10-16,52.45017623901367,1.756877464485873,2025-11-13,Validation,true,,adverse_first,,-15.327642119905605,-17.51188170565342,-10.84520970545909,-10.171508947019126,-2.5451186638282497,-22.127266260572465,TSX_above_MA50
trend_rs|ARIS.TO|2025-10-17,trend_rs,ARIS.TO,Materials,2025-10-17,2025-10-16,6,100,2025-10-20,14.630000114440918,0.7221428326198033,2025-11-17,Validation,true,,adverse_first,,-13.123718805707728,-2.529049095453284,8.885852225330225,10.004331622977347,12.576891213400309,-16.267943238713155,TSX_above_MA50
trend_rs|ALS.TO|2025-10-20,trend_rs,ALS.TO,Materials,2025-10-20,2025-10-17,4,100,2025-10-21,34.602840423583984,1.008062488136899,2025-11-18,Validation,true,,success,6,5.24506480980389,7.4233427300208765,13.614220465008708,13.12005805337173,27.37175139348713,-0.6305571485466954,TSX_above_MA50
trend_rs|ASM.TO|2025-10-20,trend_rs,ASM.TO,Materials,2025-10-20,2025-10-17,5,100,2025-10-21,7.230000019073486,0.612142835344587,2025-11-18,Validation,true,,adverse_first,,-10.511759707840618,-18.11894798511239,-10.926693772737561,-11.42085618437454,2.21299926680516,-21.57676263712448,TSX_above_MA50
trend_rs|AYA.TO|2025-10-20,trend_rs,AYA.TO,Materials,2025-10-20,2025-10-17,6,100,2025-10-21,15.140000343322754,1.2714283125741142,2025-11-18,Validation,true,,adverse_first,,-5.284016992031903,-6.340819130630759,-9.180979602393402,-9.67514201403038,6.605013366242862,-10.171730032570437,TSX_above_MA50
trend_rs|BDGI.TO|2025-10-21,trend_rs,BDGI.TO,Industrials,2025-10-21,2025-10-20,2,100,2025-10-22,69.15489196777344,1.5683523069516043,2025-11-19,Validation,true,,success,5,4.318516549043672,6.154957873055422,4.533724171941045,3.5484979083083124,9.497860600266295,-2.1090359229259614,TSX_above_MA50
trend_rs|BTO.TO|2025-10-21,trend_rs,BTO.TO,Materials,2025-10-21,2025-10-20,3,100,2025-10-22,7.1289801597595215,0.3743592551445838,2025-11-19,Validation,true,,adverse_first,,-8.137938691908097,-21.379306654502127,-23.034489355077458,-24.01971561871019,2.896554511527616,-27.448274331224553,TSX_above_MA50
trend_rs|CG.TO|2025-10-21,trend_rs,CG.TO,Materials,2025-10-21,2025-10-20,4,100,2025-10-22,15.242856979370117,0.8305175960144702,2025-11-19,Validation,true,,success,15,1.8146447159139933,3.823723695503567,9.578876544472003,8.59365028083927,13.938615595256154,-5.055091616004814,TSX_above_MA50
trend_rs|CURA.TO|2025-10-21,trend_rs,CURA.TO,Health Care,2025-10-21,2025-10-20,5,100,2025-10-22,11.34000015258789,1.216071605682373,2025-11-19,Validation,true,,adverse_first,,5.820104396219894,6.08465230245907,-28.83598248468655,-29.821208748319282,11.375660886200588,-29.89418251946959,TSX_above_MA50
trend_rs|EFR.TO|2025-10-21,trend_rs,EFR.TO,Energy,2025-10-21,2025-10-20,6,100,2025-10-22,31.739999771118164,3.7249999727521623,2025-11-19,Validation,true,,adverse_first,,-10.491493219027026,-28.22936089818694,-31.411466242122344,-32.39669250575508,3.0875912307873232,-37.366101751341475,TSX_above_MA50
trend_rs|ERO.TO|2025-10-22,trend_rs,ERO.TO,Materials,2025-10-22,2025-10-21,5,100,2025-10-23,28.739999771118164,1.7650000708443778,2025-11-20,Validation,true,,neither,,4.662491869378882,6.402227443428754,2.6791943768123216,3.6057775110025614,11.691018544751387,-5.288797737887164,TSX_above_MA50
trend_rs|HBM.TO|2025-10-22,trend_rs,HBM.TO,Materials,2025-10-22,2025-10-21,6,100,2025-10-23,21.541337966918945,1.0762103584792941,2025-11-20,Validation,true,,success,12,3.0612106661448424,3.153986699858735,-4.730975622605726,-3.8043924884154863,12.337654140493704,-4.870125380150714,TSX_above_MA50
trend_rs|AG.TO|2025-10-23,trend_rs,AG.TO,Materials,2025-10-23,2025-10-22,1,100,2025-10-24,17.95759391784668,1.4138042986726356,2025-11-21,Validation,true,,adverse_first,,-0.38889209301248284,-10.999998831645541,-13.02004120892397,-12.386167261613577,2.000004329708349,-19.888890922026327,TSX_above_MA50
trend_rs|ARE.TO|2025-10-23,trend_rs,ARE.TO,Industrials,2025-10-23,2025-10-22,2,100,2025-10-24,27.96302604675293,0.7739856192373666,2025-11-21,Validation,true,,adverse_first,,8.529311636930315,2.2113095853200315,-10.389614287305516,-9.755740339995123,23.201121272993387,-12.074420941559172,TSX_above_MA50
trend_rs|CLS.TO|2025-10-23,trend_rs,CLS.TO,Technology,2025-10-23,2025-10-22,6,100,2025-10-24,415.5,23.564998081752233,2025-11-21,Validation,true,,success,2,16.214198584160645,8.68832878544299,-4.936223770306858,-4.302349822996465,23.4247935234281,-10.469314079422388,TSX_above_MA50
trend_rs|CURA.TO|2025-10-24,trend_rs,CURA.TO,Health Care,2025-10-24,2025-10-23,5,100,2025-10-27,12.029999732971191,1.1475002425057548,2025-11-24,Validation,true,,adverse_first,,-2.493767226882293,3.241898187693737,-24.189525453076566,-25.274879435120557,3.740646876589704,-33.91521208869028,TSX_above_MA50
trend_rs|EFR.TO|2025-10-24,trend_rs,EFR.TO,Energy,2025-10-24,2025-10-23,6,100,2025-10-27,26.719999313354492,4.2414286477225165,2025-11-24,Validation,true,,adverse_first,,-8.233528862746919,-13.435629658843705,-26.047901434616026,-27.133255416660017,17.06587384159084,-36.04041694699291,TSX_above_MA50
trend_rs|BEPC.TO|2025-10-27,trend_rs,BEPC.TO,Utilities,2025-10-27,2025-10-24,3,100,2025-10-28,58.11566162109375,1.4765638908772805,2025-11-25,Validation,true,,adverse_first,,1.9669343718066168,-1.3719035106236621,-3.239662790245834,-4.820875005860126,4.314048427570549,-6.38015968580028,TSX_above_MA50
trend_rs|ATZ.TO|2025-10-28,trend_rs,ATZ.TO,Consumer,2025-10-28,2025-10-27,2,100,2025-10-29,98.04000091552734,2.985357012067522,2025-11-26,Validation,true,,adverse_first,,-0.9995954179743194,-0.3569955843050865,13.137491975867643,9.702405416449821,14.728684523216163,-5.854750928363616,TSX_above_MA50
trend_rs|CCO.TO|2025-10-28,trend_rs,CCO.TO,Energy,2025-10-28,2025-10-27,5,100,2025-10-29,148.5118865966797,8.43934004008094,2025-11-26,Validation,true,,adverse_first,,-9.643820556618676,-12.849471507648047,-16.176073359618815,-19.611159919036638,0.8064482039984666,-26.14919635436771,TSX_above_MA50
trend_rs|ALS.TO|2025-10-31,trend_rs,ALS.TO,Materials,2025-10-31,2025-10-30,1,100,2025-11-03,37.8558464050293,1.0215222276035365,2025-12-01,Validation,true,,adverse_first,,2.2530747908815707,6.392465378025469,4.536289601350618,1.8056588766246051,16.42651813368787,-3.03903259573991,TSX_above_MA50
trend_rs|BEP-UN.TO|2025-11-03,trend_rs,BEP-UN.TO,Utilities,2025-11-03,2025-10-31,5,100,2025-11-04,42.54473114013672,1.299038547005388,2025-12-02,Validation,true,,adverse_first,,-6.515314566344765,-9.307597361247522,-10.567150304056916,-14.837109692060547,1.3166962437214602,-11.094171681777388,TSX_above_MA50
trend_rs|ATH.TO|2025-11-11,trend_rs,ATH.TO,Energy,2025-11-11,2025-11-10,3,100,2025-11-12,7.119999885559082,0.19214282717023576,2025-12-10,Validation,true,,success,3,8.426965088152594,5.617978957818792,6.4606747969189415,4.309028902801759,13.061802248930166,-1.544939023107983,TSX_above_MA50
trend_rs|BTE.TO|2025-11-11,trend_rs,BTE.TO,Energy,2025-11-11,2025-11-10,6,100,2025-11-12,4.18018102645874,0.12997203033458787,2025-12-10,Validation,true,,success,1,5.647058823529405,4.470599642387629,1.17647058823529,-0.9751753058818924,9.411790163908407,-1.8823481619428484,TSX_above_MA50
trend_rs|BBD-B.TO|2025-11-12,trend_rs,BBD-B.TO,Industrials,2025-11-12,2025-11-11,3,100,2025-11-13,205,7.206426348005023,2025-12-11,Validation,true,,success,5,5.36585365853659,13.658536585365844,6.258537478563264,1.6075219711756183,15.234144257336135,-1.4682900033346047,TSX_above_MA50
trend_rs|CLS.TO|2025-11-12,trend_rs,CLS.TO,Technology,2025-11-12,2025-11-11,6,100,2025-11-13,410.7099914550781,33.837860107421875,2025-12-11,Validation,true,,adverse_first,,-3.0897720302463627,14.874241583814118,17.93479710613908,13.283781598751434,18.69445603387392,-9.425139943134809,TSX_above_MA50
trend_rs|DSV.TO|2025-11-13,trend_rs,DSV.TO,Materials,2025-11-13,2025-11-12,4,100,2025-11-14,6.650000095367432,0.4553572450365339,2025-12-12,Validation,true,,adverse_first,,-12.180450092682083,16.090220744050953,25.563913710114996,21.604009366966274,29.172932772917036,-17.744365236893778,TSX_above_MA50
trend_rs|EFX.TO|2025-11-13,trend_rs,EFX.TO,Energy,2025-11-13,2025-11-12,5,100,2025-11-14,18.543142318725586,0.5891448248081976,2025-12-12,Validation,true,,adverse_first,,2.5944083011355756,4.366985337402074,16.506426130486005,12.546521787337282,18.547566889518464,-5.355320379793582,TSX_above_MA50
trend_rs|EXE.TO|2025-11-13,trend_rs,EXE.TO,Health Care,2025-11-13,2025-11-12,6,100,2025-11-14,19.329822540283203,0.5474374082195909,2025-12-12,Validation,true,,success,6,3.105908453924333,4.8431805591927946,14.077565960036686,10.117661616887963,18.159044889301224,-1.578393058341776,TSX_above_MA50
trend_rs|ABX.TO|2025-11-14,trend_rs,ABX.TO,Materials,2025-11-14,2025-11-13,1,100,2025-11-17,50.915157318115234,1.8079037880641462,2025-12-15,Validation,true,,success,5,7.599072248112559,14.514542968612743,15.210087162734865,10.531300585880011,17.663832941953082,-3.07811566966093,TSX_above_MA50
trend_rs|ARIS.TO|2025-11-14,trend_rs,ARIS.TO,Materials,2025-11-14,2025-11-13,3,100,2025-11-17,15.930000305175781,0.7635713985988072,2025-12-15,Validation,true,,success,5,13.684872965554696,22.91274041811764,36.283733010468985,31.60494643361413,37.97865110583114,-1.1927214715487744,TSX_above_MA50
trend_rs|BBD-B.TO|2025-11-14,trend_rs,BBD-B.TO,Industrials,2025-11-14,2025-11-13,5,100,2025-11-17,209.10000610351562,8.673568725585938,2025-12-15,Validation,true,,success,6,7.183160485531581,6.164514114488928,8.101380529960856,3.422593953106002,12.97464793501375,-1.2721203177739393,TSX_above_MA50
trend_rs|CEU.TO|2025-11-17,trend_rs,CEU.TO,Energy,2025-11-17,2025-11-14,5,100,2025-11-18,11.111258506774902,0.39824537003284316,2025-12-16,Validation,true,,success,2,3.386808290001575,11.408189117516866,8.021372244560322,3.9350093506645543,18.003554596210037,-1.069519506985206,TSX_above_MA50
trend_rs|CLS.TO|2025-11-17,trend_rs,CLS.TO,Technology,2025-11-17,2025-11-14,6,100,2025-11-18,419.2699890136719,36.11785670689174,2025-12-16,Validation,true,,adverse_first,,10.327478580665804,1.5431586782358897,-5.36169557988968,-9.448058473785448,16.27113864772194,-11.27435548746859,TSX_above_MA50
trend_rs|ABX.TO|2025-11-18,trend_rs,ABX.TO,Materials,2025-11-18,2025-11-17,1,100,2025-11-19,51.99262237548828,1.9072543315589041,2025-12-17,Validation,true,,adverse_first,,8.440085420256604,6.919360677539421,13.5225921552532,10.313705302446287,15.225435670972143,-5.086668785264614,TSX_above_MA50
trend_rs|BBD-B.TO|2025-11-20,trend_rs,BBD-B.TO,Industrials,2025-11-20,2025-11-19,4,100,2025-11-21,220.8000030517578,9.365709577287946,2025-12-19,Validation,true,,adverse_first,,5.113221526308731,3.2608681380110527,4.003621474506258,-1.2850541988626674,6.98822122396634,-6.503623374944167,TSX_not_above_MA50
trend_rs|ATZ.TO|2025-11-21,trend_rs,ATZ.TO,Consumer,2025-11-21,2025-11-20,4,100,2025-11-24,108.2300033569336,3.2649999346051897,2025-12-22,Validation,true,,success,10,3.2523297920057814,5.15568144561338,9.276534209300301,4.716081460885912,10.20049241772989,-0.5774738802684865,TSX_above_MA50
trend_rs|CEU.TO|2025-11-26,trend_rs,CEU.TO,Energy,2025-11-26,2025-11-25,5,100,2025-11-27,11.863892555236816,0.4965686590681342,2025-12-29,Validation,true,,success,6,5.84306851187919,8.514184627199906,2.8380508244526537,0.6584120226336365,10.517521440132672,0.08346170928983376,TSX_above_MA50
trend_rs|CG.TO|2025-11-26,trend_rs,CG.TO,Materials,2025-11-26,2025-11-25,6,100,2025-11-27,18.04196548461914,0.6843066403999118,2025-12-29,Validation,true,,success,10,2.034086231098531,8.02638831713427,8.08135076316292,5.901711961343903,16.932386536091727,-1.594277134081712,TSX_above_MA50
trend_rs|ATZ.TO|2025-11-27,trend_rs,ATZ.TO,Consumer,2025-11-27,2025-11-26,3,100,2025-11-28,110.5,2.9896436418805803,2025-12-30,Validation,true,,success,8,2.524887706359591,3.004524610700643,5.203619909502266,3.662967106171622,7.93664854576146,-1.6470585473522315,TSX_above_MA50
trend_rs|DPM.TO|2025-11-28,trend_rs,DPM.TO,Materials,2025-11-28,2025-11-27,6,100,2025-12-01,38.216304779052734,1.534230546379904,2025-12-31,Validation,true,,success,9,2.424403646372708,6.021885223606094,10.726724178805025,8.76220770499252,17.179349175142278,-2.033367459891422,TSX_above_MA50
trend_rs|AAUC.TO|2025-12-01,trend_rs,AAUC.TO,Materials,2025-12-01,2025-11-28,1,100,2025-12-02,29.350000381469727,1.3264285496303014,2026-01-02,Validation,false,historical_final_outcome_purge,success,8,3.5775101308805013,4.667798685105717,7.870526187116544,5.184154551080566,17.819425491002548,-0.7495782550041241,TSX_above_MA50
trend_rs|ABRA.TO|2025-12-01,trend_rs,ABRA.TO,Materials,2025-12-01,2025-11-28,2,100,2025-12-02,9.880000114440918,0.5628571169716972,2026-01-02,Validation,false,historical_final_outcome_purge,adverse_first,,2.5303643431602074,3.7449380695682155,7.186235120677931,4.499863484641953,15.789468095878245,-5.9716613942699,TSX_above_MA50
trend_rs|AG.TO|2025-12-01,trend_rs,AG.TO,Materials,2025-12-01,2025-11-28,4,100,2025-12-02,22.146764755249023,1.1555386694958851,2026-01-02,Validation,false,historical_final_outcome_purge,adverse_first,,-3.8305586040750184,1.5772933964317337,-0.5858439588458886,-3.2722155948818665,10.90582167476828,-10.545283503476321,TSX_above_MA50
trend_rs|BIR.TO|2025-12-01,trend_rs,BIR.TO,Energy,2025-12-01,2025-11-28,6,100,2025-12-02,7.4673848152160645,0.2449359623941571,2026-01-02,Validation,false,historical_final_outcome_purge,success,3,-1.0526274787214351,-5.007541071685939,-1.9688330466944959,-4.655204682730474,7.763157880541183,-6.460828868008228,TSX_above_MA50
early_watch|MG.TO|2022-02-18,early_watch,MG.TO,Consumer,2022-02-18,,1,62.1,2022-02-22,80.48945617675781,2.3916153021178324,2022-03-22,Development,true,,adverse_first,,-8.817010261884594,-22.90340471021849,-15.145365166009883,-20.72509888157694,2.4730856186378603,-26.246282002162292,TSX_not_above_MA50
early_watch|KEL.TO|2022-02-22,early_watch,KEL.TO,Energy,2022-02-22,2022-02-18,1,79,2022-02-23,5.460000038146973,0.2114285741533552,2022-03-23,Development,true,,success,4,7.142854647633934,3.8461545179447,27.106227266177306,21.379325073075517,30.95238178412203,-6.593408992659677,TSX_not_above_MA50
early_watch|IGM.TO|2022-02-22,early_watch,IGM.TO,Financials,2022-02-22,2022-02-18,2,59.7,2022-02-23,35.19292068481445,0.6497669886707814,2022-03-23,Development,true,,adverse_first,,-0.1785464011984872,0.6919756985253933,1.0491226978630142,-4.677779495238776,3.3258856513244117,-2.723197540398914,TSX_not_above_MA50
early_watch|GRT-UN.TO|2022-02-22,early_watch,GRT-UN.TO,Real Estate,2022-02-22,2022-02-18,3,58.6,2022-02-23,77.2407455444336,1.4791956575597223,2022-03-23,Development,true,,adverse_first,,0.28376846176632053,-2.3288689689818343,4.261436005317609,-1.4654661877841813,5.189232241887787,-4.003126237229537,TSX_not_above_MA50
early_watch|TRI.TO|2022-02-24,early_watch,TRI.TO,Industrials,2022-02-24,2022-02-23,1,60.4,2022-02-25,117.2591323852539,2.801479842566747,2022-03-25,Development,true,,success,5,5.2242350037467356,2.756160313204381,2.7950948472967863,-1.4686234822066657,6.711324432896748,-1.4169871112911459,TSX_not_above_MA50
early_watch|ONEX.TO|2022-02-25,early_watch,ONEX.TO,Financials,2022-02-25,2022-02-24,1,62.4,2022-02-28,83.30789947509766,1.7714684342206428,2022-03-28,Development,true,,adverse_first,,-2.9722786181170635,-3.8651261940633175,-2.067644607962771,-6.097675161595639,2.032409400470625,-6.085531849208225,TSX_above_MA50
early_watch|KXS.TO|2022-02-25,early_watch,KXS.TO,Technology,2022-02-25,2022-02-24,2,60.6,2022-02-28,145.30999755859375,5.658572605678013,2022-03-28,Development,true,,success,7,1.0047531060472625,6.159243753777677,14.059602420908623,10.029571867275756,18.835589826605712,-3.1381168778528146,TSX_above_MA50
early_watch|MFI.TO|2022-03-03,early_watch,MFI.TO,Consumer,2022-03-03,2022-03-02,1,61.8,2022-03-04,20.674217224121094,0.6398461940011215,2022-04-01,Development,true,,success,3,4.3352562226664615,7.9840992600590965,9.17629495193577,6.603688144634922,12.174839986973574,-1.0115738822710885,TSX_above_MA50
early_watch|DSG.TO|2022-03-04,early_watch,DSG.TO,Technology,2022-03-04,2022-03-03,1,62.7,2022-03-07,89.94999694824219,2.8221419198172435,2022-04-04,Development,true,,success,7,1.8454738392760017,7.059484512455794,3.6909391967345773,0.024094768229709906,10.617013202627401,-1.1895494509465143,TSX_above_MA50
early_watch|EFN.TO|2022-03-08,early_watch,EFN.TO,Industrials,2022-03-08,2022-03-07,1,66.7,2022-03-09,11.251822471618652,0.3927028339958008,2022-04-06,Development,true,,neither,,3.333335876052934,-2.2764290486728234,-1.810221410699142,-3.1846114566784434,3.821144176158997,-3.2830873364526614,TSX_above_MA50
early_watch|BN.TO|2022-03-08,early_watch,BN.TO,Financials,2022-03-08,2022-03-07,2,58.9,2022-03-09,36.13652038574219,1.069665374412505,2022-04-06,Development,true,,adverse_first,,-0.3166799184036395,0.3599609499531864,3.527235169701748,2.1528451237224466,5.686742938565792,-4.304618341793887,TSX_above_MA50
early_watch|GRT-UN.TO|2022-03-09,early_watch,GRT-UN.TO,Real Estate,2022-03-09,2022-03-08,1,60.9,2022-03-10,74.99710845947266,1.653631430725633,2022-04-07,Development,true,,success,1,6.556812035294746,6.095531230299511,3.8356886521402123,2.662466982666567,8.336106398029465,0.7907493275870037,TSX_above_MA50
early_watch|GIB-A.TO|2022-03-10,early_watch,GIB-A.TO,Technology,2022-03-10,2022-03-09,1,59.1,2022-03-11,101.65374755859375,2.4330474447781825,2022-04-08,Development,true,,adverse_first,,1.2846781287245035,-2.4136292813848104,-0.6423240538098285,-2.564807696167859,2.40390110112525,-3.873484992914422,TSX_above_MA50
early_watch|RUS.TO|2022-03-15,early_watch,RUS.TO,Industrials,2022-03-15,2022-03-14,1,64.4,2022-03-16,26.840789794921875,0.7724182166872434,2022-04-13,Development,true,,success,3,3.687640630844813,3.718609262562822,0.4648137220458093,-1.254887450422304,6.290675935071555,-5.206089446756357,TSX_above_MA50
early_watch|SJ.TO|2022-03-15,early_watch,SJ.TO,Materials,2022-03-15,2022-03-14,2,62.1,2022-03-16,35.92798614501953,0.8153434940628951,2022-04-13,Development,true,,adverse_first,,0.36043636721931893,-1.8022667770616119,-0.4225282126106289,-2.142229385078742,1.4932889224853918,-6.194764930928665,TSX_above_MA50
early_watch|AIF.TO|2022-03-15,early_watch,AIF.TO,Real Estate,2022-03-15,2022-03-14,3,59.1,2022-03-16,45.788333892822266,1.4732236063667667,2022-04-13,Development,true,,neither,,-0.041380849023053834,3.5158725589818696,4.947839885523253,3.2281387130551398,5.715697977154122,-2.2553236694504264,TSX_above_MA50
early_watch|IVN.TO|2022-03-15,early_watch,IVN.TO,Materials,2022-03-15,2022-03-14,4,58.5,2022-03-16,10.609999656677246,0.708571365901402,2022-04-13,Development,true,,success,6,10.650331300715642,11.592841995395942,13.006599048968258,11.286897876500145,15.362866797220875,0.3770024801824867,TSX_above_MA50
early_watch|ONEX.TO|2022-03-16,early_watch,ONEX.TO,Financials,2022-03-16,2022-03-15,1,69.9,2022-03-17,83.78748321533203,2.2279683535975425,2022-04-14,Development,true,,adverse_first,,-2.406286249021483,-2.1375967441111254,-5.689701501330379,-6.077828949666919,1.448395146221615,-5.748181198413926,TSX_above_MA50
early_watch|ARE.TO|2022-03-16,early_watch,ARE.TO,Industrials,2022-03-16,2022-03-15,2,66.7,2022-03-17,13.042555809020996,0.42324921796953685,2022-04-14,Development,true,,success,8,4.023819344549051,6.663692624314033,1.8867790704535814,1.498651622117042,8.42362492015376,-0.9944140963489279,TSX_above_MA50
early_watch|STN.TO|2022-03-16,early_watch,STN.TO,Industrials,2022-03-16,2022-03-15,3,60.4,2022-03-17,60.91847229003906,1.4893500960426505,2022-04-14,Development,true,,adverse_first,,-0.4576186023630635,-0.7603661299489306,0.8538010040695321,0.46567355573299274,2.1198133128322194,-3.4031750085543377,TSX_above_MA50
early_watch|CCL-B.TO|2022-03-17,early_watch,CCL-B.TO,Materials,2022-03-17,2022-03-16,2,60.6,2022-03-18,54.65827560424805,1.5197401270298738,2022-04-18,Development,true,,adverse_first,,-4.658271974162531,-3.859233090451031,-4.4202611342459175,-4.694800587576808,1.7000968971807806,-5.729350251792676,TSX_above_MA50
early_watch|ARE.TO|2022-03-18,early_watch,ARE.TO,Industrials,2022-03-18,2022-03-17,2,59.3,2022-03-21,13.285735130310059,0.4168801831798788,2022-04-19,Development,true,,success,11,2.798536483435665,5.266682760151875,1.132530568469714,1.0884525641570386,6.439061532341617,-1.0270975019674333,TSX_above_MA50
early_watch|BYD.TO|2022-03-18,early_watch,BYD.TO,Industrials,2022-03-18,2022-03-17,3,59.3,2022-03-21,145.7960968017578,5.867085708991344,2022-04-19,Development,true,,success,2,10.869697860562134,13.050831652431905,15.340412498601497,15.296334494288821,18.551279692995593,-0.8460755834804323,TSX_above_MA50
early_watch|ONEX.TO|2022-03-23,early_watch,ONEX.TO,Financials,2022-03-23,2022-03-22,1,64.7,2022-03-24,81.77131652832031,2.167845185852547,2022-04-22,Development,true,,adverse_first,,0.27531435641023894,-1.375088286637438,-7.846207243376291,-4.420628739422705,1.7474927084144998,-8.19373238952007,TSX_above_MA50
early_watch|GIL.TO|2022-03-24,early_watch,GIL.TO,Consumer,2022-03-24,2022-03-23,2,63.2,2022-03-25,43.67546844482422,1.2504381705881085,2022-04-25,Development,true,,adverse_first,,-4.11190695085849,-6.887919937547071,-5.343357501994451,-0.8263871333406563,4.1953523055155095,-8.829045254731128,TSX_above_MA50
early_watch|OR.TO|2022-03-29,early_watch,OR.TO,Materials,2022-03-29,2022-03-28,1,69.3,2022-03-30,15.671051025390625,0.5455487746539378,2022-04-28,Development,true,,success,8,2.01093724744843,6.5203944818883475,-2.7422292014356087,1.5832844361119536,9.689198659197217,-4.875077371800973,TSX_above_MA50
early_watch|EDR.TO|2022-03-29,early_watch,EDR.TO,Materials,2022-03-29,2022-03-28,2,62.7,2022-03-30,5.880000114440918,0.4242855821337019,2022-04-28,Development,true,,success,9,-3.4013653437030777,18.367345283780544,-15.136059966001836,-10.810546328454274,23.639453051571223,-18.877552923652374,TSX_above_MA50
early_watch|OTEX.TO|2022-04-01,early_watch,OTEX.TO,Technology,2022-04-01,2022-03-31,1,70.2,2022-04-04,46.53364562988281,0.9025250923189816,2022-05-03,Development,true,,adverse_first,,-1.7966365744816803,-1.6299359692605209,-4.7786632406761615,0.5655377273789739,0.35190714550221713,-7.27914781029998,TSX_above_MA50
early_watch|GIL.TO|2022-04-12,early_watch,GIL.TO,Consumer,2022-04-12,2022-04-11,1,64.1,2022-04-13,40.658023834228516,1.2717016829549956,2022-05-12,Development,true,,adverse_first,,1.8609890904300874,-0.7399052209005608,-13.273549324246925,-3.479152444381551,5.582957749527995,-14.798213555400853,TSX_above_MA50
early_watch|PXT.TO|2022-04-12,early_watch,PXT.TO,Energy,2022-04-12,2022-04-11,2,62.4,2022-04-13,18.52149772644043,0.6571106765897419,2022-05-12,Development,true,,adverse_first,,-1.04936883914164,-2.020977284717451,-6.140681949692295,3.653714930173079,5.36338443160258,-10.182648817194394,TSX_above_MA50
early_watch|TVE.TO|2022-04-12,early_watch,TVE.TO,Energy,2022-04-12,2022-04-11,3,62,2022-04-13,4.400107383728027,0.17562327800600933,2022-05-12,Development,true,,success,5,0.7873798155855649,0.5589045323783015,-14.820723357319821,-5.026326477454447,8.464550442394469,-15.806598336383493,TSX_above_MA50
early_watch|ATZ.TO|2022-04-12,early_watch,ATZ.TO,Consumer,2022-04-12,2022-04-11,4,60.9,2022-04-13,45.97999954223633,2.0617847442626953,2022-05-12,Development,true,,adverse_first,,1.1309274966086358,-2.80556965717752,-19.399735227816993,-9.60533834795162,5.067424650394781,-22.48803883325351,TSX_above_MA50
early_watch|ATH.TO|2022-04-12,early_watch,ATH.TO,Energy,2022-04-12,2022-04-11,5,60.8,2022-04-13,2.0899999141693115,0.09785714319774083,2022-05-12,Development,true,,success,2,25.35885134715059,21.05263518134357,10.047849127804342,19.842246007669715,36.84210586355727,0,TSX_above_MA50
early_watch|HBM.TO|2022-04-12,early_watch,HBM.TO,Materials,2022-04-12,2022-04-11,6,58.9,2022-04-13,9.581693649291992,0.3538816464798824,2022-05-12,Development,true,,adverse_first,,-9.927617169234527,-17.37333253443221,-31.95450563314872,-22.160108753283346,1.0341241153701164,-32.98863071312722,TSX_above_MA50
early_watch|ATS.TO|2022-04-13,early_watch,ATS.TO,Industrials,2022-04-13,2022-04-12,2,59.5,2022-04-14,41.439998626708984,1.1435713086809431,2022-05-13,Development,true,,adverse_first,,-4.65733679810465,-9.53184623345119,-18.967174363245164,-10.933121460496508,2.7027094201208968,-24.444979479892147,TSX_above_MA50
early_watch|WSP.TO|2022-04-13,early_watch,WSP.TO,Industrials,2022-04-13,2022-04-12,3,58.9,2022-04-14,155.6942901611328,3.251893174025355,2022-05-13,Development,true,,adverse_first,,-2.9790423577761627,-6.822565528709967,-16.537096143010967,-8.503043240262311,3.4890009795170096,-18.744943061774343,TSX_above_MA50
early_watch|PXT.TO|2022-04-14,early_watch,PXT.TO,Energy,2022-04-14,2022-04-13,1,60.8,2022-04-18,19.09737205505371,0.6596813916629394,2022-05-16,Development,true,,adverse_first,,-7.689400563674109,-6.407835467643874,-2.751624141088116,4.890616471330966,2.186189784346615,-12.891058469638384,TSX_above_MA50
early_watch|NFI.TO|2022-04-18,early_watch,NFI.TO,Industrials,2022-04-18,2022-04-14,1,68.2,2022-04-19,15.474879264831543,0.5758423325611987,2022-05-17,Development,true,,adverse_first,,-11.153848927072584,-29.67948219795081,-13.461543083582516,-6.522923689964177,1.7948683296686196,-33.39743443156754,TSX_above_MA50
early_watch|HBM.TO|2022-04-18,early_watch,HBM.TO,Materials,2022-04-18,2022-04-14,2,59.6,2022-04-19,9.333975791931152,0.37511437425030814,2022-05-17,Development,true,,adverse_first,,-18.683656295048433,-13.269624781210664,-21.76220139745221,-14.82358200383387,0.7431009880176642,-31.210191044051793,TSX_above_MA50
early_watch|BB.TO|2022-04-19,early_watch,BB.TO,Technology,2022-04-19,2022-04-18,1,68.2,2022-04-20,8.010000228881836,0.4178572382245745,2022-05-18,Development,true,,adverse_first,,-10.362052145148038,-2.496882401840006,-5.243446495538684,3.3799077771130666,2.1223479580059434,-23.47066243097172,TSX_above_MA50
early_watch|TOI.V|2022-04-22,early_watch,TOI.V,Technology,2022-04-22,2022-04-21,1,73.5,2022-04-25,85.41757202148438,5.640282241226011,2022-05-24,Development,true,,adverse_first,,-9.863358322350102,-13.20472975169733,-17.740266663046278,-14.286503993398414,-0.505219806927637,-24.790449222636568,TSX_not_above_MA50
early_watch|X.TO|2022-04-25,early_watch,X.TO,Financials,2022-04-25,2022-04-22,2,70.3,2022-04-26,23.509187698364258,0.46354577362229826,2022-05-25,Development,true,,success,6,2.534873598291676,2.1627695561711624,6.756271609014908,8.240022785422752,9.111658682945079,-1.449605130134124,TSX_not_above_MA50
early_watch|ENGH.TO|2022-04-25,early_watch,ENGH.TO,Technology,2022-04-25,2022-04-22,3,68.7,2022-04-26,29.254179000854492,0.8841707935020909,2022-05-25,Development,true,,adverse_first,,1.2024033723626593,-7.414842529298071,-5.590445450612758,-4.106694274204914,5.697075509061511,-10.105954202257106,TSX_not_above_MA50
early_watch|DCBO.TO|2022-04-25,early_watch,DCBO.TO,Technology,2022-04-25,2022-04-22,4,66.2,2022-04-26,56.08000183105469,2.6985710688999722,2022-05-25,Development,true,,adverse_first,,2.0149736385925543,-15.656209535164734,-23.89443845998337,-22.410687283575527,7.507130789966099,-33.006422132426586,TSX_not_above_MA50
early_watch|STN.TO|2022-04-25,early_watch,STN.TO,Industrials,2022-04-25,2022-04-22,5,65.6,2022-04-26,57.264286041259766,1.2849349890996653,2022-05-25,Development,true,,adverse_first,,-0.6397366710257701,-4.73064330926799,-4.7138228592779825,-3.230071682870139,1.8350171004494875,-10.572395726315264,TSX_not_above_MA50
early_watch|ATZ.TO|2022-04-25,early_watch,ATZ.TO,Consumer,2022-04-25,2022-04-22,6,65,2022-04-26,43.45000076293945,1.8203569139753069,2022-05-25,Development,true,,adverse_first,,6.144989924195077,-13.855006564000828,-18.365936483579638,-16.882185307171795,8.147297706256374,-18.826237425875693,TSX_not_above_MA50
early_watch|CCL-B.TO|2022-04-26,early_watch,CCL-B.TO,Materials,2022-04-26,2022-04-25,1,68.3,2022-04-27,52.186485290527344,1.1024842842064635,2022-05-26,Development,true,,adverse_first,,3.400988891093193,-3.6146745695695204,7.069068433363013,8.091040878596667,10.986455868878299,-4.985777184562689,TSX_not_above_MA50
early_watch|TOI.V|2022-04-27,early_watch,TOI.V,Technology,2022-04-27,2022-04-26,1,69.8,2022-04-28,79.20913696289062,5.863413328493707,2022-05-27,Development,true,,adverse_first,,-3.999508769902038,-16.07231677598945,-14.871230290596316,-13.107591053581125,1.894495785967698,-18.89550288575087,TSX_not_above_MA50
early_watch|CAR-UN.TO|2022-04-27,early_watch,CAR-UN.TO,Real Estate,2022-04-27,2022-04-26,2,63.5,2022-04-28,43.29433059692383,0.7601087712649327,2022-05-27,Development,true,,adverse_first,,-8.196681589402177,-7.791671575171399,-5.747334054138264,-3.983694817123073,-0.1349900420524408,-11.533239806166906,TSX_not_above_MA50
early_watch|IMG.TO|2022-04-27,early_watch,IMG.TO,Materials,2022-04-27,2022-04-26,3,58.5,2022-04-28,3.700000047683716,0.18142851761409215,2022-05-27,Development,true,,adverse_first,,-28.108106714865876,-27.837836705828533,-22.432436525081478,-20.668797288066287,2.4324300813361788,-31.89189328513412,TSX_not_above_MA50
early_watch|OTEX.TO|2022-04-28,early_watch,OTEX.TO,Technology,2022-04-28,2022-04-27,1,72.1,2022-04-29,44.34443664550781,1.0558203795427572,2022-05-30,Development,true,,adverse_first,,-4.062211711204866,-7.1137244133747775,-1.0690148536366073,-1.827132523538355,1.885317050271751,-10.9815403025196,TSX_not_above_MA50
early_watch|SII.TO|2022-04-28,early_watch,SII.TO,Financials,2022-04-28,2022-04-27,2,71.7,2022-04-29,53.168087005615234,2.5844511292048993,2022-05-30,Development,true,,adverse_first,,-1.2677419042388283,-22.2333463316567,-19.356263715054745,-20.11438138495649,0.287360582004359,-25.076401974542605,TSX_not_above_MA50
early_watch|ENGH.TO|2022-04-28,early_watch,ENGH.TO,Technology,2022-04-28,2022-04-27,3,61.7,2022-04-29,30.25918197631836,0.9990290216530633,2022-05-30,Development,true,,adverse_first,,-8.912254926494489,-9.825613447259629,-4.662068063048341,-5.420185732950089,0.22142418397939068,-13.091619299678515,TSX_not_above_MA50
early_watch|HWX.TO|2022-04-29,early_watch,HWX.TO,Energy,2022-04-29,2022-04-28,1,74,2022-05-02,5.22327184677124,0.24795831628885537,2022-05-31,Development,true,,success,9,0.9273694209281702,10.355463919784524,13.137563053479573,12.958260882126126,18.083462616491765,-4.636806477332989,TSX_not_above_MA50
early_watch|MG.TO|2022-04-29,early_watch,MG.TO,Consumer,2022-04-29,2022-04-28,3,67.8,2022-05-02,66.17525482177734,2.1721161829013056,2022-05-31,Development,true,,adverse_first,,-4.168262002371992,-0.7682514186814537,5.792195577377779,5.612893406024333,7.841527933530301,-7.302959620280558,TSX_not_above_MA50
early_watch|PXT.TO|2022-04-29,early_watch,PXT.TO,Energy,2022-04-29,2022-04-28,4,67.4,2022-05-02,17.87364387512207,0.7285808127181385,2022-05-31,Development,true,,adverse_first,,-5.799452071868583,3.906535707155001,12.807075749202035,12.62777357784859,16.713637160273542,-6.92710018449586,TSX_not_above_MA50
early_watch|FVI.TO|2022-04-29,early_watch,FVI.TO,Materials,2022-04-29,2022-04-28,5,66.3,2022-05-02,4.389999866485596,0.242142847606114,2022-05-31,Development,true,,adverse_first,,-11.84510243146769,-9.79498499809428,-5.011384894819382,-5.190687066172828,7.517082773176376,-20.728926539594806,TSX_not_above_MA50
early_watch|PAAS.TO|2022-04-29,early_watch,PAAS.TO,Materials,2022-04-29,2022-04-28,6,66.1,2022-05-02,28.662845611572266,1.1848933352361588,2022-05-31,Development,true,,adverse_first,,-7.540572384679745,-11.10403227770581,-11.011815204384789,-11.191117375738234,6.20426876655038,-14.34934254285003,TSX_not_above_MA50
early_watch|SJ.TO|2022-05-02,early_watch,SJ.TO,Materials,2022-05-02,2022-04-29,3,65.1,2022-05-03,33.2745361328125,0.7944668410975707,2022-06-01,Development,true,,adverse_first,,-3.9966203202670747,1.1459040299356182,0.6979474292422516,1.6144688632311222,2.187480169417211,-5.170470360681323,TSX_not_above_MA50
early_watch|CCL-B.TO|2022-05-02,early_watch,CCL-B.TO,Materials,2022-05-02,2022-04-29,4,64,2022-05-03,53.24582290649414,1.0454024920739988,2022-06-01,Development,true,,adverse_first,,-5.4101379180349625,7.958125738416766,6.980784525199146,7.897305959188017,8.778355380484836,-6.876106505925616,TSX_not_above_MA50
early_watch|BN.TO|2022-05-02,early_watch,BN.TO,Financials,2022-05-02,2022-04-29,5,63.6,2022-05-03,33.722564697265625,0.929391587571258,2022-06-01,Development,true,,adverse_first,,-5.2761271052767285,-3.270571328508687,-2.1071545246651446,-1.190633090676274,2.0364327933874993,-11.447067346942541,TSX_not_above_MA50
early_watch|IAG.TO|2022-05-02,early_watch,IAG.TO,Financials,2022-05-02,2022-04-29,6,63.5,2022-05-03,58.08023452758789,1.3834808452289589,2022-06-01,Development,true,,adverse_first,,-1.0477304843194424,-1.7661885068916194,-0.4079765470626828,0.5085448869261877,1.5716354777657093,-12.138887065994442,TSX_not_above_MA50
early_watch|DCBO.TO|2022-05-03,early_watch,DCBO.TO,Technology,2022-05-03,2022-05-02,3,63.9,2022-05-04,60.209999084472656,2.701428549630301,2022-06-02,Development,true,,adverse_first,,-26.19166367307011,-30.210926595745356,-27.66982245596562,-26.946672969300522,-0.24912425421431683,-37.60172684587698,TSX_not_above_MA50
early_watch|RBA.TO|2022-05-03,early_watch,RBA.TO,Industrials,2022-05-03,2022-05-02,5,63.5,2022-05-04,63.31276321411133,1.7231388570709616,2022-06-02,Development,true,,adverse_first,,9.761035402593276,13.352623093932102,12.596163862987542,13.319313349652639,17.349718997758146,-4.634336878756384,TSX_not_above_MA50
early_watch|CNR.TO|2022-05-03,early_watch,CNR.TO,Industrials,2022-05-03,2022-05-02,6,59.5,2022-05-04,141.71939086914062,3.0429984909684964,2022-06-02,Development,true,,adverse_first,,-7.455994053224247,-7.084826613027396,-4.8512003266247605,-4.128050839959663,0.28798472626740956,-10.630404045623065,TSX_not_above_MA50
early_watch|ENGH.TO|2022-05-04,early_watch,ENGH.TO,Technology,2022-05-04,2022-05-03,1,68.6,2022-05-05,27.863916397094727,1.0654316111191044,2022-06-03,Development,true,,adverse_first,,-5.079686327005994,2.1429602613288967,1.931367415769647,1.474761838092431,4.742631617157089,-5.62071499926049,TSX_not_above_MA50
early_watch|BYD.TO|2022-05-04,early_watch,BYD.TO,Industrials,2022-05-04,2022-05-03,2,65.4,2022-05-05,148.1526641845703,5.220264352623902,2022-06-03,Development,true,,adverse_first,,-12.785790743813196,-1.4932127675505669,-6.786192213203524,-7.24279779088074,0.8066243876324153,-13.479089228504881,TSX_not_above_MA50
early_watch|CG.TO|2022-05-04,early_watch,CG.TO,Materials,2022-05-04,2022-05-03,4,63.5,2022-05-05,9.855016708374023,0.4154749743178271,2022-06-03,Development,true,,adverse_first,,-11.377745933851212,-3.2599445660203785,-7.8240159849285895,-8.280621562605806,0.8888976050377861,-12.656522468510179,TSX_not_above_MA50
early_watch|WSP.TO|2022-05-04,early_watch,WSP.TO,Industrials,2022-05-04,2022-05-03,5,62.9,2022-05-05,137.65469360351562,3.799225628975837,2022-06-03,Development,true,,adverse_first,,-5.550063638010238,0.4009715631982713,3.1724784061964995,2.7158728285192835,6.914755665876138,-8.09649797748434,TSX_not_above_MA50
early_watch|REI-UN.TO|2022-05-04,early_watch,REI-UN.TO,Real Estate,2022-05-04,2022-05-03,6,62.6,2022-05-05,17.958282470703125,0.34508236681380616,2022-06-03,Development,true,,adverse_first,,-8.542945788732226,-3.946252657373439,-1.844909653551574,-2.30151523122879,-0.04337550966795334,-10.472705416804363,TSX_not_above_MA50
early_watch|CIGI.TO|2022-05-05,early_watch,CIGI.TO,Real Estate,2022-05-05,2022-05-04,1,60.6,2022-05-06,139.49986267089844,5.038952154951294,2022-06-06,Development,true,,adverse_first,,2.2522541738298374,2.0539444117938954,4.787851760554251,3.887371366773329,9.179092752531348,-3.8104852086400687,TSX_not_above_MA50
early_watch|EFN.TO|2022-05-06,early_watch,EFN.TO,Industrials,2022-05-06,2022-05-05,1,70.6,2022-05-09,10.127460479736328,0.2919864703874791,2022-06-07,Development,true,,success,1,22.63636630728707,24.81817260692023,28.818196337047652,24.175626517149972,30.272733250326777,8.090908939947417,TSX_not_above_MA50
early_watch|BBD-B.TO|2022-05-06,early_watch,BBD-B.TO,Industrials,2022-05-06,2022-05-05,2,70.3,2022-05-09,28.75,1.7857142857142858,2022-06-07,Development,true,,adverse_first,,0.8695652173912993,-1.7391304347826098,5.217391304347818,0.5748214844501387,10.43478260869566,-8.695652173913048,TSX_not_above_MA50
early_watch|AIF.TO|2022-05-06,early_watch,AIF.TO,Real Estate,2022-05-06,2022-05-05,3,70.1,2022-05-09,42.71349334716797,2.053883576822167,2022-06-07,Development,true,,adverse_first,,0.7564021567754375,-2.6028915023069366,8.854250114717344,4.211680294819664,9.343710873716947,-4.872080584593618,TSX_not_above_MA50
early_watch|MG.TO|2022-05-06,early_watch,MG.TO,Consumer,2022-05-06,2022-05-05,4,68,2022-05-09,63.41689682006836,2.583695551434168,2022-06-07,Development,true,,success,6,3.547896192568989,4.099315949565341,11.765512282308155,7.122942462410475,13.406376853085945,-3.2710432716832827,TSX_not_above_MA50
early_watch|STN.TO|2022-05-06,early_watch,STN.TO,Industrials,2022-05-06,2022-05-05,5,66.9,2022-05-09,54.6227912902832,1.2952631932677987,2022-06-07,Development,true,,adverse_first,,-2.1178938220496213,-0.9530459345834519,4.094590997984016,-0.5479788219136639,7.147923732065986,-6.247780639803402,TSX_not_above_MA50
early_watch|CNR.TO|2022-05-06,early_watch,CNR.TO,Industrials,2022-05-06,2022-05-05,6,65.8,2022-05-09,130.88975524902344,3.2801169059787014,2022-06-07,Development,true,,adverse_first,,0.27024975894704983,-2.085791416661542,1.205748525499728,-3.4368212943979515,3.7280816555389062,-3.236088441153928,TSX_not_above_MA50
early_watch|MFI.TO|2022-05-09,early_watch,MFI.TO,Consumer,2022-05-09,2022-05-06,1,70.2,2022-05-10,20.06922721862793,0.5254980877658938,2022-06-08,Development,true,,success,5,4.503160266696948,0.40937820606334885,4.13800346035067,-0.39842822662141675,5.247486749391439,-2.1213257221571746,TSX_not_above_MA50
early_watch|FFH.TO|2022-05-09,early_watch,FFH.TO,Financials,2022-05-09,2022-05-06,2,65.6,2022-05-10,631.052490234375,20.344780426775458,2022-06-08,Development,true,,neither,,4.802332180822355,3.4117555345867467,3.7669293184632746,-0.769502368508812,6.438230500350994,-1.7261755231991471,TSX_not_above_MA50
early_watch|CSH-UN.TO|2022-05-09,early_watch,CSH-UN.TO,Health Care,2022-05-09,2022-05-06,3,63.6,2022-05-10,9.571440696716309,0.23395901055553406,2022-06-08,Development,true,,success,7,2.813314318514948,4.774070499302385,0.41000826692245695,-4.12642342004963,7.8431296523366,-1.108298728979773,TSX_not_above_MA50
early_watch|TRI.TO|2022-05-09,early_watch,TRI.TO,Industrials,2022-05-09,2022-05-06,4,60.7,2022-05-10,111.40713500976562,2.751238383275822,2022-06-08,Development,true,,neither,,1.5816077898662462,0.5864464611053277,2.414103587119776,-2.122328099852311,4.925064220740039,-2.2945172516006695,TSX_not_above_MA50
early_watch|HWX.TO|2022-05-10,early_watch,HWX.TO,Energy,2022-05-10,2022-05-09,1,73.1,2022-05-11,5.231344223022461,0.3061994913871758,2022-06-09,Development,true,,success,2,9.25926567352029,9.25926567352029,20.370380835743653,16.707586096744812,26.234560775491754,-4.320993247148685,TSX_not_above_MA50
early_watch|MFC.TO|2022-05-10,early_watch,MFC.TO,Financials,2022-05-10,2022-05-09,2,71.8,2022-05-11,19.731464385986328,0.44047057208553425,2022-06-09,Development,true,,adverse_first,,-6.652991743813663,-3.675216071192089,-2.841612880462674,-6.504407619461516,-0.9659463727064721,-10.677635355977277,TSX_not_above_MA50
early_watch|CJT.TO|2022-05-10,early_watch,CJT.TO,Industrials,2022-05-10,2022-05-09,4,70.1,2022-05-11,138.4394073486328,5.086299966549126,2022-06-09,Development,true,,adverse_first,,0.38125091964797964,2.5255365922075557,2.4574867749798335,-1.205307964019009,5.2757185644697335,-4.336267328593846,TSX_not_above_MA50
early_watch|BIP-UN.TO|2022-05-10,early_watch,BIP-UN.TO,Utilities,2022-05-10,2022-05-09,5,66.2,2022-05-11,43.56504821777344,1.2307572836592011,2022-06-09,Development,true,,neither,,2.5892628540226115,1.2423298970011043,3.206443674588333,-0.45635106441050954,4.930048974435741,-1.3207753047810744,TSX_not_above_MA50
early_watch|CRR-UN.TO|2022-05-10,early_watch,CRR-UN.TO,Real Estate,2022-05-10,2022-05-09,6,65.3,2022-05-11,12.52547836303711,0.31074086823552854,2022-06-09,Development,true,,success,4,4.788191122891305,4.542658868840022,4.498818174259678,0.8360234352608353,7.211449746745635,-1.0436032929146632,TSX_not_above_MA50
early_watch|IFC.TO|2022-05-11,early_watch,IFC.TO,Financials,2022-05-11,2022-05-10,1,71.1,2022-05-12,160.32247924804688,3.360729298958406,2022-06-10,Development,true,,success,13,-0.06248278511232774,2.3802562393795856,2.86881165832642,-0.05366288767272298,6.510267120761992,-0.7498608156396358,TSX_not_above_MA50
early_watch|BEP-UN.TO|2022-05-11,early_watch,BEP-UN.TO,Utilities,2022-05-11,2022-05-10,3,65.2,2022-05-12,37.288543701171875,1.0952297665675574,2022-06-10,Development,true,,success,7,2.789748263114511,5.919702243526537,5.348764313090326,2.426289767091183,7.938299280764993,-2.3361046029827026,TSX_not_above_MA50
early_watch|CSH-UN.TO|2022-05-11,early_watch,CSH-UN.TO,Health Care,2022-05-11,2022-05-10,4,63.4,2022-05-12,9.604081153869629,0.25939732506452423,2022-06-10,Development,true,,success,5,6.5420373286263045,6.117226872774029,-2.831794978833946,-5.754269524833089,7.476613689351552,-3.343659149065459,TSX_not_above_MA50
early_watch|TSU.TO|2022-05-11,early_watch,TSU.TO,Financials,2022-05-11,2022-05-10,5,59.4,2022-05-12,31.719999313354492,1.8928570066179549,2022-06-10,Development,true,,success,14,5.863816387023424,6.9356838058461046,7.503150101786393,4.58067555578725,16.141238808532442,1.0088323111600017,TSX_not_above_MA50
early_watch|DSG.TO|2022-05-11,early_watch,DSG.TO,Technology,2022-05-11,2022-05-10,6,58.9,2022-05-12,74.44999694824219,2.5107149396623885,2022-06-10,Development,true,,success,14,3.4788503337155774,3.3579584989613886,5.533919295451772,2.6114447494526294,8.448624813107998,0,TSX_not_above_MA50
early_watch|MG.TO|2022-05-12,early_watch,MG.TO,Consumer,2022-05-12,2022-05-11,1,81,2022-05-13,66.7756576538086,2.7452398997832312,2022-06-13,Development,true,,adverse_first,,0.7280615793188172,5.671209296538482,-4.981485689841858,-3.2043478178674585,7.702129073973207,-5.045354700837756,TSX_not_above_MA50
early_watch|DOL.TO|2022-05-12,early_watch,DOL.TO,Consumer,2022-05-12,2022-05-11,2,76,2022-05-13,70.60338592529297,1.7266839609507767,2022-06-13,Development,true,,adverse_first,,-4.395293040607717,1.1617951644709468,0.447919074376224,2.225056946350623,4.829222566597591,-9.308511856624191,TSX_not_above_MA50
early_watch|CLS.TO|2022-05-12,early_watch,CLS.TO,Technology,2022-05-12,2022-05-11,4,71.9,2022-05-13,13.699999809265137,0.5421427999223981,2022-06-13,Development,true,,adverse_first,,-4.014599988263545,3.4306589311844604,-3.4306589311844604,-1.6535210592100613,7.007299646075449,-5.474452630961235,TSX_not_above_MA50
early_watch|PBH.TO|2022-05-12,early_watch,PBH.TO,Consumer,2022-05-12,2022-05-11,5,65.1,2022-05-13,88.28973388671875,2.937074078458486,2022-06-13,Development,true,,adverse_first,,-1.9999720021375178,-0.4465831892538019,-7.689293202602898,-5.912155330628499,2.252454164182427,-10.79609461854557,TSX_not_above_MA50
early_watch|NWC.TO|2022-05-13,early_watch,NWC.TO,Consumer,2022-05-13,2022-05-12,1,77.4,2022-05-16,30.599218368530273,0.5687696237528564,2022-06-14,Development,true,,adverse_first,,-4.174781676244477,1.0297888716828352,-3.590301520251793,-0.33440052894885275,2.143032828597158,-5.816850761512693,TSX_not_above_MA50
early_watch|EMP-A.TO|2022-05-13,early_watch,EMP-A.TO,Consumer,2022-05-13,2022-05-12,2,71.1,2022-05-16,38.790199279785156,0.7428998794136525,2022-06-14,Development,true,,adverse_first,,-3.755643097223238,-1.4737105868270373,-5.467055601852677,-2.211154610549737,0.33278587099205836,-5.65721925686381,TSX_not_above_MA50
early_watch|CRR-UN.TO|2022-05-13,early_watch,CRR-UN.TO,Real Estate,2022-05-13,2022-05-12,3,68.3,2022-05-16,12.971442222595215,0.34006216376724563,2022-06-14,Development,true,,adverse_first,,0.7113310600128209,3.2278176086345534,-6.237696708380803,-2.9817957170778624,3.5254731916796844,-7.19020173820094,TSX_not_above_MA50
early_watch|QSR.TO|2022-05-13,early_watch,QSR.TO,Consumer,2022-05-13,2022-05-12,5,64.7,2022-05-16,56.86574172973633,1.6644378203587173,2022-06-14,Development,true,,adverse_first,,-3.2331024330628844,-0.12030579164317157,-6.736842585432779,-3.4809415941298387,1.5187963172075714,-6.827070213311314,TSX_not_above_MA50
early_watch|RCI-B.TO|2022-05-13,early_watch,RCI-B.TO,Communication,2022-05-13,2022-05-12,6,64.1,2022-05-16,54.979209899902344,1.3170636661453483,2022-06-14,Development,true,,adverse_first,,0.1994453414300157,-0.4755950923054808,-8.151690862149241,-4.895789870846301,2.362682932004856,-8.847629734206809,TSX_not_above_MA50
early_watch|RUS.TO|2022-05-16,early_watch,RUS.TO,Industrials,2022-05-16,2022-05-13,2,61.6,2022-05-17,26.699390411376953,0.9048318721067053,2022-06-15,Development,true,,adverse_first,,-2.336441120517896,0.6593719036131152,-8.769560592563174,-4.477918453941342,2.0153570764575024,-10.598595956151613,TSX_not_above_MA50
early_watch|BEP-UN.TO|2022-05-17,early_watch,BEP-UN.TO,Utilities,2022-05-17,2022-05-16,1,64.4,2022-05-18,37.728328704833984,1.145066641755781,2022-06-16,Development,true,,success,5,6.119690543873735,1.8410546543036643,-2.470007092840376,2.988820451143903,6.680102934039711,-3.305137709988326,TSX_not_above_MA50
early_watch|FNV.TO|2022-05-17,early_watch,FNV.TO,Materials,2022-05-17,2022-05-16,2,61.7,2022-05-18,164.6226043701172,5.161543909792288,2022-06-16,Development,true,,success,3,4.668613208237105,7.622090395076997,5.266117617245514,10.724945161229794,9.872116465333725,0.7790834867980712,TSX_not_above_MA50
early_watch|NWC.TO|2022-05-19,early_watch,NWC.TO,Consumer,2022-05-19,2022-05-18,1,74.2,2022-05-20,29.006669998168945,0.669748717678789,2022-06-20,Development,true,,success,4,4.9911331970747375,5.549016169216303,1.1450074234692798,6.165405983748385,7.750974742826355,-2.2020121161956507,TSX_not_above_MA50
early_watch|ABX.TO|2022-05-19,early_watch,ABX.TO,Materials,2022-05-19,2022-05-18,2,64.1,2022-05-20,23.70600128173828,0.7713510458868509,2022-06-20,Development,true,,adverse_first,,0.42016218496887525,-2.4208666793469225,-2.989064406362918,2.031334153916187,2.8893188329511377,-6.246739714671323,TSX_not_above_MA50
early_watch|MFI.TO|2022-05-19,early_watch,MFI.TO,Consumer,2022-05-19,2022-05-18,3,62.5,2022-05-20,20.30823516845703,0.5815153815304457,2022-06-20,Development,true,,adverse_first,,2.684805365910292,1.9492430239071323,-3.533484907625961,1.486913652653144,4.060817949375939,-5.089411177530334,TSX_not_above_MA50
early_watch|BN.TO|2022-05-19,early_watch,BN.TO,Financials,2022-05-19,2022-05-18,4,62,2022-05-20,31.443872451782227,1.1627593063727741,2022-06-20,Development,true,,adverse_first,,8.139742181758747,5.800058171821609,-5.61625583955011,-0.5958572792710051,9.251503053593325,-7.690448369012016,TSX_not_above_MA50
early_watch|FSV.TO|2022-05-19,early_watch,FSV.TO,Real Estate,2022-05-19,2022-05-18,5,59.3,2022-05-20,150.79576110839844,4.888573955410877,2022-06-20,Development,true,,adverse_first,,3.179179141094246,1.8701143055067426,-3.0953849871354078,1.9250135731436973,4.720427482372314,-6.003762229821286,TSX_not_above_MA50
early_watch|CNR.TO|2022-05-20,early_watch,CNR.TO,Industrials,2022-05-20,2022-05-19,2,69.7,2022-05-24,128.15966796875,3.464752329463379,2022-06-21,Development,true,,success,7,1.783458934510862,3.3616570973555193,0.3834828419139624,5.4553961481237145,5.498954083661678,-2.3691815344190514,TSX_not_above_MA50
early_watch|T.TO|2022-05-20,early_watch,T.TO,Communication,2022-05-20,2022-05-19,4,62.8,2022-05-24,23.214746475219727,0.4473319341588568,2022-06-21,Development,true,,adverse_first,,0.924764031325398,1.56250654721104,-7.156090358454826,-2.0841770522450735,2.1364810602048534,-11.056821884213885,TSX_not_above_MA50
early_watch|BCE.TO|2022-05-20,early_watch,BCE.TO,Communication,2022-05-20,2022-05-19,5,62,2022-05-24,50.05908966064453,0.8936492071056686,2022-06-21,Development,true,,adverse_first,,0.8931095682363832,1.0395048576168353,-7.079775564308843,-2.007862258099091,1.669095957278377,-8.802173693351156,TSX_not_above_MA50
early_watch|WFG.TO|2022-05-24,early_watch,WFG.TO,Materials,2022-05-24,2022-05-20,3,60,2022-05-25,105.8647689819336,3.4567133467728857,2022-06-22,Development,true,,adverse_first,,-1.6285205716642492,0.9859247399107041,-12.63569293164043,-5.866588405662098,6.144379455316629,-13.908119471292279,TSX_not_above_MA50
early_watch|IGM.TO|2022-05-24,early_watch,IGM.TO,Financials,2022-05-24,2022-05-20,4,58.6,2022-05-25,29.53411865234375,1.0334843205706126,2022-06-22,Development,true,,adverse_first,,2.5855016253794716,2.127672628113597,-5.197952982824505,1.5711515431538263,6.382982126193504,-7.110147354340823,TSX_not_above_MA50
early_watch|MX.TO|2022-05-25,early_watch,MX.TO,Materials,2022-05-25,2022-05-24,1,71,2022-05-26,58.11298370361328,2.642220840326847,2022-06-23,Development,true,,adverse_first,,4.54329370479265,7.1098341404111975,-21.760683525043046,-12.920424427432831,8.799611764533587,-22.91219838641114,TSX_not_above_MA50
early_watch|FSV.TO|2022-05-25,early_watch,FSV.TO,Real Estate,2022-05-25,2022-05-24,2,68.4,2022-05-26,149.52188110351562,4.842729094750218,2022-06-23,Development,true,,adverse_first,,4.298889302306974,4.155794031798532,1.092593926808938,9.932853024419153,5.61261301192848,-5.202943467069465,TSX_not_above_MA50
early_watch|GOOS.TO|2022-05-25,early_watch,GOOS.TO,Consumer,2022-05-25,2022-05-24,3,65.8,2022-05-26,25.459999084472656,1.966428347996303,2022-06-23,Development,true,,adverse_first,,5.263158683321079,3.417128320966789,-2.631571850110259,6.208687247499956,7.227023640036401,-9.740768387335919,TSX_not_above_MA50
early_watch|SJ.TO|2022-05-25,early_watch,SJ.TO,Materials,2022-05-25,2022-05-24,4,65,2022-05-26,33.14434051513672,0.8688620140181723,2022-06-23,Development,true,,adverse_first,,2.673517797479219,-0.2608363382320955,-9.910250109626528,-1.0699910120163132,3.2378151934009836,-12.703509392157898,TSX_not_above_MA50
early_watch|FNV.TO|2022-05-25,early_watch,FNV.TO,Materials,2022-05-25,2022-05-24,5,62.2,2022-05-26,172.30819702148438,5.3317765864690205,2022-06-23,Development,true,,neither,,2.821741013195611,-0.23883340904804484,-1.8454109360374504,6.994848161572764,4.9714074712581935,-2.429997528647654,TSX_not_above_MA50
early_watch|GIL.TO|2022-05-26,early_watch,GIL.TO,Consumer,2022-05-26,2022-05-25,2,62.2,2022-05-27,36.03223419189453,1.3743480737507388,2022-06-24,Development,true,,adverse_first,,0.5343209360006984,-4.961837394927649,-5.979683311887795,2.1447166499695687,3.2824252940463206,-11.399514136615018,TSX_not_above_MA50
early_watch|DSG.TO|2022-05-26,early_watch,DSG.TO,Technology,2022-05-26,2022-05-25,3,61.7,2022-05-27,76.94999694824219,2.100714547293527,2022-06-24,Development,true,,adverse_first,,2.859005412458271,2.105266810694828,9.967519301526174,18.091919263383538,10.357376915900174,-2.8849820394428294,TSX_not_above_MA50
early_watch|CTC-A.TO|2022-05-26,early_watch,CTC-A.TO,Consumer,2022-05-26,2022-05-25,4,60.9,2022-05-27,141.7957763671875,4.2208587113987335,2022-06-24,Development,true,,adverse_first,,1.1974201762926961,-2.1423741230777393,-2.394765024866752,5.729634936990612,3.421980201942154,-6.462376204916087,TSX_not_above_MA50
early_watch|NTR.TO|2022-05-26,early_watch,NTR.TO,Materials,2022-05-26,2022-05-25,5,59.7,2022-05-27,104.55413818359375,4.935968002292585,2022-06-24,Development,true,,adverse_first,,-3.142215625665856,-9.179888967697302,-14.904999372451499,-6.780599410594135,3.4219185566039423,-16.13885635366711,TSX_not_above_MA50
early_watch|SSRM.TO|2022-05-31,early_watch,SSRM.TO,Materials,2022-05-31,2022-05-30,1,61.8,2022-06-01,24.45013999938965,0.8340378291643257,2022-06-29,Development,true,,success,1,1.7063456618598316,-5.515864642210355,-12.06348587224426,-4.169678049183322,7.182533687313852,-24.00793981554603,TSX_not_above_MA50
early_watch|NTR.TO|2022-05-31,early_watch,NTR.TO,Materials,2022-05-31,2022-05-30,2,59.2,2022-06-01,102.85127258300781,4.145353594505727,2022-06-29,Development,true,,adverse_first,,-7.274843664253828,-5.1843783385142395,-10.723858501666284,-2.8300506786053443,2.80960255431828,-14.750402393353845,TSX_not_above_MA50
early_watch|BTO.TO|2022-06-01,early_watch,BTO.TO,Materials,2022-06-01,2022-05-31,1,58.6,2022-06-02,4.517788410186768,0.167347740015015,2022-06-30,Development,true,,adverse_first,,-6.877341880918331,-9.293693834042127,-18.086263016401205,-7.766650287091181,0.18584567913044747,-18.274142854318143,TSX_not_above_MA50
early_watch|SLF.TO|2022-06-02,early_watch,SLF.TO,Financials,2022-06-02,2022-06-01,1,65.5,2022-06-03,52.00501251220703,1.0403823819243188,2022-07-04,Development,true,,adverse_first,,-2.0025597085617464,-6.712603909306392,-4.389596504078908,4.084379332847876,1.8423543962112099,-8.346696086261861,TSX_not_above_MA50
early_watch|AEM.TO|2022-06-08,early_watch,AEM.TO,Materials,2022-06-08,2022-06-07,1,64.4,2022-06-09,59.40095901489258,1.9053223233941128,2022-07-08,Development,true,,adverse_first,,2.116878767474506,-4.034356124497118,-10.216300760262031,-2.722586188961462,6.350690104845702,-12.25647150843806,TSX_not_above_MA50
early_watch|QBR-B.TO|2022-06-10,early_watch,QBR-B.TO,Communication,2022-06-10,2022-06-09,1,61.6,2022-06-13,23.25921630859375,0.5346351369203336,2022-07-12,Development,true,,success,5,7.729114238779888,3.128460568543523,4.195808152640268,9.585169336335387,11.336031935685021,-0.1103938935436588,TSX_not_above_MA50
early_watch|BYD.TO|2022-06-10,early_watch,BYD.TO,Industrials,2022-06-10,2022-06-09,2,59,2022-06-13,127.31395721435547,5.572290007578929,2022-07-12,Development,true,,adverse_first,,-0.4266599230132839,5.934365036394462,12.996887752029318,18.38624893572444,15.761460680551087,-8.866660182347431,TSX_not_above_MA50
early_watch|CSU.TO|2022-06-13,early_watch,CSU.TO,Technology,2022-06-13,2022-06-10,1,68.2,2022-06-14,1844.264404296875,55.02697443354144,2022-07-13,Development,true,,adverse_first,,-0.02928870348275492,4.531157686805343,3.060884628719185,7.835167981661861,7.267238867545833,-3.4558332954603865,TSX_not_above_MA50
early_watch|QBR-B.TO|2022-06-14,early_watch,QBR-B.TO,Communication,2022-06-14,2022-06-13,1,72.8,2022-06-15,23.67012596130371,0.49284758539684886,2022-07-14,Development,true,,success,3,2.459330458922393,1.5189892185818676,0.2531594977358109,6.792656660358499,9.403255984615356,-1.6997956399014469,TSX_not_above_MA50
early_watch|KMP-UN.TO|2022-06-14,early_watch,KMP-UN.TO,Real Estate,2022-06-14,2022-06-13,3,60.4,2022-06-15,14.568005561828613,0.34896985991924645,2022-07-14,Development,true,,adverse_first,,-2.1965203338827677,-2.4403919411408737,-4.412483361603792,2.1270138010188955,0.8077354726726105,-4.739904558725849,TSX_not_above_MA50
early_watch|CJT.TO|2022-06-15,early_watch,CJT.TO,Industrials,2022-06-15,2022-06-14,1,81.4,2022-06-16,110.09186553955078,5.934465688557258,2022-07-15,Development,true,,success,2,19.896346220201156,22.29048990499698,17.982702794553628,21.190429663519705,31.72123641755542,-0.5526245388163709,TSX_not_above_MA50
early_watch|EMP-A.TO|2022-06-15,early_watch,EMP-A.TO,Consumer,2022-06-15,2022-06-14,2,79.8,2022-06-16,37.278053283691406,0.6836272391892854,2022-07-15,Development,true,,adverse_first,,-2.3002659171131867,-1.9292549552210159,-1.8229126693653397,1.3848141996007368,1.731406989971096,-8.236456834021777,TSX_not_above_MA50
early_watch|TFII.TO|2022-06-15,early_watch,TFII.TO,Industrials,2022-06-15,2022-06-14,3,70.7,2022-06-16,89.14788818359375,3.298738417205662,2022-07-15,Development,true,,success,6,2.8909115369790017,9.397539981884151,18.089633088890245,21.297359957856322,20.63058402897755,-1.213339259290902,TSX_not_above_MA50
early_watch|ABX.TO|2022-06-15,early_watch,ABX.TO,Materials,2022-06-15,2022-06-14,4,66.9,2022-06-16,23.239871978759766,0.6920909471859754,2022-07-15,Development,true,,adverse_first,,-7.032475826028495,-12.055642360640906,-21.174657467352066,-17.96693059838599,0.27050166286284316,-22.449773031484188,TSX_not_above_MA50
early_watch|GRT-UN.TO|2022-06-15,early_watch,GRT-UN.TO,Real Estate,2022-06-15,2022-06-14,6,64.1,2022-06-16,63.44944381713867,1.665355353570005,2022-07-15,Development,true,,success,9,3.5471584585024862,3.6772140213027216,-3.0594801589212572,0.14824671004481926,6.080379510015299,-3.689821193044407,TSX_not_above_MA50
early_watch|WPM.TO|2022-06-16,early_watch,WPM.TO,Materials,2022-06-16,2022-06-15,1,66,2022-06-17,47.82426452636719,1.722358641852391,2022-07-18,Development,true,,adverse_first,,-1.4599926424864185,-3.900016623003366,-12.120004045675293,-10.350899211545183,2.4799969142794254,-12.980020637588385,TSX_not_above_MA50
early_watch|K.TO|2022-06-16,early_watch,K.TO,Materials,2022-06-16,2022-06-15,2,65.7,2022-06-17,5.008626937866211,0.2243772499551922,2022-07-18,Development,true,,adverse_first,,-3.9106225030588804,-12.476708544636772,-22.718784499248468,-20.94967966511836,4.283055334237895,-27.00185163315927,TSX_not_above_MA50
early_watch|AG.TO|2022-06-16,early_watch,AG.TO,Materials,2022-06-16,2022-06-15,3,61.6,2022-06-17,10.16108512878418,0.6312765923726459,2022-07-18,Development,true,,adverse_first,,0.3886934086180016,-8.746361923926315,-11.07872885786233,-9.309624023732223,4.859085303759425,-17.103989298951007,TSX_not_above_MA50
early_watch|PAAS.TO|2022-06-16,early_watch,PAAS.TO,Materials,2022-06-16,2022-06-15,4,61.4,2022-06-17,25.08479881286621,1.2167801214123606,2022-07-18,Development,true,,adverse_first,,-0.6578941865813315,-4.385963778410007,-12.4634390231681,-10.694334189037992,3.1798223471971143,-16.630118010883432,TSX_not_above_MA50
early_watch|SSRM.TO|2022-06-16,early_watch,SSRM.TO,Materials,2022-06-16,2022-06-15,5,61.3,2022-06-17,23.85828971862793,1.1324133469479614,2022-07-18,Development,true,,adverse_first,,-1.3826630686131103,-10.004057203775163,-13.460754847758928,-11.69165001362882,2.399357542942737,-22.12281214351871,TSX_not_above_MA50
early_watch|CTC-A.TO|2022-06-17,early_watch,CTC-A.TO,Consumer,2022-06-17,2022-06-16,1,80.7,2022-06-20,136.89366149902344,2.8975265844376668,2022-07-19,Development,true,,adverse_first,,2.2008784966286887,-0.048643125430047895,1.307144665256943,2.588970785652145,3.878889973649935,-2.4015230017703892,TSX_not_above_MA50
early_watch|STN.TO|2022-06-17,early_watch,STN.TO,Industrials,2022-06-17,2022-06-16,2,76.8,2022-06-20,52.69470977783203,1.2925091884288453,2022-07-19,Development,true,,success,11,2.3600289048432144,4.302324621774978,8.046424097060267,9.32825021745547,8.45020098894478,-0.7501022899200516,TSX_not_above_MA50
early_watch|SLF.TO|2022-06-17,early_watch,SLF.TO,Financials,2022-06-17,2022-06-16,3,76.7,2022-06-20,49.0473518371582,1.0753542912492848,2022-07-19,Development,true,,adverse_first,,0.3057522440847338,-0.5605691135634805,-2.276210037916482,-0.9943839175212799,2.5479879682153816,-4.637351204885054,TSX_not_above_MA50
early_watch|CSU.TO|2022-06-17,early_watch,CSU.TO,Technology,2022-06-17,2022-06-16,4,74.4,2022-06-20,1843.84326171875,60.44297827446589,2022-07-19,Development,true,,success,5,4.757982316042808,4.172326029059437,5.29896395600753,6.580790076402732,7.291739215521664,-1.7042261576287299,TSX_not_above_MA50
early_watch|GIL.TO|2022-06-17,early_watch,GIL.TO,Consumer,2022-06-17,2022-06-16,5,69.9,2022-06-20,33.28167724609375,1.0157394780358893,2022-07-19,Development,true,,adverse_first,,2.6446165047030235,-0.9366512497088642,0.9366283260008101,2.218454446396012,4.0771260739934645,-6.804399288285112,TSX_not_above_MA50
early_watch|BNS.TO|2022-06-17,early_watch,BNS.TO,Financials,2022-06-17,2022-06-16,6,69.3,2022-06-20,62.7761344909668,1.1289681249019057,2022-07-19,Development,true,,adverse_first,,-4.11525324483436,-5.493648150107311,-5.341962363913777,-4.060136243518575,0.7606940912581628,-9.981322395197555,TSX_not_above_MA50
early_watch|ATS.TO|2022-06-20,early_watch,ATS.TO,Industrials,2022-06-20,2022-06-17,1,79.9,2022-06-21,36.09000015258789,1.1599998474121094,2022-07-20,Development,true,,adverse_first,,0.7481309410421577,-2.244392823126473,7.204207434547927,8.432840487474891,8.257133637120928,-7.121085297750918,TSX_not_above_MA50
early_watch|IAG.TO|2022-06-20,early_watch,IAG.TO,Financials,2022-06-20,2022-06-17,5,73.9,2022-06-21,54.499088287353516,1.3786844757714403,2022-07-20,Development,true,,adverse_first,,0.7730525837166713,0.43485476504605547,2.834598469097882,4.0632315220248465,7.344188131685825,-3.9942071849623284,TSX_not_above_MA50
early_watch|TFII.TO|2022-06-20,early_watch,TFII.TO,Industrials,2022-06-20,2022-06-17,6,72.7,2022-06-21,90.81271362304688,3.486180052417804,2022-07-20,Development,true,,success,4,4.381129335082146,9.574574619986675,20.46655617355082,21.695189226477783,21.329178380081725,-1.2428949956141633,TSX_not_above_MA50
early_watch|CAE.TO|2022-06-21,early_watch,CAE.TO,Industrials,2022-06-21,2022-06-20,2,75.9,2022-06-22,30.020000457763672,1.0649995803833008,2022-07-21,Development,true,,success,2,3.7641543755352114,8.194533800669745,11.625575651405295,11.31563884533815,12.45835378660798,0.7994662473634229,TSX_not_above_MA50
early_watch|OTEX.TO|2022-06-21,early_watch,OTEX.TO,Technology,2022-06-21,2022-06-20,3,72.7,2022-06-22,42.058658599853516,0.9564149673119761,2022-07-21,Development,true,,success,2,1.298172179303747,6.078704449034844,8.427783962976477,8.117847156909331,9.004752062310173,-1.5042234439616609,TSX_not_above_MA50
early_watch|WN.TO|2022-06-21,early_watch,WN.TO,Consumer,2022-06-21,2022-06-20,6,69.8,2022-06-22,44.934226989746094,0.7223231730686243,2022-07-21,Development,true,,success,3,5.5048976852322795,6.875903178117304,7.32129701428903,7.011360208221884,10.035496251849407,0.15311036919263277,TSX_not_above_MA50
early_watch|HR-UN.TO|2022-06-22,early_watch,HR-UN.TO,Real Estate,2022-06-22,2022-06-21,6,69.5,2022-06-23,10.264463424682617,0.2965790937843768,2022-07-22,Development,true,,success,20,0.6671795314905582,2.3651337397229577,5.680330983631987,4.260234992280498,5.8420461585363626,-1.9202485286037518,TSX_not_above_MA50
early_watch|ACO-X.TO|2022-06-23,early_watch,ACO-X.TO,Utilities,2022-06-23,2022-06-22,2,70,2022-06-24,35.83827590942383,0.6496899280650571,2022-07-25,Development,true,,success,5,2.477213697934033,4.440291314685196,6.263152903167923,6.044930027726281,6.917491533627906,-0.00000871901356669369,TSX_not_above_MA50
early_watch|NWC.TO|2022-06-23,early_watch,NWC.TO,Consumer,2022-06-23,2022-06-22,3,66.9,2022-06-24,29.17698860168457,0.6873913567198363,2022-07-25,Development,true,,adverse_first,,-1.7477182833790184,0.4067883255339577,1.0856339532638204,0.8674110778221777,2.679368165102769,-2.8692718306332687,TSX_not_above_MA50
early_watch|RCH.TO|2022-06-23,early_watch,RCH.TO,Industrials,2022-06-23,2022-06-22,4,65.6,2022-06-24,33.45967483520508,0.781723985578276,2022-07-25,Development,true,,adverse_first,,-4.3088826647686425,2.46219097773146,4.295270014443764,4.077047139002121,9.82092858239021,-9.00949970393572,TSX_not_above_MA50
early_watch|GIL.TO|2022-06-23,early_watch,GIL.TO,Consumer,2022-06-23,2022-06-22,5,65.5,2022-06-24,33.877620697021484,0.95679886791197,2022-07-25,Development,true,,adverse_first,,-0.7848378780551113,-4.492526868311075,-0.7848378780551113,-1.003060753496754,2.246298512935452,-8.443809221943932,TSX_not_above_MA50
early_watch|CCO.TO|2022-06-23,early_watch,CCO.TO,Energy,2022-06-23,2022-06-22,6,60.3,2022-06-24,28.729970932006836,1.6333655980719735,2022-07-25,Development,true,,adverse_first,,-3.412623925505376,-2.51637496639896,1.551187865134307,1.3329649896926643,6.8597019185850705,-9.27266450084091,TSX_not_above_MA50
early_watch|AGI.TO|2022-06-24,early_watch,AGI.TO,Materials,2022-06-24,2022-06-23,1,80,2022-06-27,8.978107452392578,0.44790194325827504,2022-07-26,Development,true,,neither,,-0.21692697478752354,0.1084528651738692,-2.386111744903563,-0.9031067501012013,6.399130842334455,-4.44684483468698,TSX_not_above_MA50
early_watch|SSRM.TO|2022-06-24,early_watch,SSRM.TO,Materials,2022-06-24,2022-06-23,2,74.5,2022-06-27,22.412628173828125,1.049249514246348,2022-07-26,Development,true,,adverse_first,,-9.134192495544081,-8.398285646982572,-11.645027620548,-10.162022625745639,1.1255531200371927,-14.06926245098148,TSX_not_above_MA50
early_watch|NFI.TO|2022-06-24,early_watch,NFI.TO,Industrials,2022-06-24,2022-06-23,3,67.5,2022-06-27,12.310463905334473,0.5342515965975512,2022-07-26,Development,true,,success,15,-0.2410357798767082,2.914360717163955,7.4451810932941065,8.928186088096467,11.086013432882558,-1.8591803828357345,TSX_not_above_MA50
early_watch|ATS.TO|2022-06-24,early_watch,ATS.TO,Industrials,2022-06-24,2022-06-23,5,66.5,2022-06-27,35.779998779296875,1.200713838849749,2022-07-26,Development,true,,adverse_first,,-3.2420343403793295,3.8848502992479883,3.940748729784671,5.423753724587033,9.195083923342718,-6.3163733891486,TSX_not_above_MA50
early_watch|PAAS.TO|2022-06-24,early_watch,PAAS.TO,Materials,2022-06-24,2022-06-23,6,65.5,2022-06-27,25.295673370361328,1.1453972679120739,2022-07-26,Development,true,,adverse_first,,-11.707136770033488,-13.773095872801965,-12.504537325506181,-11.02153233070382,0.5074278242762187,-17.32512172616203,TSX_not_above_MA50
early_watch|AEM.TO|2022-06-27,early_watch,AEM.TO,Materials,2022-06-27,2022-06-24,3,66.3,2022-06-28,56.97718048095703,2.4472170071729358,2022-07-27,Development,true,,adverse_first,,-5.677277513074586,-7.148572872424397,-18.982880949980274,-19.148832621293355,2.015035700898027,-21.829518759028034,TSX_not_above_MA50
early_watch|PMZ-UN.TO|2022-06-27,early_watch,PMZ-UN.TO,Real Estate,2022-06-27,2022-06-24,4,65.9,2022-06-28,9.747389793395996,0.26992034510141,2022-07-27,Development,true,,adverse_first,,1.594764990369213,0.623312339379023,4.509025104396591,4.343073433083511,6.937592616376431,-3.4243084875010044,TSX_not_above_MA50
early_watch|NWC.TO|2022-06-27,early_watch,NWC.TO,Consumer,2022-06-27,2022-06-24,5,63.9,2022-06-28,28.572330474853516,0.6697500977982995,2022-07-27,Development,true,,success,10,1.0247174089944577,4.370088911110925,2.0494281424794147,1.8834764711663343,4.852306577443644,-0.8137557709854693,TSX_not_above_MA50
early_watch|POW.TO|2022-06-27,early_watch,POW.TO,Financials,2022-06-27,2022-06-24,6,63.9,2022-06-28,27.068029403686523,0.6177355886773892,2022-07-27,Development,true,,adverse_first,,0.255710430574263,0.9475146396317857,2.7823879502598903,2.61643627894681,3.7750158238838427,-2.3311617255970862,TSX_not_above_MA50
early_watch|CP.TO|2022-06-28,early_watch,CP.TO,Industrials,2022-06-28,2022-06-27,1,79,2022-06-29,88.56465148925781,2.411554882227761,2022-07-28,Development,true,,adverse_first,,2.1851002718216606,0.13114702128969036,8.75126396129129,6.769464368467882,8.805885875338703,-3.0918603929178667,TSX_not_above_MA50
early_watch|ONEX.TO|2022-06-28,early_watch,ONEX.TO,Financials,2022-06-28,2022-06-27,3,64.6,2022-06-29,62.675270080566406,1.9500285506659405,2022-07-28,Development,true,,neither,,1.223071579176227,-1.9401402780021337,5.043997101390341,3.062197508566933,5.513775238196694,-2.926685205328128,TSX_not_above_MA50
early_watch|AGI.TO|2022-06-29,early_watch,AGI.TO,Materials,2022-06-29,2022-06-28,1,74.9,2022-06-30,8.793088912963867,0.47522690006201795,2022-07-29,Development,true,,success,19,3.6545323962915433,1.7719096134561685,12.07090241428026,7.662428055116055,13.178326635606252,-2.9899909272571357,TSX_not_above_MA50
early_watch|OR.TO|2022-06-29,early_watch,OR.TO,Materials,2022-06-29,2022-06-28,2,72.6,2022-06-30,12.445504188537598,0.49465342352105146,2022-07-29,Development,true,,adverse_first,,-0.6163344727153297,-2.465322565257766,3.3127977908449013,-1.0956765683193037,4.237314695758254,-8.320486633287006,TSX_not_above_MA50
early_watch|SII.TO|2022-06-29,early_watch,SII.TO,Financials,2022-06-29,2022-06-28,3,62.8,2022-06-30,40.47810363769531,1.6777507375573049,2022-07-29,Development,true,,adverse_first,,1.654721304838369,-0.29070523561570694,8.363135481249252,3.9546611220850467,8.63147791070995,-6.238826878528969,TSX_not_above_MA50
early_watch|IMO.TO|2022-06-29,early_watch,IMO.TO,Energy,2022-06-29,2022-06-28,4,62,2022-06-30,54.63092041015625,2.9781044590035965,2022-07-29,Development,true,,adverse_first,,-5.257092158963572,-10.51417733525646,1.1371069733977057,-3.2713673857664993,3.3783722916750802,-13.200403766207936,TSX_not_above_MA50
early_watch|WDO.TO|2022-06-29,early_watch,WDO.TO,Materials,2022-06-29,2022-06-28,5,59.5,2022-06-30,11.139833450317383,0.6501205783346821,2022-07-29,Development,true,,adverse_first,,-2.331837052461949,-12.466361931491598,-7.623310477339107,-12.031784836503313,7.264580425470735,-20.896860353911272,TSX_not_above_MA50
early_watch|NTR.TO|2022-06-29,early_watch,NTR.TO,Materials,2022-06-29,2022-06-28,6,59.4,2022-06-30,88.66463470458984,4.214541735974704,2022-07-29,Development,true,,adverse_first,,-3.5899045652733053,-6.945664530186468,6.935915317286967,2.527440958122762,7.287101175872679,-8.85768474958949,TSX_not_above_MA50
early_watch|ONEX.TO|2022-06-30,early_watch,ONEX.TO,Financials,2022-06-30,2022-06-29,1,65,2022-07-04,62.773258209228516,1.965426991165087,2022-08-02,Development,true,,success,19,0.0018838533892839848,1.1432559294437317,6.412278397312332,3.908716021949288,7.881978736383899,-3.07821521557633,TSX_not_above_MA50
early_watch|CCA.TO|2022-06-30,early_watch,CCA.TO,Communication,2022-06-30,2022-06-29,3,61,2022-07-04,70.73482513427734,1.9660540047688957,2022-08-02,Development,true,,adverse_first,,-1.3228487098164154,-7.511199819228153,-7.378640986134178,-9.882203361497222,1.7600903687295277,-8.699521797512077,TSX_not_above_MA50
early_watch|NWC.TO|2022-06-30,early_watch,NWC.TO,Consumer,2022-06-30,2022-06-29,4,59.7,2022-07-04,28.667057037353516,0.6755454592264873,2022-08-02,Development,true,,neither,,2.192831119308747,0.420524725754734,1.2015267807396368,-1.3020355946234075,4.505835763947319,-0.42055261310246506,TSX_not_above_MA50
early_watch|AP-UN.TO|2022-06-30,early_watch,AP-UN.TO,Real Estate,2022-06-30,2022-06-29,5,58.7,2022-07-04,22.393047332763672,0.7229052297521018,2022-08-02,Development,true,,adverse_first,,1.5672456301766724,-1.1753511761007251,1.1414852263201158,-1.3620771490429284,4.3504081154621455,-3.4659476051243643,TSX_not_above_MA50
early_watch|FNV.TO|2022-07-04,early_watch,FNV.TO,Materials,2022-07-04,2022-06-30,1,76.2,2022-07-05,164.2550506591797,4.909130146533706,2022-08-03,Development,true,,adverse_first,,-0.9753712602368902,-6.7106880420013,-6.6230676626827245,-10.401838204551472,2.178459094521701,-8.124043542145465,TSX_not_above_MA50
early_watch|SII.TO|2022-07-04,early_watch,SII.TO,Financials,2022-07-04,2022-06-30,2,66.8,2022-07-05,39.79924392700195,1.4372406336963333,2022-08-03,Development,true,,adverse_first,,0.25018371758511737,5.139875049996956,1.7057100681070692,-2.0730604737616787,11.394125933682343,-4.639533108620741,TSX_not_above_MA50
early_watch|EFN.TO|2022-07-04,early_watch,EFN.TO,Industrials,2022-07-04,2022-06-30,3,66.4,2022-07-05,12.475537300109863,0.32081768241427494,2022-08-03,Development,true,,success,10,2.746838314025357,4.974013398566179,10.170729781312593,6.391959239443845,11.65550872029466,-1.1878410578744059,TSX_not_above_MA50
early_watch|NTR.TO|2022-07-04,early_watch,NTR.TO,Materials,2022-07-04,2022-06-30,5,64.2,2022-07-05,84.21885681152344,4.03109395629924,2022-08-03,Development,true,,success,15,-0.46217256435384657,3.67668067733129,8.144176678231396,4.365406136362648,12.950614558467176,-4.046428629478848,TSX_not_above_MA50
early_watch|T.TO|2022-07-05,early_watch,T.TO,Communication,2022-07-05,2022-07-04,2,65.2,2022-07-06,21.64328384399414,0.4415466981557848,2022-08-04,Development,true,,neither,,-0.207458787163195,-0.41493519964284076,0.03459849617275523,-4.48923699821564,2.6625057410774255,-1.7980571039599158,TSX_not_above_MA50
early_watch|AGI.TO|2022-07-06,early_watch,AGI.TO,Materials,2022-07-06,2022-07-05,1,78.7,2022-07-07,9.056009292602539,0.457669343405243,2022-08-05,Development,true,,adverse_first,,0.6451616979681996,0.6451616979681996,8.1720200920101,5.250682575496878,10.645131747482118,-5.806453188950178,TSX_not_above_MA50
early_watch|IAG.TO|2022-07-06,early_watch,IAG.TO,Financials,2022-07-06,2022-07-05,2,73.7,2022-07-07,56.32479476928711,1.5655176639241064,2022-08-05,Development,true,,adverse_first,,-3.7712305692700454,-0.12467823851030069,9.770909408855566,6.849571892342343,10.955274381563163,-4.23873898514705,TSX_not_above_MA50
early_watch|MFC.TO|2022-07-06,early_watch,MFC.TO,Financials,2022-07-06,2022-07-05,3,63.9,2022-07-07,18.660873413085938,0.46702037785831124,2022-08-05,Development,true,,adverse_first,,-3.4376765696969347,-0.39668132782865184,3.9224025498810766,1.001065033367854,4.583475630516176,-4.142832075046354,TSX_not_above_MA50
early_watch|ATD.TO|2022-07-06,early_watch,ATD.TO,Consumer,2022-07-06,2022-07-05,5,62.2,2022-07-07,51.0773811340332,1.6498663949186363,2022-08-05,Development,true,,adverse_first,,-0.8458486788543551,-1.0338299888667524,7.706755728631465,4.785418212118242,9.962395596233264,-3.759398125301472,TSX_not_above_MA50
early_watch|SLF.TO|2022-07-06,early_watch,SLF.TO,Financials,2022-07-06,2022-07-05,6,61.3,2022-07-07,49.28062057495117,1.0206071829859564,2022-08-05,Development,true,,adverse_first,,-4.31107225934908,-3.1614524741382932,2.1132831613038583,-0.8080543552093644,3.330529116652259,-5.088748213638183,TSX_not_above_MA50
early_watch|GIL.TO|2022-07-07,early_watch,GIL.TO,Consumer,2022-07-07,2022-07-06,2,73.3,2022-07-08,33.355018615722656,0.8533241665821433,2022-08-08,Development,true,,adverse_first,,-3.7383211773163616,2.061582251597649,11.10501156359842,7.707533708730851,13.166593244611935,-7.0093187661703364,TSX_not_above_MA50
early_watch|ARE.TO|2022-07-07,early_watch,ARE.TO,Industrials,2022-07-07,2022-07-06,3,70.6,2022-07-08,11.03100872039795,0.34194951518041833,2022-08-08,Development,true,,adverse_first,,-12.509446175108508,-4.29542145913352,-16.277334254586663,-19.674812109454233,-0.6028772584599551,-20.346651712339792,TSX_not_above_MA50
early_watch|PSK.TO|2022-07-07,early_watch,PSK.TO,Energy,2022-07-07,2022-07-06,6,60.9,2022-07-08,13.74892807006836,0.6414533024482505,2022-08-08,Development,true,,adverse_first,,2.4314278984040483,10.785530987606396,7.356592962819208,3.9591151079516385,20.698256607181452,-5.9850473126688115,TSX_not_above_MA50
early_watch|NTR.TO|2022-07-08,early_watch,NTR.TO,Materials,2022-07-08,2022-07-07,2,63.3,2022-07-11,85.1789321899414,4.106468275592392,2022-08-09,Development,true,,adverse_first,,-1.2794577992369272,6.945567913793038,15.566605189468508,11.51968983519216,16.0235553913207,-5.127947955627288,TSX_not_above_MA50
early_watch|GFL.TO|2022-07-12,early_watch,GFL.TO,Industrials,2022-07-12,2022-07-11,1,70.9,2022-07-13,31.81413459777832,1.1128004299734593,2022-08-11,Development,true,,success,5,7.079732339218836,9.860634161060622,15.23491722217496,7.839341404279177,17.859566718517115,-1.1243114635065887,TSX_not_above_MA50
early_watch|GIL.TO|2022-07-12,early_watch,GIL.TO,Consumer,2022-07-12,2022-07-11,2,60.2,2022-07-13,31.631343841552734,0.886723090600586,2022-08-11,Development,true,,success,4,8.753616602670999,3.5652216175004137,16.811596090529534,9.416020272633752,19.333337314405163,-1.9420129862284807,TSX_not_above_MA50
early_watch|GRT-UN.TO|2022-07-12,early_watch,GRT-UN.TO,Real Estate,2022-07-12,2022-07-11,3,58.8,2022-07-13,63.84955596923828,1.3673655019046294,2022-08-11,Development,true,,adverse_first,,-1.2788794307105777,0.9004540507109082,6.370905385410186,-1.024670432485597,9.683537929161258,-4.293347283814941,TSX_not_above_MA50
early_watch|TRP.TO|2022-07-13,early_watch,TRP.TO,Energy,2022-07-13,2022-07-12,2,59.8,2022-07-14,47.793766021728516,1.1190841329427517,2022-08-12,Development,true,,success,7,2.549787294906336,4.722373140581393,-1.448393224309752,-11.545458608407511,7.78513782179362,-6.185867268718992,TSX_not_above_MA50
early_watch|ERO.TO|2022-07-14,early_watch,ERO.TO,Materials,2022-07-14,2022-07-13,3,61.2,2022-07-15,11.029999732971191,0.5985713686261859,2022-08-15,Development,true,,success,10,2.901184553449987,14.868543817099278,15.956484782323187,6.2465192525452675,32.72892745011087,-2.538528918855798,TSX_not_above_MA50
early_watch|EQB.TO|2022-07-15,early_watch,EQB.TO,Financials,2022-07-15,2022-07-14,1,81.5,2022-07-18,48.9689826965332,1.6396874751478927,2022-08-16,Development,true,,success,12,5.498583188730954,2.572220372090661,9.05869591043027,0.05441303814876974,9.8602090252357,-0.7642168392594129,TSX_not_above_MA50
early_watch|PMZ-UN.TO|2022-07-15,early_watch,PMZ-UN.TO,Real Estate,2022-07-15,2022-07-14,4,75.9,2022-07-18,9.823929786682129,0.2528741581132555,2022-08-16,Development,true,,success,5,5.3011818015817,7.303863641460162,19.980085693453063,10.975802821171563,20.060832861715806,0.7228803433672937,TSX_not_above_MA50
early_watch|REI-UN.TO|2022-07-15,early_watch,REI-UN.TO,Real Estate,2022-07-15,2022-07-14,5,71,2022-07-18,15.455780982971191,0.32923659321946896,2022-08-16,Development,true,,success,5,3.859862681539905,2.5640294692995003,9.65323241618008,0.6489495438985795,10.06123569405062,0.5078862082857682,TSX_not_above_MA50
early_watch|GOOS.TO|2022-07-15,early_watch,GOOS.TO,Consumer,2022-07-15,2022-07-14,6,66.6,2022-07-18,24,1.0664288657052177,2022-08-16,Development,true,,adverse_first,,1.5000025431315178,4.124999046325684,16.041668256123852,7.037385383842352,28.458333015441895,-5.666669209798181,TSX_not_above_MA50
early_watch|BEI-UN.TO|2022-07-18,early_watch,BEI-UN.TO,Real Estate,2022-07-18,2022-07-15,1,67.9,2022-07-19,39.208900451660156,0.9295325567070856,2022-08-17,Development,true,,success,3,7.3897262778232164,8.233575375414294,16.525973261539907,9.958643421156623,17.20939037678395,-1.1596351371146674,TSX_not_above_MA50
early_watch|NA.TO|2022-07-18,early_watch,NA.TO,Financials,2022-07-18,2022-07-15,2,67.7,2022-07-19,75.88671875,1.4550437756820958,2022-08-17,Development,true,,success,10,-0.13652873578009483,3.527548643640288,7.385088649173821,0.8177588087905363,7.715085185317561,-0.4437707964886184,TSX_not_above_MA50
early_watch|AP-UN.TO|2022-07-18,early_watch,AP-UN.TO,Real Estate,2022-07-18,2022-07-15,4,62.8,2022-07-19,22.46728515625,0.5981591712388149,2022-08-17,Development,true,,neither,,-0.961234800491162,2.0443695939191153,0.6564466156303572,-5.9108832247529275,4.156481880147012,-2.48154164634129,TSX_not_above_MA50
early_watch|BN.TO|2022-07-18,early_watch,BN.TO,Financials,2022-07-18,2022-07-15,5,62,2022-07-19,31.457120895385742,0.7353134248395542,2022-08-17,Development,true,,success,7,1.2771431729556637,5.9379693584834525,12.373501531687769,5.806171691304484,14.861485055153656,-0.4810056995538825,TSX_not_above_MA50
early_watch|BMO.TO|2022-07-19,early_watch,BMO.TO,Financials,2022-07-19,2022-07-18,1,63.3,2022-07-20,103.71168518066406,1.9917190524774955,2022-08-18,Development,true,,success,7,1.9621812990107568,2.8318122118057953,9.770954158316592,3.227024529020883,10.20009385414198,-0.8169459422836423,TSX_not_above_MA50
early_watch|CM.TO|2022-07-19,early_watch,CM.TO,Financials,2022-07-19,2022-07-18,2,62.3,2022-07-20,51.47282028198242,1.0311064770357352,2022-08-18,Development,true,,success,7,2.0512860798748145,3.9903756615046637,9.711522563324237,3.167592934028529,10.160238496764862,-0.7692319201679898,TSX_not_above_MA50
early_watch|GRT-UN.TO|2022-07-19,early_watch,GRT-UN.TO,Real Estate,2022-07-19,2022-07-18,4,60.2,2022-07-20,63.032997131347656,1.558120526079546,2022-08-18,Development,true,,success,3,2.2075655835894548,6.47562334926719,6.953058154815239,0.40912852551953094,11.104429626259815,-0.46263072423162743,TSX_not_above_MA50
early_watch|PAAS.TO|2022-07-26,early_watch,PAAS.TO,Materials,2022-07-26,2022-07-25,1,62.3,2022-07-27,22.756023406982422,0.9024338493614411,2022-08-25,Development,true,,success,5,6.970163552713959,-8.42065560222317,-12.684601335544999,-17.45074132543175,10.596263899942038,-16.86181149007886,TSX_not_above_MA50
early_watch|CSH-UN.TO|2022-07-27,early_watch,CSH-UN.TO,Health Care,2022-07-27,2022-07-26,1,65.4,2022-07-28,9.2438325881958,0.1760688205286726,2022-08-26,Development,true,,adverse_first,,2.3255878733843494,0.26832119020379075,-5.008954528492671,-7.150127385287053,3.0411411420558254,-5.456183383752611,TSX_not_above_MA50
early_watch|AGI.TO|2022-07-27,early_watch,AGI.TO,Materials,2022-07-27,2022-07-26,2,58.9,2022-07-28,9.572102546691895,0.4131540200983591,2022-08-26,Development,true,,neither,,2.339774816911344,5.391659344647848,0.7120997477652047,-1.4290731090291775,6.815910945291548,-3.9674388055543797,TSX_not_above_MA50
early_watch|RCI-B.TO|2022-07-29,early_watch,RCI-B.TO,Communication,2022-07-29,2022-07-28,1,65.6,2022-08-02,48.98398971557617,0.9322588090722788,2022-08-30,Development,true,,adverse_first,,0.815841058608302,3.0029533070957237,-0.2603719891325018,-0.29933375373295545,3.4889760115567547,-3.57576960792676,TSX_above_MA50
early_watch|CCA.TO|2022-08-04,early_watch,CCA.TO,Communication,2022-08-04,2022-08-03,1,62.3,2022-08-05,66.63491821289062,1.5191227446989493,2022-09-02,Development,true,,adverse_first,,2.3637927852299123,1.979866663186014,-5.219583941876616,-3.439780445959895,4.223677184824348,-5.819525502356083,TSX_above_MA50
early_watch|TRP.TO|2022-08-11,early_watch,TRP.TO,Energy,2022-08-11,2022-08-10,1,69.1,2022-08-12,47.101524353027344,1.1125364076530688,2022-09-12,Development,true,,adverse_first,,-1.63809623772877,0.6429703073898674,-2.0055182548008976,-1.0510907825586835,1.867710968814551,-6.4758419784694095,TSX_above_MA50
early_watch|PXT.TO|2022-08-17,early_watch,PXT.TO,Energy,2022-08-17,2022-08-16,1,58.5,2022-08-18,14.126946449279785,0.779757776171835,2022-09-16,Development,true,,success,7,7.043688197339426,8.17478249264152,9.50123663546314,13.841145954041746,14.235049293360547,-3.084840859311344,TSX_above_MA50
early_watch|WPM.TO|2022-08-18,early_watch,WPM.TO,Materials,2022-08-18,2022-08-17,1,64.5,2022-08-19,39.69413375854492,1.388951298217346,2022-09-19,Development,true,,adverse_first,,-0.12068525932098506,-0.8227125083572928,4.067183575272448,6.796978563869649,7.0446608690632795,-5.470486607890246,TSX_above_MA50
early_watch|PAAS.TO|2022-08-18,early_watch,PAAS.TO,Materials,2022-08-18,2022-08-17,2,60.7,2022-08-19,19.306560516357422,1.053713389892711,2022-09-19,Development,true,,adverse_first,,-1.0994450019649937,-5.975184441165837,2.4378302024915977,5.167625191088798,3.776238140283783,-9.416845919337735,TSX_above_MA50
early_watch|PEY.TO|2022-08-22,early_watch,PEY.TO,Energy,2022-08-22,2022-08-19,1,67,2022-08-23,9.208680152893066,0.4750797366146356,2022-09-21,Development,true,,adverse_first,,-2.925331097210948,-8.296426232764475,-9.007238089556946,-4.999810792775361,3.5404822372584466,-13.114571618899662,TSX_above_MA50
early_watch|PXT.TO|2022-08-22,early_watch,PXT.TO,Energy,2022-08-22,2022-08-19,2,59.8,2022-08-23,14.729790687561035,0.7429232403863314,2022-09-21,Development,true,,neither,,3.846159075524902,3.451670264847473,0.230212352556336,4.237639649337921,9.559766206382747,-1.2820594674862296,TSX_above_MA50
early_watch|WDO.TO|2022-08-23,early_watch,WDO.TO,Materials,2022-08-23,2022-08-22,1,58.9,2022-08-24,8.55219554901123,0.5109623425509897,2022-09-22,Development,true,,adverse_first,,-10.280378521541989,-3.621504328848646,-1.9859768922146248,3.1020846419426267,3.037370097222114,-11.68224431324223,TSX_above_MA50
early_watch|DCBO.TO|2022-08-29,early_watch,DCBO.TO,Technology,2022-08-29,2022-08-26,1,62.5,2022-08-30,39.86000061035156,2.158571515764509,2022-09-28,Development,true,,adverse_first,,-0.45158129056585006,2.107376165894359,-4.365282618723598,0.06255733691472631,5.2684356296164525,-13.371805693526495,TSX_above_MA50
early_watch|BB.TO|2022-08-29,early_watch,BB.TO,Technology,2022-08-29,2022-08-26,2,61.8,2022-08-30,7.929999828338623,0.3207141331263951,2022-09-28,Development,true,,adverse_first,,-5.674650933244896,-1.008826298080956,-13.619167050251002,-9.191327094612678,1.639351754000118,-16.897852519014112,TSX_above_MA50
early_watch|FFH.TO|2022-08-30,early_watch,FFH.TO,Financials,2022-08-30,2022-08-29,1,59.5,2022-08-31,621.8118896484375,13.91934092858792,2022-09-29,Development,true,,adverse_first,,-0.435276978289445,-2.136729485149147,-3.438015753404622,1.1608625344637695,1.4983110369792607,-6.527780298773989,TSX_above_MA50
early_watch|WPM.TO|2022-09-02,early_watch,WPM.TO,Materials,2022-09-02,2022-09-01,1,68.3,2022-09-06,38.95439529418945,1.1068328857642722,2022-10-04,Development,true,,success,3,5.698073995993402,4.662052529945915,15.98418709747611,14.502639372574897,17.88354644007386,-2.787391378859261,TSX_not_above_MA50
early_watch|TRP.TO|2022-09-02,early_watch,TRP.TO,Energy,2022-09-02,2022-09-01,2,67.5,2022-09-06,44.65702438354492,0.7597190996360449,2022-10-04,Development,true,,success,4,2.179886834496636,1.6308703889465148,-3.647003037866514,-5.128550762767725,3.972250985359338,-8.797669221374427,TSX_not_above_MA50
early_watch|CCA.TO|2022-09-02,early_watch,CCA.TO,Communication,2022-09-02,2022-09-01,3,66.2,2022-09-06,60.69422912597656,1.2370255341968515,2022-10-04,Development,true,,success,3,1.9760376523164203,-0.09221509044143872,-4.492148267183415,-5.973695992084626,5.427502939685791,-7.587920267365411,TSX_not_above_MA50
early_watch|FNV.TO|2022-09-02,early_watch,FNV.TO,Materials,2022-09-02,2022-09-01,4,64.5,2022-09-06,151.00680541992188,3.5974569125402565,2022-10-04,Development,true,,success,4,1.9884640669691311,1.0591244355765639,7.976450383584632,6.494902658683421,9.173917356472128,-3.775336730763168,TSX_not_above_MA50
early_watch|ABX.TO|2022-09-02,early_watch,ABX.TO,Materials,2022-09-02,2022-09-01,5,61.6,2022-09-06,17.732730865478516,0.4646959887136128,2022-10-04,Development,true,,success,3,4.925579683379411,3.2324526748139126,11.390452764734826,9.908905039833616,14.879423058052899,-1.23142849583453,TSX_not_above_MA50
early_watch|AC.TO|2022-09-02,early_watch,AC.TO,Industrials,2022-09-02,2022-09-01,6,58.7,2022-09-06,17.290000915527344,0.617143086024693,2022-10-04,Development,true,,success,3,6.824744565325314,10.69981709752077,3.990737942005129,2.509190217103918,12.37709240215601,-5.263167765037602,TSX_not_above_MA50
early_watch|ARE.TO|2022-09-06,early_watch,ARE.TO,Industrials,2022-09-06,2022-09-02,1,64.3,2022-09-07,9.476526260375977,0.2683827598429985,2022-10-05,Development,true,,success,2,2.3683945166570686,-3.1579197368021172,-8.109303765838261,-8.076557805970031,6.228049008827585,-15.781731935883968,TSX_not_above_MA50
early_watch|RUS.TO|2022-09-07,early_watch,RUS.TO,Industrials,2022-09-07,2022-09-06,1,81,2022-09-08,24.09223747253418,0.5186049126682748,2022-10-06,Development,true,,adverse_first,,-1.2035210075058922,-5.097333435408046,-9.203547291480007,-6.9679319821512085,3.5752163311660645,-10.973441250623194,TSX_not_above_MA50
early_watch|IVN.TO|2022-09-07,early_watch,IVN.TO,Materials,2022-09-07,2022-09-06,2,65.9,2022-09-08,8.550000190734863,0.4028570992606027,2022-10-06,Development,true,,success,2,4.3274839450884395,1.4035074021298666,8.070170350768091,10.30578566009689,15.438592577513921,-8.538011728520722,TSX_not_above_MA50
early_watch|FSV.TO|2022-09-07,early_watch,FSV.TO,Real Estate,2022-09-07,2022-09-06,3,65,2022-09-08,161.23109436035156,3.3557354352432793,2022-10-06,Development,true,,adverse_first,,-1.147888868162894,-5.6126088244849885,8.649534881233901,10.8851501905627,8.952129254374853,-7.986958704832892,TSX_not_above_MA50
early_watch|CCA.TO|2022-09-07,early_watch,CCA.TO,Communication,2022-09-07,2022-09-06,4,64.9,2022-09-08,61.27791213989258,1.319837175866147,2022-10-06,Development,true,,success,2,0.27398527494115754,-1.7092953482452322,-7.228612050932181,-4.992996741603383,4.423287219590888,-8.559505247998889,TSX_not_above_MA50
early_watch|FNV.TO|2022-09-07,early_watch,FNV.TO,Materials,2022-09-07,2022-09-06,5,62,2022-09-08,155.41009521484375,3.8811419443351554,2022-10-06,Development,true,,adverse_first,,-3.629991135945998,-1.3400352441385155,6.773843696526516,9.009459005855314,6.897623214046544,-6.501704520497043,TSX_not_above_MA50
early_watch|BNS.TO|2022-09-07,early_watch,BNS.TO,Financials,2022-09-07,2022-09-06,6,58.5,2022-09-08,57.621253967285156,1.23853920561023,2022-10-06,Development,true,,adverse_first,,-1.7352919874696338,-3.7598180636880363,-8.593143518869761,-6.357528209540963,2.2586204706989577,-9.805807904187747,TSX_not_above_MA50
early_watch|MX.TO|2022-09-08,early_watch,MX.TO,Materials,2022-09-08,2022-09-07,1,72,2022-09-09,44.212486267089844,1.733365991652312,2022-10-07,Development,true,,adverse_first,,-7.490467244369691,-16.828063894182232,1.720356740849338,7.7395903783794235,2.9430334433545813,-17.609686714227955,TSX_above_MA50
early_watch|TRP.TO|2022-09-08,early_watch,TRP.TO,Energy,2022-09-08,2022-09-07,2,68.1,2022-09-09,45.61608123779297,0.8359482487180045,2022-10-07,Development,true,,adverse_first,,-1.3752989425807827,-6.402167188410224,-9.125369146733952,-3.1061355092038667,1.786282851900034,-10.731199353421438,TSX_above_MA50
early_watch|PPL.TO|2022-09-08,early_watch,PPL.TO,Energy,2022-09-08,2022-09-07,3,66.4,2022-09-09,37.5670166015625,0.7188473580927364,2022-10-07,Development,true,,adverse_first,,-1.0688397850196152,-8.718082755752254,-6.44141004519917,-0.4221764076690846,3.0996340674688705,-10.715565633179224,TSX_above_MA50
early_watch|TA.TO|2022-09-08,early_watch,TA.TO,Utilities,2022-09-08,2022-09-07,5,62.6,2022-09-09,11.4784517288208,0.2719536854530989,2022-10-07,Development,true,,adverse_first,,1.0543344486790396,3.568527460344262,-7.299276198154725,-1.28004256062464,5.190585799844705,-7.461485897328679,TSX_above_MA50
early_watch|WFG.TO|2022-09-09,early_watch,WFG.TO,Materials,2022-09-09,2022-09-08,1,61.9,2022-09-12,106.58526611328125,3.465173362205714,2022-10-11,Development,true,,adverse_first,,-3.5193907895181398,-14.843793395495485,-9.354694487122151,-0.49652491257219467,-0.6933473088599595,-16.042066606769932,TSX_above_MA50
early_watch|TVE.TO|2022-09-13,early_watch,TVE.TO,Energy,2022-09-13,2022-09-12,1,62.3,2022-09-14,3.5161259174346924,0.17483199579005057,2022-10-13,Development,true,,adverse_first,,0.24876419721284737,-5.200220698805868,6.275601871776493,11.915338170539147,13.759727782752073,-18.407959241560732,TSX_above_MA50
early_watch|SDE.TO|2022-09-13,early_watch,SDE.TO,Energy,2022-09-13,2022-09-12,2,59.5,2022-09-14,4.2762017250061035,0.18519951100752594,2022-10-13,Development,true,,adverse_first,,-5.1948154768509,-15.503256356460216,-4.220779908662564,1.4189563901000906,0.1623359360240828,-23.457791904889035,TSX_above_MA50
early_watch|CG.TO|2022-09-14,early_watch,CG.TO,Materials,2022-09-14,2022-09-13,1,69.1,2022-09-15,4.8986101150512695,0.24410185092533115,2022-10-14,Development,true,,success,5,6.7395331315772244,7.46813288647179,11.111112192681304,17.41881291866525,28.96175262190821,-5.646659499974927,TSX_above_MA50
early_watch|MX.TO|2022-09-14,early_watch,MX.TO,Materials,2022-09-14,2022-09-13,2,68.1,2022-09-15,42.320472717285156,1.779837153440235,2022-10-14,Development,true,,adverse_first,,-7.26108516829459,-3.9505562346978884,5.3409852373225375,11.648685963306482,8.872225900141629,-13.926278210010901,TSX_above_MA50
early_watch|GRT-UN.TO|2022-09-14,early_watch,GRT-UN.TO,Real Estate,2022-09-14,2022-09-13,3,60.8,2022-09-15,61.53902816772461,1.344879852709864,2022-10-14,Development,true,,adverse_first,,-3.816809319215797,-11.215052336377806,-9.887641939942426,-3.579941213958482,1.799327015349328,-13.39088595923874,TSX_above_MA50
early_watch|CSU.TO|2022-09-14,early_watch,CSU.TO,Technology,2022-09-14,2022-09-13,4,60.3,2022-09-15,1943.6024169921875,51.359240379388666,2022-10-14,Development,true,,adverse_first,,-2.1386521321359875,-1.2975198893153461,-6.496065724443634,-0.18836499845968913,5.271580772054896,-8.836017501098215,TSX_above_MA50
early_watch|CAR-UN.TO|2022-09-14,early_watch,CAR-UN.TO,Real Estate,2022-09-14,2022-09-13,5,59.2,2022-09-15,37.126747131347656,0.8957220059064913,2022-10-14,Development,true,,adverse_first,,-4.477313971235097,-7.383262399571578,-8.044322178947072,-1.736621452963127,-0.22727380389013785,-9.959132614067379,TSX_above_MA50
early_watch|HR-UN.TO|2022-09-14,early_watch,HR-UN.TO,Real Estate,2022-09-14,2022-09-13,6,58.8,2022-09-15,10.267960548400879,0.22303146459890869,2022-10-14,Development,true,,adverse_first,,-6.834809840715906,-16.254330350968914,-13.067886770151437,-6.760186044167493,0.8950479062581174,-16.49941565156524,TSX_above_MA50
early_watch|AP-UN.TO|2022-09-15,early_watch,AP-UN.TO,Real Estate,2022-09-15,2022-09-14,3,61.9,2022-09-16,21.083280563354492,0.5017021354468321,2022-10-17,Development,true,,adverse_first,,-9.560698664909905,-11.143135549681006,-9.324379839494624,-5.37872668327133,0.12918487814943536,-15.072805341181772,TSX_above_MA50
early_watch|CSH-UN.TO|2022-09-16,early_watch,CSH-UN.TO,Health Care,2022-09-16,2022-09-15,2,65.6,2022-09-19,8.474206924438477,0.1907371025563171,2022-10-18,Development,true,,adverse_first,,-8.333293944867403,-7.032489857470026,-13.34207194584649,-9.435592390089964,-0.19602761858603657,-15.70818143191235,TSX_not_above_MA50
early_watch|CAE.TO|2022-09-16,early_watch,CAE.TO,Industrials,2022-09-16,2022-09-15,4,62.6,2022-09-19,23.290000915527344,0.6714286804199219,2022-10-18,Development,true,,adverse_first,,-8.501508680769964,-7.084591932234996,1.803341143989834,5.709820699746359,3.9072555244315854,-10.261920150478254,TSX_not_above_MA50
early_watch|AIF.TO|2022-09-16,early_watch,AIF.TO,Real Estate,2022-09-16,2022-09-15,5,59.3,2022-09-19,46.793251037597656,1.1726912056702241,2022-10-18,Development,true,,adverse_first,,-5.0122324333534145,-7.132140443498058,0.9015315609824048,4.80801111673893,1.555673759271592,-10.096253067671624,TSX_not_above_MA50
early_watch|NTR.TO|2022-09-19,early_watch,NTR.TO,Materials,2022-09-19,2022-09-16,1,73.5,2022-09-20,103.90479278564453,3.983342651862696,2022-10-19,Development,true,,adverse_first,,-3.4629024769717076,-0.21544152001073957,-5.866484117897275,-2.281840563451043,1.9312516171765104,-9.575209255639628,TSX_above_MA50
early_watch|VET.TO|2022-09-19,early_watch,VET.TO,Energy,2022-09-19,2022-09-16,2,70.1,2022-09-20,26.395320892333984,1.602383656510699,2022-10-19,Development,true,,adverse_first,,-7.587809592629391,6.966857555776351,0.8193442326799749,4.403987787126207,8.42897872638877,-16.699806076719913,TSX_above_MA50
early_watch|GOOS.TO|2022-09-19,early_watch,GOOS.TO,Consumer,2022-09-19,2022-09-16,3,62.7,2022-09-20,23.549999237060547,1.1571429116385323,2022-10-19,Development,true,,adverse_first,,-3.4394882895269485,-3.057322024118936,1.4437374250646728,5.028380979510905,6.1571159656667485,-11.974521385063975,TSX_above_MA50
early_watch|BB.TO|2022-09-19,early_watch,BB.TO,Technology,2022-09-19,2022-09-16,5,59.7,2022-09-20,7.46999979019165,0.2857142857142857,2022-10-19,Development,true,,adverse_first,,-6.425703247056869,-9.772423555245613,-21.82061155803514,-18.23596800358891,1.0709558606448066,-26.50602509618929,TSX_above_MA50
early_watch|CG.TO|2022-09-20,early_watch,CG.TO,Materials,2022-09-20,2022-09-19,1,69,2022-09-21,5.237674713134766,0.26704612248721327,2022-10-20,Development,true,,adverse_first,,-0.681396915569632,13.628648422279266,4.429325758817204,7.583951726395199,20.61332183615592,-11.754690110247212,TSX_not_above_MA50
early_watch|EIF.TO|2022-09-20,early_watch,EIF.TO,Industrials,2022-09-20,2022-09-19,3,66,2022-09-21,38.437931060791016,0.7577294795996217,2022-10-20,Development,true,,adverse_first,,-6.719170868038216,-1.9003454948074538,-5.301841266110996,-2.1472152985330006,0.6074684480424697,-10.491399982685568,TSX_not_above_MA50
early_watch|CTC-A.TO|2022-09-21,early_watch,CTC-A.TO,Consumer,2022-09-21,2022-09-20,1,66.8,2022-09-22,129.26168823242188,3.5374242389223776,2022-10-21,Development,true,,adverse_first,,-4.259892290363199,-1.5868650055115507,-2.8941328207945594,-2.1484533932625727,0.5528063320334731,-6.802808201251709,TSX_not_above_MA50
early_watch|MFC.TO|2022-09-21,early_watch,MFC.TO,Financials,2022-09-21,2022-09-20,2,65.8,2022-09-22,18.418996810913086,0.40201923221106484,2022-10-21,Development,true,,adverse_first,,-2.444562978500564,0.9053668485788258,-0.13584127095570553,0.6098381565762812,3.3951794952784997,-5.794494570708486,TSX_not_above_MA50
early_watch|DIR-UN.TO|2022-09-21,early_watch,DIR-UN.TO,Real Estate,2022-09-21,2022-09-20,3,65.7,2022-09-22,8.978713035583496,0.2599156814754307,2022-10-21,Development,true,,adverse_first,,-5.101826760516859,-4.113294054305405,-3.663961971618701,-2.9182825440867144,1.3685046627329278,-7.88765273477533,TSX_not_above_MA50
early_watch|REI-UN.TO|2022-09-21,early_watch,REI-UN.TO,Real Estate,2022-09-21,2022-09-20,4,64.9,2022-09-22,15.141714096069336,0.33554653060960227,2022-10-21,Development,true,,adverse_first,,-4.725985716155412,-1.154495511121012,-1.4171167554457464,-0.6714373279137598,2.1018083666575427,-6.2490773701864955,TSX_not_above_MA50
early_watch|FSV.TO|2022-09-21,early_watch,FSV.TO,Real Estate,2022-09-21,2022-09-20,5,62.1,2022-09-22,152.18182373046875,3.677873924117441,2022-10-21,Development,true,,adverse_first,,3.6845052052522087,15.110221320979388,7.5058646068918655,8.251544034423851,15.430809028058068,-2.5155371398418613,TSX_not_above_MA50
early_watch|CAR-UN.TO|2022-09-21,early_watch,CAR-UN.TO,Real Estate,2022-09-21,2022-09-20,6,61.2,2022-09-22,35.4644660949707,0.9781952223249445,2022-10-21,Development,true,,adverse_first,,-3.042155271326241,-0.41715442426031313,-2.755787826710643,-2.010108399178656,3.4487464910025745,-6.740989976970035,TSX_not_above_MA50
early_watch|TECK-B.TO|2022-09-22,early_watch,TECK-B.TO,Materials,2022-09-22,2022-09-21,1,70.2,2022-09-23,37.655948638916016,1.4906945463307808,2022-10-24,Development,true,,success,5,6.005552876065434,10.774670480963922,18.470834737659693,16.104077578279785,21.574560119113784,-1.9808208156062213,TSX_not_above_MA50
early_watch|L.TO|2022-09-22,early_watch,L.TO,Consumer,2022-09-22,2022-09-21,3,66.8,2022-09-23,26.71149444580078,0.5340005134956155,2022-10-24,Development,true,,adverse_first,,-2.321872458855412,-3.848915592655966,-0.8930262209704387,-3.259783380350345,1.6877954078454938,-5.688531376604466,TSX_not_above_MA50
early_watch|CM.TO|2022-09-22,early_watch,CM.TO,Financials,2022-09-22,2022-09-21,4,64,2022-09-23,50.21074295043945,0.9721854148498856,2022-10-24,Development,true,,success,7,0.690426436729652,-2.607061226086793,-0.6252257844192366,-2.991982943799143,5.103779541102749,-7.819774258089851,TSX_not_above_MA50
early_watch|FTS.TO|2022-09-22,early_watch,FTS.TO,Utilities,2022-09-22,2022-09-21,5,63.5,2022-09-23,48.15388870239258,0.6837504645587573,2022-10-24,Development,true,,adverse_first,,-6.60259284987792,-9.592440237076772,-8.115309104554902,-10.482066263934808,-0.17796399098229942,-13.774685553353361,TSX_not_above_MA50
early_watch|LSPD.TO|2022-09-23,early_watch,LSPD.TO,Technology,2022-09-23,2022-09-22,2,63.3,2022-09-26,22.34000015258789,1.3785709653581892,2022-10-25,Development,true,,success,2,11.32498061488343,7.341089429036818,12.93643406405105,8.734982653563783,23.008054407076695,-2.7305309139888267,TSX_not_above_MA50
early_watch|DIR-UN.TO|2022-09-23,early_watch,DIR-UN.TO,Real Estate,2022-09-23,2022-09-22,3,59.9,2022-09-26,8.457161903381348,0.26106198346748094,2022-10-25,Development,true,,success,6,4.566802552600224,-1.062215204211736,5.425487684507968,1.2240362740207011,7.619875865092096,-2.2071065237860954,TSX_not_above_MA50
early_watch|CAR-UN.TO|2022-09-23,early_watch,CAR-UN.TO,Real Estate,2022-09-23,2022-09-22,4,59.2,2022-09-26,34.510982513427734,0.9564971384142739,2022-10-25,Development,true,,success,5,4.443105979353912,-2.0309396190739126,1.990859356856589,-2.210592053630678,6.306870894502059,-4.164391792513477,TSX_not_above_MA50
early_watch|DSG.TO|2022-09-23,early_watch,DSG.TO,Technology,2022-09-23,2022-09-22,5,58.6,2022-09-26,86.91999816894531,2.3457129342215404,2022-10-25,Development,true,,success,6,3.221356547103782,4.993101770261821,5.3152356694741165,1.1137842589868496,12.678330078932465,-1.5301447987488226,TSX_not_above_MA50
early_watch|CM.TO|2022-09-26,early_watch,CM.TO,Financials,2022-09-26,2022-09-23,1,72.5,2022-09-27,50.08078384399414,1.0045922796925986,2022-10-26,Development,true,,success,5,3.9906456068408147,-5.61028221538733,1.536153326492684,-3.772485948837234,5.376522741683165,-7.580567543461269,TSX_not_above_MA50
early_watch|AEM.TO|2022-09-26,early_watch,AEM.TO,Materials,2022-09-26,2022-09-23,2,68.2,2022-09-27,47.540103912353516,1.909436463135078,2022-10-26,Development,true,,success,2,18.788691028090753,12.267787632078786,17.763146333601696,12.454507058271778,21.24612209964507,2.70896394040685,TSX_not_above_MA50
early_watch|FSV.TO|2022-09-26,early_watch,FSV.TO,Real Estate,2022-09-26,2022-09-23,3,67.5,2022-09-27,158.78614807128906,3.8093794116613333,2022-10-26,Development,true,,adverse_first,,7.090190097085314,1.3322334771481037,6.868956793006942,1.5603175176770234,11.821883667269152,-2.705038171112928,TSX_not_above_MA50
early_watch|GOOS.TO|2022-09-26,early_watch,GOOS.TO,Consumer,2022-09-26,2022-09-23,6,59.7,2022-09-27,22.739999771118164,1.2178570883614677,2022-10-26,Development,true,,adverse_first,,0.39577903911063306,-0.08795276149946574,4.793316462440278,-0.5153228128896403,9.938435583241478,-8.839051227409056,TSX_not_above_MA50
early_watch|CTC-A.TO|2022-09-27,early_watch,CTC-A.TO,Consumer,2022-09-27,2022-09-26,2,70.8,2022-09-28,126.571533203125,3.1302973351693177,2022-10-27,Development,true,,adverse_first,,1.0361372259310109,-1.3350103291238868,1.872997586977787,-1.8977299305733553,3.21464792838142,-4.82199238991603,TSX_not_above_MA50
early_watch|LSPD.TO|2022-09-27,early_watch,LSPD.TO,Technology,2022-09-27,2022-09-26,4,69.3,2022-09-28,25.389999389648438,1.4449995585850306,2022-10-27,Development,true,,adverse_first,,4.608113841747308,-7.050015955921996,-0.19692492423191155,-3.967652441783054,8.231588037926407,-14.41512381014196,TSX_not_above_MA50
early_watch|ABX.TO|2022-09-27,early_watch,ABX.TO,Materials,2022-09-27,2022-09-26,5,68.3,2022-09-28,18.53338623046875,0.556300373909065,2022-10-27,Development,true,,success,2,6.381946296900054,-0.8836419112731364,3.043687489914415,-0.7270400276367273,9.916550906432796,-4.565527329807373,TSX_not_above_MA50
early_watch|T.TO|2022-09-27,early_watch,T.TO,Communication,2022-09-27,2022-09-26,6,63.1,2022-09-28,21.47323226928711,0.3126008271519162,2022-10-27,Development,true,,adverse_first,,-0.17632546993922027,-3.314556430989868,0.24679881024942674,-3.5239287073017156,1.5867060022215496,-7.263782457162094,TSX_not_above_MA50
early_watch|DOO.TO|2022-09-28,early_watch,DOO.TO,Consumer,2022-09-28,2022-09-27,2,67.6,2022-09-29,83.85092163085938,3.840380935332964,2022-10-28,Development,true,,adverse_first,,2.679694150625256,-2.978706716741397,7.728578151255605,2.1467022286689064,7.855088342144811,-6.992520292399962,TSX_not_above_MA50
early_watch|CAR-UN.TO|2022-09-28,early_watch,CAR-UN.TO,Real Estate,2022-09-28,2022-09-27,3,62.5,2022-09-29,34.385581970214844,1.0012845407731892,2022-10-28,Development,true,,success,2,2.7073630343287025,-0.713758437732348,5.245965874762892,-0.3359100478238064,6.694560693353813,-3.8148895697863283,TSX_not_above_MA50
early_watch|FTT.TO|2022-09-28,early_watch,FTT.TO,Industrials,2022-09-28,2022-09-27,4,61.2,2022-09-29,22.061906814575195,0.8080957257425041,2022-10-28,Development,true,,success,3,6.028109952343752,5.243596907111581,16.763021522041587,11.181145599454888,18.00166425623495,-0.4128668205852004,TSX_not_above_MA50
early_watch|GOOS.TO|2022-09-28,early_watch,GOOS.TO,Consumer,2022-09-28,2022-09-27,5,59.4,2022-09-29,21.959999084472656,1.1299999782017298,2022-10-28,Development,true,,adverse_first,,9.972680443352623,3.324232604823396,7.87796685660247,2.296090934015771,13.843356294476571,-5.6010910451541385,TSX_not_above_MA50
early_watch|REI-UN.TO|2022-09-28,early_watch,REI-UN.TO,Real Estate,2022-09-28,2022-09-27,6,59.4,2022-09-29,14.426118850708008,0.38517935840175455,2022-10-28,Development,true,,success,2,3.748650911668383,2.0948401660038085,8.297440278836055,2.715564356249356,9.316465315960443,-0.8820092111152755,TSX_not_above_MA50
early_watch|PPL.TO|2022-09-29,early_watch,PPL.TO,Energy,2022-09-29,2022-09-28,2,63.1,2022-09-30,33.856178283691406,0.9913402959093089,2022-10-31,Development,true,,success,2,3.8131673516094367,2.979033472395076,7.728416978828867,2.404789864528234,7.896068299174752,-1.3822590900661513,TSX_not_above_MA50
early_watch|EIF.TO|2022-09-29,early_watch,EIF.TO,Industrials,2022-09-29,2022-09-28,3,60.7,2022-09-30,34.73212432861328,1.050376308099567,2022-10-31,Development,true,,success,2,7.746129576670291,8.807886110408791,10.302468429352452,4.9788413150518185,12.023669563416517,0.3137092245716122,TSX_not_above_MA50
early_watch|TIH.TO|2022-09-29,early_watch,TIH.TO,Industrials,2022-09-29,2022-09-28,4,59.5,2022-09-30,90.63424682617188,2.2351580029021156,2022-10-31,Development,true,,success,2,1.3830923097488457,2.9741796280888577,8.88101395904175,3.557386844741117,9.432185275805383,-1.3727246424360628,TSX_not_above_MA50
early_watch|IGM.TO|2022-09-30,early_watch,IGM.TO,Financials,2022-09-30,2022-09-29,1,71.6,2022-10-03,29.17418098449707,0.6231566450996497,2022-11-01,Development,true,,adverse_first,,-3.4366385839969205,3.2957752169518795,3.3239400450048917,-0.047138203922880706,4.3380299285693535,-5.774649451754965,TSX_not_above_MA50
early_watch|CTC-A.TO|2022-09-30,early_watch,CTC-A.TO,Consumer,2022-09-30,2022-09-29,2,69.1,2022-10-03,125.96623992919922,3.258200603655698,2022-11-01,Development,true,,adverse_first,,-3.123330054842788,1.661782242694665,2.332198126457441,-1.0388801224703315,4.349021404550846,-4.364642802721708,TSX_not_above_MA50
early_watch|BYD.TO|2022-09-30,early_watch,BYD.TO,Industrials,2022-09-30,2022-09-29,4,66,2022-10-03,168.20220947265625,5.454645346758759,2022-11-01,Development,true,,success,3,7.365126595484117,13.30665045857411,17.67159562018634,14.300517371258568,17.98337786493567,1.1235680313466334,TSX_not_above_MA50
early_watch|ATS.TO|2022-09-30,early_watch,ATS.TO,Industrials,2022-09-30,2022-09-29,5,62.8,2022-10-03,39.880001068115234,1.173571995326451,2022-11-01,Development,true,,success,1,6.9207578927069635,16.750251068866095,13.44032213338373,10.069243884455958,18.004012319137864,1.680035483953346,TSX_not_above_MA50
early_watch|CHP-UN.TO|2022-09-30,early_watch,CHP-UN.TO,Real Estate,2022-09-30,2022-09-29,6,62.6,2022-10-03,10.294734954833984,0.22105079025243235,2022-11-01,Development,true,,adverse_first,,-3.0708269861485338,0.5511814378981406,3.8714986421255038,0.5004203931977314,5.511827634335997,-4.094460879881212,TSX_not_above_MA50
early_watch|DOO.TO|2022-10-03,early_watch,DOO.TO,Consumer,2022-10-03,2022-09-30,1,69.3,2022-10-04,87.02364349365234,3.7067533384729123,2022-11-02,Development,true,,adverse_first,,-5.817805377577412,-7.092190560654609,-3.1249926028130037,-2.6397311294765746,3.922890343315344,-10.383401809479864,TSX_not_above_MA50
early_watch|GIL.TO|2022-10-03,early_watch,GIL.TO,Consumer,2022-10-03,2022-09-30,2,69,2022-10-04,38.01917266845703,1.0345070350487247,2022-11-02,Development,true,,adverse_first,,-1.4306228727482773,3.661486712785167,-2.5703110561001496,-2.0850495827637205,6.4258029652160875,-4.510159142713599,TSX_not_above_MA50
early_watch|CRR-UN.TO|2022-10-03,early_watch,CRR-UN.TO,Real Estate,2022-10-03,2022-09-30,3,62.1,2022-10-04,11.657727241516113,0.29578111001272006,2022-11-02,Development,true,,adverse_first,,-5.67186078745171,-3.1060094585959597,1.6447053843938075,2.1299668577302366,3.308562554438166,-7.629996524776505,TSX_not_above_MA50
early_watch|KMP-UN.TO|2022-10-03,early_watch,KMP-UN.TO,Real Estate,2022-10-03,2022-09-30,5,61.5,2022-10-04,13.818212509155273,0.35225531127022286,2022-11-02,Development,true,,adverse_first,,-7.416577555829251,-7.725602483352367,-2.6072977531370056,-2.1220362798005765,0.061804311268565115,-9.641529816510296,TSX_not_above_MA50
early_watch|BEPC.TO|2022-10-03,early_watch,BEPC.TO,Utilities,2022-10-03,2022-09-30,6,61.1,2022-10-04,37.96746063232422,1.2385500718139915,2022-11-02,Development,true,,adverse_first,,-11.225585359585132,-7.103688537519859,-8.090301340045992,-7.6050398667095624,1.1620312871873262,-13.02344904528402,TSX_not_above_MA50
early_watch|L.TO|2022-10-07,early_watch,L.TO,Consumer,2022-10-07,2022-10-06,1,65.6,2022-10-11,25.614212036132812,0.5873148261838735,2022-11-08,Development,true,,success,10,2.6261830169785005,3.7064837104511694,5.922903661447609,-2.0017019170105232,6.5934216591497785,-1.6483401185473867,TSX_not_above_MA50
early_watch|BNS.TO|2022-10-07,early_watch,BNS.TO,Financials,2022-10-07,2022-10-06,2,64.8,2022-10-11,51.645877838134766,1.1101774019376671,2022-11-08,Development,true,,success,5,3.871388425011424,1.9981376291607011,3.7777380725429355,-4.146867505915197,5.12021069899995,-1.3581046351241244,TSX_not_above_MA50
early_watch|TA.TO|2022-10-07,early_watch,TA.TO,Utilities,2022-10-07,2022-10-06,3,64.1,2022-10-11,10.398565292358398,0.311863798672198,2022-11-08,Development,true,,adverse_first,,2.5962321365453844,6.714399149058403,12.981206538779633,5.0566009603215,16.293649793039112,-5.819165554133299,TSX_not_above_MA50
early_watch|KEY.TO|2022-10-07,early_watch,KEY.TO,Energy,2022-10-07,2022-10-06,4,62.6,2022-10-11,22.504558563232422,0.6297188819641109,2022-11-08,Development,true,,success,11,2.4513449169284884,3.9039755502009887,5.644159144053629,-2.280446434404504,8.218201478708664,-2.0187310178933493,TSX_not_above_MA50
early_watch|CHP-UN.TO|2022-10-07,early_watch,CHP-UN.TO,Real Estate,2022-10-07,2022-10-06,5,62,2022-10-11,9.978601455688477,0.24337774950452903,2022-11-08,Development,true,,success,5,3.7367577906901817,4.792827746293193,12.385741354418789,4.461135775960656,14.18130433637861,-0.9748588257140423,TSX_not_above_MA50
early_watch|GEI.TO|2022-10-07,early_watch,GEI.TO,Energy,2022-10-07,2022-10-06,6,61.2,2022-10-11,16.602048873901367,0.4948656903743182,2022-11-08,Development,true,,success,11,3.059790872395163,4.91422873066103,11.45111212849348,3.5265065500353465,12.98100546193519,-1.9471478099921002,TSX_not_above_MA50
early_watch|NTR.TO|2022-10-11,early_watch,NTR.TO,Materials,2022-10-11,2022-10-07,1,67,2022-10-12,99.48811340332031,3.863200615861276,2022-11-09,Development,true,,adverse_first,,-1.6875169573008053,-2.6667728007732427,-11.856268653030888,-18.10685197400943,4.572886775038421,-16.50782124387754,TSX_not_above_MA50
early_watch|CIGI.TO|2022-10-11,early_watch,CIGI.TO,Real Estate,2022-10-11,2022-10-07,2,62.1,2022-10-12,126.0486831665039,5.0762828387959615,2022-11-09,Development,true,,adverse_first,,1.836733125107104,6.098900623328962,-4.25431104637104,-10.504894367349582,6.420737554828193,-9.026677830513963,TSX_not_above_MA50
early_watch|CTC-A.TO|2022-10-12,early_watch,CTC-A.TO,Consumer,2022-10-12,2022-10-11,1,67.6,2022-10-13,124.88179016113281,2.9363494696123484,2022-11-10,Development,true,,success,12,-1.1039981290901002,3.2514146373529673,-0.5552858642077663,-7.952032383653451,5.255168505053742,-2.3991271081476473,TSX_not_above_MA50
early_watch|MFI.TO|2022-10-12,early_watch,MFI.TO,Consumer,2022-10-12,2022-10-11,2,65.3,2022-10-13,15.87053394317627,0.4873815712155557,2022-11-10,Development,true,,adverse_first,,-4.065039722173436,-2.199878964953861,11.908179215755155,4.51143269630947,12.29077435125494,-9.851730916317969,TSX_not_above_MA50
early_watch|TRP.TO|2022-10-13,early_watch,TRP.TO,Energy,2022-10-13,2022-10-12,3,65.2,2022-10-14,41.16776657104492,1.3981191624850555,2022-11-11,Development,true,,success,9,4.501772304240137,5.907476943551004,13.914578206602135,4.1739877397029215,14.217069602170262,0.5338024921308193,TSX_not_above_MA50
early_watch|BNS.TO|2022-10-13,early_watch,BNS.TO,Financials,2022-10-13,2022-10-12,4,62.5,2022-10-14,52.78264617919922,1.221383061098775,2022-11-11,Development,true,,adverse_first,,-0.9470280893054017,1.0844601592263636,4.90299894757793,-4.8375915193212835,6.369312356253021,-2.703553820427751,TSX_not_above_MA50
early_watch|KEY.TO|2022-10-13,early_watch,KEY.TO,Energy,2022-10-13,2022-10-12,5,59.3,2022-10-14,22.569461822509766,0.7191300195048991,2022-11-11,Development,true,,success,9,2.303772076798083,4.7258076592902265,4.0028148641186645,-5.737775602780549,7.9069971600440825,0.568576021208278,TSX_not_above_MA50
early_watch|ATRL.TO|2022-10-13,early_watch,ATRL.TO,Industrials,2022-10-13,2022-10-12,6,58.9,2022-10-14,22.215808868408203,0.8938859031142697,2022-11-11,Development,true,,success,12,2.8635116156436213,5.4138568318886415,8.680107855071162,-1.0604826118280517,9.485469919800016,-2.371383789313797,TSX_not_above_MA50
early_watch|AIF.TO|2022-10-14,early_watch,AIF.TO,Real Estate,2022-10-14,2022-10-13,2,67.6,2022-10-17,45.81855773925781,1.2061086591090628,2022-11-14,Development,true,,adverse_first,,0.480174106198783,1.0647103586194806,9.290170892494087,2.304505346873542,20.12525852902318,-3.15241486979857,TSX_not_above_MA50
early_watch|BMO.TO|2022-10-14,early_watch,BMO.TO,Financials,2022-10-14,2022-10-13,3,62.2,2022-10-17,102.39946746826172,2.6572149517438866,2022-11-14,Development,true,,success,10,1.107094978930756,4.042862519011181,9.572935714640685,2.5872701690201403,11.081868459591405,-1.6647637824640626,TSX_not_above_MA50
early_watch|PPL.TO|2022-10-17,early_watch,PPL.TO,Energy,2022-10-17,2022-10-14,1,62.4,2022-10-18,35.06648635864258,1.0097390510706288,2022-11-15,Development,true,,success,13,1.0041589479387936,2.992797691240523,8.033750236198788,1.6682385796010326,9.652389719117792,-0.29912365986108913,TSX_not_above_MA50
early_watch|ENB.TO|2022-10-17,early_watch,ENB.TO,Energy,2022-10-17,2022-10-14,2,60.5,2022-10-18,39.792091369628906,1.0200105681830098,2022-11-15,Development,true,,success,10,1.150100975356949,3.3723257539982177,6.109052235118728,-0.2564594214790272,8.465254219436913,-0.7992367384491161,TSX_not_above_MA50
early_watch|LIF.TO|2022-10-17,early_watch,LIF.TO,Materials,2022-10-17,2022-10-14,3,59.1,2022-10-18,21.393835067749023,0.8003501943306137,2022-11-15,Development,true,,success,13,4.7652612024163155,2.2048349886431007,14.402536755793749,8.037025099195994,15.611640957452044,-1.8492205996795463,TSX_not_above_MA50
early_watch|KNT.TO|2022-10-18,early_watch,KNT.TO,Materials,2022-10-18,2022-10-17,1,61.6,2022-10-19,6.5,0.38464280537196566,2022-11-16,Development,true,,adverse_first,,7.692307692307687,-5.999997945932245,9.846151792086077,2.972573082595642,17.230767470139718,-7.538458017202521,TSX_not_above_MA50
early_watch|CAR-UN.TO|2022-10-20,early_watch,CAR-UN.TO,Real Estate,2022-10-20,2022-10-19,1,63.7,2022-10-21,34.48714065551758,1.0240358900668984,2022-11-18,Development,true,,success,4,4.93603464461474,3.188782776181709,5.0591127997409835,-0.8785383885576259,9.48886757642975,-1.4724128154963156,TSX_not_above_MA50
early_watch|SSRM.TO|2022-10-20,early_watch,SSRM.TO,Materials,2022-10-20,2022-10-19,2,59.9,2022-10-21,18.52547264099121,0.7051296218786293,2022-11-18,Development,true,,adverse_first,,-0.3156285446565099,-0.10522324264057303,2.2847445963180224,-3.652906591980587,7.101528651101985,-6.891119418738745,TSX_not_above_MA50
early_watch|RCH.TO|2022-10-21,early_watch,RCH.TO,Industrials,2022-10-21,2022-10-20,1,82.4,2022-10-24,33.79814147949219,1.3238533114688988,2022-11-21,Development,true,,neither,,2.0368104668407883,-0.47431258309837965,2.8180424786511837,-2.7780924846126043,7.756669437515873,-2.622765791089099,TSX_not_above_MA50
early_watch|CTC-A.TO|2022-10-21,early_watch,CTC-A.TO,Consumer,2022-10-21,2022-10-20,2,72.6,2022-10-24,126.42022705078125,2.8336665249616795,2022-11-21,Development,true,,adverse_first,,2.623355537112748,1.0842326612332753,-1.079953883343976,-6.6760888466077635,5.788968142359363,-3.586854632623604,TSX_not_above_MA50
early_watch|DOO.TO|2022-10-21,early_watch,DOO.TO,Consumer,2022-10-21,2022-10-20,3,61.6,2022-10-24,81.59432220458984,3.2829477356125474,2022-11-21,Development,true,,success,2,7.658668553701808,6.3703893066595185,9.963354852029482,4.367219888765694,11.227990853059321,-0.1654769442532844,TSX_not_above_MA50
early_watch|MFI.TO|2022-10-21,early_watch,MFI.TO,Consumer,2022-10-21,2022-10-20,4,60.5,2022-10-24,14.967334747314453,0.4391319701001389,2022-11-21,Development,true,,success,4,2.3833551203143344,-0.7099416683211901,22.56588788298084,16.969752919717052,24.188642896551183,-4.411761441503781,TSX_not_above_MA50
early_watch|CAR-UN.TO|2022-10-24,early_watch,CAR-UN.TO,Real Estate,2022-10-24,2022-10-21,1,60.4,2022-10-25,35.19804763793945,1.0040863559184428,2022-11-22,Development,true,,success,13,1.2974916865874597,2.4790296519209942,4.866198032569136,-1.0143067587593535,7.277483545752728,-2.5123201869968304,TSX_not_above_MA50
early_watch|KNT.TO|2022-10-24,early_watch,KNT.TO,Materials,2022-10-24,2022-10-21,2,59.7,2022-10-25,6.940000057220459,0.3417856693267822,2022-11-22,Development,true,,adverse_first,,-7.636890568277888,4.466857928293733,9.51008417824777,3.6295793869192803,9.798268339077932,-13.400573784881175,TSX_not_above_MA50
early_watch|CS.TO|2022-10-25,early_watch,CS.TO,Materials,2022-10-25,2022-10-24,1,62,2022-10-26,3.3399999141693115,0.17642848832266672,2022-11-23,Development,true,,adverse_first,,0,18.562878440428364,31.43712512871213,26.237382603493977,46.10779161216292,-8.982034731306177,TSX_not_above_MA50
early_watch|MFI.TO|2022-10-26,early_watch,MFI.TO,Consumer,2022-10-26,2022-10-25,1,63.2,2022-10-27,15.521401405334473,0.45648066701376716,2022-11-24,Development,true,,adverse_first,,-1.4180876636345374,14.425399510143212,22.20048589988959,17.07442712578411,23.178483558974385,-7.823969817605958,TSX_above_MA50
early_watch|PBH.TO|2022-10-27,early_watch,PBH.TO,Consumer,2022-10-27,2022-10-26,1,60.6,2022-10-28,70.2879638671875,1.7643194702948801,2022-11-25,Development,true,,adverse_first,,-2.3906888514915847,2.564100059222052,4.533602437656192,-0.1533279986633218,4.954797246106368,-4.174414617926814,TSX_above_MA50
early_watch|ARE.TO|2022-10-31,early_watch,ARE.TO,Industrials,2022-10-31,2022-10-28,1,76,2022-11-01,8.192326545715332,0.37078669077146736,2022-11-29,Development,true,,adverse_first,,-1.8575652449856928,1.3415748991563392,1.2383884710586157,-2.65398205561278,6.295171918935005,-4.953558828078242,TSX_above_MA50
early_watch|NFI.TO|2022-11-03,early_watch,NFI.TO,Industrials,2022-11-03,2022-11-02,1,61,2022-11-04,9.020000457763672,0.6571427072797503,2022-12-02,Development,true,,success,7,10.421280850093817,12.527706246333858,8.425712157845577,3.099701628737095,18.736136303947614,-3.880270107619288,TSX_above_MA50
early_watch|MFI.TO|2022-11-03,early_watch,MFI.TO,Consumer,2022-11-03,2022-11-02,2,60.1,2022-11-04,15.012874603271484,0.4467221603963596,2022-12-02,Development,true,,ambiguous_both_hit,,19.86858203522519,21.132463565944647,28.3619634941628,23.035952965054317,29.42364376762876,-4.7017175445269626,TSX_above_MA50
early_watch|BHC.TO|2022-11-03,early_watch,BHC.TO,Health Care,2022-11-03,2022-11-02,3,59.8,2022-11-04,9.5,0.6049999509538923,2022-12-02,Development,true,,adverse_first,,4.526319001850321,6.73684571918689,12.421055843955585,7.095045314847103,15.684208117033304,-7.052632382041535,TSX_above_MA50
early_watch|AP-UN.TO|2022-11-04,early_watch,AP-UN.TO,Real Estate,2022-11-04,2022-11-03,1,62.9,2022-11-07,17.85498046875,0.5486424971374342,2022-12-05,Development,true,,adverse_first,,-1.5805853809445658,-0.11566952443460288,-0.10397224615089629,-3.666869716758192,6.360834894657574,-3.6237677941202806,TSX_above_MA50
early_watch|PBH.TO|2022-11-04,early_watch,PBH.TO,Consumer,2022-11-04,2022-11-03,3,60,2022-11-07,67.78047180175781,1.8582241964917838,2022-12-05,Development,true,,success,3,4.35452147100186,3.159907079168889,6.718041467688085,3.1551439970807893,10.30186308123211,-0.038543702278870384,TSX_above_MA50
early_watch|ALA.TO|2022-11-08,early_watch,ALA.TO,Utilities,2022-11-08,2022-11-07,2,59.1,2022-11-09,19.576284408569336,0.674105485673182,2022-12-07,Development,true,,success,18,1.6364318561956415,-0.48650518808633914,6.0592514661750085,2.808172791314978,7.695674604472336,-2.476795084817973,TSX_above_MA50
early_watch|AP-UN.TO|2022-11-10,early_watch,AP-UN.TO,Real Estate,2022-11-10,2022-11-09,1,65.7,2022-11-11,18.419401168823242,0.5996163005362521,2022-12-09,Development,true,,adverse_first,,-3.101675445898655,2.204788594802709,-0.08376245758160428,0.7336822413468669,3.1016487603532816,-5.269088488211859,TSX_above_MA50
early_watch|GIL.TO|2022-11-10,early_watch,GIL.TO,Consumer,2022-11-10,2022-11-09,2,59.9,2022-11-11,35.511600494384766,1.2906593824678214,2022-12-09,Development,true,,adverse_first,,-0.33747431157270524,1.6720747848918194,3.0562716070946516,3.873716306023123,4.388209253112252,-5.451700479431487,TSX_above_MA50
early_watch|GIL.TO|2022-11-15,early_watch,GIL.TO,Consumer,2022-11-15,2022-11-14,1,59.2,2022-11-16,34.469852447509766,1.3881173681950283,2022-12-14,Development,true,,neither,,3.4533173455480792,4.798626393236427,3.1842511093047587,3.5164526387666317,7.839001502207732,-2.594261315428903,TSX_above_MA50
early_watch|SPB.TO|2022-11-17,early_watch,SPB.TO,Utilities,2022-11-17,2022-11-16,1,58.9,2022-11-18,8.352496147155762,0.2296466342725558,2022-12-16,Development,true,,adverse_first,,1.4881094084453483,0.49839996154472654,-1.0983844104520246,1.5921830758222177,3.5922286867381636,-3.593375497004392,TSX_above_MA50
early_watch|BEP-UN.TO|2022-11-21,early_watch,BEP-UN.TO,Utilities,2022-11-21,2022-11-18,1,64.9,2022-11-22,32.81964111328125,0.8455018020417212,2022-12-20,Development,true,,adverse_first,,0.6153329725487655,-1.1488850082850277,-6.283684075452333,-1.767860092391004,4.8021802488398935,-8.758907674542272,TSX_above_MA50
early_watch|SIA.TO|2022-11-21,early_watch,SIA.TO,Health Care,2022-11-21,2022-11-18,2,64.1,2022-11-22,9.054859161376953,0.22922986149399932,2022-12-20,Development,true,,adverse_first,,2.515675047616006,-3.504373172929598,-6.906984395939297,-2.3911604128779675,3.9116273339929064,-7.430472677072242,TSX_above_MA50
early_watch|CTC-A.TO|2022-11-21,early_watch,CTC-A.TO,Consumer,2022-11-21,2022-11-18,3,59.2,2022-11-22,124.91903686523438,3.9376458746422336,2022-12-20,Development,true,,adverse_first,,1.2787579455149967,0.877417673116887,-3.775015897748224,0.7408080853131054,5.978781046918202,-5.291813109729393,TSX_above_MA50
early_watch|ATS.TO|2022-11-22,early_watch,ATS.TO,Industrials,2022-11-22,2022-11-21,1,61.6,2022-11-23,43.689998626708984,1.5542853219168526,2022-12-21,Development,true,,ambiguous_both_hit,,2.5864067375466426,-0.20599715133172714,0.36621618778054366,3.872727502968565,12.74891249691894,-4.9897010155616766,TSX_above_MA50
early_watch|BHC.TO|2022-11-23,early_watch,BHC.TO,Health Care,2022-11-23,2022-11-22,1,59.1,2022-11-24,9,0.7499999318804059,2022-12-22,Development,true,,success,6,14.888890584309888,15.000004238552522,-1.4444457160102009,3.4434599161798807,21.555550893147778,-3.6666658189561607,TSX_above_MA50
early_watch|NPI.TO|2022-12-02,early_watch,NPI.TO,Utilities,2022-12-02,2022-12-01,1,64,2022-12-05,31.841880798339844,0.7183651863362045,2023-01-05,Development,true,,adverse_first,,0.7328003135917749,1.3871068452280477,-3.4561044609434766,0.1773757839567347,5.731519954949871,-3.561074401526121,TSX_above_MA50
early_watch|WDO.TO|2022-12-05,early_watch,WDO.TO,Materials,2022-12-05,2022-12-02,1,60,2022-12-06,8.122587203979492,0.5487848634349145,2023-01-06,Development,true,,adverse_first,,-0.8610039743341402,-9.34809179126821,1.5990207992109928,2.477947601427155,6.888065433678348,-12.792124252304326,TSX_above_MA50
early_watch|NTR.TO|2022-12-06,early_watch,NTR.TO,Materials,2022-12-06,2022-12-05,1,60.3,2022-12-07,90.55445098876953,3.1141648561407536,2023-01-09,Development,true,,adverse_first,,-0.9798340285949614,-3.1508145526475184,-0.49019504593125207,0.09108193480406035,4.966377180290116,-7.075197590000215,TSX_above_MA50
early_watch|BIP-UN.TO|2022-12-08,early_watch,BIP-UN.TO,Utilities,2022-12-08,2022-12-07,1,60.3,2022-12-09,41.289764404296875,1.0611305562396391,2023-01-11,Development,true,,adverse_first,,-7.416020748228169,-9.909150743209638,-3.443908755690206,-3.83494304903349,1.457834981602102,-13.712232463666307,TSX_above_MA50
early_watch|NXE.TO|2022-12-12,early_watch,NXE.TO,Energy,2022-12-12,2022-12-09,1,58.8,2022-12-13,5.699999809265137,0.24392850058419363,2023-01-13,Development,true,,adverse_first,,-3.8596455711112254,3.1579001964736397,9.824569093957503,8.143546248925416,11.754387696730895,-5.438595669348056,TSX_above_MA50
early_watch|WDO.TO|2022-12-13,early_watch,WDO.TO,Materials,2022-12-13,2022-12-12,1,64.2,2022-12-14,7.633033752441406,0.5323712900115465,2023-01-16,Development,true,,adverse_first,,-1.832457167930901,-2.0942385482125014,4.05759577681446,1.551014730032807,11.780109704514174,-7.198946237084137,TSX_above_MA50
early_watch|DPM.TO|2022-12-15,early_watch,DPM.TO,Materials,2022-12-15,2022-12-14,1,71.6,2022-12-16,5.890762805938721,0.27715714199621155,2023-01-18,Development,true,,success,2,8.771939055312838,12.244928190256864,41.51223608882268,36.71419048948887,44.24599636270943,0.47848486021684344,TSX_above_MA50
early_watch|NXE.TO|2022-12-16,early_watch,NXE.TO,Energy,2022-12-16,2022-12-15,1,82.5,2022-12-19,5.429999828338623,0.23999990735735213,2023-01-19,Development,true,,success,4,6.629836922564891,5.893189351338979,11.049731131452067,5.1093559233054355,17.311235486872278,-0.5524812876535612,TSX_not_above_MA50
early_watch|CIGI.TO|2022-12-16,early_watch,CIGI.TO,Real Estate,2022-12-16,2022-12-15,3,73.2,2022-12-19,118.91516876220703,3.7476806715156314,2023-01-19,Development,true,,success,9,0.12479430048499829,3.3868394269920055,11.287734621272616,5.347359413125985,19.57202591991567,-1.1731499677556378,TSX_not_above_MA50
early_watch|BEPC.TO|2022-12-16,early_watch,BEPC.TO,Utilities,2022-12-16,2022-12-15,4,66.4,2022-12-19,33.47572708129883,1.0360925688161788,2023-01-19,Development,true,,adverse_first,,-6.9831943871666695,-5.224836621118822,4.9484921646851365,-0.9918830434614945,7.887444831679158,-7.1590287976733835,TSX_not_above_MA50
early_watch|ONEX.TO|2022-12-16,early_watch,ONEX.TO,Financials,2022-12-16,2022-12-15,5,65.4,2022-12-19,62.965293884277344,1.993905692592899,2023-01-19,Development,true,,success,18,-1.0927376960608304,1.5142032817936135,4.28261912929222,-1.657756078854411,7.972363597670951,-2.1074136872028304,TSX_not_above_MA50
early_watch|ARX.TO|2022-12-19,early_watch,ARX.TO,Energy,2022-12-19,2022-12-16,1,61.9,2022-12-20,15.792516708374023,0.6444106701450735,2023-01-20,Development,true,,adverse_first,,2.780154706130933,-7.105824795614691,-4.151403163375278,-10.347627331527587,4.873226687558252,-11.196577597692347,TSX_not_above_MA50
early_watch|CVE.TO|2022-12-19,early_watch,CVE.TO,Energy,2022-12-19,2022-12-16,2,59.9,2022-12-20,22.396581649780273,0.893297313663964,2023-01-20,Development,true,,neither,,4.561796839943666,1.5206188178952695,1.9207462550434373,-4.275477913108872,6.1624552320340475,-3.56143949054889,TSX_not_above_MA50
early_watch|FRU.TO|2022-12-19,early_watch,FRU.TO,Energy,2022-12-19,2022-12-16,3,59.2,2022-12-20,11.668023109436035,0.36358048652275937,2023-01-20,Development,true,,adverse_first,,2.4655391024085427,-2.351798054223808,2.791020276654921,-3.405203891497388,5.760532377538596,-4.304753070819767,TSX_not_above_MA50
early_watch|CCO.TO|2022-12-20,early_watch,CCO.TO,Energy,2022-12-20,2022-12-19,1,74.1,2022-12-21,29.894975662231445,0.9068337701054381,2023-01-23,Development,true,,success,9,2.0618650101377645,10.841373350831152,19.454608223764104,14.035904005979651,20.05321130583253,-2.095102600924359,TSX_not_above_MA50
early_watch|LUG.TO|2022-12-20,early_watch,LUG.TO,Materials,2022-12-20,2022-12-19,2,72.6,2022-12-21,10.18886947631836,0.4988832184105178,2023-01-23,Development,true,,success,7,3.7647358562549416,10.98040548104402,17.25493092160808,11.836226703823625,25.490198628933225,-1.9607725049466285,TSX_not_above_MA50
early_watch|NXE.TO|2022-12-20,early_watch,NXE.TO,Energy,2022-12-20,2022-12-19,4,65.6,2022-12-21,5.75,0.2253570897238595,2023-01-23,Development,true,,success,6,4.173909062924586,5.217394621475879,8.695652173913038,3.276947956128584,10.782606705375342,-4.521743110988452,TSX_not_above_MA50
early_watch|ONEX.TO|2022-12-20,early_watch,ONEX.TO,Financials,2022-12-20,2022-12-19,5,62.4,2022-12-21,63.27982711791992,1.8225981288054436,2023-01-23,Development,true,,success,16,1.4134733811711042,-0.4360690739393158,5.988928305257635,0.5702240874731812,7.435685509042145,-2.5939901069712,TSX_not_above_MA50
early_watch|CCL-B.TO|2022-12-20,early_watch,CCL-B.TO,Materials,2022-12-20,2022-12-19,6,59.4,2022-12-21,54.655269622802734,1.3992667443794684,2023-01-23,Development,true,,success,19,-0.49888498041291696,1.0665674824678728,5.264053849817052,-0.15465036796740161,6.382239781475407,-1.1697982473554136,TSX_not_above_MA50
early_watch|CIGI.TO|2022-12-21,early_watch,CIGI.TO,Real Estate,2022-12-21,2022-12-20,2,73.1,2022-12-22,119.8748779296875,3.575243631276712,2023-01-24,Development,true,,success,9,4.700431001563121,6.651565912944313,14.208120548056801,7.593545426471614,18.614741362622,-0.7510761139342126,TSX_not_above_MA50
early_watch|CSH-UN.TO|2022-12-21,early_watch,CSH-UN.TO,Health Care,2022-12-21,2022-12-20,3,69.9,2022-12-22,6.766723155975342,0.18215753383730732,2023-01-24,Development,true,,success,4,5.546243997979827,10.955582848578382,25.170978166419534,18.556403044834347,25.548374748602253,-0.3749893611751265,TSX_not_above_MA50
early_watch|SIA.TO|2022-12-21,early_watch,SIA.TO,Health Care,2022-12-21,2022-12-20,4,67.1,2022-12-22,8.48473834991455,0.17098054665838447,2023-01-24,Development,true,,success,5,3.5509924644479884,8.240798220232604,13.493384713067801,6.878809591482614,13.868569086288641,-0.9311043603790536,TSX_not_above_MA50
early_watch|SHOP.TO|2022-12-21,early_watch,SHOP.TO,Technology,2022-12-21,2022-12-20,6,65.8,2022-12-22,47.2599983215332,2.8107141767229353,2023-01-24,Development,true,,adverse_first,,3.237415675694222,3.702920148439026,20.79983533680283,14.185260215217642,26.42827363956115,-6.771047528336805,TSX_not_above_MA50
early_watch|IVN.TO|2022-12-22,early_watch,IVN.TO,Materials,2022-12-22,2022-12-21,1,65.3,2022-12-23,10.430000305175781,0.6364286286490304,2023-01-25,Development,true,,success,7,4.314475513886884,13.710444004415256,18.887816449793384,13.285123865214567,19.846592850021327,0.6711379940179008,TSX_not_above_MA50
early_watch|GIL.TO|2022-12-22,early_watch,GIL.TO,Consumer,2022-12-22,2022-12-21,2,62.7,2022-12-23,34.111385345458984,0.7956131524644618,2023-01-25,Development,true,,adverse_first,,2.9635448963581723,10.929821255533522,10.657949842850023,5.055257258271206,14.709052989971871,-2.773259250706017,TSX_not_above_MA50
early_watch|SII.TO|2022-12-22,early_watch,SII.TO,Financials,2022-12-22,2022-12-21,4,59.9,2022-12-23,41.577659606933594,1.4311820314089532,2023-01-25,Development,true,,success,5,7.369817275073864,18.90997193039501,20.8958822621639,15.293189677585085,24.448372385860353,-2.030005446979777,TSX_not_above_MA50
early_watch|WFG.TO|2022-12-23,early_watch,WFG.TO,Materials,2022-12-23,2022-12-22,1,59.6,2022-12-28,92.08808898925781,3.007800807886627,2023-01-26,Development,true,,success,18,4.114623074902846,0.7762276753351394,18.359070336209026,11.01415706923745,18.43075314181517,-2.3061373077570835,TSX_not_above_MA50
early_watch|GRT-UN.TO|2022-12-23,early_watch,GRT-UN.TO,Real Estate,2022-12-23,2022-12-22,2,58.9,2022-12-28,57.044734954833984,1.3107607099879839,2023-01-26,Development,true,,success,3,5.443035562211551,10.308490708298512,20.26330193357133,12.918388666599755,20.90503456650015,0.010476486731425538,TSX_not_above_MA50
early_watch|IMO.TO|2022-12-28,early_watch,IMO.TO,Energy,2022-12-28,2022-12-23,1,60.1,2022-12-29,59.79888916015625,1.8876137218365625,2023-01-27,Development,true,,adverse_first,,-1.2026152213075902,0.12179189482977026,10.65611460124829,4.351044859815657,11.49337357006248,-6.332774248240258,TSX_not_above_MA50
early_watch|GEI.TO|2022-12-29,early_watch,GEI.TO,Energy,2022-12-29,2022-12-28,1,63.7,2022-12-30,18.482994079589844,0.39991971611369287,2023-01-30,Development,true,,adverse_first,,-0.38071652681020973,6.345189451181232,0.9306209065208071,-5.19372946323482,7.148914323127831,-3.637897244000865,TSX_not_above_MA50
early_watch|GIL.TO|2022-12-29,early_watch,GIL.TO,Consumer,2022-12-29,2022-12-28,2,58.9,2022-12-30,34.389617919921875,0.7750767137447332,2023-01-30,Development,true,,success,4,6.040976892816352,12.675273920270058,10.760505342632175,4.6361549728765485,13.780988153604179,0.10785054945972039,TSX_not_above_MA50
early_watch|ATZ.TO|2023-01-04,early_watch,ATZ.TO,Consumer,2023-01-04,2023-01-03,1,59.5,2023-01-05,47.779998779296875,1.4875003269740514,2023-02-02,Development,true,,success,2,-3.3905378260217,-3.0975294684972066,-0.12557044815109109,-6.4495167641494655,8.099629228661476,-8.078695498050337,TSX_not_above_MA50
early_watch|FRU.TO|2023-01-06,early_watch,FRU.TO,Energy,2023-01-06,2023-01-05,1,60.6,2023-01-09,11.310063362121582,0.38537890023049876,2023-02-06,Development,true,,success,10,5.104068388942795,6.648759163675311,4.409930603085588,0.5231556136223059,9.812779921748627,-1.2760303030334375,TSX_above_MA50
early_watch|ARX.TO|2023-01-11,early_watch,ARX.TO,Energy,2023-01-11,2023-01-10,1,59.7,2023-01-12,14.966426849365234,0.6755090213085405,2023-02-09,Development,true,,adverse_first,,-0.47960179020068994,-3.1774685926013957,-8.693048482180698,-10.605857110286976,6.414883343203481,-12.050365528958384,TSX_above_MA50
early_watch|ATZ.TO|2023-01-19,early_watch,ATZ.TO,Consumer,2023-01-19,2023-01-18,1,75.5,2023-01-20,46.41999816894531,2.2264281681605746,2023-02-17,Development,true,,adverse_first,,1.9603698793727364,2.089619256710895,-3.5544975792038636,-3.6130250308077483,5.816460296083625,-9.478668428998805,TSX_above_MA50
early_watch|CJT.TO|2023-01-20,early_watch,CJT.TO,Industrials,2023-01-20,2023-01-19,2,64.6,2023-01-23,112.86392974853516,4.118981861673161,2023-02-21,Development,true,,success,8,2.051780059095676,7.988561849718323,5.692894371580759,7.529882327801962,13.748744360733367,-3.086113894174025,TSX_above_MA50
early_watch|WCN.TO|2023-01-23,early_watch,WCN.TO,Industrials,2023-01-23,2023-01-20,1,58.7,2023-01-24,168.8557891845703,3.2999078483443065,2023-02-22,Development,true,,success,13,1.6874910142504085,2.8681654196637707,6.168279379978525,8.283195987117754,7.740596906107866,-0.7083987639972311,TSX_above_MA50
early_watch|CJT.TO|2023-01-25,early_watch,CJT.TO,Industrials,2023-01-25,2023-01-24,1,58.8,2023-01-26,113.56622314453125,4.312186119544074,2023-02-24,Development,true,,success,5,9.50193855005914,11.607914948870546,3.3344727084720693,5.659541094501397,13.045322253741887,-0.4846771196526878,TSX_above_MA50
early_watch|KNT.TO|2023-01-30,early_watch,KNT.TO,Materials,2023-01-30,2023-01-27,1,59.7,2023-01-31,7.699999809265137,0.34357145854404997,2023-03-01,Development,true,,adverse_first,,-4.935060350865461,-10.389606931354646,-1.0389600738664129,1.4052534522721039,2.727273290244603,-12.72727329024459,TSX_above_MA50
early_watch|AAV.TO|2023-01-31,early_watch,AAV.TO,Energy,2023-01-31,2023-01-30,1,61.7,2023-02-01,7.980000019073486,0.338571344103132,2023-03-02,Development,true,,success,9,1.253131634004423,5.263152862818554,3.0075218970135653,5.0021168747081735,8.897237589132857,-2.3809530923098787,TSX_above_MA50
early_watch|BIR.TO|2023-02-01,early_watch,BIR.TO,Energy,2023-02-01,2023-01-31,1,61.3,2023-02-02,6.733314514160156,0.31195273549920055,2023-03-03,Development,true,,adverse_first,,1.2033821918103094,1.684715239607093,5.535492930137598,6.301152118287989,6.618508487172803,-5.776173828190467,TSX_above_MA50
early_watch|MRU.TO|2023-02-09,early_watch,MRU.TO,Consumer,2023-02-09,2023-02-08,1,61.8,2023-02-10,66.80296325683594,1.1992861182279728,2023-03-13,Development,true,,adverse_first,,1.4963342842243765,0.14119464166164608,-3.0067617649067513,1.9573090388488206,1.5528008517887049,-3.811391613992432,TSX_above_MA50
early_watch|OGC.TO|2023-02-14,early_watch,OGC.TO,Materials,2023-02-14,2023-02-13,1,62.9,2023-02-15,7.427399158477783,0.37364098148061525,2023-03-16,Development,true,,success,9,0.3891018358881171,6.22566147408401,14.222112511985285,19.923741671427244,22.827884584458147,-3.8910579980033777,TSX_above_MA50
early_watch|ATZ.TO|2023-02-14,early_watch,ATZ.TO,Consumer,2023-02-14,2023-02-13,2,62.8,2023-02-15,43.81999969482422,1.263571058000837,2023-03-16,Development,true,,adverse_first,,-2.943863360363541,-6.093104033637586,-6.3441323565897605,-0.6425031971478035,4.427199087676237,-11.843903840378168,TSX_above_MA50
early_watch|BEPC.TO|2023-02-22,early_watch,BEPC.TO,Utilities,2023-02-22,2023-02-21,1,65.9,2023-02-23,32.66847229003906,0.9249748224844444,2023-03-23,Development,true,,success,8,2.2283567986525643,6.292478004036495,12.753396722313015,16.360943984124187,16.296481118953764,-2.3680832386399286,TSX_above_MA50
early_watch|WDO.TO|2023-02-23,early_watch,WDO.TO,Materials,2023-02-23,2023-02-22,1,64,2023-02-24,6.414146423339844,0.23978116959469029,2023-03-24,Development,true,,adverse_first,,2.8037369976745996,-1.4018722159114594,16.822429420195895,20.372022116648736,19.470406133444484,-3.894077637647886,TSX_above_MA50
early_watch|TPZ.TO|2023-02-23,early_watch,TPZ.TO,Energy,2023-02-23,2023-02-22,2,60.9,2023-02-24,16.154836654663086,0.3710061574327925,2023-03-24,Development,true,,adverse_first,,0.20256707754280345,-2.5822904401255897,-4.01209026862187,-0.462497572169029,1.670916937327216,-8.641737159861162,TSX_above_MA50
early_watch|PPL.TO|2023-02-27,early_watch,PPL.TO,Energy,2023-02-27,2023-02-24,1,65,2023-02-28,36.66356658935547,0.6658124624118251,2023-03-28,Development,true,,success,3,3.370507580062876,-0.7038295377007509,-3.2864904391094796,-0.498825807294212,4.79907856165378,-7.522933989706903,TSX_above_MA50
early_watch|BEPC.TO|2023-03-01,early_watch,BEPC.TO,Utilities,2023-03-01,2023-02-28,1,59.6,2023-03-02,33.39644241333008,0.7804388796511452,2023-03-30,Development,true,,success,4,3.9755321641220975,7.900108707608511,17.278284510096718,19.22643486496329,18.807332555591174,-0.22936291189536995,TSX_above_MA50
early_watch|TRP.TO|2023-03-02,early_watch,TRP.TO,Energy,2023-03-02,2023-03-01,1,67.6,2023-03-03,41.84489822387695,0.857625635135028,2023-03-31,Development,true,,adverse_first,,-4.289819606178613,-9.16696454105147,-4.7816519224543885,-2.4412156692363296,0.9077930480223761,-9.754374507034402,TSX_above_MA50
early_watch|CSH-UN.TO|2023-03-03,early_watch,CSH-UN.TO,Health Care,2023-03-03,2023-03-02,1,64.4,2023-03-06,8.034608840942383,0.252837969012384,2023-04-03,Development,true,,adverse_first,,-7.066406026518068,-10.599552659272549,-8.659671606706688,-7.506845398342266,1.8200996878609876,-11.67022073462698,TSX_above_MA50
early_watch|SIA.TO|2023-03-07,early_watch,SIA.TO,Health Care,2023-03-07,2023-03-06,1,65.5,2023-03-08,8.892850875854492,0.23076125867806851,2023-04-05,Development,true,,adverse_first,,-3.354495470694907,-4.533047787466371,-2.4614496993510926,-1.5428622733810293,1.2692683449292197,-6.436994913496008,TSX_not_above_MA50
early_watch|TPZ.TO|2023-03-08,early_watch,TPZ.TO,Energy,2023-03-08,2023-03-07,1,70.2,2023-03-09,15.778573989868164,0.40723048780786936,2023-04-06,Development,true,,adverse_first,,-1.1437933581762372,-0.9331138273877215,-0.14311847289041335,-0.6907445353015129,3.596248616442921,-6.463168713223444,TSX_above_MA50
early_watch|REI-UN.TO|2023-03-09,early_watch,REI-UN.TO,Real Estate,2023-03-09,2023-03-08,1,67.2,2023-03-10,17.058055877685547,0.31983928052260907,2023-04-10,Development,true,,adverse_first,,-4.519522585201452,-5.090428245215939,0.20973162804833745,-2.323279313753779,1.7601822003988632,-7.183674393700368,TSX_not_above_MA50
early_watch|VET.TO|2023-03-09,early_watch,VET.TO,Energy,2023-03-09,2023-03-08,2,62.9,2023-03-10,16.563690185546875,0.6116769986298294,2023-04-10,Development,true,,adverse_first,,-11.955363706543787,-9.723692974229813,-5.176146319084529,-7.709157260886645,3.4006118333947954,-12.805522344555598,TSX_not_above_MA50
early_watch|DFY.TO|2023-03-10,early_watch,DFY.TO,Financials,2023-03-10,2023-03-09,1,73.7,2023-03-13,32.39679718017578,0.6475956885860918,2023-04-11,Development,true,,success,5,3.449310024955765,2.6814556534103806,7.022633517595156,2.7702253507811303,7.22935402914433,-1.5415637721544861,TSX_not_above_MA50
early_watch|CPX.TO|2023-03-13,early_watch,CPX.TO,Utilities,2023-03-13,2023-03-10,1,66.9,2023-03-14,34.56342697143555,0.7558813756548608,2023-04-12,Development,true,,adverse_first,,-1.301835034012666,-0.4821427290371161,7.20433922937731,3.344819204941185,8.011126674617053,-3.4233312265294913,TSX_not_above_MA50
early_watch|SIA.TO|2023-03-13,early_watch,SIA.TO,Health Care,2023-03-13,2023-03-10,2,64.7,2023-03-14,8.804166793823242,0.23335619688760115,2023-04-12,Development,true,,adverse_first,,-2.380988487882907,-3.479859590257106,1.1040055078956001,-2.755514516540525,2.5799749784898296,-5.4945378460080185,TSX_not_above_MA50
early_watch|REI-UN.TO|2023-03-14,early_watch,REI-UN.TO,Real Estate,2023-03-14,2023-03-13,2,69.4,2023-03-15,16.757789611816406,0.3467771858824672,2023-04-13,Development,true,,adverse_first,,-4.164600858556677,-2.4212978328477797,4.340154711385558,-1.778382922260091,5.604875649780383,-5.520590410246717,TSX_not_above_MA50
early_watch|QSR.TO|2023-03-14,early_watch,QSR.TO,Consumer,2023-03-14,2023-03-13,4,63.2,2023-03-15,74.6966781616211,1.254352420130775,2023-04-13,Development,true,,adverse_first,,1.6739247871666807,4.312648311249823,6.392715984026798,0.274178350381149,9.05520589217479,-2.085296845118889,TSX_not_above_MA50
early_watch|HBM.TO|2023-03-14,early_watch,HBM.TO,Materials,2023-03-14,2023-03-13,5,61.6,2023-03-15,5.993407726287842,0.3305937081329266,2023-04-13,Development,true,,success,4,11.608623601698365,13.59866472401694,18.90546226627281,12.786924632627162,21.39302579345039,-2.155902064352777,TSX_not_above_MA50
early_watch|FTT.TO|2023-03-14,early_watch,FTT.TO,Industrials,2023-03-14,2023-03-13,6,59.6,2023-03-15,30.55274200439453,0.8961651375283977,2023-04-13,Development,true,,adverse_first,,0.27215515921779065,-1.6328997412731194,5.412788114894607,-0.7057495187510421,5.987322957944707,-3.7496170545505025,TSX_not_above_MA50
early_watch|FM.TO|2023-03-16,early_watch,FM.TO,Materials,2023-03-16,2023-03-15,1,76.7,2023-03-17,25.900320053100586,1.539082905177504,2023-04-17,Development,true,,success,6,8.787422141186685,19.224871931222598,34.230866013212676,27.761295967289154,36.22411391639038,1.7267964357687404,TSX_not_above_MA50
early_watch|CPX.TO|2023-03-16,early_watch,CPX.TO,Utilities,2023-03-16,2023-03-15,2,72.7,2023-03-17,34.05514144897461,0.7927831748358953,2023-04-17,Development,true,,success,10,0.4893724913471065,3.3207611081943478,7.960771341913175,1.4912012959896526,10.417250991004433,-1.981888893406003,TSX_not_above_MA50
early_watch|DFY.TO|2023-03-16,early_watch,DFY.TO,Financials,2023-03-16,2023-03-15,3,70.9,2023-03-17,33.43771743774414,0.642927113935769,2023-04-17,Development,true,,success,16,-0.314722599300421,0.9155898404848095,4.806880887643916,-1.6626891582796066,5.636624293098014,-1.8026014051214734,TSX_not_above_MA50
early_watch|TPZ.TO|2023-03-16,early_watch,TPZ.TO,Energy,2023-03-16,2023-03-15,4,69.5,2023-03-17,15.53992748260498,0.48096091541912844,2023-04-17,Development,true,,neither,,-0.2138842495410298,2.192534487239639,2.2459748649798827,-4.22359518094364,5.187175145897882,-1.8716357417200236,TSX_not_above_MA50
early_watch|CS.TO|2023-03-16,early_watch,CS.TO,Materials,2023-03-16,2023-03-15,5,64.6,2023-03-17,5.989999771118164,0.37285709381103516,2023-04-17,Development,true,,adverse_first,,-5.6761216818421385,1.8363962891082108,13.18865557390021,6.719085527976687,14.190324105989994,-8.514186503040133,TSX_not_above_MA50
early_watch|RCI-B.TO|2023-03-16,early_watch,RCI-B.TO,Communication,2023-03-16,2023-03-15,6,62.1,2023-03-17,53.6063117980957,1.0633994322118998,2023-04-17,Development,true,,success,9,2.0819674802614374,1.886779026161256,6.294704891410285,-0.17486515451323736,8.067657819960372,-2.537422503263631,TSX_not_above_MA50
early_watch|EFX.TO|2023-03-17,early_watch,EFX.TO,Energy,2023-03-17,2023-03-16,1,66,2023-03-20,7.284599304199219,0.4447744764325841,2023-04-18,Development,true,,neither,,1.1873538317167753,9.762522687831154,6.728238010404186,0.758286040544065,12.005267629607431,-1.9788760084774926,TSX_not_above_MA50
early_watch|TSU.TO|2023-03-17,early_watch,TSU.TO,Financials,2023-03-17,2023-03-16,2,62.9,2023-03-20,31.420000076293945,1.5521430969238281,2023-04-18,Development,true,,neither,,0.5728844835732216,4.423937917319787,1.4003836186798457,-4.569568351180275,7.19287149393415,-2.4506698150667083,TSX_not_above_MA50
early_watch|PSK.TO|2023-03-17,early_watch,PSK.TO,Energy,2023-03-17,2023-03-16,3,59.8,2023-03-20,18.311199188232422,0.5922524758519376,2023-04-18,Development,true,,success,10,0.7149849453279788,5.615049963845031,1.4213139490238946,-4.5486380208362265,7.639635371651221,-2.049569554871289,TSX_not_above_MA50
early_watch|LNR.TO|2023-03-17,early_watch,LNR.TO,Consumer,2023-03-17,2023-03-16,4,59.6,2023-03-20,56.990360260009766,2.5280863841991477,2023-04-18,Development,true,,success,10,2.6049619131760515,6.914190470331993,10.12779991754844,4.157847947688319,11.8427983261425,0.28720772953019225,TSX_not_above_MA50
early_watch|CM.TO|2023-03-17,early_watch,CM.TO,Financials,2023-03-17,2023-03-16,5,59.3,2023-03-20,48.2210807800293,1.1816858891237227,2023-04-18,Development,true,,neither,,0.6469097412384661,3.2037675896756213,3.954712916447889,-2.015239053412232,4.777199111996366,-1.5498427251540825,TSX_not_above_MA50
early_watch|MX.TO|2023-03-17,early_watch,MX.TO,Materials,2023-03-17,2023-03-16,6,59.3,2023-03-20,58.51637649536133,2.556599775870846,2023-04-18,Development,true,,adverse_first,,-1.6422271675546551,1.5134438268971984,1.8032731633836452,-4.166678806476476,3.7353211603160075,-4.846228146065368,TSX_not_above_MA50
early_watch|ONEX.TO|2023-03-20,early_watch,ONEX.TO,Financials,2023-03-20,2023-03-17,1,74.2,2023-03-21,65.69139099121094,2.4983575108513665,2023-04-19,Development,true,,adverse_first,,-7.597782284523813,-5.934379537442469,-3.637903757615002,-8.85746921068814,0.40460995399709265,-9.15631555340839,TSX_not_above_MA50
early_watch|BBD-B.TO|2023-03-20,early_watch,BBD-B.TO,Industrials,2023-03-20,2023-03-17,2,69,2023-03-21,59.5,3.2628579820905412,2023-04-19,Development,true,,success,2,14.36975302816439,17.61345102005647,17.176472639837193,11.956907186764056,25.09243748769039,-0.554624926142333,TSX_not_above_MA50
early_watch|VET.TO|2023-03-20,early_watch,VET.TO,Energy,2023-03-20,2023-03-17,3,66.7,2023-03-21,15.46355152130127,0.8185029045791531,2023-04-19,Development,true,,adverse_first,,-1.309046002614045,4.719005441294066,4.0319502496159565,-1.1876152034571819,7.180945700365071,-5.406933132506198,TSX_not_above_MA50
early_watch|IMO.TO|2023-03-20,early_watch,IMO.TO,Energy,2023-03-20,2023-03-17,5,63.8,2023-03-21,60.000267028808594,2.091371818609281,2023-04-19,Development,true,,adverse_first,,1.3589671371651013,10.948246868306422,10.658115001166646,5.4385495480935075,14.903045768176938,-4.4739659495581785,TSX_not_above_MA50
early_watch|MG.TO|2023-03-20,early_watch,MG.TO,Consumer,2023-03-20,2023-03-17,6,62.7,2023-03-21,61.601226806640625,1.620198402979413,2023-04-19,Development,true,,adverse_first,,-1.8835745379478075,-0.39652245251415863,2.336796134252861,-2.8827693188202774,5.820726932876497,-3.682191775063026,TSX_not_above_MA50
early_watch|EFX.TO|2023-03-21,early_watch,EFX.TO,Energy,2023-03-21,2023-03-20,2,65,2023-03-22,7.3134307861328125,0.4585960780853608,2023-04-20,Development,true,,neither,,2.496724341895251,8.278573857744643,3.416562259411249,-2.2042314495682502,11.563713187572722,-2.365301251036811,TSX_not_above_MA50
early_watch|PPL.TO|2023-03-21,early_watch,PPL.TO,Energy,2023-03-21,2023-03-20,4,63.1,2023-03-22,35.400474548339844,0.857248601552148,2023-04-20,Development,true,,adverse_first,,1.3608696186280689,4.152985844214596,3.801057799216423,-1.819735909763076,6.945117168470105,-4.223344152441411,TSX_not_above_MA50
early_watch|ALA.TO|2023-03-21,early_watch,ALA.TO,Utilities,2023-03-21,2023-03-20,5,62.8,2023-03-22,19.489473342895508,0.5450588022739176,2023-04-20,Development,true,,adverse_first,,1.0004700483857265,3.592557400854579,2.137315783946847,-3.483477925032652,5.502499812756478,-3.3651756516515308,TSX_not_above_MA50
early_watch|TSU.TO|2023-03-21,early_watch,TSU.TO,Financials,2023-03-21,2023-03-20,6,62.2,2023-03-22,30.93000030517578,1.3085714067731584,2023-04-20,Development,true,,success,9,0.9699296285178072,2.0368546865522585,2.1015183062300213,-3.5192754027494777,8.891044205841215,-0.9052721755022142,TSX_not_above_MA50
early_watch|TFPM.TO|2023-03-22,early_watch,TFPM.TO,Materials,2023-03-22,2023-03-21,2,65.5,2023-03-23,17.60948371887207,0.6093526301366516,2023-04-21,Development,true,,success,3,10.692849269223604,15.821081336994203,19.912751134829886,13.57510909469306,24.986379515752578,-1.3638536675293134,TSX_not_above_MA50
early_watch|FRU.TO|2023-03-22,early_watch,FRU.TO,Energy,2023-03-22,2023-03-21,4,60.6,2023-03-23,10.847042083740234,0.4044046887401856,2023-04-21,Development,true,,success,7,3.039692110426384,5.177428277322882,7.528924872876153,1.1912828327393266,10.02295297077116,-2.407941630119692,TSX_not_above_MA50
early_watch|NA.TO|2023-03-22,early_watch,NA.TO,Financials,2023-03-22,2023-03-21,5,60.6,2023-03-23,82.89673614501953,1.887655065375931,2023-04-21,Development,true,,success,7,3.267396141583201,4.342216758620299,6.64228907045743,0.3046470303206039,6.728275547866569,-1.1608036615123885,TSX_not_above_MA50
early_watch|BIR.TO|2023-03-23,early_watch,BIR.TO,Energy,2023-03-23,2023-03-22,1,75.8,2023-03-24,6.388311386108398,0.2719405221652816,2023-04-24,Development,true,,neither,,-0.5194718920137453,4.805176580882953,6.493499417044979,0.46730031056598786,8.311685615437558,-2.7272664247250167,TSX_not_above_MA50
early_watch|TSU.TO|2023-03-23,early_watch,TSU.TO,Financials,2023-03-23,2023-03-22,3,66.2,2023-03-24,31.709999084472656,1.242142949785505,2023-04-24,Development,true,,neither,,4.351942945312093,1.166833040885229,-1.9867523776596063,-8.012951484138597,6.212555274616105,-2.649001165221032,TSX_not_above_MA50
early_watch|MG.TO|2023-03-23,early_watch,MG.TO,Consumer,2023-03-23,2023-03-22,4,64.6,2023-03-24,60.1617431640625,1.7024559438031932,2023-04-24,Development,true,,success,12,4.973901530907288,3.2337943471071107,4.335864977832782,-1.6903341286462092,8.352688233435934,-1.37760580170323,TSX_not_above_MA50
early_watch|CAR-UN.TO|2023-03-23,early_watch,CAR-UN.TO,Real Estate,2023-03-23,2023-03-22,5,62.9,2023-03-24,39.863067626953125,0.826575575026031,2023-04-24,Development,true,,success,16,2.2858192221449025,1.40125268615936,3.882366315963548,-2.143832790515443,4.529586086176751,-0.21521928250384237,TSX_not_above_MA50
early_watch|RY.TO|2023-03-23,early_watch,RY.TO,Financials,2023-03-23,2023-03-22,6,62.4,2023-03-24,112.03343963623047,2.3248025763128757,2023-04-24,Development,true,,success,11,1.9241378309990065,3.4382227672584476,6.288925963640302,0.2627268571613106,6.894148104428965,-0.03943102425295608,TSX_not_above_MA50
early_watch|CS.TO|2023-03-24,early_watch,CS.TO,Materials,2023-03-24,2023-03-23,1,79,2023-03-27,5.630000114440918,0.3528571128845215,2023-04-25,Development,true,,success,11,8.52575505002724,9.058609976517262,11.545294532058437,7.391339545089082,28.77442011775082,-0.7104788817042462,TSX_not_above_MA50
early_watch|NA.TO|2023-03-24,early_watch,NA.TO,Financials,2023-03-24,2023-03-23,3,60.8,2023-03-27,83.66297149658203,1.9456819155924998,2023-04-25,Development,true,,success,10,3.6528236283604576,3.3652678633064648,4.32375060334913,0.16979561637977536,6.12354760099334,-1.1608119320748123,TSX_not_above_MA50
early_watch|AAV.TO|2023-03-24,early_watch,AAV.TO,Energy,2023-03-24,2023-03-23,4,60.5,2023-03-27,7.860000133514404,0.4057143415723528,2023-04-25,Development,true,,neither,,-0.3816820521469366,0,-3.5623435757265676,-7.716298562695922,3.5623435757265565,-4.580154292611183,TSX_not_above_MA50
early_watch|IPCO.TO|2023-03-27,early_watch,IPCO.TO,Energy,2023-03-27,2023-03-24,5,58.7,2023-03-28,13.140000343322754,0.5242857251848493,2023-04-26,Development,true,,success,4,7.229830931837755,6.544898281637157,-0.380518945422037,-3.988298259933032,8.980207919865801,-1.7503842458232666,TSX_not_above_MA50
early_watch|GOOS.TO|2023-03-29,early_watch,GOOS.TO,Consumer,2023-03-29,2023-03-28,1,59.3,2023-03-30,24.729999542236328,0.9125001089913505,2023-04-28,Development,true,,success,16,-0.8491673609374639,0.12131292843038377,7.399918955035156,3.9121299775515705,8.249094028664384,-2.0218358643559697,TSX_not_above_MA50
early_watch|ONEX.TO|2023-03-29,early_watch,ONEX.TO,Financials,2023-03-29,2023-03-28,2,59.1,2023-03-30,61.78317642211914,2.505388380534729,2023-04-28,Development,true,,neither,,-0.542637176172589,4.181262525786322,-0.43093119579671324,-3.918720173280299,4.532385220367829,-2.649233691035502,TSX_not_above_MA50
early_watch|SIA.TO|2023-04-05,early_watch,SIA.TO,Health Care,2023-04-05,2023-04-04,1,68.1,2023-04-06,8.722687721252441,0.1773345910429049,2023-05-05,Development,true,,neither,,0.8380126784294673,2.513972435715428,3.159745565496208,1.4500563855462723,3.5381797764466594,-0.18622215595507363,TSX_not_above_MA50
early_watch|MX.TO|2023-04-05,early_watch,MX.TO,Materials,2023-04-05,2023-04-04,2,65.5,2023-04-06,56.047977447509766,1.637981230579337,2023-05-05,Development,true,,success,7,2.0339433870329993,2.5214119095402943,0.03361546777056468,-1.6760737121793712,7.009567395835714,-2.941685092710855,TSX_not_above_MA50
early_watch|MG.TO|2023-04-06,early_watch,MG.TO,Consumer,2023-04-06,2023-04-05,1,72.2,2023-04-10,62.10725021362305,1.3865177520457965,2023-05-08,Development,true,,success,6,2.331754789911189,1.0675483137044806,2.570547845122695,1.0445985579008887,4.958544746614035,-4.607392466212068,TSX_not_above_MA50
early_watch|MX.TO|2023-04-10,early_watch,MX.TO,Materials,2023-04-10,2023-04-06,2,64,2023-04-11,57.1408576965332,1.5774138674604197,2023-05-09,Development,true,,adverse_first,,4.253924442756474,-2.4402346918209528,-2.7535105002405635,-3.555584866444972,4.9628945355060905,-4.798029565679962,TSX_above_MA50
early_watch|TD.TO|2023-04-10,early_watch,TD.TO,Financials,2023-04-10,2023-04-06,3,63,2023-04-11,70.47552490234375,1.1395576687653934,2023-05-09,Development,true,,success,19,2.422811346262277,-0.23367045677946674,0.04919150130209271,-0.7528828649023156,3.4681818333743397,-1.2667511032030787,TSX_above_MA50
early_watch|LIF.TO|2023-04-10,early_watch,LIF.TO,Materials,2023-04-10,2023-04-06,4,62.4,2023-04-11,25.673933029174805,0.5563565755812567,2023-05-09,Development,true,,adverse_first,,0.39938234252947513,-5.898636272629576,-8.018433145487903,-8.82050751169231,0.675881772702569,-16.92779628492067,TSX_above_MA50
early_watch|EFN.TO|2023-04-10,early_watch,EFN.TO,Industrials,2023-04-10,2023-04-06,5,59.9,2023-04-11,16.16969871520996,0.35456337865454735,2023-05-09,Development,true,,success,14,3.1432086920098357,-0.9895041968939533,4.190937058799449,3.3888626925950405,4.598345498732925,-1.0477127569416989,TSX_above_MA50
early_watch|SSRM.TO|2023-04-25,early_watch,SSRM.TO,Materials,2023-04-25,2023-04-24,1,62.3,2023-04-26,19.5068302154541,0.5103774721748316,2023-05-25,Development,true,,adverse_first,,5.600410356816243,13.067607869487595,1.7495311765286292,4.659180909213056,19.62662622332152,-3.2795204988384508,TSX_above_MA50
early_watch|SU.TO|2023-04-27,early_watch,SU.TO,Energy,2023-04-27,2023-04-26,1,64.6,2023-04-28,36.777587890625,0.7604714275861925,2023-05-29,Development,true,,adverse_first,,-6.4592205143354064,-8.368685732967784,-7.2607328848055985,-4.0213269777961695,0.5422105174590186,-11.338995487297932,TSX_above_MA50
early_watch|MX.TO|2023-04-27,early_watch,MX.TO,Materials,2023-04-27,2023-04-26,2,63.7,2023-04-28,57.1408576965332,1.7954531272585375,2023-05-29,Development,true,,adverse_first,,-1.8796348226562953,-7.304207793601936,-5.3256353355030654,-2.086229428493636,1.665284754588181,-8.342953022508581,TSX_above_MA50
early_watch|VET.TO|2023-04-27,early_watch,VET.TO,Energy,2023-04-27,2023-04-26,3,58.9,2023-04-28,15.18396282196045,0.5419678847575938,2023-05-29,Development,true,,adverse_first,,-2.0408265808977366,-7.171995119316044,-7.230337469260983,-3.990931562251554,0.6997309025343901,-10.78717163307854,TSX_above_MA50
early_watch|HBM.TO|2023-04-28,early_watch,HBM.TO,Materials,2023-04-28,2023-04-27,1,62.8,2023-05-01,6.8780059814453125,0.3081186570514983,2023-05-30,Development,true,,adverse_first,,2.6011659275396726,-4.768783402143506,-14.306364071994448,-10.059960187402494,3.179200121666903,-15.028894943903348,TSX_above_MA50
early_watch|CJT.TO|2023-05-01,early_watch,CJT.TO,Industrials,2023-05-01,2023-04-28,1,65.1,2023-05-02,101.42813110351562,2.837724599240848,2023-05-31,Development,true,,adverse_first,,1.632433174058101,3.10537047662518,-3.8558751256545287,0.2376998494308724,6.135660853590874,-3.9121704622867903,TSX_above_MA50
early_watch|ONEX.TO|2023-05-02,early_watch,ONEX.TO,Financials,2023-05-02,2023-05-01,1,63.6,2023-05-03,60.57037353515625,1.6247967257458638,2023-06-01,Development,true,,adverse_first,,-1.8069474044851597,-1.123222086186304,-0.9604513369307233,2.392083771381759,3.4510761182247496,-4.427804075190533,TSX_above_MA50
early_watch|BN.TO|2023-05-03,early_watch,BN.TO,Financials,2023-05-03,2023-05-02,1,67.5,2023-05-04,26.64251708984375,0.6915067443592025,2023-06-02,Development,true,,success,3,2.8327178467438374,1.391925117580084,1.9383890096698497,2.993816950991368,5.860779942965566,-1.1721795439015525,TSX_above_MA50
early_watch|HBM.TO|2023-05-03,early_watch,HBM.TO,Materials,2023-05-03,2023-05-02,2,60.1,2023-05-04,6.540070056915283,0.28043052716784006,2023-06-02,Development,true,,adverse_first,,-6.8389089995195995,-2.735572349019766,-2.735572349019766,-1.6801444076982475,8.510635118837317,-14.741661161473562,TSX_above_MA50
early_watch|AP-UN.TO|2023-05-04,early_watch,AP-UN.TO,Real Estate,2023-05-04,2023-05-03,2,60.7,2023-05-05,15.955202102661133,0.44341737098488704,2023-06-05,Development,true,,neither,,1.6517872245960241,0.4911106486086725,1.7458324870614605,4.717307468197673,3.169645040686264,-0.9374857157538052,TSX_above_MA50
early_watch|MX.TO|2023-05-04,early_watch,MX.TO,Materials,2023-05-04,2023-05-03,3,60.6,2023-05-05,56.06681823730469,1.7887235732778588,2023-06-05,Development,true,,adverse_first,,-5.528488363390438,-3.2767571260030603,0.4200963696064264,3.3915713507426393,1.7475946795815211,-8.233916054838842,TSX_above_MA50
early_watch|ONEX.TO|2023-05-05,early_watch,ONEX.TO,Financials,2023-05-05,2023-05-04,2,64.2,2023-05-08,60.20554733276367,1.5522552121350834,2023-06-06,Development,true,,adverse_first,,-1.375698929759206,1.0645256148209103,4.814946254157215,7.387666604090071,6.534571464105587,-3.848667386990501,TSX_above_MA50
early_watch|TFII.TO|2023-05-09,early_watch,TFII.TO,Industrials,2023-05-09,2023-05-08,1,58.8,2023-05-10,136.39588928222656,4.723605644938175,2023-06-08,Development,true,,neither,,2.8779010612225875,2.3539852649800963,0.4330762791283638,3.1482984637265066,4.980410663254875,-1.285294659763847,TSX_above_MA50
early_watch|KNT.TO|2023-05-09,early_watch,KNT.TO,Materials,2023-05-09,2023-05-08,2,58.6,2023-05-10,6.519999980926514,0.24750001089913504,2023-06-08,Development,true,,adverse_first,,-5.98159306175604,-8.435585772144538,-9.049082121378316,-6.333859936780173,0.1533777440351214,-12.883437960816124,TSX_above_MA50
early_watch|GIL.TO|2023-05-10,early_watch,GIL.TO,Consumer,2023-05-10,2023-05-09,1,64,2023-05-11,38.011085510253906,1.1009581118172531,2023-06-09,Development,true,,adverse_first,,-2.4546037896193806,-4.672383966164273,-2.399758419441733,0.1740015232241543,2.35639919552153,-9.73645212687364,TSX_above_MA50
early_watch|MG.TO|2023-05-10,early_watch,MG.TO,Consumer,2023-05-10,2023-05-09,2,62.8,2023-05-11,62.71792984008789,1.6370232022218545,2023-06-09,Development,true,,adverse_first,,-0.5428580969105035,-1.5111857585935806,-0.30429175514650186,2.2694681875193856,0.972769178070032,-8.44385660387178,TSX_above_MA50
early_watch|CIGI.TO|2023-05-10,early_watch,CIGI.TO,Real Estate,2023-05-10,2023-05-09,4,59.7,2023-05-11,123.81477355957031,4.190822071739217,2023-06-09,Development,true,,success,18,2.665489735745119,2.7855674994531343,7.668290338383055,10.242050281048943,8.66086511788,-3.097730311254543,TSX_above_MA50
early_watch|LB.TO|2023-05-11,early_watch,LB.TO,Financials,2023-05-11,2023-05-10,1,67.7,2023-05-12,25.611726760864258,0.5032486805466324,2023-06-12,Development,true,,adverse_first,,-1.7313327953001778,-1.667205221120971,4.680970345297686,7.12126710751344,6.444361220033357,-3.7512146201331698,TSX_above_MA50
early_watch|ONEX.TO|2023-05-15,early_watch,ONEX.TO,Financials,2023-05-15,2023-05-12,1,64.7,2023-05-16,59.20968246459961,1.7022693867689256,2023-06-14,Development,true,,success,9,1.1823370000624278,2.3646868855081493,16.819323023867017,17.940748194084367,17.402168126031835,-1.5320417278263943,TSX_above_MA50
early_watch|FVI.TO|2023-05-16,early_watch,FVI.TO,Materials,2023-05-16,2023-05-15,1,65,2023-05-17,4.739999771118164,0.18857145309448242,2023-06-15,Development,true,,adverse_first,,-6.96202404305618,0,-8.227845681806745,-6.90248751571414,3.1645591268044893,-8.43881092500377,TSX_above_MA50
early_watch|BN.TO|2023-05-16,early_watch,BN.TO,Financials,2023-05-16,2023-05-15,2,61.3,2023-05-17,27.169511795043945,0.7816620347752524,2023-06-15,Development,true,,success,19,0.9578333590388954,-1.4788991992712441,6.009196857009247,7.334555023101852,6.489191238328762,-2.7989143997593557,TSX_above_MA50
early_watch|MFI.TO|2023-05-16,early_watch,MFI.TO,Consumer,2023-05-16,2023-05-15,3,60.6,2023-05-17,20.150012969970703,0.6854530579518681,2023-06-15,Development,true,,adverse_first,,-2.6436876266634823,-2.7586396211430664,4.854222810360453,6.1795809764530585,5.549383440851274,-7.739471507442364,TSX_above_MA50
early_watch|CNQ.TO|2023-05-17,early_watch,CNQ.TO,Energy,2023-05-17,2023-05-16,2,66.7,2023-05-18,32.17914962768555,0.8782273209504198,2023-06-16,Development,true,,adverse_first,,0.1717607498057827,-0.5548883412871519,-2.953872357899656,-1.3689206902169904,4.254202430400489,-3.804996463149779,TSX_above_MA50
early_watch|SU.TO|2023-05-17,early_watch,SU.TO,Energy,2023-05-17,2023-05-16,4,63.2,2023-05-18,33.352989196777344,0.8892809803857469,2023-06-16,Development,true,,success,13,1.0137721675809397,3.4230036624674165,4.740494592078992,6.325446259761658,7.3491285990444855,-2.235512784201621,TSX_above_MA50
early_watch|TXG.TO|2023-05-19,early_watch,TXG.TO,Materials,2023-05-19,2023-05-18,1,64.8,2023-05-23,20.488723754882812,1.254714821294583,2023-06-20,Development,true,,adverse_first,,-1.4023190484595438,7.253384660871087,-11.508712722928859,-9.563411468957849,7.543517470231942,-12.088978318396837,TSX_above_MA50
early_watch|OGC.TO|2023-05-19,early_watch,OGC.TO,Materials,2023-05-19,2023-05-18,2,64.1,2023-05-23,8.338461875915527,0.4524103874360727,2023-06-20,Development,true,,adverse_first,,-1.3937078594628671,2.439031643009315,-7.317072054921647,-5.371770800950637,6.96863923814699,-8.36237000447202,TSX_above_MA50
early_watch|FVI.TO|2023-05-19,early_watch,FVI.TO,Materials,2023-05-19,2023-05-18,3,63,2023-05-23,4.610000133514404,0.19285712923322404,2023-06-20,Development,true,,adverse_first,,-4.555315229175072,3.687637123002574,-10.195233262835224,-8.249932008864214,6.0737467432074865,-10.195233262835224,TSX_above_MA50
early_watch|OGC.TO|2023-05-24,early_watch,OGC.TO,Materials,2023-05-24,2023-05-23,1,63.5,2023-05-25,8.047924041748047,0.39845314202853516,2023-06-22,Development,true,,success,5,9.747276290873419,5.415162711551091,-5.415174561492908,-4.438142875770012,10.83031047247729,-6.859222034394286,TSX_not_above_MA50
early_watch|PET.TO|2023-05-24,early_watch,PET.TO,Consumer,2023-05-24,2023-05-23,2,60.5,2023-05-25,31.25872230529785,1.1257725122520648,2023-06-22,Development,true,,adverse_first,,-7.491018284508355,-6.526742749353465,-6.014489486058361,-5.037457800335465,-2.6134068890440676,-8.907283211275773,TSX_not_above_MA50
early_watch|EQX.TO|2023-05-24,early_watch,EQX.TO,Materials,2023-05-24,2023-05-23,3,59.7,2023-05-25,5.955535411834717,0.33327383557763535,2023-06-22,Development,true,,success,5,10.702338405768042,9.030107537729393,-1.0033417234716402,-0.02631003774874463,12.709025440429977,-5.01672209589441,TSX_not_above_MA50
early_watch|LUG.TO|2023-05-26,early_watch,LUG.TO,Materials,2023-05-26,2023-05-25,1,77.2,2023-05-29,13.805887222290039,0.5680368085382429,2023-06-26,Development,true,,adverse_first,,-0.6432760576055463,-5.0679852522588,-8.782731100743668,-6.876184532484452,3.3918022152797933,-11.789903780893718,TSX_not_above_MA50
early_watch|LSPD.TO|2023-05-26,early_watch,LSPD.TO,Technology,2023-05-26,2023-05-25,2,76.3,2023-05-29,17.799999237060547,0.9485713413783482,2023-06-26,Development,true,,success,3,11.460679791940409,21.179778760407643,9.157309763932385,11.063856332191602,27.865175305706202,-0.9550566493283674,TSX_not_above_MA50
early_watch|IMG.TO|2023-05-26,early_watch,IMG.TO,Materials,2023-05-26,2023-05-25,4,65.4,2023-05-29,3.609999895095825,0.17928566251482284,2023-06-26,Development,true,,success,6,9.141278994853664,7.756238724237341,-5.540161082465289,-3.633614514206074,15.512470844081715,-6.925207957474577,TSX_not_above_MA50
early_watch|CNQ.TO|2023-05-26,early_watch,CNQ.TO,Energy,2023-05-26,2023-05-25,5,63,2023-05-29,32.374717712402344,0.7206196296081452,2023-06-26,Development,true,,adverse_first,,-2.2061514547585315,-3.5193731752626856,-4.4041844559775996,-2.4976378877183842,0.9849198211095977,-7.169311914328924,TSX_not_above_MA50
early_watch|DPM.TO|2023-05-26,early_watch,DPM.TO,Materials,2023-05-26,2023-05-25,6,60.5,2023-05-29,8.99126148223877,0.2796162692109036,2023-06-26,Development,true,,adverse_first,,1.6949156137857635,-0.5296551630506574,-6.673722937189042,-4.767176368929826,4.661024759164811,-9.004224379280657,TSX_not_above_MA50
early_watch|WN.TO|2023-05-29,early_watch,WN.TO,Consumer,2023-05-29,2023-05-26,5,62.4,2023-05-30,51.12177276611328,1.0212406274489472,2023-06-27,Development,true,,adverse_first,,-2.7985564945879005,-4.464093168511097,-4.667521710262301,-4.634088529230185,-0.06189884093070752,-6.3843071039404675,TSX_not_above_MA50
early_watch|EQX.TO|2023-05-29,early_watch,EQX.TO,Materials,2023-05-29,2023-05-26,6,59.3,2023-05-30,6.134799003601074,0.30517502878871905,2023-06-27,Development,true,,adverse_first,,6.6558466037278,0.8116912642902374,-3.2467495118379985,-3.213316330805882,9.415580176277505,-7.792207249497207,TSX_not_above_MA50
early_watch|BTO.TO|2023-05-31,early_watch,BTO.TO,Materials,2023-05-31,2023-05-30,1,73.1,2023-06-01,4.447665691375732,0.10798992603504447,2023-06-29,Development,true,,adverse_first,,0.7905070538715364,-5.499574320088774,-7.4974985073596345,-8.722055005243213,3.557295042947639,-9.495390753341804,TSX_not_above_MA50
early_watch|CIGI.TO|2023-05-31,early_watch,CIGI.TO,Real Estate,2023-05-31,2023-05-30,2,66.2,2023-06-01,123.86432647705078,3.0284359837483685,2023-06-29,Development,true,,success,3,7.62521677508885,2.7204376677880004,3.682892884541533,2.4583363866579555,8.617394467082583,-2.7044347976559635,TSX_not_above_MA50
early_watch|K.TO|2023-05-31,early_watch,K.TO,Materials,2023-05-31,2023-05-30,3,66,2023-06-01,6.319887638092041,0.18987008287713975,2023-06-29,Development,true,,adverse_first,,-1.8264772311867628,-1.9786830383668352,-3.652969552425289,-4.877526050308867,1.065458430009003,-8.675779551836193,TSX_not_above_MA50
early_watch|DPM.TO|2023-05-31,early_watch,DPM.TO,Materials,2023-05-31,2023-05-30,4,64.2,2023-06-01,9.13413143157959,0.2530833892392546,2023-06-29,Development,true,,adverse_first,,-0.4170986103221086,-5.94368390922746,-9.978313461576004,-11.202869959459582,3.023987300561659,-12.391477433521182,TSX_not_above_MA50
early_watch|IMO.TO|2023-06-01,early_watch,IMO.TO,Energy,2023-06-01,2023-05-31,1,86.9,2023-06-02,59.52125549316406,1.4288970009204458,2023-06-30,Development,true,,success,7,4.019248689686816,1.474235314173944,5.183116987990877,4.53041394061604,6.067660299640032,-1.9397898471570918,TSX_not_above_MA50
early_watch|CNQ.TO|2023-06-01,early_watch,CNQ.TO,Energy,2023-06-01,2023-05-31,2,69,2023-06-02,32.00059127807617,0.70968680760329,2023-06-30,Development,true,,adverse_first,,0,-2.4123699763600404,0.16988201955401294,-0.48282102782082337,2.165558255102229,-6.084006520196061,TSX_not_above_MA50
early_watch|BTE.TO|2023-06-01,early_watch,BTE.TO,Energy,2023-06-01,2023-05-31,3,67.7,2023-06-02,4.34790563583374,0.15095972384174414,2023-06-30,Development,true,,adverse_first,,-1.0706805791788954,-7.06640189273805,-7.4946543837124295,-8.147357431087265,3.4261075954624465,-17.98716369920601,TSX_not_above_MA50
early_watch|WCP.TO|2023-06-01,early_watch,WCP.TO,Energy,2023-06-01,2023-05-31,4,66.3,2023-06-02,7.818269729614258,0.21521184148711095,2023-06-30,Development,true,,adverse_first,,-1.1340196754106135,-2.4742286275394765,-3.925091942596104,-4.57779498997094,2.577308776192355,-8.247436935538477,TSX_not_above_MA50
early_watch|QBR-B.TO|2023-06-02,early_watch,QBR-B.TO,Communication,2023-06-02,2023-06-01,2,70.6,2023-06-05,28.696502685546875,0.6586963356742704,2023-07-04,Development,true,,adverse_first,,1.2728883143842573,2.08010085853112,2.1732466471769962,0.802053232668265,4.532751820009873,-3.601363803240454,TSX_not_above_MA50
early_watch|LNR.TO|2023-06-02,early_watch,LNR.TO,Consumer,2023-06-02,2023-06-01,3,61.8,2023-06-05,60.674705505371094,1.3313327987375543,2023-07-04,Development,true,,success,2,7.281853898428903,10.593222097248066,9.620213372598553,8.249019958089821,12.131179114464906,-0.4551083051348992,TSX_not_above_MA50
early_watch|CTC-A.TO|2023-06-02,early_watch,CTC-A.TO,Consumer,2023-06-02,2023-06-01,4,59.8,2023-06-05,146.0440216064453,2.3219411665848395,2023-07-04,Development,true,,success,9,-0.6412088172141672,2.238322473778198,8.63266981439308,7.261476399884348,9.386694812330877,-1.1043085065386427,TSX_not_above_MA50
early_watch|LUG.TO|2023-06-05,early_watch,LUG.TO,Materials,2023-06-05,2023-06-02,1,77.7,2023-06-06,13.870477676391602,0.5034478484324987,2023-07-05,Development,true,,adverse_first,,-6.155662890833147,-10.498671296216722,-7.212073499836702,-7.452907891182559,1.5715757913610906,-12.200670468535069,TSX_not_above_MA50
early_watch|WCP.TO|2023-06-05,early_watch,WCP.TO,Energy,2023-06-05,2023-06-02,2,66.6,2023-06-06,7.826326847076416,0.23720278516049628,2023-07-05,Development,true,,adverse_first,,-1.6477612224019778,-4.9433385017983,-2.9886680659236053,-3.229502457269462,1.750803357354691,-8.34189519067008,TSX_not_above_MA50
early_watch|AGI.TO|2023-06-05,early_watch,AGI.TO,Materials,2023-06-05,2023-06-02,5,60.3,2023-06-06,16.54362678527832,0.4789867930304958,2023-07-05,Development,true,,adverse_first,,-2.0771707331133205,-8.124872818458261,-7.470757612878121,-7.711592004223977,2.611253398717972,-10.444045689089943,TSX_not_above_MA50
early_watch|K.TO|2023-06-05,early_watch,K.TO,Materials,2023-06-05,2023-06-02,6,60,2023-06-06,6.2525529861450195,0.18737939151818292,2023-07-05,Development,true,,adverse_first,,-0.6153873608451876,-5.384610808847768,-2.9230842443051186,-3.163918635650975,2.0000052730929863,-7.692295747406819,TSX_not_above_MA50
early_watch|GRT-UN.TO|2023-06-06,early_watch,GRT-UN.TO,Real Estate,2023-06-06,2023-06-05,1,68,2023-06-07,72.26011657714844,1.47489059012171,2023-07-06,Development,true,,adverse_first,,-3.8323233675539914,-10.383223890165617,-3.6303442893345528,-2.764638705467082,-0.05987719335759367,-12.718571202814754,TSX_not_above_MA50
early_watch|KNT.TO|2023-06-08,early_watch,KNT.TO,Materials,2023-06-08,2023-06-07,1,65.5,2023-06-09,5.860000133514404,0.2103571891784668,2023-07-10,Development,true,,adverse_first,,3.5836183167632374,0,7.67917745754827,8.029063144538284,8.703067242744522,-8.020482189766376,TSX_not_above_MA50
early_watch|CAE.TO|2023-06-09,early_watch,CAE.TO,Industrials,2023-06-09,2023-06-08,1,70.6,2023-06-12,27.690000534057617,0.8557143892560687,2023-07-11,Development,true,,success,14,1.9862738405659108,1.2639955750063603,5.0198604652924805,5.2342097808511845,8.197899987842284,-0.3972575234018727,TSX_not_above_MA50
early_watch|WCP.TO|2023-06-09,early_watch,WCP.TO,Energy,2023-06-09,2023-06-08,2,68.7,2023-06-12,7.536165714263916,0.24495707595919455,2023-07-11,Development,true,,adverse_first,,0,-2.887692955512311,3.2194911760807132,3.433840491639417,3.972129988073214,-4.812830075689433,TSX_not_above_MA50
early_watch|AGI.TO|2023-06-09,early_watch,AGI.TO,Materials,2023-06-09,2023-06-08,3,61.2,2023-06-12,16.484718322753906,0.4565452783920468,2023-07-11,Development,true,,adverse_first,,-3.85776385729526,-8.930449139971818,-5.707802155334996,-5.493452839776292,1.6080730879352245,-10.124015739225388,TSX_not_above_MA50
early_watch|ATZ.TO|2023-06-12,early_watch,ATZ.TO,Consumer,2023-06-12,2023-06-09,1,71.8,2023-06-13,35.900001525878906,1.0789288112095423,2023-07-12,Development,true,,adverse_first,,-0.33426947487879,-1.364907124345316,-28.746521346896227,-29.148716345765315,4.874651603394753,-31.75487755247334,TSX_not_above_MA50
early_watch|POU.TO|2023-06-12,early_watch,POU.TO,Energy,2023-06-12,2023-06-09,2,62.9,2023-06-13,13.401891708374023,0.38757002823173575,2023-07-12,Development,true,,adverse_first,,-0.08487214953893929,-2.4266304568266395,-0.49211187838640313,-0.8943068772554907,1.8835890384774956,-5.956265069282929,TSX_not_above_MA50
early_watch|PEY.TO|2023-06-13,early_watch,PEY.TO,Energy,2023-06-13,2023-06-12,1,64.4,2023-06-14,8.253849983215332,0.24375179931855204,2023-07-13,Development,true,,success,14,2.7179172132330454,1.4058228340402046,9.359222968925064,8.047713133235579,12.105084873499617,-2.7178436233040615,TSX_not_above_MA50
early_watch|WCP.TO|2023-06-13,early_watch,WCP.TO,Energy,2023-06-13,2023-06-12,2,61.6,2023-06-14,7.608706474304199,0.24627610538346506,2023-07-13,Development,true,,adverse_first,,-0.9533914901996177,-3.8135534268109783,4.791267119703457,3.4797572840139734,5.004252215515481,-5.720336453509656,TSX_not_above_MA50
early_watch|NPI.TO|2023-06-13,early_watch,NPI.TO,Utilities,2023-06-13,2023-06-12,3,61.5,2023-06-14,23.46426773071289,0.44266979036031834,2023-07-13,Development,true,,adverse_first,,-0.10846173892870015,-1.6269016977192519,-2.969500815881343,-4.281010651570827,0.5865780162060297,-6.852171235373616,TSX_not_above_MA50
early_watch|TFII.TO|2023-06-14,early_watch,TFII.TO,Industrials,2023-06-14,2023-06-13,1,64.6,2023-06-15,133.7091064453125,3.1161754203569103,2023-07-14,Development,true,,success,8,-0.3348944852991531,9.26240134386882,3.4086748923854993,2.236784311619644,10.070042100561327,-2.1234051143962818,TSX_not_above_MA50
early_watch|POU.TO|2023-06-15,early_watch,POU.TO,Energy,2023-06-15,2023-06-14,1,79.1,2023-06-16,13.563359260559082,0.4127426366815548,2023-07-17,Development,true,,adverse_first,,-3.3534584245081933,-3.4205576867678777,-4.122276891788923,-5.380826836765196,0.6706967590766943,-7.075826336214785,TSX_not_above_MA50
early_watch|TVE.TO|2023-06-15,early_watch,TVE.TO,Energy,2023-06-15,2023-06-14,2,63.6,2023-06-16,2.9017300605773926,0.1152883345079357,2023-07-17,Development,true,,adverse_first,,-5.882322008739327,-0.20996261689307794,10.981454041653027,9.722904096676753,16.888023956950416,-7.4303086767437465,TSX_not_above_MA50
early_watch|PEY.TO|2023-06-15,early_watch,PEY.TO,Energy,2023-06-15,2023-06-14,3,63.4,2023-06-16,8.447239875793457,0.24795288227858325,2023-07-17,Development,true,,adverse_first,,-2.4724831508585954,1.3971321489532285,2.4147924041946878,1.156242459218415,9.538567213302219,-4.945007294288417,TSX_not_above_MA50
early_watch|PAAS.TO|2023-06-16,early_watch,PAAS.TO,Materials,2023-06-16,2023-06-15,1,69.3,2023-06-19,18.928285598754883,0.5574654643413071,2023-07-18,Development,true,,adverse_first,,-4.421247631846958,-2.334814240367644,8.196769547534522,5.977465999043453,9.2896627641186,-8.196704462501824,TSX_not_above_MA50
early_watch|DPM.TO|2023-06-16,early_watch,DPM.TO,Materials,2023-06-16,2023-06-15,2,67.7,2023-06-19,8.572176933288574,0.251722717045884,2023-07-18,Development,true,,adverse_first,,-2.1111012096572734,4.19620275907906,12.80469360062364,10.58539005213257,13.587279726230172,-6.648245145153608,TSX_not_above_MA50
early_watch|LUG.TO|2023-06-16,early_watch,LUG.TO,Materials,2023-06-16,2023-06-15,3,67.2,2023-06-19,12.870128631591797,0.48828126869629646,2023-07-18,Development,true,,adverse_first,,-2.1505252047600565,1.9608000054537555,17.64706666939353,15.427763120902462,18.785574105926873,-5.376342760164576,TSX_not_above_MA50
early_watch|OGC.TO|2023-06-16,early_watch,OGC.TO,Materials,2023-06-16,2023-06-15,4,64.3,2023-06-19,7.960762023925781,0.32789383817057904,2023-07-18,Development,true,,adverse_first,,-5.47445307940232,-3.6496293964250692,4.744518814336907,2.525215265845837,5.839411154863838,-11.313879281180483,TSX_not_above_MA50
early_watch|OR.TO|2023-06-16,early_watch,OR.TO,Materials,2023-06-16,2023-06-15,5,64.1,2023-06-19,19.955150604248047,0.5500809574710467,2023-07-18,Development,true,,adverse_first,,-2.961151936209494,-0.425931487368969,-2.860513889656202,-5.079817438147272,1.1321942020047437,-14.30302446977989,TSX_not_above_MA50
early_watch|NPI.TO|2023-06-16,early_watch,NPI.TO,Utilities,2023-06-16,2023-06-15,6,61.3,2023-06-19,23.430335998535156,0.456875514431974,2023-07-18,Development,true,,adverse_first,,-1.6654504746079657,0.4415330727719269,-2.356555275196426,-4.575858823687495,0.7322471532655417,-6.717274869449696,TSX_not_above_MA50
early_watch|CVE.TO|2023-06-19,early_watch,CVE.TO,Energy,2023-06-19,2023-06-16,1,79.2,2023-06-20,19.611045837402344,0.6748930147754574,2023-07-19,Development,true,,success,12,0.2771489449938658,5.542726026752431,4.018484636401509,0.28710925635035967,10.161688267239267,-3.0484808108460104,TSX_not_above_MA50
early_watch|BTE.TO|2023-06-19,early_watch,BTE.TO,Energy,2023-06-19,2023-06-16,5,62,2023-06-20,3.9661831855773926,0.183545767541016,2023-07-19,Development,true,,adverse_first,,-6.338034518963143,2.347430878937651,10.093885453038709,6.362510072987559,12.910783852598428,-10.093897210897229,TSX_not_above_MA50
early_watch|AGI.TO|2023-06-19,early_watch,AGI.TO,Materials,2023-06-19,2023-06-16,6,61.9,2023-06-20,15.199478149414062,0.4693762942992526,2023-07-19,Development,true,,success,15,-1.8122943882872722,0.7119611429627026,9.57927213077232,5.847896750721171,11.521042041413732,-2.524266296849953,TSX_not_above_MA50
early_watch|CU.TO|2023-06-20,early_watch,CU.TO,Utilities,2023-06-20,2023-06-19,1,65.6,2023-06-21,29.718425750732422,0.42600625994776004,2023-07-20,Development,true,,adverse_first,,-2.1440902370025494,-2.0868988372643837,-2.1440902370025494,-5.853114851967534,0.2858946302689569,-4.888506973047713,TSX_not_above_MA50
early_watch|SDE.TO|2023-06-20,early_watch,SDE.TO,Energy,2023-06-20,2023-06-19,2,62.6,2023-06-21,5.2715325355529785,0.1358542258523114,2023-07-20,Development,true,,adverse_first,,-14.68401535747189,-13.568775974755788,-14.825532407585385,-18.53455702255037,3.7174691842961627,-17.86070000511072,TSX_not_above_MA50
early_watch|CVE.TO|2023-06-21,early_watch,CVE.TO,Energy,2023-06-21,2023-06-20,1,76.6,2023-06-22,19.43894386291504,0.6657851175916836,2023-07-21,Development,true,,success,7,3.2618709221952757,7.26933588968568,7.222719090859586,2.2862780177116404,11.13700072234729,-2.1901241017745154,TSX_not_above_MA50
early_watch|OR.TO|2023-06-21,early_watch,OR.TO,Materials,2023-06-21,2023-06-20,2,68.5,2023-06-22,19.267375946044922,0.5390100930237198,2023-07-21,Development,true,,adverse_first,,0.8087289467645586,-4.183819798223142,-2.317917442034745,-7.254358515182691,4.7422426328546985,-11.243956736872674,TSX_not_above_MA50
early_watch|CNQ.TO|2023-06-21,early_watch,CNQ.TO,Energy,2023-06-21,2023-06-20,3,66.9,2023-06-22,30.57013511657715,0.7632265890337006,2023-07-21,Development,true,,success,6,3.80119737539506,4.420655552266073,8.461196982322017,3.524755909174071,8.897628782258526,-1.5486604960528672,TSX_not_above_MA50
early_watch|WPM.TO|2023-06-21,early_watch,WPM.TO,Materials,2023-06-21,2023-06-20,5,62.2,2023-06-22,54.62733840942383,1.3579853242906326,2023-07-21,Development,true,,success,15,0.15996950886749683,-1.866331886173045,3.7859799588400467,-1.150461114307899,6.612150780752146,-2.32848497278646,TSX_not_above_MA50
early_watch|LUG.TO|2023-06-21,early_watch,LUG.TO,Materials,2023-06-21,2023-06-20,6,61.6,2023-06-22,12.585211753845215,0.4735276181732795,2023-07-21,Development,true,,success,11,1.8111171623555355,4.786561276503232,19.404926332645545,14.468485259497598,21.474763255664886,-1.940493727785686,TSX_not_above_MA50
early_watch|WN.TO|2023-06-22,early_watch,WN.TO,Consumer,2023-06-22,2023-06-21,3,64,2023-06-23,48.446285247802734,0.758844901874382,2023-07-24,Development,true,,success,6,2.8027615643993586,1.0699136835927048,3.025928623234364,-2.9679350585284148,4.089265265851738,-0.9648887870870482,TSX_not_above_MA50
early_watch|PAAS.TO|2023-06-22,early_watch,PAAS.TO,Materials,2023-06-22,2023-06-21,4,63,2023-06-23,17.912761688232422,0.5131370435789996,2023-07-24,Development,true,,adverse_first,,1.312321872478428,3.097105600138672,11.023595301511602,5.029731619748823,16.640420138898236,-2.9921222040143136,TSX_not_above_MA50
early_watch|BTO.TO|2023-06-22,early_watch,BTO.TO,Materials,2023-06-22,2023-06-21,5,62.3,2023-06-23,4.1764044761657715,0.10505121384632884,2023-07-24,Development,true,,adverse_first,,0.42553823090680787,0.8510536269966895,0,-5.993863681762779,7.446809201245541,-3.6170352380996307,TSX_not_above_MA50
early_watch|ABX.TO|2023-06-23,early_watch,ABX.TO,Materials,2023-06-23,2023-06-22,1,64.1,2023-06-26,20.254621505737305,0.4211410839713733,2023-07-25,Development,true,,success,11,3.1680753499186087,1.4692273610531048,6.060622896803958,1.1380496973716792,8.44812355011193,-1.606958215715426,TSX_not_above_MA50
early_watch|MX.TO|2023-06-23,early_watch,MX.TO,Materials,2023-06-23,2023-06-22,2,63.9,2023-06-26,49.56058883666992,2.0519717491874148,2023-07-25,Development,true,,success,8,5.518429748866427,7.828911167024111,13.920192955501665,8.997619756069387,14.626702339032427,-3.303421562714426,TSX_not_above_MA50
early_watch|AEM.TO|2023-06-23,early_watch,AEM.TO,Materials,2023-06-23,2023-06-22,3,62.3,2023-06-26,61.00111389160156,1.421870571172612,2023-07-25,Development,true,,success,11,2.05595921125008,2.1177874459479717,6.5234134338427285,1.60084023441045,10.604429422951078,-1.7467923848017208,TSX_not_above_MA50
early_watch|FNV.TO|2023-06-23,early_watch,FNV.TO,Materials,2023-06-23,2023-06-22,4,59.2,2023-06-26,177.3682403564453,3.54958963740687,2023-07-25,Development,true,,success,5,2.949224471255829,2.009823636517716,6.586568054642106,1.6639948552098272,7.121786757361281,-1.8459927089676809,TSX_not_above_MA50
early_watch|PET.TO|2023-06-26,early_watch,PET.TO,Consumer,2023-06-26,2023-06-23,1,68,2023-06-27,29.12434959411621,0.4988838425855481,2023-07-26,Development,true,,adverse_first,,-1.6817656738605247,-1.3583507094218294,-1.584735945342719,-5.783265402957105,0.3557540689365313,-4.7218709311092955,TSX_not_above_MA50
early_watch|CAE.TO|2023-06-26,early_watch,CAE.TO,Industrials,2023-06-26,2023-06-23,2,65.4,2023-06-27,28.18000030517578,0.6035713468279157,2023-07-26,Development,true,,success,3,6.174591030073828,3.5486160013147083,4.435770001643369,0.23724054402898265,6.316532150533538,-0.42583689827483395,TSX_not_above_MA50
early_watch|CVE.TO|2023-06-26,early_watch,CVE.TO,Energy,2023-06-26,2023-06-23,3,65.4,2023-06-27,19.66539764404297,0.6453519805897352,2023-07-26,Development,true,,success,7,5.251023924350839,5.941971606733909,9.672928088057686,5.4743986304433,11.331168788895019,-1.151548745405051,TSX_not_above_MA50
early_watch|GRT-UN.TO|2023-06-26,early_watch,GRT-UN.TO,Real Estate,2023-06-26,2023-06-23,4,64.5,2023-06-27,66.4447021484375,1.3079815945913806,2023-07-26,Development,true,,success,4,4.634276567796225,1.7066863856406655,4.359814629396586,0.16128517178219948,5.104787528158239,-0.6718892765771312,TSX_not_above_MA50
early_watch|ATZ.TO|2023-06-27,early_watch,ATZ.TO,Consumer,2023-06-27,2023-06-26,1,65.3,2023-06-28,35.66999816894531,0.9278572627476284,2023-07-27,Development,true,,success,4,-2.1586674589088584,-24.22202950888257,-30.277538222904955,-33.13642341939658,5.550892791066664,-31.31482686385455,TSX_not_above_MA50
early_watch|AIF.TO|2023-06-28,early_watch,AIF.TO,Real Estate,2023-06-28,2023-06-27,1,68,2023-06-29,41.922359466552734,1.0311699497817233,2023-07-28,Development,true,,neither,,0.02303066645616969,0.9208171837344015,-0.5985152454185516,-3.6427331293244714,3.913449493400023,-1.1279801789429889,TSX_not_above_MA50
early_watch|SAP.TO|2023-06-29,early_watch,SAP.TO,Consumer,2023-06-29,2023-06-28,1,63.5,2023-06-30,27.390348434448242,0.7355407519421314,2023-07-31,Development,true,,adverse_first,,-5.188674351069267,-4.144200128812292,-6.199465740269217,-8.537802603807565,0.4717029250830507,-7.681934624306519,TSX_not_above_MA50
early_watch|BEPC.TO|2023-06-29,early_watch,BEPC.TO,Utilities,2023-06-29,2023-06-28,2,60.7,2023-06-30,35.92525100708008,0.7878183191249265,2023-07-31,Development,true,,adverse_first,,-0.8135840287784912,1.3639478214647172,-1.6511338517745888,-3.989470715312937,2.8954277290561103,-2.7996993971793005,TSX_not_above_MA50
early_watch|KNT.TO|2023-06-30,early_watch,KNT.TO,Materials,2023-06-30,2023-06-29,1,61,2023-07-04,5.900000095367432,0.21107132094247,2023-08-01,Development,true,,adverse_first,,6.440679801671312,9.322028898432633,2.881357178746935,1.2579886213241576,12.033898757128014,-8.644071536240794,TSX_above_MA50
early_watch|AGI.TO|2023-07-06,early_watch,AGI.TO,Materials,2023-07-06,2023-07-05,1,60.5,2023-07-07,15.150289535522461,0.3689190735630931,2023-08-04,Development,true,,success,3,9.025980361608754,6.493510417512516,1.4935009753730188,-0.5487560968875815,11.883118651560508,-0.4545546642208853,TSX_not_above_MA50
early_watch|KNT.TO|2023-07-07,early_watch,KNT.TO,Materials,2023-07-07,2023-07-06,1,65.8,2023-07-10,6.309999942779541,0.2174999713897705,2023-08-08,Development,true,,adverse_first,,0.9508707341304934,-1.9017414682609757,-8.24088725264639,-10.175557450653695,4.75436122750128,-8.24088725264639,TSX_not_above_MA50
early_watch|FNV.TO|2023-07-07,early_watch,FNV.TO,Materials,2023-07-07,2023-07-06,2,62.8,2023-07-10,181.0105438232422,4.008326854775837,2023-08-08,Development,true,,success,6,3.114617936698605,3.1306598064000157,-1.059623237765206,-2.9942934357725104,4.966276658143998,-1.840956395899196,TSX_not_above_MA50
early_watch|WPM.TO|2023-07-10,early_watch,WPM.TO,Materials,2023-07-10,2023-07-07,1,68.3,2023-07-11,54.04475021362305,1.2997252756762816,2023-08-09,Development,true,,success,1,6.342068509300902,7.905124027819421,6.647506862004726,4.651887554455958,8.749553960116941,0.12575043921851936,TSX_not_above_MA50
early_watch|CJT.TO|2023-07-10,early_watch,CJT.TO,Industrials,2023-07-10,2023-07-07,4,61.2,2023-07-11,91.29054260253906,2.2869656254238038,2023-08-09,Development,true,,adverse_first,,-1.8607706035467908,-0.5644916098887842,-1.74578296478064,-3.7414022723294083,2.791123258803019,-3.8887754932761642,TSX_not_above_MA50
early_watch|BEPC.TO|2023-07-11,early_watch,BEPC.TO,Utilities,2023-07-11,2023-07-10,3,59.3,2023-07-12,36.14876174926758,0.684045508714125,2023-08-10,Development,true,,adverse_first,,0.9036868333350823,-0.16647001571624687,-7.039228144755782,-8.394926964850658,2.2592169072597645,-10.701526159450303,TSX_not_above_MA50
early_watch|NPI.TO|2023-07-13,early_watch,NPI.TO,Utilities,2023-07-13,2023-07-12,1,73.6,2023-07-14,22.91223907470703,0.4004071737814388,2023-08-14,Development,true,,adverse_first,,1.4864294293364333,-3.6097145233692673,-12.413162099966268,-12.553327192293906,2.3039833376042873,-21.55230045311751,TSX_above_MA50
early_watch|JWEL.TO|2023-07-14,early_watch,JWEL.TO,Consumer,2023-07-14,2023-07-13,1,60.2,2023-07-17,26.179025650024414,0.6473847411244318,2023-08-15,Development,true,,success,8,0.316021108097142,6.671349486268063,-8.07582379143874,-6.459156857619307,8.251411800703057,-8.707847457508066,TSX_above_MA50
early_watch|IMO.TO|2023-07-18,early_watch,IMO.TO,Energy,2023-07-18,2023-07-17,1,70.1,2023-07-19,59.04094696044922,1.3485583797330278,2023-08-17,Development,true,,success,2,7.759689556852223,9.105117647020823,17.49062332213194,20.804241001368084,17.991248679943972,0.32853305957774026,TSX_above_MA50
early_watch|RCI-B.TO|2023-07-18,early_watch,RCI-B.TO,Communication,2023-07-18,2023-07-17,2,64.6,2023-07-19,52.158573150634766,0.8850763869644231,2023-08-17,Development,true,,adverse_first,,2.545933948787016,-4.771544505372871,-8.969808287934445,-5.656190608698298,4.4849010830439795,-9.323885035058376,TSX_above_MA50
early_watch|JWEL.TO|2023-07-18,early_watch,JWEL.TO,Consumer,2023-07-18,2023-07-17,3,58.5,2023-07-19,26.105493545532227,0.6171820103576012,2023-08-17,Development,true,,success,6,4.542246078465251,5.915481905664266,-9.964793077591494,-6.651175398355347,8.556326707217753,-10.70422644676119,TSX_above_MA50
early_watch|NWC.TO|2023-07-19,early_watch,NWC.TO,Consumer,2023-07-19,2023-07-18,1,61.1,2023-07-20,28.35279655456543,0.45583021171249427,2023-08-18,Development,true,,success,2,2.380963753119647,0.19048059839228415,-2.952392093901457,0.07399639054662677,4.8888844969608325,-3.0158856039560145,TSX_above_MA50
early_watch|BB.TO|2023-07-21,early_watch,BB.TO,Technology,2023-07-21,2023-07-20,1,60.1,2023-07-24,6.230000019073486,0.21071427209036692,2023-08-22,Development,true,,success,5,7.704655178233377,0.321026980181105,-2.7287331584828323,1.5997872914872087,8.828253435810707,-6.7415742376900845,TSX_above_MA50
early_watch|RCI-B.TO|2023-07-28,early_watch,RCI-B.TO,Communication,2023-07-28,2023-07-27,1,65.7,2023-07-31,50.77788162231445,1.1457608138486093,2023-08-29,Development,true,,adverse_first,,-3.9140967658837345,-5.282291486131474,-3.8967729004260154,-2.2668424944603416,1.0218203865855147,-8.17457379023332,TSX_above_MA50
early_watch|CG.TO|2023-08-02,early_watch,CG.TO,Materials,2023-08-02,2023-08-01,1,70.4,2023-08-03,7.255866050720215,0.2479852612882437,2023-09-01,Development,true,,adverse_first,,3.5443140127915163,-5.5206223391817915,2.1398791087712254,0.02911164856671533,7.119192932777207,-6.159001930154984,TSX_above_MA50
early_watch|TXG.TO|2023-08-02,early_watch,TXG.TO,Materials,2023-08-02,2023-08-01,2,60.3,2023-08-03,16.86257553100586,0.6029421925424318,2023-09-01,Development,true,,adverse_first,,-9.341945329666412,-16.274963957069268,-9.988246599929463,-12.099014060133973,2.8202169683403833,-17.33254515275915,TSX_above_MA50
early_watch|K.TO|2023-08-03,early_watch,K.TO,Materials,2023-08-03,2023-08-02,1,73.6,2023-08-04,6.3872222900390625,0.17795718373088093,2023-09-05,Development,true,,adverse_first,,1.0542385443617075,-3.9156546454431895,0.6387394796377288,-0.23989652179536858,6.549768430786651,-6.024096185559602,TSX_above_MA50
early_watch|RCI-B.TO|2023-08-03,early_watch,RCI-B.TO,Communication,2023-08-03,2023-08-02,3,61,2023-08-04,49.32683181762695,1.178425317080224,2023-09-05,Development,true,,adverse_first,,0.16046267446709894,-4.742368433405897,-1.9611339898519264,-2.839769991285024,2.032454663847072,-5.473340772478186,TSX_above_MA50
early_watch|ELD.TO|2023-08-03,early_watch,ELD.TO,Materials,2023-08-03,2023-08-02,4,59.9,2023-08-04,12.320999145507812,0.4219227597219484,2023-09-05,Development,true,,adverse_first,,-2.0177477401609245,-4.842608508809631,5.2461688931711326,4.367532891738035,6.537531700907184,-6.941077011571128,TSX_above_MA50
early_watch|AEM.TO|2023-08-03,early_watch,AEM.TO,Materials,2023-08-03,2023-08-02,5,58.6,2023-08-04,61.28400421142578,1.4744106060391649,2023-09-05,Development,true,,adverse_first,,-0.2923393459441703,-2.9235117272490396,0.013538551632663598,-0.8650974498004338,3.7852045864418704,-4.569922602680254,TSX_above_MA50
early_watch|NPI.TO|2023-08-09,early_watch,NPI.TO,Utilities,2023-08-09,2023-08-08,1,64.2,2023-08-10,20.743314743041992,0.44684981959270026,2023-09-08,Development,true,,adverse_first,,-3.7906863987775763,6.6748833222947335,0.015484386837139041,1.3338862210151237,7.910981732138622,-13.349796349116726,TSX_above_MA50
early_watch|AGI.TO|2023-08-09,early_watch,AGI.TO,Materials,2023-08-09,2023-08-08,2,62.2,2023-08-10,15.356884002685547,0.4216220946162216,2023-09-08,Development,true,,adverse_first,,-3.2671277027807477,6.534255405561495,3.1390138149372193,4.4574156491152035,13.581024987594127,-4.80461704680658,TSX_above_MA50
early_watch|CU.TO|2023-08-09,early_watch,CU.TO,Utilities,2023-08-09,2023-08-08,3,58.5,2023-08-10,27.620410919189453,0.49813681824859096,2023-09-08,Development,true,,neither,,0.1871273146629493,0.2807047831476339,-1.4036274993871278,-0.08522566520914321,2.0898113384363093,-1.6843669624238,TSX_above_MA50
early_watch|AC.TO|2023-08-11,early_watch,AC.TO,Industrials,2023-08-11,2023-08-10,1,68.2,2023-08-14,23.56999969482422,0.656428473336356,2023-09-12,Development,true,,adverse_first,,-4.157825858824804,-4.497240049498819,-9.885447407187298,-9.553270326164155,-0.1697030492006979,-10.352144953966302,TSX_above_MA50
early_watch|BBD-B.TO|2023-08-14,early_watch,BBD-B.TO,Industrials,2023-08-14,2023-08-11,1,67.4,2023-08-15,54.619998931884766,3.331071581159319,2023-09-13,Development,true,,adverse_first,,-4.210910439468918,2.4533141318054064,-8.678136134130398,-10.583178368182278,5.034785891207094,-11.93702047833176,TSX_above_MA50
early_watch|BB.TO|2023-08-14,early_watch,BB.TO,Technology,2023-08-14,2023-08-11,2,62.6,2023-08-15,6.050000190734863,0.19642860548836844,2023-09-13,Development,true,,adverse_first,,0.16528515255240794,20.826441525973436,23.47106701965751,21.56602478560563,29.256197109499936,-3.966946122131787,TSX_above_MA50
early_watch|JWEL.TO|2023-08-14,early_watch,JWEL.TO,Consumer,2023-08-14,2023-08-11,4,61.7,2023-08-15,24.06485366821289,0.8371349306993869,2023-09-13,Development,true,,adverse_first,,-3.01757624725032,0.9549244767777632,1.8044111262072393,-0.1006311078446398,2.227636664674315,-7.0832630469275575,TSX_above_MA50
early_watch|WELL.TO|2023-08-15,early_watch,WELL.TO,Health Care,2023-08-15,2023-08-14,2,65.1,2023-08-16,4.309999942779541,0.18607139587402344,2023-09-14,Development,true,,success,10,1.3921100597706015,9.512757606852729,1.8561467463607872,-1.504312696537613,12.064964914852471,-3.2482568061314,TSX_not_above_MA50
early_watch|BEPC.TO|2023-08-16,early_watch,BEPC.TO,Utilities,2023-08-16,2023-08-15,1,59.8,2023-08-17,32.37485122680664,0.8918980360673281,2023-09-15,Development,true,,success,8,2.628789190082137,1.3236441737728422,1.9414689014434439,-2.1474338677823557,6.638338375463615,-6.708132778056508,TSX_not_above_MA50
early_watch|CCL-B.TO|2023-08-16,early_watch,CCL-B.TO,Materials,2023-08-16,2023-08-15,2,59.2,2023-08-17,57.915523529052734,1.0565566489194151,2023-09-15,Development,true,,adverse_first,,-1.7681750749413472,-1.1296710682445532,-4.911558642297531,-9.00046141152333,0.8185912089651026,-7.007220441963691,TSX_not_above_MA50
early_watch|BIP-UN.TO|2023-08-17,early_watch,BIP-UN.TO,Utilities,2023-08-17,2023-08-16,1,59,2023-08-18,38.40431213378906,1.0176042117398296,2023-09-18,Development,true,,neither,,-0.16159984742923905,2.0694594267074207,0.788619969684512,-2.614280250981249,3.9790279923897165,-2.3315012632794896,TSX_not_above_MA50
early_watch|WELL.TO|2023-08-18,early_watch,WELL.TO,Health Care,2023-08-18,2023-08-17,1,73.4,2023-08-21,4.340000152587891,0.17857142857142858,2023-09-19,Development,true,,success,7,0,8.525342685494053,1.1520670999951577,-1.0415249395465231,11.290316909919529,-2.7649852114563944,TSX_not_above_MA50
early_watch|CTC-A.TO|2023-08-18,early_watch,CTC-A.TO,Consumer,2023-08-18,2023-08-17,2,64,2023-08-21,135.6619873046875,3.4565709751317013,2023-09-19,Development,true,,neither,,-0.5548354558403634,0.7483963096901691,-2.2516113387136105,-4.445203378255291,4.141946411613562,-2.3806784579035067,TSX_not_above_MA50
early_watch|ERO.TO|2023-08-18,early_watch,ERO.TO,Materials,2023-08-18,2023-08-17,3,59,2023-08-21,27.860000610351562,0.9471426010131836,2023-09-19,Development,true,,success,7,1.9382591398008575,-1.0409221434819038,-10.5527655048408,-12.74635754438248,7.46590049582847,-12.275664039372714,TSX_not_above_MA50
early_watch|CS.TO|2023-08-21,early_watch,CS.TO,Materials,2023-08-21,2023-08-18,1,67.3,2023-08-22,6.119999885559082,0.21785708836146764,2023-09-20,Development,true,,adverse_first,,1.7973878361331908,-2.614376640588656,-4.084967396648276,-6.743515482950313,9.150326033517286,-7.679735277457677,TSX_not_above_MA50
early_watch|HBM.TO|2023-08-21,early_watch,HBM.TO,Materials,2023-08-21,2023-08-18,2,60.9,2023-08-22,6.420798301696777,0.27049141659511194,2023-09-20,Development,true,,neither,,3.7151541841714097,2.784523879367762,0.9241841491408609,-1.7343639371611763,8.210563735402499,-2.167181350147296,TSX_not_above_MA50
early_watch|BIP-UN.TO|2023-08-21,early_watch,BIP-UN.TO,Utilities,2023-08-21,2023-08-18,3,59.5,2023-08-22,37.668495178222656,1.0505318656461076,2023-09-20,Development,true,,success,17,2.9889402779057717,0.6206143659926555,1.5228106135254604,-1.1357374727765768,6.010155900688696,0.23534805156659733,TSX_not_above_MA50
early_watch|CG.TO|2023-08-22,early_watch,CG.TO,Materials,2023-08-22,2023-08-21,1,67.2,2023-08-23,7.392605304718018,0.20291746770686014,2023-09-21,Development,true,,adverse_first,,2.005003155110896,-4.511282899763325,-10.025073827273046,-9.581401514630006,5.1378348152098186,-11.40351550209,TSX_not_above_MA50
early_watch|GFL.TO|2023-08-28,early_watch,GFL.TO,Industrials,2023-08-28,2023-08-25,2,60.9,2023-08-29,43.76774215698242,1.0454086991718563,2023-09-27,Development,true,,success,11,0.1819853503536084,3.6851771973401837,-0.9326836363357405,3.278176544717015,5.846205590591214,-1.3421287072306942,TSX_not_above_MA50
early_watch|BEPC.TO|2023-09-01,early_watch,BEPC.TO,Utilities,2023-09-01,2023-08-31,1,62.1,2023-09-05,32.4294319152832,0.7584928066745805,2023-10-03,Development,true,,adverse_first,,-1.716290948281185,-0.29500607033304815,-18.986350249453576,-12.163023199527755,2.3330463693011394,-19.817670637332075,TSX_above_MA50
early_watch|CM.TO|2023-09-05,early_watch,CM.TO,Financials,2023-09-05,2023-09-01,1,60.5,2023-09-06,47.096168518066406,0.6786827831617366,2023-10-04,Development,true,,success,7,1.450358975206334,2.5474288063691564,-3.72359322201935,2.1705048585165643,3.3097985432988697,-5.443489528247591,TSX_above_MA50
early_watch|BTO.TO|2023-09-06,early_watch,BTO.TO,Materials,2023-09-06,2023-09-05,1,76.6,2023-09-07,3.661018133163452,0.09901509891709323,2023-10-05,Development,true,,success,6,3.155341275847623,2.267218558550943,-3.38696628546149,1.5519066955860588,7.038838770520783,-6.336989294444672,TSX_above_MA50
early_watch|KXS.TO|2023-09-07,early_watch,KXS.TO,Technology,2023-09-07,2023-09-06,2,70.8,2023-09-08,161.52000427246094,3.8142896379743303,2023-10-06,Development,true,,adverse_first,,2.4145578215226227,-4.841510102381818,-7.937101897665411,-3.8095202071707472,3.5599305645761303,-9.744926372471452,TSX_not_above_MA50
early_watch|QSR.TO|2023-09-07,early_watch,QSR.TO,Consumer,2023-09-07,2023-09-06,3,66,2023-09-08,82.59000396728516,1.3612761669540814,2023-10-06,Development,true,,adverse_first,,0.6713478882725665,-0.1887071848865718,-6.0387592437930016,-1.9111775532983382,2.1765036927440473,-7.523096952542696,TSX_not_above_MA50
early_watch|FM.TO|2023-09-07,early_watch,FM.TO,Materials,2023-09-07,2023-09-06,4,62.4,2023-09-08,33.83000183105469,1.081891874401857,2023-10-06,Development,true,,success,1,5.882346308189645,-4.906897937515198,-10.46408727142827,-6.336505580933606,6.473539781776316,-14.602430310457482,TSX_not_above_MA50
early_watch|BEP-UN.TO|2023-09-07,early_watch,BEP-UN.TO,Utilities,2023-09-07,2023-09-06,5,62,2023-09-08,29.912981033325195,0.7104561155107483,2023-10-06,Development,true,,success,5,5.7566857193357635,2.1958211229382796,-13.6795235253523,-9.551941834857637,5.934731355882827,-18.605339837788904,TSX_not_above_MA50
early_watch|GOOS.TO|2023-09-07,early_watch,GOOS.TO,Consumer,2023-09-07,2023-09-06,6,61.7,2023-09-08,20.920000076293945,0.5864286422729492,2023-10-06,Development,true,,adverse_first,,2.1032530231977153,-6.931169969652917,-8.365200734310985,-4.237619043816322,2.437859593794922,-12.237091092763974,TSX_not_above_MA50
early_watch|FTT.TO|2023-09-08,early_watch,FTT.TO,Industrials,2023-09-08,2023-09-07,3,63.2,2023-09-11,39.998626708984375,0.8170211914628577,2023-10-10,Development,true,,adverse_first,,-0.327569763671387,-5.73233257672573,-6.130095179964523,-2.752954564608434,2.877866687860653,-9.33551265767445,TSX_not_above_MA50
early_watch|LUG.TO|2023-09-11,early_watch,LUG.TO,Materials,2023-09-11,2023-09-08,1,63.6,2023-09-12,12.48464584350586,0.3602656184872527,2023-10-11,Development,true,,success,6,2.89472236863213,5.4605037009876956,1.6447280977152312,4.410371539760682,7.9605115682904515,-3.8815808501340032,TSX_not_above_MA50
early_watch|BEPC.TO|2023-09-11,early_watch,BEPC.TO,Utilities,2023-09-11,2023-09-08,3,61.1,2023-09-12,31.872848510742188,0.866222180166522,2023-10-11,Development,true,,adverse_first,,1.4461042340193186,0.6002315183843088,-10.777633198472437,-8.011989756426985,4.120049351669763,-18.49932666485565,TSX_not_above_MA50
early_watch|PET.TO|2023-09-12,early_watch,PET.TO,Consumer,2023-09-12,2023-09-11,1,65.9,2023-09-13,24.34748649597168,0.581539730026294,2023-10-12,Development,true,,adverse_first,,-1.90290789061891,-6.446610855618385,-2.9126379396314683,0.9273196363473346,1.3592241659992732,-8.660178491508885,TSX_above_MA50
early_watch|HBM.TO|2023-09-12,early_watch,HBM.TO,Materials,2023-09-12,2023-09-11,3,63.2,2023-09-13,6.5099992752075195,0.1918541870098478,2023-10-12,Development,true,,adverse_first,,-0.4586939582601146,-4.4342491293509205,-4.281331610761963,-0.4413740347831596,5.351692773475425,-9.93883436562979,TSX_above_MA50
early_watch|GOOS.TO|2023-09-13,early_watch,GOOS.TO,Consumer,2023-09-13,2023-09-12,1,71.2,2023-09-14,20.979999542236328,0.5649998528616769,2023-10-13,Development,true,,adverse_first,,-6.768351321625355,-5.338412565882167,-15.919924811551589,-10.547933890518124,2.14490358797923,-16.87320822410928,TSX_above_MA50
early_watch|CTC-A.TO|2023-09-13,early_watch,CTC-A.TO,Consumer,2023-09-13,2023-09-12,3,58.7,2023-09-14,136.74728393554688,2.5044327272016176,2023-10-13,Development,true,,adverse_first,,-5.222738111577163,-6.912441265048475,-9.850232150209726,-4.478241229176261,0.1663998791783472,-10.951103318321609,TSX_above_MA50
early_watch|DPM.TO|2023-09-14,early_watch,DPM.TO,Materials,2023-09-14,2023-09-13,1,65.6,2023-09-15,7.896856784820557,0.28682242021725923,2023-10-16,Development,true,,neither,,2.1844996551819706,2.6150678081740653,4.325287941622036,9.1816810794361,7.257157140966375,-2.882176044374929,TSX_above_MA50
early_watch|TXG.TO|2023-09-14,early_watch,TXG.TO,Materials,2023-09-14,2023-09-13,2,65.6,2023-09-15,14.355976104736328,0.6701720015021587,2023-10-16,Development,true,,adverse_first,,-1.2422299594535002,-2.4844665619545236,-1.7253190190716583,3.1310741187424047,5.106978201417545,-10.351962305402584,TSX_above_MA50
early_watch|EQB.TO|2023-09-14,early_watch,EQB.TO,Financials,2023-09-14,2023-09-13,3,64.4,2023-09-15,69.36116027832031,1.598545179950593,2023-10-16,Development,true,,success,10,3.031940625472296,2.0573831746505844,-0.1488894994844503,4.707503638329612,5.346500777316998,-4.805091030000863,TSX_above_MA50
early_watch|LNR.TO|2023-09-14,early_watch,LNR.TO,Consumer,2023-09-14,2023-09-13,4,59.7,2023-09-15,64.03012084960938,1.337342755711688,2023-10-16,Development,true,,adverse_first,,-3.252257119285229,-2.3869724551137894,-2.9091316161607983,1.9472615216532647,1.5962839748330904,-5.519901865963661,TSX_above_MA50
early_watch|CCL-B.TO|2023-09-14,early_watch,CCL-B.TO,Materials,2023-09-14,2023-09-13,5,58.5,2023-09-15,55.07096862792969,0.9854496492978312,2023-10-16,Development,true,,adverse_first,,-1.2627554943281383,-1.3838441996148143,-1.937384650210816,2.919008487603247,0.24217632211265272,-5.25861362599035,TSX_above_MA50
early_watch|ERO.TO|2023-09-15,early_watch,ERO.TO,Materials,2023-09-15,2023-09-14,3,61.8,2023-09-18,25.6299991607666,0.9146430151803153,2023-10-17,Development,true,,adverse_first,,-7.452204096580162,-13.343738541861317,-20.717907295411553,-16.81409732556124,-0.31213393025980585,-22.785791792685263,TSX_above_MA50
early_watch|WELL.TO|2023-09-18,early_watch,WELL.TO,Health Care,2023-09-18,2023-09-15,1,64.7,2023-09-19,4.389999866485596,0.15107144628252303,2023-10-18,Development,true,,adverse_first,,-4.328019658291316,-7.517082773176376,-10.022775220586066,-6.223354099587841,0.6833760984226611,-11.84510243146769,TSX_above_MA50
early_watch|EQB.TO|2023-09-18,early_watch,EQB.TO,Financials,2023-09-18,2023-09-15,2,63.6,2023-09-19,69.46444702148438,1.6049548563973712,2023-10-18,Development,true,,success,8,0.37839198562874543,-0.9190821940496696,-2.635509186099183,1.1639119348990423,5.189860979037819,-4.946636418108097,TSX_above_MA50
early_watch|TXG.TO|2023-09-18,early_watch,TXG.TO,Materials,2023-09-18,2023-09-15,3,63.1,2023-09-19,14.346068382263184,0.6666335448819641,2023-10-18,Development,true,,adverse_first,,-2.0027530517133463,-8.977890828942181,-1.5193237121220227,2.2800974088762027,5.179567481090697,-10.290049323108551,TSX_above_MA50
early_watch|BBD-B.TO|2023-09-18,early_watch,BBD-B.TO,Industrials,2023-09-18,2023-09-15,6,59.4,2023-09-19,49.119998931884766,1.9778567722865514,2023-10-18,Development,true,,adverse_first,,-9.283382853727563,-8.387620157724374,-9.263027964170112,-5.4636068431718865,2.7687309444723196,-12.764659189953054,TSX_above_MA50
early_watch|FM.TO|2023-09-20,early_watch,FM.TO,Materials,2023-09-20,2023-09-19,1,82.3,2023-09-21,32.689998626708984,1.1835714067731584,2023-10-20,Development,true,,adverse_first,,-5.536860024409862,-9.024163290054588,-8.289994488584906,-4.8744039686565035,1.8966129477762106,-11.624348108585725,TSX_not_above_MA50
early_watch|CS.TO|2023-09-20,early_watch,CS.TO,Materials,2023-09-20,2023-09-19,2,70.4,2023-09-21,5.659999847412109,0.2385714054107666,2023-10-20,Development,true,,adverse_first,,-0.7067131259962167,-6.1837440648094155,-13.957596875452827,-10.542006355524425,3.3568915608245486,-15.547697196601817,TSX_not_above_MA50
early_watch|OR.TO|2023-09-20,early_watch,OR.TO,Materials,2023-09-20,2023-09-19,3,67.5,2023-09-21,16.508258819580078,0.36263173461205256,2023-10-20,Development,true,,adverse_first,,-5.879955845594531,-6.057204310715947,0.2647115301738223,3.6803020501022243,2.0372235761370483,-8.89321688960144,TSX_not_above_MA50
early_watch|NPI.TO|2023-09-20,early_watch,NPI.TO,Utilities,2023-09-20,2023-09-19,4,65.5,2023-09-21,19.75982093811035,0.6097959783462917,2023-10-20,Development,true,,adverse_first,,-3.871894895643624,-5.224001111214394,-12.551336473730235,-9.135745953801832,2.9526631703269635,-12.943874795947409,TSX_not_above_MA50
early_watch|CG.TO|2023-09-20,early_watch,CG.TO,Materials,2023-09-20,2023-09-19,5,63.9,2023-09-21,6.651491165161133,0.23887665304321537,2023-10-20,Development,true,,adverse_first,,-6.68523501152899,-11.559884345956196,-5.710296541992266,-2.2947060220638638,0.9749400303786793,-14.066837768230013,TSX_not_above_MA50
early_watch|NA.TO|2023-09-22,early_watch,NA.TO,Financials,2023-09-22,2023-09-21,2,65.5,2023-09-25,83.02757263183594,1.262635179751386,2023-10-24,Development,true,,adverse_first,,-2.708619914928345,-3.037613288748353,-6.820913036326825,-2.7094233570468695,0.0767720268259664,-7.358248468648143,TSX_not_above_MA50
early_watch|LNR.TO|2023-09-22,early_watch,LNR.TO,Consumer,2023-09-22,2023-09-21,3,61.5,2023-09-25,62.711891174316406,1.4417374918642285,2023-10-24,Development,true,,adverse_first,,-0.6854568854882004,1.8278789450755006,-4.874325604855512,-0.7628359255755566,3.274976077939762,-5.0266520267720605,TSX_not_above_MA50
early_watch|LUN.TO|2023-09-25,early_watch,LUN.TO,Materials,2023-09-25,2023-09-22,2,59.5,2023-09-26,9.038727760314941,0.3096289607055259,2023-10-25,Development,true,,adverse_first,,-3.5602064742287554,2.198940196309418,-9.633508560484493,-6.5229919344226275,6.701558146427988,-11.099507848871825,TSX_not_above_MA50
early_watch|TA.TO|2023-09-25,early_watch,TA.TO,Utilities,2023-09-25,2023-09-22,3,58.9,2023-09-26,11.883584022521973,0.24977463993723983,2023-10-25,Development,true,,adverse_first,,-11.40349997243364,-4.625177385699731,-16.74642185066,-13.635905224598133,0.31900057222660205,-18.102076621655005,TSX_not_above_MA50
early_watch|BIP-UN.TO|2023-09-26,early_watch,BIP-UN.TO,Utilities,2023-09-26,2023-09-25,1,61.2,2023-09-27,35.228187561035156,0.9326712442003503,2023-10-26,Development,true,,adverse_first,,-4.061968251163151,-4.442742920356757,-20.919022252426622,-18.03417342164868,4.036543851333652,-22.594573902050097,TSX_not_above_MA50
early_watch|WFG.TO|2023-09-26,early_watch,WFG.TO,Materials,2023-09-26,2023-09-25,2,58.8,2023-09-27,93.57366943359375,1.9104508391461417,2023-10-26,Development,true,,adverse_first,,-2.570891801050279,-6.916956763078474,-7.9167457542213215,-5.03189692344338,1.6833310151505243,-9.600077312136746,TSX_not_above_MA50
early_watch|PBH.TO|2023-09-27,early_watch,PBH.TO,Consumer,2023-09-27,2023-09-26,2,62.6,2023-09-28,85.81381225585938,1.6252540919926446,2023-10-27,Development,true,,adverse_first,,-1.8128364439301325,-1.5613381048789288,-6.161567056562589,-1.8059347302374569,1.0374292571888155,-6.381630711116648,TSX_not_above_MA50
early_watch|MG.TO|2023-09-27,early_watch,MG.TO,Consumer,2023-09-27,2023-09-26,4,59.2,2023-09-28,64.25009155273438,1.746974619706961,2023-10-27,Development,true,,adverse_first,,-1.0221117943977842,-1.5055356670420572,-8.687855256164422,-4.33222292983929,2.7762502441809778,-9.046974186401824,TSX_not_above_MA50
early_watch|CJT.TO|2023-09-28,early_watch,CJT.TO,Industrials,2023-09-28,2023-09-27,2,67.8,2023-09-29,86.1741943359375,2.3909446502571194,2023-10-30,Development,true,,adverse_first,,1.8325149198443524,-3.1541411510059625,-9.240325651366476,-5.7374882115130195,4.953356425934108,-15.037757303682264,TSX_not_above_MA50
early_watch|FTT.TO|2023-09-28,early_watch,FTT.TO,Industrials,2023-09-28,2023-09-27,3,67,2023-09-29,37.49052810668945,1.0408087364973722,2023-10-30,Development,true,,adverse_first,,-0.4992614406491236,0.2745647933331208,-5.466804410334358,-1.9639669704809015,3.5696252565567965,-7.289080502754464,TSX_not_above_MA50
early_watch|IVN.TO|2023-09-28,early_watch,IVN.TO,Materials,2023-09-28,2023-09-27,4,66.7,2023-09-29,11.640000343322754,0.30071449279785156,2023-10-30,Development,true,,adverse_first,,-3.436430931327672,-3.780073205152623,-9.450174819803491,-5.947337379950035,-0.5154675072764792,-12.371138243854684,TSX_not_above_MA50
early_watch|GFL.TO|2023-09-28,early_watch,GFL.TO,Industrials,2023-09-28,2023-09-27,6,64.8,2023-09-29,42.941375732421875,0.9750025245212284,2023-10-30,Development,true,,success,5,3.199605856856258,-2.485985389839973,-7.519412224975708,-4.016574785122252,5.03128474278105,-9.560630952718219,TSX_not_above_MA50
early_watch|ELD.TO|2023-09-29,early_watch,ELD.TO,Materials,2023-09-29,2023-09-28,3,66,2023-10-02,11.435955047607422,0.36793944168968934,2023-10-31,Development,true,,success,4,7.739135858929025,18.260883488160083,30.434797474337593,32.01844488439873,34.782624056815514,-1.0434719039868923,TSX_not_above_MA50
early_watch|OR.TO|2023-09-29,early_watch,OR.TO,Materials,2023-09-29,2023-09-28,6,62.6,2023-10-02,15.254724502563477,0.3624709420642342,2023-10-31,Development,true,,success,6,3.8363093969155937,6.2020395682899965,8.37596864864878,9.95961605870992,11.061359649696412,-1.4066523749370563,TSX_not_above_MA50
early_watch|LNR.TO|2023-10-02,early_watch,LNR.TO,Consumer,2023-10-02,2023-09-29,1,66,2023-10-03,61.75664520263672,1.4219487998557006,2023-11-01,Development,true,,success,5,4.253704985084439,-1.4539752404297834,-6.682142479023279,-6.987593893950184,4.872423681352589,-8.306276942915991,TSX_not_above_MA50
early_watch|MTL.TO|2023-10-02,early_watch,MTL.TO,Industrials,2023-10-02,2023-09-29,2,65,2023-10-03,11.380793571472168,0.27368214013025177,2023-11-01,Development,true,,success,4,4.138465195870467,0.7524535499559448,0.4562988268361323,0.15084741190922735,6.847266344329173,-1.3543944742860914,TSX_not_above_MA50
early_watch|AP-UN.TO|2023-10-02,early_watch,AP-UN.TO,Real Estate,2023-10-02,2023-09-29,4,62.3,2023-10-03,12.576094627380371,0.4123912060889311,2023-11-01,Development,true,,success,9,6.45921423621203,3.640618242630178,-1.0595366296981656,-1.3649880446250706,6.811507462299726,-11.861427955062265,TSX_not_above_MA50
early_watch|CJT.TO|2023-10-02,early_watch,CJT.TO,Industrials,2023-10-02,2023-09-29,6,60.6,2023-10-03,83.8963851928711,2.42247045397636,2023-11-01,Development,true,,success,4,5.304576460785082,-4.460423516025647,-8.453124080670637,-8.758575495597542,7.802867931261903,-12.731009846277585,TSX_not_above_MA50
early_watch|BTO.TO|2023-10-03,early_watch,BTO.TO,Materials,2023-10-03,2023-10-02,1,71.9,2023-10-04,3.4920196533203125,0.09119304127830197,2023-11-02,Development,true,,success,3,8.762878081126303,19.845381096162164,13.91751746754466,10.810051270248543,22.16495595356882,0.000023210123978323338,TSX_not_above_MA50
early_watch|DPM.TO|2023-10-03,early_watch,DPM.TO,Materials,2023-10-03,2023-10-02,2,71,2023-10-04,7.727136611938477,0.248935961684739,2023-11-02,Development,true,,success,3,2.8714074315426386,9.11361815935594,19.101115829825144,15.993649632529028,19.975019581884744,-0.7490632628286531,TSX_not_above_MA50
early_watch|KXS.TO|2023-10-03,early_watch,KXS.TO,Technology,2023-10-03,2023-10-02,4,69.3,2023-10-04,149.83999633789062,3.768214634486607,2023-11-02,Development,true,,adverse_first,,-4.845164631788013,-6.727177040450661,-4.10437403015953,-7.211840227455646,1.9487441539712158,-13.821404138569848,TSX_not_above_MA50
early_watch|SSRM.TO|2023-10-03,early_watch,SSRM.TO,Materials,2023-10-03,2023-10-02,5,68.2,2023-10-04,17.161962509155273,0.4717559826337295,2023-11-02,Development,true,,success,6,2.951384508965571,12.152766934090975,-8.217593145710666,-11.325059343006782,15.914352046952018,-11.111111709427913,TSX_not_above_MA50
early_watch|RCI-B.TO|2023-10-03,early_watch,RCI-B.TO,Communication,2023-10-03,2023-10-02,6,67.9,2023-10-04,45.49677658081055,0.999783685241986,2023-11-02,Development,true,,success,3,3.5310081818896055,1.4631113181534428,7.062041517411299,3.9545753201151834,7.179087089278813,-2.165429198877178,TSX_not_above_MA50
early_watch|H.TO|2023-10-04,early_watch,H.TO,Utilities,2023-10-04,2023-10-03,1,72.8,2023-10-05,32.0572395324707,0.697741783079987,2023-11-03,Development,true,,success,3,2.387092313746475,-1.2367240138259628,7.650268997394338,4.059994350747487,9.117032501519073,-2.473425691843012,TSX_not_above_MA50
early_watch|ABX.TO|2023-10-04,early_watch,ABX.TO,Materials,2023-10-04,2023-10-03,6,67.6,2023-10-05,18.44268226623535,0.4925799275710658,2023-11-03,Development,true,,success,4,9.081682115425993,17.55453897949144,14.358188311287389,10.767913664640538,19.025868267307764,0.10145973501611838,TSX_not_above_MA50
early_watch|TSU.TO|2023-10-05,early_watch,TSU.TO,Financials,2023-10-05,2023-10-04,3,69.8,2023-10-06,30.459999084472656,0.7153572354997907,2023-11-06,Development,true,,adverse_first,,2.8562076998777552,-1.674321526139444,9.225218180401873,6.63871602488193,11.818786595609264,-3.5128027806463846,TSX_not_above_MA50
early_watch|SSRM.TO|2023-10-05,early_watch,SSRM.TO,Materials,2023-10-05,2023-10-04,5,65.9,2023-10-06,17.310937881469727,0.4660804677826117,2023-11-06,Development,true,,success,4,6.597812650776769,12.507176960741262,-2.294897584453448,-4.881399739973391,14.91681026897198,-11.876076341522213,TSX_not_above_MA50
early_watch|ATZ.TO|2023-10-05,early_watch,ATZ.TO,Consumer,2023-10-05,2023-10-04,6,65.3,2023-10-06,22.90999984741211,0.867143086024693,2023-11-06,Development,true,,success,3,5.805324891157904,2.444345131698644,2.8808374151371385,0.29433525961719553,9.777388852192392,-9.77738885219238,TSX_not_above_MA50
early_watch|LUG.TO|2023-10-06,early_watch,LUG.TO,Materials,2023-10-06,2023-10-05,1,72.7,2023-10-10,12.460001945495605,0.34379707364969814,2023-11-07,Development,true,,success,3,14.568237797658657,15.820712011908844,9.690202084780708,9.308685082721336,20.89649880857374,-0.3954955438283836,TSX_not_above_MA50
early_watch|EQB.TO|2023-10-06,early_watch,EQB.TO,Financials,2023-10-06,2023-10-05,5,63.4,2023-10-10,67.9810791015625,1.7415407549654083,2023-11-07,Development,true,,adverse_first,,2.4444088805730235,-6.974180554533027,0.9943306799592655,0.6128136778998927,3.2730217625224434,-8.286152858591933,TSX_not_above_MA50
early_watch|BEPC.TO|2023-10-06,early_watch,BEPC.TO,Utilities,2023-10-06,2023-10-05,6,61.2,2023-10-10,28.17681312561035,1.0609797285365328,2023-11-07,Development,true,,adverse_first,,-1.6666818973970043,3.302462335250045,3.271594721773474,2.8900777197141014,7.006162487775192,-6.51234617304004,TSX_not_above_MA50
early_watch|RY.TO|2023-10-10,early_watch,RY.TO,Financials,2023-10-10,2023-10-06,1,60.9,2023-10-11,104.90418243408203,1.719087687400592,2023-11-08,Development,true,,adverse_first,,-2.3457525566725423,-5.085926902841676,0.9076435703532004,1.5870725575884315,1.9341223526003537,-6.121102212873842,TSX_not_above_MA50
early_watch|EQB.TO|2023-10-11,early_watch,EQB.TO,Financials,2023-10-11,2023-10-10,1,60.5,2023-10-12,66.93896484375,1.780435992902372,2023-11-09,Development,true,,adverse_first,,-1.3183761151352003,-5.203364006389921,4.0673257179537625,3.6201447897140415,5.7223052483662995,-6.858340104570515,TSX_not_above_MA50
early_watch|MG.TO|2023-10-13,early_watch,MG.TO,Consumer,2023-10-13,2023-10-12,1,69.8,2023-10-16,64.10809326171875,1.546668247665887,2023-11-13,Development,true,,adverse_first,,-4.000546962099194,-8.485600472986544,0.2630202209365162,-0.18751407929691322,7.045982436776055,-10.838860901899139,TSX_not_above_MA50
early_watch|CTC-A.TO|2023-10-13,early_watch,CTC-A.TO,Consumer,2023-10-13,2023-10-12,2,65.1,2023-10-16,123.12855529785156,2.2718673416040867,2023-11-13,Development,true,,adverse_first,,-2.0400768190460883,-1.8191049517848557,1.1039360900434003,0.6534017898099709,5.553286112642852,-5.354100708436816,TSX_not_above_MA50
early_watch|CU.TO|2023-10-13,early_watch,CU.TO,Utilities,2023-10-13,2023-10-12,3,65.1,2023-10-16,25.802595138549805,0.5532202222603012,2023-11-13,Development,true,,adverse_first,,-3.672792212827458,-0.5008356377528611,3.792033865191069,3.3414995649576396,7.081090652868016,-5.442410431017775,TSX_not_above_MA50
early_watch|CS.TO|2023-10-13,early_watch,CS.TO,Materials,2023-10-13,2023-10-12,4,62.5,2023-10-16,5.239999771118164,0.2528572082519531,2023-11-13,Development,true,,adverse_first,,-9.351141078649384,-12.21373844352337,-14.312977724423781,-14.76351202465721,0.9542021549400426,-16.030528863391247,TSX_not_above_MA50
early_watch|EQB.TO|2023-10-13,early_watch,EQB.TO,Financials,2023-10-13,2023-10-12,5,60.9,2023-10-16,69.25788879394531,1.826036578552171,2023-11-13,Development,true,,adverse_first,,-6.926932495535798,-6.479586947014515,-1.8029097454551057,-2.253444045688535,2.18246321766713,-9.97695127874394,TSX_not_above_MA50
early_watch|POU.TO|2023-10-13,early_watch,POU.TO,Energy,2023-10-13,2023-10-12,6,60.2,2023-10-16,13.953835487365723,0.4095751940677304,2023-11-13,Development,true,,success,2,7.750919803546519,9.771442837950616,-6.525323823542339,-6.975858123775769,11.957626865026572,-6.85656484207231,TSX_not_above_MA50
early_watch|BEP-UN.TO|2023-10-16,early_watch,BEP-UN.TO,Utilities,2023-10-16,2023-10-13,4,58.7,2023-10-17,25.732263565063477,1.2299952911976355,2023-11-14,Development,true,,success,5,8.313210833469164,-0.27595935903602653,13.521904820779485,11.841603267050992,13.797868366588872,-3.3804739572114717,TSX_not_above_MA50
early_watch|TA.TO|2023-10-16,early_watch,TA.TO,Utilities,2023-10-16,2023-10-13,5,58.6,2023-10-17,10.452627182006836,0.39124578922974124,2023-11-14,Development,true,,adverse_first,,-5.167725115949507,-7.978240523544178,4.442430522900032,2.76212896917154,4.895732748194215,-9.156833659089225,TSX_not_above_MA50
early_watch|CCA.TO|2023-10-17,early_watch,CCA.TO,Communication,2023-10-17,2023-10-16,2,64.4,2023-10-18,49.92304992675781,1.2476576998090911,2023-11-15,Development,true,,adverse_first,,-4.830577270866998,-7.48069768017613,-12.103481401583306,-15.22522610107293,0.6876786370495491,-13.416391023912322,TSX_not_above_MA50
early_watch|CJT.TO|2023-10-17,early_watch,CJT.TO,Industrials,2023-10-17,2023-10-16,3,61.2,2023-10-18,80.15425109863281,2.6073193265147188,2023-11-15,Development,true,,adverse_first,,-3.713438196805663,-4.179106409703126,3.8806096871704776,0.7588649876808518,6.877610432625958,-8.656712364262187,TSX_not_above_MA50
early_watch|RY.TO|2023-10-19,early_watch,RY.TO,Financials,2023-10-19,2023-10-18,1,68.6,2023-10-20,100.06371307373047,1.7570746374197301,2023-11-17,Development,true,,success,9,-1.0782162335383427,5.834539471502187,9.883694554655008,4.337432896427783,10.421762584173088,-1.579816322479899,TSX_not_above_MA50
early_watch|MG.TO|2023-10-19,early_watch,MG.TO,Consumer,2023-10-19,2023-10-18,2,62.7,2023-10-20,61.987144470214844,1.4864491744411292,2023-11-17,Development,true,,adverse_first,,-5.354348715208134,4.695770801888899,10.99130204033858,5.445040382111355,11.034605507632245,-7.788128176017639,TSX_not_above_MA50
early_watch|CCL-B.TO|2023-10-19,early_watch,CCL-B.TO,Materials,2023-10-19,2023-10-18,3,61.9,2023-10-20,52.86089324951172,0.8206152422296741,2023-11-17,Development,true,,adverse_first,,-2.8834106483244804,0.14415646027476914,5.027911190498835,-0.5183504677283901,5.947004881208051,-4.811689410595898,TSX_not_above_MA50
early_watch|SHOP.TO|2023-10-19,early_watch,SHOP.TO,Technology,2023-10-19,2023-10-18,4,61.6,2023-10-20,70.0999984741211,3.0400003705705916,2023-11-17,Development,true,,adverse_first,,-8.202567938889093,19.914407116037648,33.908708687399105,28.362447029171882,34.79315252574866,-9.900140909804778,TSX_not_above_MA50
early_watch|IVN.TO|2023-10-19,early_watch,IVN.TO,Materials,2023-10-19,2023-10-18,5,59.7,2023-10-20,10.710000038146973,0.32928596224103657,2023-11-17,Development,true,,adverse_first,,-0.28010955055404185,1.307192743455654,2.801122219106622,-2.745139439120603,5.508871619854561,-7.656393014972329,TSX_not_above_MA50
early_watch|CURA.TO|2023-10-19,early_watch,CURA.TO,Health Care,2023-10-19,2023-10-18,6,58.8,2023-10-20,15,1.744285719735282,2023-11-17,Development,true,,adverse_first,,-23.79999796549479,-15.999997456868487,0,-5.546261658227225,1.4000002543131496,-30.400002797444657,TSX_not_above_MA50
early_watch|LNR.TO|2023-10-20,early_watch,LNR.TO,Consumer,2023-10-20,2023-10-19,2,62.9,2023-10-23,60.45751190185547,1.3707781847438147,2023-11-20,Development,true,,adverse_first,,-4.787478040611104,1.4852187963409147,-5.923630731698637,-12.222889030842076,3.333866028652266,-10.285992049836967,TSX_not_above_MA50
early_watch|PBH.TO|2023-10-20,early_watch,PBH.TO,Consumer,2023-10-20,2023-10-19,4,58.9,2023-10-23,83.09813690185547,1.3231572386764714,2023-11-20,Development,true,,adverse_first,,-2.553820342001012,-0.6168196206352339,-1.5799260345291555,-7.879184333672596,1.1795257560200945,-4.934519055186037,TSX_not_above_MA50
early_watch|SHOP.TO|2023-10-23,early_watch,SHOP.TO,Technology,2023-10-23,2023-10-20,1,71.9,2023-10-24,71.87000274658203,3.0149999346051897,2023-11-21,Development,true,,adverse_first,,-8.877145733956326,18.19951816028309,32.93446119990722,27.017098863510316,33.86669738098511,-12.119107508430071,TSX_not_above_MA50
early_watch|TECK-B.TO|2023-10-23,early_watch,TECK-B.TO,Materials,2023-10-23,2023-10-20,4,66.1,2023-10-24,46.98419952392578,1.571771082633633,2023-11-21,Development,true,,success,15,1.0517571938938541,0.4330731484417871,2.330378465660976,-3.586983870735927,10.249524834435464,-2.103515541752876,TSX_not_above_MA50
early_watch|EMA.TO|2023-10-23,early_watch,EMA.TO,Utilities,2023-10-23,2023-10-20,5,62.6,2023-10-24,38.514400482177734,0.9882151634073735,2023-11-21,Development,true,,success,7,1.4882057510266833,7.677619932571456,8.236229461450261,2.318867125053358,9.956720709025468,-0.9678958782055047,TSX_not_above_MA50
early_watch|CU.TO|2023-10-23,early_watch,CU.TO,Utilities,2023-10-23,2023-10-20,6,60.7,2023-10-24,24.76015281677246,0.494144639957267,2023-11-21,Development,true,,success,5,2.08767879646119,8.33851316004659,8.055840599020868,2.1384782626239653,12.649437452679479,-0.48713701671575516,TSX_not_above_MA50
early_watch|KXS.TO|2023-10-24,early_watch,KXS.TO,Technology,2023-10-24,2023-10-23,5,62,2023-10-25,134.52000427246094,3.9610704694475447,2023-11-22,Development,true,,adverse_first,,0.007429755068755206,11.314303254017211,12.548311840545434,6.3940700230617376,15.209627419902416,-4.006838550741765,TSX_not_above_MA50
early_watch|IAG.TO|2023-10-25,early_watch,IAG.TO,Financials,2023-10-25,2023-10-24,1,66.7,2023-10-26,72.65330505371094,1.4477958520713534,2023-11-23,Development,true,,success,5,5.0265289230683186,6.4157506384142415,14.423425680686396,7.846585121233395,14.690977348522626,-1.9828459842840984,TSX_not_above_MA50
early_watch|FTT.TO|2023-10-25,early_watch,FTT.TO,Industrials,2023-10-25,2023-10-24,2,66,2023-10-26,34.94498062133789,0.9051093733873624,2023-11-23,Development,true,,adverse_first,,1.4194131246836328,-6.07926300160786,-4.574964764927946,-11.151805324380948,4.043944957019185,-9.560782642175681,TSX_not_above_MA50
early_watch|MFC.TO|2023-10-25,early_watch,MFC.TO,Financials,2023-10-25,2023-10-24,3,65.6,2023-10-26,21.25737953186035,0.39409943847445156,2023-11-23,Development,true,,success,5,4.5681157693381325,6.602994404032159,10.408345849421652,3.831505289968651,10.871535632551655,-1.6195831237508007,TSX_not_above_MA50
early_watch|RY.TO|2023-10-25,early_watch,RY.TO,Financials,2023-10-25,2023-10-24,4,64.2,2023-10-26,100.5726547241211,1.5827767221741627,2023-11-23,Development,true,,adverse_first,,4.155698958729315,5.471361168066879,7.667183598805027,1.0903430393520264,9.881127892044518,-1.90545343003089,TSX_not_above_MA50
early_watch|CM.TO|2023-10-25,early_watch,CM.TO,Financials,2023-10-25,2023-10-24,6,60.4,2023-10-26,43.117210388183594,0.8176347613576925,2023-11-23,Development,true,,success,5,5.966131931595009,6.977702572026101,10.755567721538807,4.1787271620858055,12.386458779782572,-1.300576822202426,TSX_not_above_MA50
early_watch|LIF.TO|2023-10-26,early_watch,LIF.TO,Materials,2023-10-26,2023-10-25,1,70.1,2023-10-27,25.584735870361328,0.6249577065658569,2023-11-24,Development,true,,adverse_first,,-0.5834824959724205,-1.0048629132600295,2.787680122739533,-4.500946849406029,4.44084447879054,-2.852521276239517,TSX_not_above_MA50
early_watch|SLF.TO|2023-10-26,early_watch,SLF.TO,Financials,2023-10-26,2023-10-25,4,66.8,2023-10-27,54.7125129699707,0.9398439156101317,2023-11-24,Development,true,,success,4,5.86716162257539,5.931648031797954,12.669240219857581,5.380613247712019,13.10443787325022,0.5641310392575871,TSX_not_above_MA50
early_watch|FTT.TO|2023-10-27,early_watch,FTT.TO,Industrials,2023-10-27,2023-10-26,1,71.8,2023-10-30,35.44099426269531,0.8656695627789814,2023-11-27,Development,true,,adverse_first,,-1.1883137487562756,-6.91841168384022,-7.266762131882354,-13.502700301570393,2.5878002558632263,-10.826522682950667,TSX_not_above_MA50
early_watch|SRU-UN.TO|2023-10-27,early_watch,SRU-UN.TO,Real Estate,2023-10-27,2023-10-26,4,62,2023-10-30,17.38755226135254,0.34015210532378887,2023-11-27,Development,true,,success,3,8.711952554194035,5.995358753236735,7.400523360631239,1.1645851909432015,11.85015095681019,-0.5620468743428364,TSX_not_above_MA50
early_watch|IAG.TO|2023-10-30,early_watch,IAG.TO,Financials,2023-10-30,2023-10-27,2,68,2023-10-31,74.0388412475586,1.4412416942111435,2023-11-28,Development,true,,success,2,3.767510450651401,7.0144745398977415,11.33202307113903,5.168350295819146,13.007301910513092,0.06195182839534574,TSX_not_above_MA50
early_watch|LSPD.TO|2023-10-30,early_watch,LSPD.TO,Technology,2023-10-30,2023-10-27,5,62.8,2023-10-31,17.309999465942383,0.768214225769043,2023-11-28,Development,true,,success,2,21.028315478338477,27.671872116181895,30.733679138993498,24.570006363673613,32.81340543280342,-1.7908692981320473,TSX_not_above_MA50
early_watch|CAE.TO|2023-10-31,early_watch,CAE.TO,Industrials,2023-10-31,2023-10-30,3,68,2023-11-01,28.899999618530273,0.7557140077863421,2023-11-29,Development,true,,success,8,1.107265394630108,-1.4186846118476204,-8.477504802525726,-13.913844331589097,10.380622974390775,-11.107263414683398,TSX_not_above_MA50
early_watch|LIF.TO|2023-10-31,early_watch,LIF.TO,Materials,2023-10-31,2023-10-30,4,64.7,2023-11-01,25.485218048095703,0.6539837660139504,2023-11-29,Development,true,,neither,,-2.082663191233025,2.733483744529286,2.3429914125515205,-3.0933481165118515,4.848677967933024,-2.473167821113509,TSX_not_above_MA50
early_watch|BMO.TO|2023-10-31,early_watch,BMO.TO,Financials,2023-10-31,2023-10-30,6,60.6,2023-11-01,93.39540100097656,1.762598282644376,2023-11-29,Development,true,,success,2,1.8795947105270105,6.020411514189172,5.047223703065673,-0.389115825997699,7.3275335624044535,0.47705078683510926,TSX_not_above_MA50
early_watch|FTT.TO|2023-11-01,early_watch,FTT.TO,Industrials,2023-11-01,2023-10-31,1,65.1,2023-11-02,35.44099426269531,0.8616591612980383,2023-11-30,Development,true,,adverse_first,,-7.393728572529524,-3.5120385626658424,-8.224155397623678,-11.332229643498703,2.5878002558632263,-10.826522682950667,TSX_not_above_MA50
early_watch|NTR.TO|2023-11-01,early_watch,NTR.TO,Materials,2023-11-01,2023-10-31,2,60.9,2023-11-02,68.2996597290039,1.8429996803867874,2023-11-30,Development,true,,adverse_first,,-1.4719331272976977,3.4827410060104924,-4.612947046488047,-7.721021292363073,5.099238599347311,-5.335779354273528,TSX_not_above_MA50
early_watch|CCA.TO|2023-11-01,early_watch,CCA.TO,Communication,2023-11-01,2023-10-31,4,58.5,2023-11-02,47.494728088378906,1.0748043933921834,2023-11-30,Development,true,,adverse_first,,-5.324398508070949,-8.236757234151549,-6.641667318583777,-9.749741564458802,1.1988826297675947,-8.989523517037634,TSX_not_above_MA50
early_watch|ATZ.TO|2023-11-02,early_watch,ATZ.TO,Consumer,2023-11-02,2023-11-01,1,68.2,2023-11-03,23.549999237060547,0.8192853927612305,2023-12-01,Development,true,,success,4,4.501067548328819,2.1656061375970204,9.256901808069372,6.089168363633134,12.27176811304982,-0.8492520682382154,TSX_not_above_MA50
early_watch|ERO.TO|2023-11-02,early_watch,ERO.TO,Materials,2023-11-02,2023-11-01,2,64.8,2023-11-03,18.5,0.6657141276768276,2023-12-01,Development,true,,adverse_first,,-12.540538890941722,-13.621624096019847,-0.48648731128589917,-3.6542207557221373,2.4594590470597533,-15.027025583628062,TSX_not_above_MA50
early_watch|MG.TO|2023-11-02,early_watch,MG.TO,Consumer,2023-11-02,2023-11-01,3,62.6,2023-11-03,64.89791870117188,1.608154078371204,2023-12-01,Development,true,,adverse_first,,-0.6974007500323287,6.01316671173131,3.614133054324431,0.4463996098881928,6.688791069543587,-2.8169093147730084,TSX_not_above_MA50
early_watch|LNR.TO|2023-11-02,early_watch,LNR.TO,Consumer,2023-11-02,2023-11-01,4,59.7,2023-11-03,61.07842254638672,1.3107331698595104,2023-12-01,Development,true,,adverse_first,,-8.038782757872509,-7.272438500158196,-7.35093285747066,-10.518666301906897,0.8601635632477622,-11.19800614871963,TSX_not_above_MA50
early_watch|NTR.TO|2023-11-03,early_watch,NTR.TO,Materials,2023-11-03,2023-11-02,1,59.4,2023-11-06,66.163330078125,1.9805278617435544,2023-12-04,Development,true,,success,6,1.6687076806700896,5.725159591151452,-0.29848388406118476,-3.673191084475247,8.49275914070251,-2.279192250752393,TSX_above_MA50
early_watch|PAAS.TO|2023-11-09,early_watch,PAAS.TO,Materials,2023-11-09,2023-11-08,1,62.3,2023-11-10,17.39522933959961,0.7726850752751763,2023-12-08,Development,true,,success,4,7.606004752135664,9.414031190413263,10.674191429708625,7.229687626508331,19.7692341721744,-1.3057666512719557,TSX_not_above_MA50
early_watch|FNV.TO|2023-11-09,early_watch,FNV.TO,Materials,2023-11-09,2023-11-08,2,59.2,2023-11-10,159.91845703125,5.639588496916959,2023-12-08,Development,true,,adverse_first,,0.2853798933172058,-3.0056631339824724,-10.226664666746055,-13.671168469946348,2.2344937320568414,-12.277622751470062,TSX_not_above_MA50
early_watch|POU.TO|2023-11-14,early_watch,POU.TO,Energy,2023-11-14,2023-11-13,1,69.4,2023-11-15,12.808853149414062,0.45271779545632285,2023-12-13,Development,true,,adverse_first,,-2.1384692313098808,-2.3559428238553948,-5.4005135560450395,-8.250261526885318,2.2471465987618178,-9.061249549870254,TSX_above_MA50
early_watch|PBH.TO|2023-11-14,early_watch,PBH.TO,Consumer,2023-11-14,2023-11-13,2,59.4,2023-11-15,82.63953399658203,1.8922432194915575,2023-12-13,Development,true,,adverse_first,,-0.02177860985997926,-3.210013839895731,0.7072832047404498,-2.1424647660998275,0.9357950593142705,-4.591955520852897,TSX_above_MA50
early_watch|CAE.TO|2023-11-15,early_watch,CAE.TO,Industrials,2023-11-15,2023-11-14,1,62,2023-11-16,28.690000534057617,0.8035710198538644,2023-12-14,Development,true,,adverse_first,,-0.48797941579288295,-5.960268246741107,-1.2896508621328628,-4.908548618645914,1.4987810985410466,-10.456604894233902,TSX_above_MA50
early_watch|KEL.TO|2023-11-16,early_watch,KEL.TO,Energy,2023-11-16,2023-11-15,2,71.3,2023-11-17,7.21999979019165,0.26857127462114605,2023-12-15,Development,true,,adverse_first,,-0.6925168331116782,-7.202216011597839,-20.08310043491909,-21.834696028727798,3.739612032860551,-23.82271246777964,TSX_above_MA50
early_watch|LNR.TO|2023-11-17,early_watch,LNR.TO,Consumer,2023-11-17,2023-11-16,1,59.6,2023-11-20,56.8762321472168,1.7528783550732965,2023-12-18,Development,true,,adverse_first,,-3.0175395812797268,-0.33715492325397944,5.731633695317617,3.873538623329864,7.687121808605379,-4.180713772841149,TSX_above_MA50
early_watch|TECK-B.TO|2023-11-21,early_watch,TECK-B.TO,Materials,2023-11-21,2023-11-20,1,62.3,2023-11-22,48.234130859375,1.712265788977844,2023-12-20,Development,true,,success,16,1.2454872903875591,0.14063267144817093,11.513665300885268,9.093456584319682,14.574351812894747,-3.4150056965135955,TSX_above_MA50
early_watch|WELL.TO|2023-11-22,early_watch,WELL.TO,Health Care,2023-11-22,2023-11-21,1,64.3,2023-11-23,3.8399999141693115,0.2207143477031163,2023-12-21,Development,true,,neither,,-1.0416656965389626,-0.7812492724042275,0.2604164241347462,-2.9657589684718655,4.817713159718662,-2.8645806654821526,TSX_above_MA50
early_watch|FTT.TO|2023-11-22,early_watch,FTT.TO,Industrials,2023-11-22,2023-11-21,2,63.6,2023-11-23,33.34626007080078,1.0337699253422983,2023-12-21,Development,true,,adverse_first,,-2.459011142453227,-2.204616084018318,8.56416079488218,5.337985402275569,11.136249631464935,-3.7874324916454705,TSX_above_MA50
early_watch|BHC.TO|2023-11-22,early_watch,BHC.TO,Health Care,2023-11-22,2023-11-21,3,62.5,2023-11-23,9.460000038146973,0.36642844336373465,2023-12-21,Development,true,,success,7,2.325584208685716,2.854117367871001,4.862579664820776,1.6364042722141647,10.676535145973155,-3.4883712724666616,TSX_above_MA50
early_watch|FTT.TO|2023-11-30,early_watch,FTT.TO,Industrials,2023-11-30,2023-11-29,1,59.3,2023-12-01,33.04466247558594,0.6274146287845542,2024-01-03,Development,true,,adverse_first,,0.22816844175903572,6.90242725507535,9.070160208531997,7.282153560254256,12.150590779201597,-2.0251101302911745,TSX_above_MA50
early_watch|NTR.TO|2023-12-04,early_watch,NTR.TO,Materials,2023-12-04,2023-12-01,1,64,2023-12-05,65.10415649414062,1.7314428549652416,2024-01-05,Development,true,,success,7,-1.3649767757776265,4.811778095590324,4.450758507931019,1.6940743468303987,6.8442405418032815,-2.261149603561108,TSX_above_MA50
early_watch|DCBO.TO|2023-12-05,early_watch,DCBO.TO,Technology,2023-12-05,2023-12-04,2,59.9,2023-12-06,59.970001220703125,1.9849989754813058,2024-01-08,Development,true,,success,5,7.103555193458644,13.740199593200742,1.4340513470836314,-2.5153089370675508,17.425373912839937,-4.152078752346577,TSX_above_MA50
early_watch|TFII.TO|2023-12-13,early_watch,TFII.TO,Industrials,2023-12-13,2023-12-12,1,77.1,2023-12-14,152.3898162841797,3.561476356393998,2024-01-16,Development,true,,success,6,2.207295290015976,12.400096565351483,15.23818068234375,14.423413603592184,16.045451715626147,-1.0627358567846357,TSX_above_MA50
early_watch|CVE.TO|2023-12-13,early_watch,CVE.TO,Energy,2023-12-13,2023-12-12,2,60.6,2023-12-14,20.542877197265625,0.5169835267663319,2024-01-16,Development,true,,adverse_first,,-1.2934822008203284,-1.4273028705383162,-7.939336239079308,-8.754103317830875,2.0963584191223905,-8.206952073541329,TSX_above_MA50
early_watch|TA.TO|2023-12-13,early_watch,TA.TO,Utilities,2023-12-13,2023-12-12,3,59.7,2023-12-14,10.410052299499512,0.20834726536906573,2024-01-16,Development,true,,adverse_first,,-1.0064007623493132,0.8234354620867856,-4.391588616465536,-5.206355695217102,2.195801726152591,-5.489483222581959,TSX_above_MA50
early_watch|NTR.TO|2023-12-14,early_watch,NTR.TO,Materials,2023-12-14,2023-12-13,1,67.8,2023-12-15,66.00176239013672,1.8920497589204806,2024-01-17,Development,true,,adverse_first,,2.9375736838229916,4.128374775444588,-9.25485577766134,-10.062489721310584,5.391188126374469,-10.298064109604999,TSX_above_MA50
early_watch|SSRM.TO|2023-12-21,early_watch,SSRM.TO,Materials,2023-12-21,2023-12-20,1,61.3,2023-12-22,14.62613582611084,0.46812762892309845,2024-01-24,Development,true,,adverse_first,,-3.4152973129989883,-6.215850107732379,-12.021857495933752,-12.714353942067735,0.5464516888441961,-12.158472644042796,TSX_above_MA50
early_watch|GIL.TO|2023-12-21,early_watch,GIL.TO,Consumer,2023-12-21,2023-12-20,2,59.5,2023-12-22,41.13267135620117,1.6664776349576502,2024-01-24,Development,true,,adverse_first,,-0.02309258280152049,-2.8175362291555817,0.46188875254888906,-0.23060769358509425,1.963073242179303,-4.572732309467797,TSX_above_MA50
early_watch|EFR.TO|2023-12-29,early_watch,EFR.TO,Energy,2023-12-29,2023-12-28,1,59.3,2024-01-02,9.239999771118164,0.5585713386535645,2024-01-30,Development,true,,success,8,1.1904828255017375,13.203466420445299,12.229438770907809,10.524767042098173,17.099566697444345,-4.32900030777672,TSX_above_MA50
early_watch|BIR.TO|2024-01-11,early_watch,BIR.TO,Energy,2024-01-11,2024-01-10,1,68.3,2024-01-12,5.479521751403809,0.16479786311151276,2024-02-09,Development,true,,adverse_first,,-18.749994561145343,-12.335522508591213,-13.651316333359153,-13.7437422814067,0.164477450778322,-24.17763363407165,TSX_above_MA50
early_watch|HWX.TO|2024-01-12,early_watch,HWX.TO,Energy,2024-01-12,2024-01-11,1,64.1,2024-01-15,5.386698246002197,0.13556999284141794,2024-02-12,Development,true,,adverse_first,,-0.48622056392449986,2.431129375991725,1.9448911078210784,1.9192505410875915,5.024308594494986,-4.70015168527842,TSX_above_MA50
early_watch|WCP.TO|2024-01-12,early_watch,WCP.TO,Energy,2024-01-12,2024-01-11,2,62,2024-01-15,7.480140686035156,0.13315472017738728,2024-02-12,Development,true,,adverse_first,,-4.250534455554,-1.4541156137518274,-2.006044243536298,-2.031684810269785,0.22370363105481683,-8.201056322728661,TSX_above_MA50
early_watch|PXT.TO|2024-01-17,early_watch,PXT.TO,Energy,2024-01-17,2024-01-16,1,60.6,2024-01-18,17.488142013549805,0.6559323298484158,2024-02-15,Development,true,,adverse_first,,3.8444083826244757,-0.5427523249167288,-6.241531764764141,-8.486590071429067,5.382182208327735,-8.638619941430747,TSX_above_MA50
early_watch|POU.TO|2024-01-18,early_watch,POU.TO,Energy,2024-01-18,2024-01-17,1,67.2,2024-01-19,11.934823036193848,0.2939334610297036,2024-02-16,Development,true,,success,4,5.695194137329063,-1.0212017689142927,8.64996629128818,6.980152552140062,8.689429907519909,-3.417083645735197,TSX_above_MA50
early_watch|CAR-UN.TO|2024-01-18,early_watch,CAR-UN.TO,Real Estate,2024-01-18,2024-01-17,2,64.6,2024-01-19,41.8137321472168,0.9422490901403501,2024-02-16,Development,true,,success,14,-0.06361518732542759,0.8504437325812075,7.059223978646911,5.389410239498793,7.505753235841506,-1.8239604525269404,TSX_above_MA50
early_watch|WCP.TO|2024-01-18,early_watch,WCP.TO,Energy,2024-01-18,2024-01-17,3,59,2024-01-19,7.095257759094238,0.15658355705254312,2024-02-16,Development,true,,success,4,5.542420701736317,-1.440224400352852,4.497126782462768,2.82731304331465,5.660347895731088,-3.2214139570504563,TSX_above_MA50
early_watch|TA.TO|2024-01-19,early_watch,TA.TO,Utilities,2024-01-19,2024-01-18,1,60.7,2024-01-22,9.695734024047852,0.23606651256521108,2024-02-20,Development,true,,adverse_first,,-1.7681917677629166,-8.546183162032495,-9.037334973719135,-10.438572806300527,0.5893693814631007,-10.019662490172587,TSX_above_MA50
early_watch|CAR-UN.TO|2024-01-22,early_watch,CAR-UN.TO,Real Estate,2024-01-22,2024-01-19,1,64.4,2024-01-23,42.452247619628906,0.9878576169580506,2024-02-21,Development,true,,adverse_first,,-1.8811527270002126,-0.4988856641651829,5.344247192953788,4.6891323640098515,5.888781446044833,-3.300605949200708,TSX_above_MA50
early_watch|HWX.TO|2024-01-22,early_watch,HWX.TO,Energy,2024-01-22,2024-01-19,2,62.3,2024-01-23,5.41288948059082,0.14966508572067566,2024-02-21,Development,true,,adverse_first,,2.419374730655943,1.451612505386879,6.129046239261027,5.47393141031709,7.096787390543069,-3.8709625219444876,TSX_above_MA50
early_watch|TVE.TO|2024-01-22,early_watch,TVE.TO,Energy,2024-01-22,2024-01-19,3,61.8,2024-01-23,2.8761184215545654,0.08889113057670969,2024-02-21,Development,true,,adverse_first,,2.3440903267468283,-3.770796004249244,4.918797196293068,4.263682367349131,5.448734167016411,-6.667333474840287,TSX_above_MA50
early_watch|TOU.TO|2024-01-23,early_watch,TOU.TO,Energy,2024-01-23,2024-01-22,1,66.6,2024-01-24,51.3892822265625,1.250536135082436,2024-02-22,Development,true,,adverse_first,,-0.6324810383366519,-4.273500466766911,1.7777747095474528,0.387583528883062,3.72649123792399,-8.632481659338797,TSX_above_MA50
early_watch|BTO.TO|2024-01-23,early_watch,BTO.TO,Materials,2024-01-23,2024-01-22,3,65.1,2024-01-24,3.2786753177642822,0.09107438609373027,2024-02-22,Development,true,,success,5,4.166680907267084,-0.27776806185040304,-7.7777747882616595,-9.167965968926051,6.388901314012241,-8.33333201722597,TSX_above_MA50
early_watch|K.TO|2024-01-23,early_watch,K.TO,Materials,2024-01-23,2024-01-22,4,61.4,2024-01-24,7.132546901702881,0.19461253001036535,2024-02-22,Development,true,,success,6,1.091400040179069,-1.2278350732566112,-9.4133821721904,-10.80357335285479,5.866295333494587,-10.095506429031452,TSX_above_MA50
early_watch|TA.TO|2024-01-25,early_watch,TA.TO,Utilities,2024-01-25,2024-01-24,1,60.3,2024-01-26,9.63858413696289,0.24082870304251205,2024-02-26,Development,true,,adverse_first,,-4.743059812870321,-6.620520782666062,-6.225281464299048,-7.167279886288968,0.2964623778415554,-9.48614366048961,TSX_above_MA50
early_watch|BB.TO|2024-01-31,early_watch,BB.TO,Technology,2024-01-31,2024-01-30,1,62,2024-02-01,3.7200000286102295,0.21285712718963623,2024-03-01,Development,true,,adverse_first,,0.8064508376086854,3.2258033504347416,1.3440847293478164,-0.7071349565311635,4.032254188043427,-7.258063947579707,TSX_above_MA50
early_watch|FNV.TO|2024-02-06,early_watch,FNV.TO,Materials,2024-02-06,2024-02-05,1,83.1,2024-02-07,141.49903869628906,3.072615479084805,2024-03-07,Development,true,,adverse_first,,-0.8674060453899735,-1.252933023381908,4.013487782803082,0.07723641710022378,7.600161818499829,-3.1598720492424737,TSX_above_MA50
early_watch|FM.TO|2024-02-12,early_watch,FM.TO,Materials,2024-02-12,2024-02-09,1,65.6,2024-02-13,11.630000114440918,0.5007143020629883,2024-03-13,Development,true,,adverse_first,,2.407564318279909,7.22270115496273,27.772996650495752,21.044312611753945,28.030956120403715,-6.190887875699913,TSX_above_MA50
early_watch|EMA.TO|2024-02-12,early_watch,EMA.TO,Utilities,2024-02-12,2024-02-09,2,60.1,2024-02-13,40.474822998046875,0.7190018562582168,2024-03-13,Development,true,,success,2,3.9922312726055287,1.4026837490452637,4.0138142125450305,-2.714869826196775,6.042290945041073,0.3021131894664908,TSX_above_MA50
early_watch|TXG.TO|2024-02-14,early_watch,TXG.TO,Materials,2024-02-14,2024-02-13,1,68.4,2024-02-15,13.55346965789795,0.5364209160933526,2024-03-15,Development,true,,success,10,-0.14620904551225777,10.745601397369775,34.356719251683266,31.40469136143971,36.40350790041245,-3.5087821173476863,TSX_above_MA50
early_watch|CNQ.TO|2024-02-14,early_watch,CNQ.TO,Energy,2024-02-14,2024-02-13,2,65.8,2024-02-15,37.29389190673828,0.7615930766539856,2024-03-15,Development,true,,success,4,4.058991220667796,15.280211366795648,17.20025940098422,14.248231510740661,18.97710570010178,-0.49558456445358834,TSX_above_MA50
early_watch|FM.TO|2024-02-14,early_watch,FM.TO,Materials,2024-02-14,2024-02-13,3,63.9,2024-02-15,11.920000076293945,0.5050000463213239,2024-03-15,Development,true,,adverse_first,,4.194630845635494,8.221472617146318,25.92281990612708,22.970792015883525,28.271810939508413,-8.473156228333313,TSX_above_MA50
early_watch|FNV.TO|2024-02-14,early_watch,FNV.TO,Materials,2024-02-14,2024-02-13,4,62,2024-02-15,144.7135772705078,2.8840597737417193,2024-03-15,Development,true,,adverse_first,,-2.1068860661313082,-2.3223026610539543,4.647410060935586,1.695382170692028,5.90335025872657,-5.310992439612583,TSX_above_MA50
early_watch|K.TO|2024-02-15,early_watch,K.TO,Materials,2024-02-15,2024-02-14,2,59.1,2024-02-16,6.64601469039917,0.21198848199795822,2024-03-18,Development,true,,adverse_first,,-2.7818428904676784,6.4421734341734815,12.64112171137526,9.904903396844713,13.966306023431962,-5.4172649804166255,TSX_above_MA50
early_watch|DPM.TO|2024-02-16,early_watch,DPM.TO,Materials,2024-02-16,2024-02-15,1,67.7,2024-02-20,8.521148681640625,0.22876427851718534,2024-03-19,Development,true,,adverse_first,,1.2528494454213668,16.742618302348312,13.211835338316247,10.180848608611992,18.10934889896123,-3.189071941797883,TSX_above_MA50
early_watch|AGI.TO|2024-02-16,early_watch,AGI.TO,Materials,2024-02-16,2024-02-15,2,59.3,2024-02-20,15.722088813781738,0.4394679461456987,2024-03-19,Development,true,,adverse_first,,-2.198503500435678,9.547723025960808,12.079513253978202,9.048526524273948,17.869156550012466,-4.020102867021425,TSX_above_MA50
early_watch|SHOP.TO|2024-02-22,early_watch,SHOP.TO,Technology,2024-02-22,2024-02-21,1,62.5,2024-02-23,102.93000030517578,5.907143184116909,2024-03-22,Development,true,,neither,,0.913244378334066,-0.12629675802248164,4.080440042543154,1.4143256296855755,9.375305059037942,-4.20674421278221,TSX_above_MA50
early_watch|FTT.TO|2024-02-23,early_watch,FTT.TO,Industrials,2024-02-23,2024-02-22,1,59,2024-02-26,32.64942169189453,1.2827505835950568,2024-03-25,Development,true,,success,14,4.390800165910136,2.326247100953993,9.101479754873608,6.203377695914679,9.944754352476881,0.11631667177642857,TSX_above_MA50
early_watch|CURA.TO|2024-02-28,early_watch,CURA.TO,Health Care,2024-02-28,2024-02-27,1,63.9,2024-02-29,19.440000534057617,1.0735716138567244,2024-03-28,Development,true,,adverse_first,,-11.882722787193567,-15.43209834147996,11.728388460187865,7.967784417260359,15.277773825938157,-20.987658257686125,TSX_above_MA50
early_watch|AQN.TO|2024-02-28,early_watch,AQN.TO,Utilities,2024-02-28,2024-02-27,2,61.1,2024-02-29,6.953629493713379,0.1841439978573113,2024-03-28,Development,true,,success,6,3.783089112131832,3.530881342686998,9.91984539613675,6.159241353209244,11.601496254706344,-1.3871480855665808,TSX_above_MA50
early_watch|PAAS.TO|2024-02-29,early_watch,PAAS.TO,Materials,2024-02-29,2024-02-28,1,62.8,2024-03-01,16.785709381103516,0.4955966858969756,2024-04-01,Development,true,,success,4,6.983407620390825,12.65027192631003,18.488841487789507,15.55227581921412,20.950194633793416,0.9158567211943636,TSX_above_MA50
early_watch|TA.TO|2024-02-29,early_watch,TA.TO,Utilities,2024-02-29,2024-02-28,2,62.6,2024-03-01,8.876337051391602,0.2619659182276637,2024-04-01,Development,true,,adverse_first,,0.9718921722814411,-7.883393997580878,-6.155542715272844,-9.092108383848231,1.6198343496459877,-8.855305138462699,TSX_above_MA50
early_watch|AYA.TO|2024-02-29,early_watch,AYA.TO,Materials,2024-02-29,2024-02-28,3,61.3,2024-03-01,10,0.34785706656319754,2024-04-01,Development,true,,success,6,3.1999969482421786,14.999999999999991,9.700002670288077,6.763437001712691,25.29999732971191,1.8000030517578036,TSX_above_MA50
early_watch|CAE.TO|2024-03-01,early_watch,CAE.TO,Industrials,2024-03-01,2024-02-29,1,70.7,2024-03-04,25.780000686645508,0.8378568376813617,2024-04-02,Development,true,,success,12,2.404960881967444,4.965084349124704,3.76260390814096,1.2360260283789115,9.115587321680852,-0.3491084181177384,TSX_above_MA50
early_watch|TA.TO|2024-03-04,early_watch,TA.TO,Utilities,2024-03-04,2024-03-01,1,72.8,2024-03-05,8.866750717163086,0.26215874236441117,2024-04-03,Development,true,,adverse_first,,-5.729724950744619,-7.243267033519474,-7.135129995691303,-9.860217442581455,1.7297011686641772,-8.756763571662196,TSX_above_MA50
early_watch|PXT.TO|2024-03-04,early_watch,PXT.TO,Energy,2024-03-04,2024-03-01,2,59.5,2024-03-05,15.97740650177002,0.6141242154485536,2024-04-03,Development,true,,success,10,4.207920422717004,7.371147266023126,12.008774272876899,9.283686825986749,12.210414851475736,0.2475349805904914,TSX_above_MA50
early_watch|BTE.TO|2024-03-07,early_watch,BTE.TO,Energy,2024-03-07,2024-03-06,1,71.2,2024-03-08,4.040821552276611,0.15773968001355626,2024-04-08,Development,true,,success,7,5.201058693682259,10.811807155752561,23.669691252890978,21.264627279342974,29.74800696848019,-2.558144204916135,TSX_above_MA50
early_watch|FTT.TO|2024-03-12,early_watch,FTT.TO,Industrials,2024-03-12,2024-03-11,1,68.7,2024-03-13,33.95957565307617,0.7079711801302798,2024-04-11,Development,true,,success,2,4.920302047819325,12.049190888780537,20.492021218339218,19.854791517567815,22.085541722907397,-0.083862760926523,TSX_above_MA50
early_watch|POU.TO|2024-03-13,early_watch,POU.TO,Energy,2024-03-13,2024-03-12,1,68.6,2024-03-14,12.5785551071167,0.45285181454375945,2024-04-12,Development,true,,success,14,0.6019604428377567,3.4236291688334752,11.10836736084897,10.787249957101652,15.641862346960856,-1.6553718291392627,TSX_above_MA50
early_watch|BEP-UN.TO|2024-03-13,early_watch,BEP-UN.TO,Utilities,2024-03-13,2024-03-12,2,62.4,2024-03-14,27.889204025268555,0.7871435233372589,2024-04-12,Development,true,,adverse_first,,-0.6504251306680531,2.439020720525109,-5.72358385238656,-6.0447012561338775,3.6747831253745034,-6.081309392223466,TSX_above_MA50
early_watch|CCO.TO|2024-03-15,early_watch,CCO.TO,Energy,2024-03-15,2024-03-14,1,72.7,2024-03-18,56.560089111328125,2.4049354701032324,2024-04-16,Development,true,,success,9,0.3698483457890811,13.93096110255907,17.24198631567191,18.131747068315363,27.45685937931559,-3.3462471624778556,TSX_above_MA50
early_watch|BEPC.TO|2024-03-20,early_watch,BEPC.TO,Utilities,2024-03-20,2024-03-19,1,71,2024-03-21,29.050430297851562,0.7808491957930871,2024-04-19,Development,true,,adverse_first,,2.2769268991395863,0.43075238634997515,-5.476924640557101,-4.2096788444451185,3.78461356763351,-9.107688266698455,TSX_above_MA50
early_watch|BEP-UN.TO|2024-03-20,early_watch,BEP-UN.TO,Utilities,2024-03-20,2024-03-19,2,66.2,2024-03-21,27.707805633544922,0.8350562546018124,2024-04-19,Development,true,,adverse_first,,3.109671938965519,-0.3927893620580325,-6.317506799468841,-5.050261003356859,4.353524674595977,-9.819952409548305,TSX_above_MA50
early_watch|MFI.TO|2024-03-27,early_watch,MFI.TO,Consumer,2024-03-27,2024-03-26,1,74.7,2024-03-28,17.734113693237305,0.3062717530534229,2024-04-26,Development,true,,success,3,6.93380346691248,2.161203375041132,9.365168019085846,10.25748895222971,10.49077099841691,-0.8554698457010623,TSX_above_MA50
early_watch|DOO.TO|2024-03-27,early_watch,DOO.TO,Consumer,2024-03-27,2024-03-26,2,64.6,2024-03-28,88.47506713867188,2.344419469170045,2024-04-26,Development,true,,success,1,8.976222694161162,5.979095259267275,3.5218931335414982,4.414214066685362,12.655295417621826,-0.5497623886279501,TSX_above_MA50
early_watch|MFI.TO|2024-04-02,early_watch,MFI.TO,Consumer,2024-04-02,2024-04-01,1,65,2024-04-03,18.50863265991211,0.34562509359779625,2024-05-01,Development,true,,success,4,3.6669657231034103,-0.3882581085824288,5.004310658424993,6.740434527842742,6.557382418728097,-4.5728861012654605,TSX_above_MA50
early_watch|BIR.TO|2024-04-08,early_watch,BIR.TO,Energy,2024-04-08,2024-04-05,1,61.8,2024-04-09,5.085314750671387,0.12719845182706266,2024-05-07,Development,true,,adverse_first,,-3.971127867151736,3.249080750492417,5.415156463233117,5.733561821421896,6.859198287578527,-5.956689599295839,TSX_above_MA50
early_watch|BEP-UN.TO|2024-04-11,early_watch,BEP-UN.TO,Utilities,2024-04-11,2024-04-10,1,63.4,2024-04-12,26.29294204711914,0.7048417721633525,2024-05-10,Development,true,,adverse_first,,-1.2763079835479973,0.6209034496296395,31.735078099689563,29.867953028342534,33.3908199027305,-4.967225570185196,TSX_above_MA50
early_watch|BHC.TO|2024-04-16,early_watch,BHC.TO,Health Care,2024-04-16,2024-04-15,1,62.9,2024-04-17,11.930000305175781,0.8271428516932896,2024-05-15,Development,true,,adverse_first,,-1.67645228686778,0.838218149516945,-19.111488921390375,-22.014602516244885,3.5205370121552226,-21.877624003238495,TSX_above_MA50
early_watch|BEP-UN.TO|2024-04-17,early_watch,BEP-UN.TO,Utilities,2024-04-17,2024-04-16,1,59.3,2024-04-18,25.667131423950195,0.736585420518052,2024-05-16,Development,true,,success,3,2.720865300351072,19.752664957465527,34.452297541890744,31.72800473365416,36.643126938897794,-0.10599815439175098,TSX_above_MA50
early_watch|SHOP.TO|2024-04-19,early_watch,SHOP.TO,Technology,2024-04-19,2024-04-18,1,58.7,2024-04-22,96.6500015258789,3.0589278084891185,2024-05-21,Development,true,,success,10,2.462490652709093,9.342988760200921,-19.45163244174801,-22.177488416281662,10.191410572801352,-19.658561510640617,TSX_above_MA50
early_watch|AP-UN.TO|2024-04-22,early_watch,AP-UN.TO,Real Estate,2024-04-22,2024-04-19,1,71,2024-04-23,13.79678726196289,0.45269868511306793,2024-05-22,Development,true,,neither,,-1.5572220325181907,-1.033885441190907,-0.9175930290910794,-2.4399723745918256,3.0363917130145968,-3.127189524070506,TSX_above_MA50
early_watch|TRP.TO|2024-04-22,early_watch,TRP.TO,Energy,2024-04-22,2024-04-19,2,58.9,2024-04-23,40.08164596557617,0.738870281439019,2024-05-22,Development,true,,success,8,0.2235332220505093,4.5519328100268375,8.006509464067513,6.484130118566767,9.002234604169246,-1.1786252955234167,TSX_above_MA50
early_watch|QBR-B.TO|2024-04-22,early_watch,QBR-B.TO,Communication,2024-04-22,2024-04-19,3,58.6,2024-04-23,26.55352020263672,0.5364743684072776,2024-05-22,Development,true,,adverse_first,,-1.4868594995493312,0.27661867537365215,2.385895335135979,0.8635159896352329,9.889341322500012,-3.3540773247013544,TSX_above_MA50
early_watch|RCI-B.TO|2024-04-25,early_watch,RCI-B.TO,Communication,2024-04-25,2024-04-24,1,58.9,2024-04-26,46.80500030517578,1.0641306815380116,2024-05-27,Development,true,,success,9,1.3495494981519363,4.222100874923074,3.4123874764153905,1.5725335616216807,5.860814171307505,-1.6579858759451338,TSX_above_MA50
early_watch|ATZ.TO|2024-04-26,early_watch,ATZ.TO,Consumer,2024-04-26,2024-04-25,3,59.7,2024-04-29,35.29999923706055,1.1489287785121374,2024-05-28,Development,true,,adverse_first,,7.70538606087976,-3.427759520182394,-7.5920690172766925,-8.74373452318582,11.926343273267515,-9.858355856797774,TSX_above_MA50
early_watch|WFG.TO|2024-05-01,early_watch,WFG.TO,Materials,2024-05-01,2024-04-30,1,70.7,2024-05-02,103.01850891113281,2.8582293923601907,2024-05-31,Development,true,,success,12,1.6612280585079686,3.509098306860148,1.7545565592784085,-0.2886836923245317,6.019595293926527,-1.530571992911367,TSX_not_above_MA50
early_watch|SHOP.TO|2024-05-01,early_watch,SHOP.TO,Technology,2024-05-01,2024-04-30,2,69.2,2024-05-02,98.48999786376953,3.4114292689732144,2024-05-31,Development,true,,success,2,-13.300841464369705,-20.062945411134827,-18.1033552527054,-20.146595504308337,8.1328077063316,-22.083460728757863,TSX_not_above_MA50
early_watch|WSP.TO|2024-05-02,early_watch,WSP.TO,Industrials,2024-05-02,2024-05-01,1,77.4,2024-05-03,211.18862915039062,3.5901209822015607,2024-06-03,Development,true,,adverse_first,,2.2214871791092383,-3.0382376074548967,-5.0870426397739195,-5.8584270639507325,2.8282044387914818,-6.0811091734068174,TSX_not_above_MA50
early_watch|MG.TO|2024-05-02,early_watch,MG.TO,Consumer,2024-05-02,2024-05-01,2,67,2024-05-03,57.67138671875,1.1586389854818435,2024-06-03,Development,true,,adverse_first,,0.3443463669768221,2.1667978109574992,-2.6546267917467503,-3.4260112159235634,3.273360938737646,-4.725471300368234,TSX_not_above_MA50
early_watch|BAM.TO|2024-05-02,early_watch,BAM.TO,Financials,2024-05-02,2024-05-01,4,62.7,2024-05-03,49.04151916503906,1.124012539551013,2024-06-03,Development,true,,adverse_first,,1.5697957520025785,2.784541620449388,1.1171645169470334,0.34578009277022037,4.373017213797392,-2.709763978652291,TSX_not_above_MA50
early_watch|AC.TO|2024-05-09,early_watch,AC.TO,Industrials,2024-05-09,2024-05-08,1,58.5,2024-05-10,18.799999237060547,0.4671429225376674,2024-06-10,Development,true,,adverse_first,,-0.2659533994128216,-2.074464922741215,-6.3829728951544595,-5.311205102083505,2.0744750682130775,-6.595743731062209,TSX_above_MA50
early_watch|EQB.TO|2024-05-10,early_watch,EQB.TO,Financials,2024-05-10,2024-05-09,1,61.2,2024-05-13,79.78216552734375,1.9036419125063822,2024-06-11,Development,true,,adverse_first,,-1.568611813019305,-4.1473402843282825,4.4206828438336565,6.091445721892319,7.248954257821372,-7.023184364362944,TSX_above_MA50
early_watch|AIF.TO|2024-05-13,early_watch,AIF.TO,Real Estate,2024-05-13,2024-05-10,1,65.5,2024-05-14,46.5604362487793,1.5497880681789522,2024-06-12,Development,true,,adverse_first,,0.6905143640112854,-0.7951389938617215,-0.6905225570128404,0.5759314402844495,2.0087662127407535,-3.5572408469751626,TSX_above_MA50
early_watch|MG.TO|2024-05-22,early_watch,MG.TO,Consumer,2024-05-22,2024-05-21,1,60.9,2024-05-23,56.07660675048828,1.2135699468367835,2024-06-20,Development,true,,adverse_first,,-0.7966111356989214,-1.8370905976035856,-6.584295149177432,-3.7943039379229155,2.3248318301954507,-7.722325036082445,TSX_above_MA50
early_watch|ATS.TO|2024-05-23,early_watch,ATS.TO,Industrials,2024-05-23,2024-05-22,1,65.4,2024-05-24,43.529998779296875,1.4292850494384766,2024-06-21,Development,true,,adverse_first,,-0.2527006970739487,3.813461736648649,-3.5148146616180265,-0.08305345756853821,5.122902836599508,-4.387778316043778,TSX_above_MA50
early_watch|MG.TO|2024-05-27,early_watch,MG.TO,Consumer,2024-05-27,2024-05-24,1,68.4,2024-05-28,56.37746047973633,1.019901835777597,2024-06-25,Development,true,,adverse_first,,-1.5038825664474342,-4.220566014794091,-7.923682048320824,-5.78311399456587,0.4204334313729463,-8.214757337981037,TSX_above_MA50
early_watch|FSV.TO|2024-05-27,early_watch,FSV.TO,Real Estate,2024-05-27,2024-05-24,2,59.2,2024-05-28,194.09323120117188,2.776910953701854,2024-06-25,Development,true,,adverse_first,,4.120158231535087,4.571742944666912,5.444495929039528,7.585063982794482,7.778562484300666,-1.6795149655990826,TSX_above_MA50
early_watch|ATS.TO|2024-05-30,early_watch,ATS.TO,Industrials,2024-05-30,2024-05-29,1,69.1,2024-05-31,43.41999816894531,1.354285376412528,2024-06-28,Development,true,,adverse_first,,4.076463685872755,-0.09211677226343973,1.9576285690087625,3.7237476983130624,5.38922213557691,-5.181944023224849,TSX_not_above_MA50
early_watch|CP.TO|2024-05-30,early_watch,CP.TO,Industrials,2024-05-30,2024-05-29,2,67,2024-05-31,106.33629608154297,1.7894701507826514,2024-06-28,Development,true,,adverse_first,,-2.0278365651289487,-2.6453985162986915,-0.5165912824566354,1.2495278468476645,1.1613950951011809,-4.38749407205381,TSX_not_above_MA50
early_watch|PXT.TO|2024-05-30,early_watch,PXT.TO,Energy,2024-05-30,2024-05-29,3,60.4,2024-05-31,18.016908645629883,0.392922610847871,2024-06-28,Development,true,,adverse_first,,-0.7599579464387718,-3.0117989013184188,-0.2822873351599142,1.4838317941443857,3.4935181266317894,-6.616008402996199,TSX_not_above_MA50
early_watch|TD.TO|2024-05-30,early_watch,TD.TO,Financials,2024-05-30,2024-05-29,4,58.8,2024-05-31,69.33268737792969,1.0041148863904112,2024-06-28,Development,true,,adverse_first,,0.32808536139568023,-2.19160801331576,-1.312341445582732,0.4537776837215679,1.0367357621772433,-3.3202302557183594,TSX_not_above_MA50
early_watch|OTEX.TO|2024-05-31,early_watch,OTEX.TO,Technology,2024-05-31,2024-05-30,3,60.6,2024-06-03,36.15431594848633,0.7058970725550578,2024-07-02,Development,true,,adverse_first,,-1.369866771643602,2.1308897987968978,6.265855086030414,7.002395543034501,6.2912283391864054,-3.8051971866447265,TSX_above_MA50
early_watch|TIH.TO|2024-05-31,early_watch,TIH.TO,Industrials,2024-05-31,2024-05-30,4,60.1,2024-06-03,114.15762329101562,1.4084000172998563,2024-07-02,Development,true,,success,4,1.8000292457301725,-1.1778757922612182,2.792666486130857,3.5292069431349438,3.938012208581787,-1.8056992925904347,TSX_above_MA50
early_watch|BEI-UN.TO|2024-06-03,early_watch,BEI-UN.TO,Real Estate,2024-06-03,2024-05-31,3,59.8,2024-06-04,65.42112731933594,1.027949652243864,2024-07-03,Development,true,,adverse_first,,-2.0980939903751383,-1.1199109771590887,1.8348482625641926,0.7178322706872908,2.693528687936242,-3.8701139528679485,TSX_above_MA50
early_watch|TVE.TO|2024-06-04,early_watch,TVE.TO,Energy,2024-06-04,2024-06-03,1,68.4,2024-06-05,3.3138692378997803,0.10591054267992663,2024-07-04,Development,true,,success,5,2.832868384369802,0,9.16232564413868,8.715272133188122,10.299426851521055,-2.2662878680941634,TSX_not_above_MA50
early_watch|GIB-A.TO|2024-06-04,early_watch,GIB-A.TO,Technology,2024-06-04,2024-06-03,2,66.9,2024-06-05,136.5672149658203,2.209034451046508,2024-07-04,Development,true,,adverse_first,,0.31875731907764493,-2.3543840835193564,0.6592463141904314,0.21219280323987455,1.7531422260649965,-2.752798348797758,TSX_not_above_MA50
early_watch|CP.TO|2024-06-04,early_watch,CP.TO,Industrials,2024-06-04,2024-06-03,3,65,2024-06-05,104.57203674316406,1.8657814765868974,2024-07-04,Development,true,,adverse_first,,-1.6121442244850015,-1.2934625161584279,3.7157426283332295,3.2686891173826726,4.419954553929073,-2.7743930777269,TSX_not_above_MA50
early_watch|IMG.TO|2024-06-05,early_watch,IMG.TO,Materials,2024-06-05,2024-06-04,1,69.2,2024-06-06,5.449999809265137,0.2335714272090367,2024-07-05,Development,true,,adverse_first,,-10.458710362800472,-3.669721399350001,-0.36697213993499567,0.39823928276816467,0.7339442798699913,-10.825682502735468,TSX_above_MA50
early_watch|OTEX.TO|2024-06-05,early_watch,OTEX.TO,Technology,2024-06-05,2024-06-04,3,59.4,2024-06-06,35.3105354309082,0.7576003501692752,2024-07-05,Development,true,,success,7,1.9999794737612486,3.4545443742171056,9.610374177127401,10.375585599830561,11.818162640235741,-1.4805352460621868,TSX_above_MA50
early_watch|EQX.TO|2024-06-10,early_watch,EQX.TO,Materials,2024-06-10,2024-06-07,1,63,2024-06-11,7.021158695220947,0.24897717317275372,2024-07-10,Development,true,,success,7,4.113474763075842,1.1347462724720758,14.468077794757118,12.353159915543134,15.886522885024412,-1.4184449085220319,TSX_not_above_MA50
early_watch|BEI-UN.TO|2024-06-10,early_watch,BEI-UN.TO,Real Estate,2024-06-10,2024-06-07,2,60.9,2024-06-11,64.04853057861328,1.105979912732573,2024-07-10,Development,true,,adverse_first,,0.9991460361556959,2.128584393819688,5.540294431105108,3.425376551891124,6.671694368926961,-1.8099953665034918,TSX_not_above_MA50
early_watch|LUN.TO|2024-06-10,early_watch,LUN.TO,Materials,2024-06-10,2024-06-07,3,59.1,2024-06-11,14.547653198242188,0.6105590059235467,2024-07-10,Development,true,,adverse_first,,-3.2106904798116176,-1.8059998741340122,7.290990355518967,5.176072476304983,9.096996776174816,-4.615369327895613,TSX_not_above_MA50
early_watch|PAAS.TO|2024-06-11,early_watch,PAAS.TO,Materials,2024-06-11,2024-06-10,1,74.5,2024-06-12,26.89911460876465,1.0441310680433864,2024-07-11,Development,true,,adverse_first,,-2.0100570925817074,-1.076815286633237,17.444362262666434,14.79200537445806,17.946872605606746,-4.2713643323530555,TSX_not_above_MA50
early_watch|RUS.TO|2024-06-11,early_watch,RUS.TO,Industrials,2024-06-11,2024-06-10,3,59.4,2024-06-12,35.445350646972656,0.8702812344799276,2024-07-11,Development,true,,adverse_first,,-4.461725657478555,-3.372247273021567,-5.239939878081568,-7.892296766289942,0.28534955204078116,-8.690013984885104,TSX_not_above_MA50
early_watch|BTE.TO|2024-06-12,early_watch,BTE.TO,Energy,2024-06-12,2024-06-11,1,71.8,2024-06-13,4.2320942878723145,0.15452013058228678,2024-07-12,Development,true,,adverse_first,,1.8622487351195982,6.3495785234264135,13.753662533681798,9.258336177065928,15.997322300905426,-3.746900066193748,TSX_not_above_MA50
early_watch|FVI.TO|2024-06-12,early_watch,FVI.TO,Materials,2024-06-12,2024-06-11,2,69.1,2024-06-13,6.710000038146973,0.37214299610682894,2024-07-12,Development,true,,neither,,4.023844700321,0.14902760041473062,8.196724107422671,3.7013977508068017,9.836063243814452,-1.7883738431724527,TSX_not_above_MA50
early_watch|EQX.TO|2024-06-12,early_watch,EQX.TO,Materials,2024-06-12,2024-06-11,3,62.4,2024-06-13,6.971363067626953,0.2454203452493264,2024-07-12,Development,true,,success,4,8.428572679303592,3.428568575338664,16.28570928278561,11.790382926169741,17.71428197601759,-0.5714323726626724,TSX_not_above_MA50
early_watch|LUN.TO|2024-06-13,early_watch,LUN.TO,Materials,2024-06-13,2024-06-12,2,61.1,2024-06-14,14.304383277893066,0.548313051975344,2024-07-15,Development,true,,success,12,-1.564626671243785,3.605424357365483,6.938768135677331,1.7971512040145576,10.952373355540178,-2.9931944284020795,TSX_not_above_MA50
early_watch|DML.TO|2024-06-14,early_watch,DML.TO,Energy,2024-06-14,2024-06-13,1,68.5,2024-06-17,2.8399999141693115,0.1299999611718314,2024-07-16,Development,true,,adverse_first,,-2.112674105382528,1.4084577986089863,2.1126825004031735,-4.4071734120839645,10.211274966056827,-5.6337976143534085,TSX_not_above_MA50
early_watch|MDA.TO|2024-06-14,early_watch,MDA.TO,Industrials,2024-06-14,2024-06-13,2,67.3,2024-06-17,11.800000190734863,0.3621429034641811,2024-07-16,Development,true,,success,8,2.542374456658214,13.305081944464314,13.644064666553035,7.124208754065897,17.7118654136033,-1.271191269321903,TSX_not_above_MA50
early_watch|AEM.TO|2024-06-14,early_watch,AEM.TO,Materials,2024-06-14,2024-06-13,3,66.4,2024-06-17,85.73380279541016,2.628131051721996,2024-07-16,Development,true,,success,12,1.6432415577370296,1.7338949984520236,18.472344916274828,11.95248900378769,19.458295409564542,-0.7479770784249662,TSX_not_above_MA50
early_watch|BIP-UN.TO|2024-06-14,early_watch,BIP-UN.TO,Utilities,2024-06-14,2024-06-13,5,63.5,2024-06-17,34.30865478515625,1.1156195318836686,2024-07-16,Development,true,,success,11,3.2822025998331394,2.71724724388156,15.899916920619162,9.380061008132024,16.572502296631562,-1.614213748502824,TSX_not_above_MA50
early_watch|BTE.TO|2024-06-14,early_watch,BTE.TO,Energy,2024-06-14,2024-06-13,6,59.7,2024-06-17,4.2159528732299805,0.16064868180214878,2024-07-16,Development,true,,success,9,5.630609487491589,9.459430725169305,15.990973923637796,9.471118011150658,18.243237498687925,-0.4504644624272247,TSX_not_above_MA50
early_watch|BTE.TO|2024-06-18,early_watch,BTE.TO,Energy,2024-06-18,2024-06-17,1,69,2024-06-19,4.291915416717529,0.1546941549889482,2024-07-18,Development,true,,success,8,2.433617282199063,8.849558800279844,11.50441199720158,5.881388380137475,16.15045229709322,-2.212390126894681,TSX_not_above_MA50
early_watch|HWX.TO|2024-06-18,early_watch,HWX.TO,Energy,2024-06-18,2024-06-17,2,64.7,2024-06-19,6.173628807067871,0.1945842857766029,2024-07-18,Development,true,,success,8,3.1518560461473832,8.510587518164382,8.074796721844791,2.4517731047806866,11.270566884571842,-0.7163351088572134,TSX_not_above_MA50
early_watch|EIF.TO|2024-06-18,early_watch,EIF.TO,Industrials,2024-06-18,2024-06-17,4,62.4,2024-06-19,39.788265228271484,0.7039263485555723,2024-07-18,Development,true,,success,4,4.209810786025847,4.597030465698104,10.815037599751886,5.192013982687781,10.88438967895069,-0.6671023915778118,TSX_not_above_MA50
early_watch|BN.TO|2024-06-18,early_watch,BN.TO,Financials,2024-06-18,2024-06-17,5,60.4,2024-06-19,36.33916473388672,0.737888534020751,2024-07-18,Development,true,,success,7,1.320310297169014,6.221721095760757,14.57768525063894,8.954661633574835,17.21830165609166,-0.633027458429225,TSX_not_above_MA50
early_watch|BTO.TO|2024-06-19,early_watch,BTO.TO,Materials,2024-06-19,2024-06-18,1,68.5,2024-06-20,3.398024320602417,0.10931298158861526,2024-07-19,Development,true,,success,10,2.762429233585184,4.972367007342715,11.878457632276284,6.73977348793433,19.61327134957753,-3.038671412367333,TSX_not_above_MA50
early_watch|NA.TO|2024-06-19,early_watch,NA.TO,Financials,2024-06-19,2024-06-18,3,61.6,2024-06-20,99.27008819580078,1.8314032092078898,2024-07-19,Development,true,,success,8,2.9737319879931112,3.872019960144568,6.377805406267001,1.239121261925047,7.843467003911475,-0.7486499841746985,TSX_not_above_MA50
early_watch|FNV.TO|2024-06-19,early_watch,FNV.TO,Materials,2024-06-19,2024-06-18,4,60.3,2024-06-20,157.59243774414062,3.918165410177845,2024-07-19,Development,true,,success,8,2.4692248569855524,4.925988417093841,6.393826555401261,1.2551424110593068,11.948000097829038,-0.9827038200178273,TSX_not_above_MA50
early_watch|BEI-UN.TO|2024-06-20,early_watch,BEI-UN.TO,Real Estate,2024-06-20,2024-06-19,1,76.3,2024-06-21,63.55698776245117,1.1255081092916426,2024-07-22,Development,true,,success,6,3.0237590197467856,6.955844346973117,14.23533512197257,8.121649582984137,14.936966238056183,0.07296285363749266,TSX_not_above_MA50
early_watch|VET.TO|2024-06-20,early_watch,VET.TO,Energy,2024-06-20,2024-06-19,2,62.1,2024-06-21,13.659278869628906,0.42656888376181507,2024-07-22,Development,true,,neither,,0.8543795092465167,1.2561866429394497,1.4570832279069634,-4.65660231108147,5.140347471219209,-2.293134650877793,TSX_not_above_MA50
early_watch|MDA.TO|2024-06-20,early_watch,MDA.TO,Industrials,2024-06-20,2024-06-19,3,61.3,2024-06-21,12.069999694824219,0.3535714830671038,2024-07-22,Development,true,,success,4,13.17315818383744,8.119308373560962,11.019055156035984,4.90536961704755,15.078713293414392,-1.491295410542981,TSX_not_above_MA50
early_watch|ATS.TO|2024-06-21,early_watch,ATS.TO,Industrials,2024-06-21,2024-06-20,1,66.1,2024-06-24,41.54999923706055,1.013570785522461,2024-07-23,Development,true,,success,3,7.629367128399589,5.9205755226066525,9.049343454323665,4.6316636527274015,12.9963938027281,-0.9145633576240653,TSX_not_above_MA50
early_watch|BN.TO|2024-06-21,early_watch,BN.TO,Financials,2024-06-21,2024-06-20,2,60.7,2024-06-24,37.219871520996094,0.7597692250294367,2024-07-23,Development,true,,adverse_first,,1.6422523149101975,3.5846696606301576,14.479972565242093,10.062292763645829,15.592452377835887,-2.1189971025441956,TSX_not_above_MA50
early_watch|TOU.TO|2024-06-24,early_watch,TOU.TO,Energy,2024-06-24,2024-06-21,1,61.1,2024-06-25,56.54029846191406,1.4758746217796148,2024-07-24,Development,true,,adverse_first,,-0.9725807430996491,-1.9451547393348978,-4.751270097222315,-8.657457349098308,0.9725741625398632,-5.5803463475326165,TSX_not_above_MA50
early_watch|EQX.TO|2024-06-24,early_watch,EQX.TO,Materials,2024-06-24,2024-06-21,2,59.4,2024-06-25,7.100831031799316,0.24008512403767682,2024-07-24,Development,true,,success,7,4.347822875324625,13.183729641604124,5.890606749263094,1.984419497387102,18.23282183099093,-1.9635339315419387,TSX_not_above_MA50
early_watch|WFG.TO|2024-06-25,early_watch,WFG.TO,Materials,2024-06-25,2024-06-24,1,75,2024-06-26,101.75613403320312,2.1165473384742404,2024-07-25,Development,true,,adverse_first,,-2.1157528690042615,0.4648964039414061,11.223898546791045,7.488451496086901,11.764695155282157,-4.326385133317823,TSX_not_above_MA50
early_watch|ATS.TO|2024-06-25,early_watch,ATS.TO,Industrials,2024-06-25,2024-06-24,2,69.1,2024-06-26,43.22999954223633,0.9242853437151227,2024-07-25,Development,true,,success,10,0.5551739093411445,5.250984228084121,-2.845245327922341,-6.580692378626485,8.605138237553378,-4.071242979805401,TSX_not_above_MA50
early_watch|ABX.TO|2024-06-25,early_watch,ABX.TO,Materials,2024-06-25,2024-06-24,3,65.8,2024-06-26,21.9426326751709,0.5950684497324007,2024-07-25,Development,true,,success,9,2.9105307869024877,7.471763283493527,6.516082435209425,2.780635384505281,15.464809194284479,-2.4326699672674534,TSX_not_above_MA50
early_watch|LIF.TO|2024-06-25,early_watch,LIF.TO,Materials,2024-06-25,2024-06-24,4,64.9,2024-06-26,25.99159812927246,0.4269322176322901,2024-07-25,Development,true,,adverse_first,,1.8645589815516672,2.6143159177939967,3.364080192363983,-0.3713668583401608,5.511104648610599,-2.497651108534582,TSX_not_above_MA50
early_watch|ELD.TO|2024-06-25,early_watch,ELD.TO,Materials,2024-06-25,2024-06-24,5,58.5,2024-06-26,20.127283096313477,0.6719503652768017,2024-07-25,Development,true,,success,6,4.99011939643077,11.808299706998149,7.164032233899609,3.428585183195465,16.69960973483773,-1.8774718357929432,TSX_not_above_MA50
early_watch|MX.TO|2024-06-26,early_watch,MX.TO,Materials,2024-06-26,2024-06-25,1,71.2,2024-06-27,63.4940071105957,1.265423782586243,2024-07-26,Development,true,,adverse_first,,-2.2585800188445804,5.366103414007672,-0.36379425293757706,-4.340613321075226,10.92921739615087,-3.137770459408651,TSX_not_above_MA50
early_watch|MG.TO|2024-06-26,early_watch,MG.TO,Consumer,2024-06-26,2024-06-25,2,66.6,2024-06-27,51.919410705566406,1.0523236275378203,2024-07-26,Development,true,,success,8,1.1940387772198857,6.391586057740417,5.724329742294887,1.7475106741572377,11.676912252887606,-0.22827331448797006,TSX_not_above_MA50
early_watch|DOO.TO|2024-06-26,early_watch,DOO.TO,Consumer,2024-06-26,2024-06-25,3,64.7,2024-06-27,84.65957641601562,2.125960746640472,2024-07-26,Development,true,,adverse_first,,-0.6464380660568647,9.015356193394307,15.248763123507402,11.271944055369753,15.352657817881376,-5.552335283601262,TSX_not_above_MA50
early_watch|CCA.TO|2024-06-26,early_watch,CCA.TO,Communication,2024-06-26,2024-06-25,4,60.9,2024-06-27,45.09469223022461,0.8055741920674286,2024-07-26,Development,true,,success,9,0.7190154926237868,4.819282612077536,23.99936792077828,20.022548852640632,24.84665620455766,-1.2436709578203975,TSX_not_above_MA50
early_watch|ONEX.TO|2024-06-27,early_watch,ONEX.TO,Financials,2024-06-27,2024-06-26,2,61.4,2024-06-28,92.15565490722656,2.4718165456233114,2024-07-29,Development,true,,success,2,3.923892539017637,4.905577651708004,2.6025359991774133,-1.5289645441062705,7.815528137296779,-1.4512894959783806,TSX_not_above_MA50
early_watch|AAV.TO|2024-06-28,early_watch,AAV.TO,Energy,2024-06-28,2024-06-27,1,68.9,2024-07-02,10.359999656677246,0.375000068119594,2024-07-30,Development,true,,adverse_first,,-3.088800245451473,-3.4749002761329084,-9.459455354370572,-13.42641509030752,0.9652546793790018,-14.092664927898625,TSX_not_above_MA50
early_watch|DML.TO|2024-07-05,early_watch,DML.TO,Energy,2024-07-05,2024-07-04,1,60.5,2024-07-08,2.7699999809265137,0.1035715000970023,2024-08-06,Development,true,,success,2,7.22021837764848,-2.166062931143853,-22.021657014300466,-21.35864264963656,12.996394801201072,-22.74367799134842,TSX_above_MA50
early_watch|VET.TO|2024-07-08,early_watch,VET.TO,Energy,2024-07-08,2024-07-05,1,74.1,2024-07-09,13.739389419555664,0.33233826176744546,2024-08-07,Development,true,,adverse_first,,2.4633933129050156,-2.463379430565882,-12.250331336729047,-11.517655823515938,4.527303412403794,-14.647134417692431,TSX_above_MA50
early_watch|LNR.TO|2024-07-08,early_watch,LNR.TO,Consumer,2024-07-08,2024-07-05,2,68.2,2024-07-09,62.91525650024414,1.0912395557557584,2024-08-07,Development,true,,success,3,6.55407974494655,5.049877046772422,-6.078298017135541,-5.345622503922431,8.02761214398462,-6.400629637844313,TSX_above_MA50
early_watch|MX.TO|2024-07-08,early_watch,MX.TO,Materials,2024-07-08,2024-07-05,3,63.1,2024-07-09,62.07918930053711,1.216834964276649,2024-08-07,Development,true,,success,1,11.93796464194008,4.496123097365712,-13.286816933372258,-12.554141420159148,13.457353381756887,-13.488368986953958,TSX_above_MA50
early_watch|TECK-B.TO|2024-07-09,early_watch,TECK-B.TO,Materials,2024-07-09,2024-07-08,1,66.3,2024-07-10,65.9544448852539,1.6269911880867218,2024-08-08,Development,true,,adverse_first,,-2.0254185733565744,-7.806016138523342,-8.855695708196654,-8.298208018017718,3.7552033620349645,-11.930801161088912,TSX_above_MA50
early_watch|ARE.TO|2024-07-09,early_watch,ARE.TO,Industrials,2024-07-09,2024-07-08,2,62,2024-07-10,13.804848670959473,0.5705332788963026,2024-08-08,Development,true,,adverse_first,,-0.8157614352537812,-3.5350030634662244,20.12236179739839,20.67984948757733,20.190344316165465,-11.420804230888992,TSX_above_MA50
early_watch|PXT.TO|2024-07-10,early_watch,PXT.TO,Energy,2024-07-10,2024-07-09,1,71.7,2024-07-11,17.621809005737305,0.34599608768012274,2024-08-09,Development,true,,adverse_first,,0.6046388840753147,-5.162788266096097,-22.232569169738003,-21.199931662990156,1.3488456893091083,-23.39535975023983,TSX_above_MA50
early_watch|TOU.TO|2024-07-18,early_watch,TOU.TO,Energy,2024-07-18,2024-07-17,1,60.5,2024-07-19,54.421836853027344,1.009648501784632,2024-08-19,Development,true,,adverse_first,,-0.8447706134950494,-5.747879031214554,4.284772609799914,2.4073266737819177,6.506799886166625,-8.447906639534752,TSX_above_MA50
early_watch|SHOP.TO|2024-07-18,early_watch,SHOP.TO,Technology,2024-07-18,2024-07-17,2,58.6,2024-07-19,86.76000213623047,2.916429247174944,2024-08-19,Development,true,,adverse_first,,-4.4144787191692565,-13.082063387111653,18.107421274384983,16.229975338366987,19.098662156331002,-16.597511723510607,TSX_above_MA50
early_watch|LSPD.TO|2024-07-19,early_watch,LSPD.TO,Technology,2024-07-19,2024-07-18,1,65.3,2024-07-22,18.989999771118164,0.4917858668736049,2024-08-20,Development,true,,adverse_first,,-1.7377563332462542,-12.374936333826792,-4.844655541771892,-5.564733090555407,4.002107625286633,-15.53448599866476,TSX_above_MA50
early_watch|TOU.TO|2024-07-25,early_watch,TOU.TO,Energy,2024-07-25,2024-07-24,1,62.5,2024-07-26,53.96209716796875,1.0180190300075072,2024-08-26,Development,true,,adverse_first,,-4.944881321999961,2.3257155460545187,6.554895290771001,4.213436235870893,7.414206111566624,-7.667912295783042,TSX_above_MA50
early_watch|HPS-A.TO|2024-07-25,early_watch,HPS-A.TO,Industrials,2024-07-25,2024-07-24,2,61.5,2024-07-26,114.60562133789062,4.641675421694177,2024-08-26,Development,true,,adverse_first,,-7.134884807118924,-6.234447383325914,-1.8523274636476517,-4.19378651854776,3.721813093002524,-8.301177655870372,TSX_above_MA50
early_watch|LSPD.TO|2024-07-25,early_watch,LSPD.TO,Technology,2024-07-25,2024-07-24,3,60,2024-07-26,18.440000534057617,0.5707144056047712,2024-08-26,Development,true,,success,4,-10.195233262835224,-6.453364965254504,-3.145335720760034,-5.486794775660142,7.104118373114421,-13.015181936126375,TSX_above_MA50
early_watch|BEPC.TO|2024-07-31,early_watch,BEPC.TO,Utilities,2024-07-31,2024-07-30,1,74.2,2024-08-01,34.76308059692383,0.8718223942557805,2024-08-30,Development,true,,adverse_first,,-1.2483796380375,0.2600809201603882,1.230844120109298,-1.5108472852361832,3.9791906705335833,-3.6671081462884114,TSX_above_MA50
early_watch|BEP-UN.TO|2024-07-31,early_watch,BEP-UN.TO,Utilities,2024-07-31,2024-07-30,2,66.9,2024-08-01,30.489063262939453,0.9031605775276006,2024-08-30,Development,true,,adverse_first,,1.051063337305802,0.3603492012849596,0.2790294681593197,-2.4626619371861613,3.6336326755312065,-4.8648686937352466,TSX_above_MA50
early_watch|BEPC.TO|2024-08-02,early_watch,BEPC.TO,Utilities,2024-08-02,2024-08-01,1,66.8,2024-08-06,34.65459060668945,0.8453447660593919,2024-09-04,Development,true,,adverse_first,,-0.7305195788031349,-0.07829826056335865,1.8383524540114715,-2.990716454882536,4.3047089116363235,-3.365527480827002,TSX_not_above_MA50
early_watch|BEP-UN.TO|2024-08-06,early_watch,BEP-UN.TO,Utilities,2024-08-06,2024-08-02,1,69.5,2024-08-07,31.596923828125,0.8815791716408464,2024-09-05,Development,true,,adverse_first,,-3.216452990627483,-5.679514433515431,-1.4504927233601972,-6.51105111305903,0.10169497912055903,-8.200524433872348,TSX_not_above_MA50
early_watch|ARX.TO|2024-08-07,early_watch,ARX.TO,Energy,2024-08-07,2024-08-06,1,71.2,2024-08-08,22.135515213012695,0.6183575792348363,2024-09-06,Development,true,,success,2,12.06308967776597,6.2659877289723775,-4.816712241773969,-7.31743569139266,12.745100960556833,-5.4987235077628815,TSX_not_above_MA50
early_watch|BMO.TO|2024-08-07,early_watch,BMO.TO,Financials,2024-08-07,2024-08-06,2,66.6,2024-08-08,103.186279296875,2.042538630860782,2024-09-06,Development,true,,success,5,4.21892856044348,5.822290435844235,0.0447990777260765,-2.455924371892615,7.712302019014761,-2.167687031930099,TSX_not_above_MA50
early_watch|BEP-UN.TO|2024-08-13,early_watch,BEP-UN.TO,Utilities,2024-08-13,2024-08-12,1,65.8,2024-08-14,30.580623626708984,0.9312830477599052,2024-09-12,Development,true,,adverse_first,,-2.544917518521428,1.10778021454927,7.059615716381917,3.9177017911842027,8.179229686624367,-5.149709426088922,TSX_above_MA50
early_watch|MG.TO|2024-08-13,early_watch,MG.TO,Consumer,2024-08-13,2024-08-12,2,59.1,2024-08-14,49.36674118041992,1.606487064907088,2024-09-12,Development,true,,success,7,5.175673498467481,5.362518685484607,0.018707700486708667,-3.123206224711006,8.856530887530134,-3.232412021394937,TSX_above_MA50
early_watch|BEP-UN.TO|2024-08-23,early_watch,BEP-UN.TO,Utilities,2024-08-23,2024-08-22,1,71.8,2024-08-26,30.836986541748047,0.9541738785913204,2024-09-24,Development,false,validation_boundary_outcome_purge,adverse_first,,-2.5328588989415923,0.5880205563495444,10.100670098992648,7.5172651619503705,10.430763894695039,-4.303344709832324,TSX_above_MA50
early_watch|BEPC.TO|2024-08-23,early_watch,BEPC.TO,Utilities,2024-08-23,2024-08-22,2,69.3,2024-08-26,34.98910903930664,0.979992064774988,2024-09-24,Development,false,validation_boundary_outcome_purge,adverse_first,,-2.013413379690876,-0.05105653669218446,11.225896555727989,8.64249161868571,11.749191428654449,-5.192403858490646,TSX_above_MA50
early_watch|SPB.TO|2024-08-23,early_watch,SPB.TO,Utilities,2024-08-23,2024-08-22,3,58.8,2024-08-26,7.205203533172607,0.2042609245084758,2024-09-24,Development,false,validation_boundary_outcome_purge,adverse_first,,-0.7782119965398682,-1.8158346098817835,1.5564173751243082,-1.0269875619179691,3.761338068018505,-3.1128562440495555,TSX_above_MA50
early_watch|TFII.TO|2024-08-30,early_watch,TFII.TO,Industrials,2024-08-30,2024-08-29,1,65.2,2024-09-03,191.4635467529297,3.173459876425856,2024-10-01,Development,false,validation_boundary_outcome_purge,adverse_first,,-4.784250250343591,1.6401579406037259,-7.583930352481383,-11.886848872607237,3.9868796621063574,-7.938187876743896,TSX_above_MA50
early_watch|PBH.TO|2024-09-04,early_watch,PBH.TO,Consumer,2024-09-04,2024-09-03,1,71.7,2024-09-05,80.48787689208984,1.361896141861896,2024-10-03,Development,false,validation_boundary_outcome_purge,success,5,3.43165928684086,8.630808419608238,10.85400760419224,6.590102985589531,12.324645989138915,-0.9984922746290037,TSX_above_MA50
early_watch|BDGI.TO|2024-09-04,early_watch,BDGI.TO,Industrials,2024-09-04,2024-09-03,3,66.6,2024-09-05,35.46100997924805,1.0546361965230946,2024-10-03,Development,false,validation_boundary_outcome_purge,adverse_first,,-1.0676222429888638,5.940302010856202,8.046522920718413,3.7826183021157034,8.046522920718413,-3.5039649689470043,TSX_above_MA50
early_watch|NTR.TO|2024-09-04,early_watch,NTR.TO,Materials,2024-09-04,2024-09-03,4,64.2,2024-09-05,58.110923767089844,1.1666851020722528,2024-10-03,Development,false,validation_boundary_outcome_purge,adverse_first,,-0.1910009761425968,3.3582653414234276,8.991330251952444,4.727425633349735,9.956994719989677,-3.32643876220452,TSX_above_MA50
early_watch|LSPD.TO|2024-09-04,early_watch,LSPD.TO,Technology,2024-09-04,2024-09-03,5,63.8,2024-09-05,17.020000457763672,0.42428575243268696,2024-10-03,Development,false,validation_boundary_outcome_purge,adverse_first,,0.7050465843555731,11.515858000923874,28.084598417954098,23.82069379935139,33.72502712536569,-5.346649958502281,TSX_above_MA50
early_watch|CLS.TO|2024-09-04,early_watch,CLS.TO,Technology,2024-09-04,2024-09-03,6,62.7,2024-09-05,62,2.7321420397077287,2024-10-03,Development,false,validation_boundary_outcome_purge,adverse_first,,-0.24193794496597532,8.677414924867687,12.564517605689263,8.300612987086552,16.25806746944305,-11.129034719159526,TSX_above_MA50
early_watch|FVI.TO|2024-09-05,early_watch,FVI.TO,Materials,2024-09-05,2024-09-04,1,66.4,2024-09-06,5.650000095367432,0.23285719326564244,2024-10-04,Development,false,validation_boundary_outcome_purge,success,4,18.584065419018735,17.69911474550103,17.69911474550103,11.63539448713855,23.3628260627202,-0.17699519846088307,TSX_above_MA50
early_watch|HWX.TO|2024-09-05,early_watch,HWX.TO,Energy,2024-09-05,2024-09-04,5,64.5,2024-09-06,5.882958889007568,0.14348654745376802,2024-10-04,Development,false,validation_boundary_outcome_purge,adverse_first,,-2.1341428571312826,-0.15242198575897703,3.928442639606744,-2.1352776187557376,4.857757181498346,-6.097559416375232,TSX_above_MA50
early_watch|BB.TO|2024-09-05,early_watch,BB.TO,Technology,2024-09-05,2024-09-04,6,63,2024-09-06,3.059999942779541,0.10142855984824044,2024-10-04,Development,false,validation_boundary_outcome_purge,success,2,9.80392019366445,5.5555581527078735,5.5555581527078735,-0.5081621056546082,16.339869586593082,0.3267970800735931,TSX_above_MA50
early_watch|NTR.TO|2024-09-06,early_watch,NTR.TO,Materials,2024-09-06,2024-09-05,2,66.7,2024-09-09,57.81496047973633,1.1898073746029258,2024-10-07,Development,false,validation_boundary_outcome_purge,adverse_first,,1.2477958173892745,2.5755871744531644,9.371328355495855,4.700764689532221,11.102256886240912,-2.8315525814185283,TSX_above_MA50
early_watch|BDGI.TO|2024-09-09,early_watch,BDGI.TO,Industrials,2024-09-09,2024-09-06,3,60.4,2024-09-10,35.05330276489258,1.1163476333459457,2024-10-08,Development,false,validation_boundary_outcome_purge,success,7,3.0462466425937196,5.594028433739284,10.249359751694765,5.600419353292275,10.722419074218582,-1.4954422530060518,TSX_above_MA50
early_watch|LSPD.TO|2024-09-09,early_watch,LSPD.TO,Technology,2024-09-09,2024-09-06,4,58.6,2024-09-10,16.709999084472656,0.4860715866088867,2024-10-08,Development,false,validation_boundary_outcome_purge,success,5,7.001796172335739,11.729509869588028,30.700187607324047,26.051247208921556,36.20587358398475,-1.9150192241576547,TSX_above_MA50
early_watch|BBD-B.TO|2024-09-10,early_watch,BBD-B.TO,Industrials,2024-09-10,2024-09-09,1,68.5,2024-09-11,85.9000015258789,2.8978560311453685,2024-10-09,Development,false,validation_boundary_outcome_purge,success,3,12.456340812774759,13.317805132477467,26.146680658330588,21.77938725689301,26.880088390841706,-0.34924685265277366,TSX_above_MA50
early_watch|DML.TO|2024-09-10,early_watch,DML.TO,Energy,2024-09-10,2024-09-09,2,67.8,2024-09-11,2.140000104904175,0.11357144798551287,2024-10-09,Development,false,validation_boundary_outcome_purge,success,8,-3.7383251496717174,18.224291933063206,18.69158118414036,14.324287782702783,25.233641840274945,-3.7383251496717174,TSX_above_MA50
early_watch|CS.TO|2024-09-10,early_watch,CS.TO,Materials,2024-09-10,2024-09-09,3,63.8,2024-09-11,8.479999542236328,0.4257142884390695,2024-10-09,Development,false,validation_boundary_outcome_purge,success,3,13.797171455806412,20.990575268074707,25.943406623808297,21.57611322237072,31.48585165595208,2.1226452227886883,TSX_above_MA50
early_watch|AYA.TO|2024-09-10,early_watch,AYA.TO,Materials,2024-09-10,2024-09-09,4,62.9,2024-09-11,14.130000114440918,0.5521429606846401,2024-10-09,Development,false,validation_boundary_outcome_purge,success,1,6.44019702789731,31.068650444214473,23.000700778510065,18.633407377072487,35.52724319484537,0.8492560834195695,TSX_above_MA50
early_watch|IVN.TO|2024-09-10,early_watch,IVN.TO,Materials,2024-09-10,2024-09-09,5,62.9,2024-09-11,16.09000015258789,0.653571333203997,2024-10-09,Development,false,validation_boundary_outcome_purge,success,1,11.435675171773996,19.390919218748117,19.763830174136544,15.396536772698965,30.205099840038763,1.6780637365018558,TSX_above_MA50
early_watch|TOU.TO|2024-09-10,early_watch,TOU.TO,Energy,2024-09-10,2024-09-09,6,59.9,2024-09-11,53.416847229003906,1.1027576231644223,2024-10-09,Development,false,validation_boundary_outcome_purge,success,12,0.7691046415651215,2.310184757363931,9.262148871098619,4.894855469661041,15.409320425091177,-1.3957405195808903,TSX_above_MA50
early_watch|MFI.TO|2024-09-11,early_watch,MFI.TO,Consumer,2024-09-11,2024-09-10,2,69.2,2024-09-12,17.824874877929688,0.3526760387743647,2024-10-10,Development,false,validation_boundary_outcome_purge,neither,,0.9593415689997498,0.9593415689997498,2.1471171600733197,-1.3766215487696964,3.152145119434846,-1.6902633762975183,TSX_above_MA50
early_watch|NTR.TO|2024-09-11,early_watch,NTR.TO,Materials,2024-09-11,2024-09-10,4,63.5,2024-09-12,57.99993133544922,1.1828709449893,2024-10-10,Development,false,validation_boundary_outcome_purge,success,5,3.556058423867836,4.560686446377726,8.667771965546134,5.144033256703118,10.74793440594306,0.06379255462392042,TSX_above_MA50
early_watch|LUN.TO|2024-09-11,early_watch,LUN.TO,Materials,2024-09-11,2024-09-10,5,60.7,2024-09-12,11.87118148803711,0.5102789425646715,2024-10-10,Development,false,validation_boundary_outcome_purge,success,5,10.396047955644661,19.63697947177325,19.2244258359445,15.700687127101485,21.947208596295773,0.9075851492145182,TSX_above_MA50
early_watch|ATD.TO|2024-09-25,early_watch,ATD.TO,Consumer,2024-09-25,2024-09-24,1,66.9,2024-09-26,73.53974914550781,1.3139107120110387,2024-10-25,Validation,true,,adverse_first,,-1.6906314574890668,-0.4259880846585573,-4.912147543905476,-6.700871855190371,1.4110770105747683,-5.071895596720366,TSX_above_MA50
early_watch|BIR.TO|2024-09-27,early_watch,BIR.TO,Energy,2024-09-27,2024-09-26,1,65.9,2024-09-30,5.411869049072266,0.1485189943145098,2024-10-29,Validation,true,,success,4,4.3859683129988225,-4.912272880102686,-7.192978869928501,-9.535436535633124,5.789489843289419,-9.29824011661985,TSX_above_MA50
early_watch|ARX.TO|2024-09-27,early_watch,ARX.TO,Energy,2024-09-27,2024-09-26,2,64.8,2024-09-30,21.739070892333984,0.5757645618104321,2024-10-29,Validation,true,,success,2,10.804898673695561,4.155723510015408,1.9247496870814285,-0.4177079786231941,11.679792646807163,-1.6841705842083443,TSX_above_MA50
early_watch|PXT.TO|2024-09-27,early_watch,PXT.TO,Energy,2024-09-27,2024-09-26,3,61.7,2024-09-30,10.132535934448242,0.29311980838828383,2024-10-29,Validation,true,,success,2,12.249991388019698,9.416678102247067,3.8333289096931678,1.4908712439885452,12.83332834497315,-0.9166589524959412,TSX_above_MA50
early_watch|RBA.TO|2024-10-02,early_watch,RBA.TO,Industrials,2024-10-02,2024-10-01,1,59.1,2024-10-03,105.95011138916016,2.0052685546733238,2024-11-01,Validation,true,,success,11,0.6909869473762376,3.178541398116952,9.4435242854642,8.24737426043134,11.44277496898689,-0.4238066938283436,TSX_above_MA50
early_watch|DOO.TO|2024-10-03,early_watch,DOO.TO,Consumer,2024-10-03,2024-10-02,1,67.3,2024-10-04,78.77411651611328,2.3391707248944056,2024-11-04,Validation,true,,adverse_first,,-0.012435737792271251,-3.955232893572458,-12.674128173909727,-13.060254057947962,3.1716274456252247,-14.763670364243753,TSX_above_MA50
early_watch|SPB.TO|2024-10-09,early_watch,SPB.TO,Utilities,2024-10-09,2024-10-08,1,60.9,2024-10-10,6.954079627990723,0.14040989212968277,2024-11-08,Validation,true,,adverse_first,,1.925710252265489,-6.877573838629569,-12.379652108968864,-14.260542373184782,2.7510233680845264,-29.16093523525518,TSX_above_MA50
early_watch|AQN.TO|2024-10-15,early_watch,AQN.TO,Utilities,2024-10-15,2024-10-11,1,60.4,2024-10-16,6.544788360595703,0.14625519574469786,2024-11-13,Validation,true,,adverse_first,,-2.109706547327961,-4.922641324678246,-6.751052208545083,-8.492827019456662,1.2658215776483406,-8.438816277290528,TSX_above_MA50
early_watch|DOO.TO|2024-10-16,early_watch,DOO.TO,Consumer,2024-10-16,2024-10-15,1,61.4,2024-10-17,77.36322784423828,2.082203719555918,2024-11-14,Validation,true,,adverse_first,,-10.524298795097076,-13.057219156357903,-15.083569251864349,-16.538376642358678,2.1656545723393927,-16.198065004087304,TSX_above_MA50
early_watch|NFI.TO|2024-10-16,early_watch,NFI.TO,Industrials,2024-10-16,2024-10-15,2,59.6,2024-10-17,17.18000030517578,0.606428691319057,2024-11-14,Validation,true,,adverse_first,,-4.831198538780013,-7.74155937183173,-9.953434271079754,-11.408241661574081,1.3387633186888737,-13.795109682536367,TSX_above_MA50
early_watch|KMP-UN.TO|2024-10-22,early_watch,KMP-UN.TO,Real Estate,2024-10-22,2024-10-21,1,62,2024-10-23,18.243579864501953,0.34740881052977585,2024-11-20,Validation,true,,adverse_first,,-2.990395080340702,-7.981095443857688,-7.5235679657581045,-9.407298465087965,0.15201769344534988,-8.718265775478907,TSX_above_MA50
early_watch|CVE.TO|2024-10-24,early_watch,CVE.TO,Energy,2024-10-24,2024-10-23,1,59,2024-10-25,22.078998565673828,0.5487510036527633,2024-11-22,Validation,true,,adverse_first,,-6.771723034197164,-4.471872847332447,-3.662690136642499,-7.671084589712073,-0.8092014422130811,-9.07154821953583,TSX_above_MA50
early_watch|ATD.TO|2024-10-28,early_watch,ATD.TO,Consumer,2024-10-28,2024-10-25,1,67.4,2024-10-29,71.76781463623047,1.440473347049268,2024-11-26,Validation,true,,success,6,0.4501447949456727,5.565417857876742,7.8843375358824686,4.45432600046487,12.535805052435567,-1.4458911794646645,TSX_above_MA50
early_watch|DIR-UN.TO|2024-10-30,early_watch,DIR-UN.TO,Real Estate,2024-10-30,2024-10-29,1,59.5,2024-10-31,11.919046401977539,0.2119160705637945,2024-11-28,Validation,true,,adverse_first,,0,-2.1936664238016435,-4.462944788240963,-10.202917992390613,1.4372050664148706,-6.354018454866273,TSX_above_MA50
early_watch|IVN.TO|2024-11-01,early_watch,IVN.TO,Materials,2024-11-01,2024-10-31,1,64.9,2024-11-04,18.6200008392334,0.677142824445452,2024-12-02,Validation,true,,success,3,-1.5574699380050294,-1.5037630183964867,0.48334178938180816,-5.017135176664822,7.303966926453276,-8.807740188397272,TSX_above_MA50
early_watch|BTE.TO|2024-11-01,early_watch,BTE.TO,Energy,2024-11-01,2024-10-31,2,64.6,2024-11-04,4.077180862426758,0.140498354952727,2024-12-02,Validation,true,,adverse_first,,-4.683807950629138,-1.6393254731787765,-7.025738240292812,-12.526215206339442,3.981290891850864,-8.430889460784197,TSX_above_MA50
early_watch|CS.TO|2024-11-01,early_watch,CS.TO,Materials,2024-11-01,2024-10-31,3,59.1,2024-11-04,9.649999618530273,0.3642857415335519,2024-12-02,Validation,true,,adverse_first,,3.626947101610689,3.2124397085096845,-1.243522179303036,-6.743999145349666,10.259075273862672,-4.248703249944308,TSX_above_MA50
early_watch|NPI.TO|2024-11-04,early_watch,NPI.TO,Utilities,2024-11-04,2024-11-01,1,65.1,2024-11-05,19.63133430480957,0.444756403376877,2024-12-03,Validation,true,,adverse_first,,-6.375037369541802,-6.375037369541802,-7.269749456714624,-12.386216262543758,-1.8613380072994623,-11.167964375179828,TSX_above_MA50
early_watch|AAV.TO|2024-11-06,early_watch,AAV.TO,Energy,2024-11-06,2024-11-05,1,65.2,2024-11-07,9.0600004196167,0.23928567341395787,2024-12-05,Validation,true,,adverse_first,,-0.11037779711559059,5.960264203562504,-1.214134715859272,-4.571226212892432,6.6225099338438564,-6.181019797793685,TSX_above_MA50
early_watch|GRT-UN.TO|2024-11-07,early_watch,GRT-UN.TO,Real Estate,2024-11-07,2024-11-06,1,67.7,2024-11-08,70.12080383300781,1.3614152548664669,2024-12-06,Validation,true,,adverse_first,,-0.8941369449739001,-2.7876238973573164,-2.916436456424054,-6.682280442605748,1.406960627303655,-3.721238112110714,TSX_above_MA50
early_watch|DIR-UN.TO|2024-11-07,early_watch,DIR-UN.TO,Real Estate,2024-11-07,2024-11-06,2,63.4,2024-11-08,11.702662467956543,0.2355471084798495,2024-12-06,Validation,true,,adverse_first,,-0.9244869115976329,-3.0046048730145603,-4.102547678775492,-7.868391664957186,0.6933794835828566,-4.622490612592967,TSX_above_MA50
early_watch|AP-UN.TO|2024-11-07,early_watch,AP-UN.TO,Real Estate,2024-11-07,2024-11-06,3,59.1,2024-11-08,15.521063804626465,0.43393445607570563,2024-12-06,Validation,true,,adverse_first,,0.1088355371715588,-2.44833568509768,0.7213511016733287,-3.044492884508365,1.9830928593488562,-3.53646080335025,TSX_above_MA50
early_watch|IVN.TO|2024-11-11,early_watch,IVN.TO,Materials,2024-11-11,2024-11-08,1,59.2,2024-11-12,17.920000076293945,0.9328571047101702,2024-12-10,Validation,true,,adverse_first,,4.296877536190924,4.352682384624296,7.868302686434547,5.535915809854686,15.90401991816921,-5.2455386721852015,TSX_above_MA50
early_watch|IMG.TO|2024-11-12,early_watch,IMG.TO,Materials,2024-11-12,2024-11-11,1,77.6,2024-11-13,6.989999771118164,0.37500003405979704,2024-12-11,Validation,true,,success,4,11.44492441960252,8.154509160594658,19.885556349602005,17.209582045908387,20.028621145156865,-1.7167366164289044,TSX_above_MA50
early_watch|BTE.TO|2024-11-12,early_watch,BTE.TO,Energy,2024-11-12,2024-11-11,2,64.3,2024-11-13,3.848019599914551,0.14322642494494967,2024-12-11,Validation,true,,adverse_first,,4.218351643803464,-1.2406996781365587,-8.684872963446056,-11.360847267139674,6.947883316338244,-11.910681862791982,TSX_above_MA50
early_watch|BEPC.TO|2024-11-13,early_watch,BEPC.TO,Utilities,2024-11-13,2024-11-12,2,61.7,2024-11-14,39.04512405395508,1.5556583916102145,2024-12-12,Validation,true,,adverse_first,,4.056267216520637,7.596709278394842,-0.35103505514415545,-1.7921701236634169,8.862831069993238,-4.238386419734619,TSX_above_MA50
early_watch|CVE.TO|2024-11-14,early_watch,CVE.TO,Energy,2024-11-14,2024-11-13,2,60.5,2024-11-15,20.72492218017578,0.5769609117623846,2024-12-13,Validation,true,,adverse_first,,2.6315711973353473,0.6352023978292376,-0.6652507291666998,-2.2063949096846835,4.128863451876197,-3.9927423450579647,TSX_above_MA50
early_watch|TECK-B.TO|2024-11-18,early_watch,TECK-B.TO,Materials,2024-11-18,2024-11-15,1,60.4,2024-11-19,64.8242416381836,2.193449280572216,2024-12-17,Validation,true,,adverse_first,,-1.0483199070503546,-1.4281463867553357,-8.329848623744695,-8.765254264901278,2.9626151551432223,-9.075755749768266,TSX_above_MA50
early_watch|BIR.TO|2024-11-18,early_watch,BIR.TO,Energy,2024-11-18,2024-11-15,2,58.6,2024-11-19,4.747252941131592,0.15394673299518344,2024-12-17,Validation,true,,success,2,5.000004520018719,2.200023684898045,-6.553213527391466,-6.988619168548049,11.599999428342468,-7.369341902163951,TSX_above_MA50
early_watch|TOI.V|2024-11-20,early_watch,TOI.V,Technology,2024-11-20,2024-11-19,1,62.5,2024-11-21,119.19999694824219,2.2557160513741628,2024-12-19,Validation,true,,adverse_first,,1.3842295034582452,2.785234714616469,-2.8104014764158913,1.0366718936773323,7.332219561179243,-7.03019921808945,TSX_above_MA50
early_watch|TSU.TO|2024-11-20,early_watch,TSU.TO,Financials,2024-11-20,2024-11-19,2,59.9,2024-11-21,39.81999969482422,1.1528576442173548,2024-12-19,Validation,true,,neither,,1.4063319376765415,4.2440950267728095,-2.059265949544453,1.7878074205487704,5.097937706817035,-2.887999835992927,TSX_above_MA50
early_watch|OTEX.TO|2024-11-21,early_watch,OTEX.TO,Technology,2024-11-21,2024-11-20,2,61,2024-11-22,38.072845458984375,0.9075979264907649,2024-12-20,Validation,true,,success,4,4.465006400437321,6.326964557528192,-2.933760884150083,0.3864356050870543,10.369343405192533,-4.575209754096676,TSX_above_MA50
early_watch|BB.TO|2024-11-22,early_watch,BB.TO,Technology,2024-11-22,2024-11-21,1,69.8,2024-11-25,3.630000114440918,0.10999999727521624,2024-12-23,Validation,true,,adverse_first,,-0.826452034781,14.32506789346486,49.58676741460477,52.1896401771647,50.68869470363981,-3.3057884351098243,TSX_above_MA50
early_watch|TSU.TO|2024-11-25,early_watch,TSU.TO,Financials,2024-11-25,2024-11-22,1,61.8,2024-11-26,39.33000183105469,1.0907151358468192,2024-12-24,Validation,true,,success,7,3.890156898209951,1.6526765342492533,-3.1273920662835852,-0.9298063976213133,6.407313820861904,-3.1273920662835852,TSX_above_MA50
early_watch|CAR-UN.TO|2024-11-27,early_watch,CAR-UN.TO,Real Estate,2024-11-27,2024-11-26,1,65.4,2024-11-28,41.50429153442383,0.9363064739226995,2024-12-30,Validation,true,,adverse_first,,-0.3407780865269494,-2.583257269394834,-7.332082670923734,-3.719028897458865,2.4733455152705197,-8.651203916111339,TSX_above_MA50
early_watch|DOO.TO|2024-11-28,early_watch,DOO.TO,Consumer,2024-11-28,2024-11-27,1,65,2024-11-29,67.00698852539062,2.1058204152254794,2024-12-31,Validation,true,,success,5,6.375197261902321,7.6473287379564825,7.359855808096327,10.94726850840434,14.344193831607189,-2.032461799265528,TSX_above_MA50
early_watch|BDGI.TO|2024-11-29,early_watch,BDGI.TO,Industrials,2024-11-29,2024-11-28,1,73.3,2024-12-02,36.58790588378906,1.0625079560036015,2025-01-02,Validation,true,,adverse_first,,1.652893768310859,-1.759532075943826,-3.938975946951928,-1.233651038237893,5.518530196760962,-6.05170061132948,TSX_above_MA50
early_watch|CVE.TO|2024-12-02,early_watch,CVE.TO,Energy,2024-12-02,2024-11-29,1,63.8,2024-12-03,21.063440322875977,0.4298661225605357,2025-01-03,Validation,true,,adverse_first,,-4.375011149285058,-4.872860118285194,-0.2808216269235997,1.9122108858732667,0.48452663863043366,-8.06927131550409,TSX_above_MA50
early_watch|GOOS.TO|2024-12-05,early_watch,GOOS.TO,Consumer,2024-12-05,2024-12-04,1,65.6,2024-12-06,13.470000267028809,0.4049998010907854,2025-01-08,Validation,true,,success,2,4.825535305454376,7.943575899128308,8.389013303933446,10.880475727879801,14.99628406863367,1.7817354592458479,TSX_above_MA50
early_watch|CVE.TO|2024-12-05,early_watch,CVE.TO,Energy,2024-12-05,2024-12-04,2,62.2,2024-12-06,19.982059478759766,0.4029992232632245,2025-01-08,Validation,true,,adverse_first,,3.027665922705558,-1.71797363853875,4.54625721887596,7.037719642822315,8.152950117661062,-3.0942020995041064,TSX_above_MA50
early_watch|NFI.TO|2024-12-06,early_watch,NFI.TO,Industrials,2024-12-06,2024-12-05,2,59,2024-12-09,13.970000267028809,0.4057143075125558,2025-01-09,Validation,true,,adverse_first,,-2.2190437630008053,-1.5748050309493555,-0.286327566846456,1.8677851166062798,9.591983729237864,-3.3643540303866404,TSX_above_MA50
early_watch|ABX.TO|2024-12-09,early_watch,ABX.TO,Materials,2024-12-09,2024-12-06,2,59.7,2024-12-10,23.419723510742188,0.5373862630160815,2025-01-10,Validation,true,,adverse_first,,-4.360354696107405,-7.239841741946207,-6.6227965872553085,-3.7346501180859693,2.920598741929492,-10.612923540458663,TSX_above_MA50
early_watch|BEP-UN.TO|2024-12-11,early_watch,BEP-UN.TO,Utilities,2024-12-11,2024-12-10,1,60.9,2024-12-12,31.682117462158203,0.8052232676710275,2025-01-14,Validation,true,,adverse_first,,-4.069593344087141,-2.831025383018526,-8.96489665546375,-5.729646801463707,1.7104103359663059,-9.230305562788743,TSX_above_MA50
early_watch|CVE.TO|2024-12-11,early_watch,CVE.TO,Energy,2024-12-11,2024-12-10,2,60.6,2024-12-12,20.207740783691406,0.43456694856653577,2025-01-14,Validation,true,,adverse_first,,-3.050220695753225,-0.04693866995083562,0.4223158877156852,3.6575657417157292,7.789764329617266,-4.17645207290418,TSX_above_MA50
early_watch|TSU.TO|2024-12-11,early_watch,TSU.TO,Financials,2024-12-11,2024-12-10,3,58.8,2024-12-12,40.59000015258789,0.880357197352818,2025-01-14,Validation,true,,adverse_first,,-3.9172213515907495,-4.508504124600288,-13.279131237709018,-10.043881383708975,2.8332138988809152,-15.693517881099673,TSX_above_MA50
early_watch|AYA.TO|2024-12-12,early_watch,AYA.TO,Materials,2024-12-12,2024-12-11,1,63,2024-12-13,12.550000190734863,0.6207141876220703,2025-01-15,Validation,true,,adverse_first,,-13.62549810484779,-14.422313881341186,-3.9840636844701294,-2.0651184119670707,0.39840788824669904,-16.17529643122918,TSX_above_MA50
early_watch|BCE.TO|2024-12-12,early_watch,BCE.TO,Communication,2024-12-12,2024-12-11,2,61.9,2024-12-13,31.685955047607422,0.555227904903175,2025-01-15,Validation,true,,adverse_first,,-5.7810996808078885,-5.667836022442286,-7.876098129572517,-5.957152857069458,-0.6851101591837994,-11.01862113975991,TSX_above_MA50
early_watch|AQN.TO|2024-12-12,early_watch,AQN.TO,Utilities,2024-12-12,2024-12-11,3,59.4,2024-12-13,5.845204830169678,0.16634825342086534,2025-01-15,Validation,true,,adverse_first,,-0.472439737278052,1.9516110045754376,-2.0433530536046574,-0.12440778110159867,6.2661922754442045,-3.6413402804583717,TSX_above_MA50
early_watch|TXG.TO|2024-12-13,early_watch,TXG.TO,Materials,2024-12-13,2024-12-12,1,71.5,2024-12-16,26.59174919128418,1.498865180372819,2025-01-16,Validation,true,,success,2,4.843507640906952,9.388967728908915,3.2414330067240593,4.438385388504895,12.481371924228469,-1.5648337050229277,TSX_above_MA50
early_watch|HPS-A.TO|2024-12-13,early_watch,HPS-A.TO,Industrials,2024-12-13,2024-12-12,2,68.3,2024-12-16,127.51634216308594,5.139015456160435,2025-01-16,Validation,true,,adverse_first,,-1.8727733249761735,-4.093791354245601,-11.151530751015537,-9.954578369234701,4.047358342469032,-14.533348312274496,TSX_above_MA50
early_watch|CNQ.TO|2024-12-13,early_watch,CNQ.TO,Energy,2024-12-13,2024-12-12,3,60.7,2024-12-16,40.51831817626953,0.9039693419835194,2025-01-16,Validation,true,,adverse_first,,-1.774764598365941,2.798627781751839,0.8646033180958801,2.061555699876716,9.806581690483206,-4.345851658302379,TSX_above_MA50
early_watch|AG.TO|2024-12-13,early_watch,AG.TO,Materials,2024-12-13,2024-12-12,4,60.6,2024-12-16,8.40024185180664,0.39953780947137624,2025-01-16,Validation,true,,adverse_first,,-6.279622655561379,1.777245804294414,-4.739329713410956,-3.54237733163012,5.213264066978551,-8.649283351262005,TSX_above_MA50
early_watch|TXG.TO|2024-12-17,early_watch,TXG.TO,Materials,2024-12-17,2024-12-16,1,64,2024-12-18,28.781307220458984,1.4479123078162393,2025-01-20,Validation,true,,adverse_first,,-2.512913780756587,-3.166956202027693,-3.063687043620633,-5.400294859111132,1.6523250509923315,-7.469881490318075,TSX_above_MA50
early_watch|AQN.TO|2024-12-17,early_watch,AQN.TO,Utilities,2024-12-17,2024-12-16,2,60.1,2024-12-18,5.734743595123291,0.1564856686205393,2025-01-20,Validation,true,,success,8,3.2102761297450932,4.729762595985965,4.241138560106905,1.9045307446164061,8.313065801298848,-1.785303234776603,TSX_above_MA50
early_watch|CVE.TO|2024-12-17,early_watch,CVE.TO,Energy,2024-12-17,2024-12-16,3,60.1,2024-12-18,19.837909698486328,0.4267262814501773,2025-01-20,Validation,true,,adverse_first,,0.7648177857464189,5.879550549007018,6.070757399109961,3.7341495836194616,9.799250516514446,-2.3900477966117717,TSX_above_MA50
early_watch|BCE.TO|2024-12-18,early_watch,BCE.TO,Communication,2024-12-18,2024-12-17,1,58.6,2024-12-19,29.86313247680664,0.6413826727657165,2025-01-21,Validation,true,,adverse_first,,-2.7635962256086444,2.9438364547934803,0.750986052012137,-2.803133547342007,4.085313773129262,-5.58726641187286,TSX_not_above_MA50
early_watch|SAP.TO|2024-12-19,early_watch,SAP.TO,Consumer,2024-12-19,2024-12-18,1,65.8,2024-12-20,24.204561233520508,0.483924273690928,2025-01-22,Validation,true,,adverse_first,,-0.833346401200108,-2.8174741045444596,-7.063503764845846,-9.957871536548513,0.6349095967282503,-10.35714807809589,TSX_not_above_MA50
early_watch|PBH.TO|2024-12-19,early_watch,PBH.TO,Consumer,2024-12-19,2024-12-18,2,65,2024-12-20,73.71490478515625,1.693647057202755,2025-01-22,Validation,true,,neither,,1.0748750771065074,0.9342928349941326,1.9056795929604409,-0.9886881787422253,4.564180405996021,-0.9062339378186235,TSX_not_above_MA50
early_watch|LUN.TO|2024-12-19,early_watch,LUN.TO,Materials,2024-12-19,2024-12-18,3,63,2024-12-20,12.176335334777832,0.43733384045748863,2025-01-22,Validation,true,,neither,,0.16193846197465334,2.105254831034875,-2.105270495424705,-4.999638267127371,6.558700378611992,-2.510130303976388,TSX_not_above_MA50
early_watch|CG.TO|2024-12-19,early_watch,CG.TO,Materials,2024-12-19,2024-12-18,4,62.9,2024-12-20,7.897072792053223,0.2551443770821215,2025-01-22,Validation,true,,success,15,0,2.8117252675232907,6.6014739608976525,3.7071061891949864,8.557462383528902,-3.178493736112975,TSX_not_above_MA50
early_watch|CVE.TO|2024-12-19,early_watch,CVE.TO,Energy,2024-12-19,2024-12-18,6,58.7,2024-12-20,19.63877296447754,0.47841386359549076,2025-01-22,Validation,true,,success,5,5.214884891990601,6.37372985613478,4.00774136679003,1.1133735950873636,10.912612547025269,-0.8208489295206123,TSX_not_above_MA50
early_watch|LUG.TO|2024-12-20,early_watch,LUG.TO,Materials,2024-12-20,2024-12-19,2,77.8,2024-12-23,26.905366897583008,0.8999149839529765,2025-01-23,Validation,true,,adverse_first,,1.559013823817823,4.581600904739425,10.817670378212751,8.049479302310703,15.04930027243583,-4.422543032368931,TSX_not_above_MA50
early_watch|ENGH.TO|2024-12-20,early_watch,ENGH.TO,Technology,2024-12-20,2024-12-19,3,70.1,2024-12-23,24.427349090576172,0.9368845502910433,2025-01-23,Validation,true,,neither,,0,0.18479005878520027,2.8085808926173517,0.04038981671530273,4.02809290638646,-3.806360604353687,TSX_not_above_MA50
early_watch|CRR-UN.TO|2024-12-20,early_watch,CRR-UN.TO,Real Estate,2024-12-20,2024-12-19,4,69.4,2024-12-23,12.122323036193848,0.23450926927545332,2025-01-23,Validation,true,,adverse_first,,-0.335389869875935,-0.5598458742254953,-0.7843097456671444,-3.5525008215691933,1.5624945693675452,-2.65491873204613,TSX_not_above_MA50
early_watch|PXT.TO|2024-12-20,early_watch,PXT.TO,Energy,2024-12-20,2024-12-19,5,69.4,2024-12-23,11.563183784484863,0.4710463837245955,2025-01-23,Validation,true,,success,4,12.51874967473896,14.767613725071183,7.94603524637818,5.177844170476131,18.740627624891015,-1.499242385073174,TSX_not_above_MA50
early_watch|ELD.TO|2024-12-20,early_watch,ELD.TO,Materials,2024-12-20,2024-12-19,6,69.3,2024-12-23,21.698484420776367,0.7422716332839866,2025-01-23,Validation,true,,adverse_first,,3.7121882376933257,7.332711863438357,-1.1915696334162673,-3.9597607093183163,8.570115003627233,-5.407887559773982,TSX_not_above_MA50
early_watch|FTT.TO|2024-12-23,early_watch,FTT.TO,Industrials,2024-12-23,2024-12-20,1,75.3,2024-12-24,36.01148223876953,0.8811816508073582,2025-01-24,Validation,true,,neither,,0.9418556440683234,0.9687830567888689,3.55219394855657,1.0500641000363853,3.90203532015565,-1.1033365153274133,TSX_not_above_MA50
early_watch|IMG.TO|2024-12-23,early_watch,IMG.TO,Materials,2024-12-23,2024-12-20,2,71.6,2024-12-24,7.440000057220459,0.30500006675720215,2025-01-24,Validation,true,,success,4,6.9892470017101305,9.946239815376856,16.666669871217433,14.164540022697249,17.338702622239023,-3.360215027920288,TSX_not_above_MA50
early_watch|FNV.TO|2024-12-23,early_watch,FNV.TO,Materials,2024-12-23,2024-12-20,4,70.2,2024-12-24,168.28041076660156,3.510394249330105,2025-01-24,Validation,true,,adverse_first,,3.5975671956784305,7.429537762645166,9.38652618120901,6.884396332688826,11.290792885194367,-2.2558194567818046,TSX_not_above_MA50
early_watch|REI-UN.TO|2024-12-23,early_watch,REI-UN.TO,Real Estate,2024-12-23,2024-12-20,5,70.2,2024-12-24,16.528873443603516,0.3560535599613637,2025-01-24,Validation,true,,neither,,1.4996843947938432,0.7336349757497418,0.2959072870761137,-2.206222561444071,2.9770426746183354,-1.7420082718145435,TSX_not_above_MA50
early_watch|SPB.TO|2024-12-24,early_watch,SPB.TO,Utilities,2024-12-24,2024-12-23,2,70.9,2024-12-27,5.997534275054932,0.22478803296727184,2025-01-27,Validation,true,,neither,,5.224562979950065,-0.39813985675170027,2.4935240755871835,0.5061435672803594,6.027799299156689,-2.004613852019088,TSX_not_above_MA50
early_watch|ENGH.TO|2024-12-24,early_watch,ENGH.TO,Technology,2024-12-24,2024-12-23,3,69.2,2024-12-27,24.46346092224121,0.9007761357039177,2025-01-27,Validation,true,,adverse_first,,1.7711974809718978,-1.6605307744899545,1.808114971122099,-0.17926553718472515,3.8745314380639106,-3.948357214078879,TSX_not_above_MA50
early_watch|EQX.TO|2024-12-24,early_watch,EQX.TO,Materials,2024-12-24,2024-12-23,4,68.8,2024-12-27,7.369726657867432,0.37915664374760377,2025-01-27,Validation,true,,success,7,-1.4864866001524257,13.37837940137183,10.135119440492035,8.147738932185211,22.77027795125546,-3.648653923907419,TSX_not_above_MA50
early_watch|HBM.TO|2024-12-24,early_watch,HBM.TO,Materials,2024-12-24,2024-12-23,5,67.8,2024-12-27,11.800786972045898,0.5023278650701426,2025-01-27,Validation,true,,success,8,4.902787468779346,4.649207832344238,0.2535877178818646,-1.7337927904249595,10.735426388223468,-3.7193587682320173,TSX_not_above_MA50
early_watch|CG.TO|2024-12-24,early_watch,CG.TO,Materials,2024-12-24,2024-12-23,6,67,2024-12-27,7.868109703063965,0.23100908934535663,2025-01-27,Validation,true,,success,11,0.6135041454800927,1.5950732039071047,5.766873515434745,3.779493007127921,8.957070365893172,-2.8220866691267443,TSX_not_above_MA50
early_watch|WDO.TO|2024-12-27,early_watch,WDO.TO,Materials,2024-12-27,2024-12-24,1,76,2024-12-30,12.628475189208984,0.46100770502802985,2025-01-28,Validation,true,,success,8,2.9272198977851938,6.408226724893895,10.838612780809065,7.593767394018425,12.420886209439107,-1.2658280347311757,TSX_not_above_MA50
early_watch|ELD.TO|2024-12-27,early_watch,ELD.TO,Materials,2024-12-27,2024-12-24,2,75,2024-12-30,20.962604522705078,0.6953915671548897,2025-01-28,Validation,true,,success,2,4.696398925539125,6.214417946066231,3.5578732866248686,0.3130278998342284,12.381405011790193,-2.087287107408098,TSX_not_above_MA50
early_watch|KNT.TO|2024-12-27,early_watch,KNT.TO,Materials,2024-12-27,2024-12-24,3,71.8,2024-12-30,8.470000267028809,0.2957143102373396,2025-01-28,Validation,true,,success,6,2.1251398562778023,17.35536324687925,13.695393280300628,10.450547893509988,22.668241036165426,-0.23613290594013403,TSX_not_above_MA50
early_watch|T.TO|2024-12-27,early_watch,T.TO,Communication,2024-12-27,2024-12-24,5,66.8,2024-12-30,16.790077209472656,0.35519915226251647,2025-01-28,Validation,true,,success,4,3.987567188574226,2.0196900180805333,9.476979918744366,6.232134531953726,10.046636255461404,-0.2589024628019021,TSX_not_above_MA50
early_watch|ELD.TO|2024-12-31,early_watch,ELD.TO,Materials,2024-12-31,2024-12-30,1,67.5,2025-01-02,22.50397300720215,0.628622631950923,2025-01-30,Validation,true,,adverse_first,,3.4909335992866275,-7.379585124052824,-1.2814865674743658,-4.9376066624619135,4.684046155501265,-8.793639351785176,TSX_not_above_MA50
early_watch|OR.TO|2024-12-31,early_watch,OR.TO,Materials,2024-12-31,2024-12-30,2,61,2025-01-02,26.558320999145508,0.612852491689466,2025-01-30,Validation,true,,adverse_first,,2.867775110241455,0.7448681645039867,0.33519318763457484,-3.3209269073529724,4.022342689377956,-3.5754173659688915,TSX_not_above_MA50
early_watch|CG.TO|2024-12-31,early_watch,CG.TO,Materials,2024-12-31,2024-12-30,3,60.5,2025-01-02,8.196349143981934,0.21514897785014092,2025-01-30,Validation,true,,adverse_first,,-0.23556939645668074,-0.8244812522434364,7.89165622878365,4.235536133796103,8.245010042168,-4.3580759132216045,TSX_not_above_MA50
early_watch|GRT-UN.TO|2024-12-31,early_watch,GRT-UN.TO,Real Estate,2024-12-31,2024-12-30,4,60,2025-01-02,64.82605743408203,1.334574854258901,2025-01-30,Validation,true,,adverse_first,,0.20067363541986794,-1.9065525338062272,1.5338451838974754,-2.122274911090072,2.5085675423772713,-4.200126769337165,TSX_not_above_MA50
early_watch|IMG.TO|2024-12-31,early_watch,IMG.TO,Materials,2024-12-31,2024-12-30,5,59,2025-01-02,8.020000457763672,0.26857144492013113,2025-01-30,Validation,true,,adverse_first,,3.1172068046204426,-2.2443927045108114,13.341641318591414,9.685521223603867,13.840393931682682,-6.608486987459539,TSX_not_above_MA50
early_watch|GWO.TO|2025-01-06,early_watch,GWO.TO,Financials,2025-01-06,2025-01-03,1,62.9,2025-01-07,43.788780212402344,0.6604408848332969,2025-02-04,Validation,true,,adverse_first,,-3.214122247596174,-1.4261214816735257,-0.2767061075013233,-1.6786371000993894,1.2132914182434007,-4.448700759652824,TSX_not_above_MA50
early_watch|ABX.TO|2025-01-07,early_watch,ABX.TO,Materials,2025-01-07,2025-01-06,1,68.7,2025-01-08,21.98428726196289,0.5202244652997042,2025-02-05,Validation,true,,adverse_first,,-0.5696724077827509,-0.701147951370884,7.581056485898352,5.51292706291604,7.931625796633646,-3.5056864898851736,TSX_not_above_MA50
early_watch|KMP-UN.TO|2025-01-08,early_watch,KMP-UN.TO,Real Estate,2025-01-08,2025-01-07,1,74.4,2025-01-09,15.81926155090332,0.33581050068284846,2025-02-06,Validation,true,,adverse_first,,-0.11805134142182094,-2.5973887395345674,-1.4139755860035574,-3.2529746933899206,1.1216342699309712,-6.212913842337143,TSX_above_MA50
early_watch|CSU.TO|2025-01-08,early_watch,CSU.TO,Technology,2025-01-08,2025-01-07,2,61.4,2025-01-09,4307.91357421875,151.0055761588832,2025-02-06,Validation,true,,adverse_first,,1.8673845497141572,5.619506796573837,14.150964675180466,12.311965567794104,15.017070245401175,-3.573212625027944,TSX_above_MA50
early_watch|CCO.TO|2025-01-08,early_watch,CCO.TO,Energy,2025-01-08,2025-01-07,3,59,2025-01-09,73.0383071899414,2.5942529845865536,2025-02-06,Validation,true,,adverse_first,,-2.66465704481339,11.66984931074282,-4.769067060318011,-6.608066167704374,14.102214339479403,-8.526923466631885,TSX_above_MA50
early_watch|NWC.TO|2025-01-09,early_watch,NWC.TO,Consumer,2025-01-09,2025-01-08,2,63,2025-01-10,45.053077697753906,0.9102711789023077,2025-02-07,Validation,true,,adverse_first,,-3.128964198823514,0.1268543623523577,-2.2410005965931346,-4.967136625263291,1.3107800039856565,-5.24313114937306,TSX_above_MA50
early_watch|BEP-UN.TO|2025-01-09,early_watch,BEP-UN.TO,Utilities,2025-01-09,2025-01-08,3,62.7,2025-01-10,30.551616668701172,0.7888160430760313,2025-02-07,Validation,true,,adverse_first,,-8.746182226998567,-6.269113837153883,-2.0489396639223556,-4.775075692592512,1.039751686556989,-12.38532184211233,TSX_above_MA50
early_watch|WFG.TO|2025-01-09,early_watch,WFG.TO,Materials,2025-01-09,2025-01-08,4,61.9,2025-01-10,119.01283264160156,2.8464551790342725,2025-02-07,Validation,true,,success,3,6.3965254739811295,7.24612401237239,-0.37580652916006096,-3.1019425578302173,9.13322212335801,-2.5406589122111467,TSX_above_MA50
early_watch|BEPC.TO|2025-01-09,early_watch,BEPC.TO,Utilities,2025-01-09,2025-01-08,6,60.6,2025-01-10,36.0112419128418,1.1145675383819709,2025-02-07,Validation,true,,adverse_first,,-5.782557466628379,-5.705482265023654,0.3855243110503448,-2.3406117176198116,2.7499507142181967,-10.02313188030407,TSX_above_MA50
early_watch|ABX.TO|2025-01-10,early_watch,ABX.TO,Materials,2025-01-10,2025-01-09,2,66,2025-01-13,21.444795608520508,0.49063464456600514,2025-02-10,Validation,true,,success,6,4.267734353299479,3.728655302395234,11.994611166220714,7.419350945116565,13.701705339208381,-1.0781568601471503,TSX_not_above_MA50
early_watch|KMP-UN.TO|2025-01-13,early_watch,KMP-UN.TO,Real Estate,2025-01-13,2025-01-10,1,69.7,2025-01-14,15.679186820983887,0.2934650967683719,2025-02-11,Validation,true,,adverse_first,,-0.41691353697160816,-0.2382241419968234,-0.47343140265700967,-4.716052733061105,2.025034795168379,-5.375038708029578,TSX_not_above_MA50
early_watch|QBR-B.TO|2025-01-13,early_watch,QBR-B.TO,Communication,2025-01-13,2025-01-10,3,64.9,2025-01-14,29.794376373291016,0.6209982380071892,2025-02-11,Validation,true,,adverse_first,,-2.1932567748943477,1.5257444000749354,2.0343215989619967,-2.2082997314420982,6.071197225035707,-4.577242785480484,TSX_not_above_MA50
early_watch|FTS.TO|2025-01-13,early_watch,FTS.TO,Utilities,2025-01-13,2025-01-10,4,64.4,2025-01-14,54.68329620361328,0.7596960342847611,2025-02-11,Validation,true,,success,2,4.952703535107128,5.726570220450822,7.92777179160955,3.6851504612054553,8.237311325412012,0.25795555392393865,TSX_not_above_MA50
early_watch|CSU.TO|2025-01-13,early_watch,CSU.TO,Technology,2025-01-13,2025-01-10,5,63.2,2025-01-14,4252.25537109375,138.7559339058555,2025-02-11,Validation,true,,success,2,4.133284508140722,10.602484733802232,14.48157279587039,10.238951465466295,16.790100365256233,1.1674995582229064,TSX_not_above_MA50
early_watch|LUN.TO|2025-01-13,early_watch,LUN.TO,Materials,2025-01-13,2025-01-10,6,62.3,2025-01-14,12.048163414001465,0.418319422746647,2025-02-11,Validation,true,,adverse_first,,3.2733112938979625,-4.2553339694769825,-0.8183377178696327,-5.060959048273728,4.909969058393071,-9.738142401562143,TSX_not_above_MA50
early_watch|ABX.TO|2025-01-14,early_watch,ABX.TO,Materials,2025-01-14,2025-01-13,1,74.6,2025-01-15,21.85904884338379,0.463109610599402,2025-02-12,Validation,true,,success,11,-0.1322288146603845,1.4543773505320878,14.45568785902318,11.334184614727238,15.469356508112519,-1.9391826511063193,TSX_not_above_MA50
early_watch|OTEX.TO|2025-01-14,early_watch,OTEX.TO,Technology,2025-01-14,2025-01-13,2,66.3,2025-01-15,37.67409896850586,0.7595319997736983,2025-02-12,Validation,true,,success,9,1.1388978921610171,4.407029984389488,0.1237743188337026,-2.9977289254622397,12.379316332993096,-1.7330916302191524,TSX_not_above_MA50
early_watch|WFG.TO|2025-01-14,early_watch,WFG.TO,Materials,2025-01-14,2025-01-13,3,65.5,2025-01-15,123.36847686767578,2.7796455943527243,2025-02-12,Validation,true,,success,6,2.868649418468716,-0.41767693849279475,-5.626916455274111,-8.748419699570054,5.280167429942839,-6.391359096108362,TSX_not_above_MA50
early_watch|DIR-UN.TO|2025-01-14,early_watch,DIR-UN.TO,Real Estate,2025-01-14,2025-01-13,5,61.4,2025-01-15,10.632098197937012,0.20194728281631427,2025-02-12,Validation,true,,success,10,2.3972775684184544,0.599332846753442,-0.11257056178450853,-3.234073806080451,4.103204654316572,-5.962952531542099,TSX_not_above_MA50
early_watch|WPM.TO|2025-01-14,early_watch,WPM.TO,Materials,2025-01-14,2025-01-13,6,60.6,2025-01-15,82.31260681152344,1.9045283569066314,2025-02-12,Validation,true,,success,10,1.8849874843334113,4.6824424189429115,17.132912245369724,14.011409001073782,17.192947128724768,-1.7289006446804644,TSX_not_above_MA50
early_watch|CPX.TO|2025-01-15,early_watch,CPX.TO,Utilities,2025-01-15,2025-01-14,2,71.8,2025-01-16,57.048484802246094,1.3999143180949065,2025-02-13,Validation,true,,adverse_first,,0.16382570603195035,-11.320443214733778,-16.415462792908663,-19.845769270556232,2.65400221341896,-18.56160214457594,TSX_not_above_MA50
early_watch|NWC.TO|2025-01-15,early_watch,NWC.TO,Consumer,2025-01-15,2025-01-14,3,67.1,2025-01-16,43.98628234863281,0.9395829539622055,2025-02-13,Validation,true,,adverse_first,,1.8839207197456576,2.9882991030931283,-1.104387055817757,-4.534693533465328,3.767861238254633,-2.9450013327651736,TSX_not_above_MA50
early_watch|DFY.TO|2025-01-15,early_watch,DFY.TO,Financials,2025-01-15,2025-01-14,6,58.9,2025-01-16,53.19242858886719,0.964219094128221,2025-02-13,Validation,true,,success,4,5.602658792163773,5.879105937173601,16.107635959528622,12.677329481881051,16.199783470875918,-0.5344544956055741,TSX_not_above_MA50
early_watch|IVN.TO|2025-01-16,early_watch,IVN.TO,Materials,2025-01-16,2025-01-15,2,61.3,2025-01-17,16.450000762939453,0.6100002016339984,2025-02-14,Validation,true,,adverse_first,,3.2826685904798536,-5.106389466890859,1.2765901199577323,-0.3801055811322396,4.9848003452474865,-10.334350663189152,TSX_not_above_MA50
early_watch|NWC.TO|2025-01-17,early_watch,NWC.TO,Consumer,2025-01-17,2025-01-16,2,63.7,2025-01-20,43.48146057128906,0.9139986290898824,2025-02-18,Validation,true,,success,4,3.4392095595137784,0.9419476621463918,-2.4972618973673866,-4.558477552645979,4.972610928195942,-2.5629766408291177,TSX_not_above_MA50
early_watch|DML.TO|2025-01-17,early_watch,DML.TO,Energy,2025-01-17,2025-01-16,3,61.4,2025-01-20,2.75,0.1328571013041905,2025-02-18,Validation,true,,success,4,-9.454545107754797,-7.636365023526281,-15.636366063898254,-17.697581719176846,10.909089175137598,-18.181818181818176,TSX_not_above_MA50
early_watch|DFY.TO|2025-01-17,early_watch,DFY.TO,Financials,2025-01-17,2025-01-16,4,59.6,2025-01-20,53.59436798095703,0.9586171091731127,2025-02-18,Validation,true,,success,2,3.0912757958643455,8.322665056733225,10.261560565892935,8.200344910614344,17.32211099758858,-0.00000651106656368583,TSX_not_above_MA50
early_watch|ELD.TO|2025-01-20,early_watch,ELD.TO,Materials,2025-01-20,2025-01-17,1,62.5,2025-01-21,21.11176872253418,0.807620227370226,2025-02-19,Validation,true,,success,11,2.8261900483410374,4.804525792538139,-3.250108165885135,-4.613153284467009,9.3264275754408,-7.7249142884686535,TSX_above_MA50
early_watch|BTO.TO|2025-01-20,early_watch,BTO.TO,Materials,2025-01-20,2025-01-17,2,61.1,2025-01-21,3.3619441986083984,0.11454895760982255,2025-02-19,Validation,true,,adverse_first,,-1.4367829949274546,2.298841445183819,8.620683786189588,7.257638667607714,10.057463958406053,-9.195403321784923,TSX_above_MA50
early_watch|BBD-B.TO|2025-01-22,early_watch,BBD-B.TO,Industrials,2025-01-22,2025-01-21,1,65.8,2025-01-23,91.72000122070312,4.540715898786273,2025-02-21,Validation,true,,adverse_first,,-4.917141382693824,-12.930659019305057,-3.423462001589761,-2.29466399503806,0.5015253797977737,-19.646755377924528,TSX_above_MA50
early_watch|IVN.TO|2025-01-23,early_watch,IVN.TO,Materials,2025-01-23,2025-01-22,2,59.2,2025-01-24,16.989999771118164,0.6785714285714286,2025-02-24,Validation,true,,adverse_first,,-8.122425738856244,-4.649788221431617,-13.65508961788251,-12.409632607261544,1.6480323155830146,-15.773981092438149,TSX_above_MA50
early_watch|MG.TO|2025-01-24,early_watch,MG.TO,Consumer,2025-01-24,2025-01-23,1,58.6,2025-01-27,55.62031936645508,1.1675537444840849,2025-02-25,Validation,true,,adverse_first,,-9.371330938313438,-6.5716733400624,-8.382224435828235,-8.045324805226917,1.0561562000976688,-13.931265903470102,TSX_above_MA50
early_watch|LSPD.TO|2025-01-28,early_watch,LSPD.TO,Technology,2025-01-28,2025-01-27,1,66.9,2025-01-29,20.860000610351562,0.5964281899588448,2025-02-27,Validation,true,,adverse_first,,-0.7190868719556431,-9.443917368466092,-11.50528022845757,-10.150522297934415,4.122716576413543,-18.839885858994453,TSX_above_MA50
early_watch|HBM.TO|2025-01-29,early_watch,HBM.TO,Materials,2025-01-29,2025-01-28,1,64.7,2025-01-30,12.249674797058105,0.48807736874285645,2025-02-28,Validation,true,,adverse_first,,4.5602802397717745,4.478838183642075,-16.368054877044756,-14.760817016769366,13.517921187772908,-19.381091732249832,TSX_above_MA50
early_watch|BBD-B.TO|2025-01-30,early_watch,BBD-B.TO,Industrials,2025-01-30,2025-01-29,2,59.6,2025-01-31,85.05000305175781,4.162142617361886,2025-03-03,Validation,true,,adverse_first,,-2.2339817256945227,0.23515219408103416,-8.289244913333494,-6.2076331696310225,10.382120969809483,-13.345097820406304,TSX_above_MA50
early_watch|BEI-UN.TO|2025-01-31,early_watch,BEI-UN.TO,Real Estate,2025-01-31,2025-01-30,1,65.9,2025-02-03,58.91342544555664,1.3983674079262112,2025-03-04,Validation,true,,success,3,3.7326627039548033,2.265128901881086,4.7906600195120275,7.444198041837035,6.253000002007991,-1.6430026628133088,TSX_above_MA50
early_watch|NWC.TO|2025-02-03,early_watch,NWC.TO,Consumer,2025-02-03,2025-01-31,2,60.7,2025-02-04,45.02450942993164,0.8558857458986735,2025-03-05,Validation,true,,adverse_first,,-2.877096782529387,-2.2847595570751444,-1.396257955139013,0.22007630540986645,1.565450156657655,-5.902270940478904,TSX_above_MA50
early_watch|SAP.TO|2025-02-04,early_watch,SAP.TO,Consumer,2025-02-04,2025-02-03,2,63.3,2025-02-05,23.080778121948242,0.45966688611983664,2025-03-06,Validation,true,,adverse_first,,1.1235788851724715,6.4918653249015135,6.419705850148438,10.275038121539758,8.53098695530603,-3.6620955503854358,TSX_above_MA50
early_watch|PPL.TO|2025-02-04,early_watch,PPL.TO,Energy,2025-02-04,2025-02-03,3,62.2,2025-02-05,48.00680923461914,0.8492371949038241,2025-03-06,Validation,true,,adverse_first,,-0.4586284437360755,-1.3758932773669463,3.095728089440697,6.951060360832018,8.790360860032198,-2.713559410550803,TSX_above_MA50
early_watch|DIR-UN.TO|2025-02-07,early_watch,DIR-UN.TO,Real Estate,2025-02-07,2025-02-06,1,65.6,2025-02-10,10.629278182983398,0.28427082626231254,2025-03-11,Validation,true,,neither,,1.4630070361360437,1.032720876729365,-0.3621427134603561,5.135759185681154,4.048900510338171,-1.4000442775826238,TSX_above_MA50
early_watch|TFII.TO|2025-02-07,early_watch,TFII.TO,Industrials,2025-02-07,2025-02-06,2,63.3,2025-02-10,180.46127319335938,4.429101339195029,2025-03-11,Validation,true,,adverse_first,,-2.5589956970281658,-28.784607046253775,-36.499296930422744,-31.001395031281234,1.1475213119316985,-37.23735975627469,TSX_above_MA50
early_watch|ERO.TO|2025-02-07,early_watch,ERO.TO,Materials,2025-02-07,2025-02-06,3,63.1,2025-02-10,19.8799991607666,0.8325000490461077,2025-03-11,Validation,true,,adverse_first,,2.31388838652018,-8.098585367047095,-11.770615412586483,-6.272713513444973,4.678070143036761,-18.963776205057258,TSX_above_MA50
early_watch|LNR.TO|2025-02-07,early_watch,LNR.TO,Consumer,2025-02-07,2025-02-06,4,61.3,2025-02-10,51.891387939453125,1.7127922644538072,2025-03-11,Validation,true,,adverse_first,,-0.6566705501191761,-0.11257062404396168,-3.8836828538612367,1.6142190452802736,1.78235906162163,-11.500940785637514,TSX_above_MA50
early_watch|PPL.TO|2025-02-07,early_watch,PPL.TO,Energy,2025-02-07,2025-02-06,5,59.1,2025-02-10,48.144412994384766,0.8348212038061956,2025-03-11,Validation,true,,adverse_first,,-1.657775370106207,-1.0289547332654636,5.240092739198388,10.737994638339899,8.479422129044977,-2.9916182582281903,TSX_above_MA50
early_watch|HPS-A.TO|2025-02-12,early_watch,HPS-A.TO,Industrials,2025-02-12,2025-02-11,1,62.3,2025-02-13,91.59623718261719,5.7136633038515265,2025-03-14,Validation,true,,adverse_first,,-6.453341920364175,-7.875449515571853,-14.027151431877948,-9.57125085645526,3.65223092240059,-20.297333539995034,TSX_above_MA50
early_watch|ERO.TO|2025-02-12,early_watch,ERO.TO,Materials,2025-02-12,2025-02-11,2,60.4,2025-02-13,20.079999923706055,0.9217856270926339,2025-03-14,Validation,true,,adverse_first,,-9.462149530624108,-14.940239100590125,-9.81075358983816,-5.354853014415472,3.635455901444029,-19.770912990231583,TSX_above_MA50
early_watch|NXE.TO|2025-02-12,early_watch,NXE.TO,Energy,2025-02-12,2025-02-11,3,58.9,2025-02-13,9.199999809265137,0.5471429824829102,2025-03-14,Validation,true,,adverse_first,,-13.47825866115111,-17.065214427973174,-26.84782436304143,-22.39192378761874,-0.5434803453420622,-29.99999792679492,TSX_above_MA50
early_watch|GOOS.TO|2025-02-13,early_watch,GOOS.TO,Consumer,2025-02-13,2025-02-12,2,60.4,2025-02-14,14.300000190734863,0.8007144927978516,2025-03-17,Validation,true,,success,5,15.804190524919015,-1.1188800369091978,-14.755248826630485,-12.015798401342625,16.78322056079118,-14.825173827148996,TSX_above_MA50
early_watch|CIGI.TO|2025-02-14,early_watch,CIGI.TO,Real Estate,2025-02-14,2025-02-13,1,59.8,2025-02-18,184.96157836914062,5.916233208969301,2025-03-18,Validation,true,,adverse_first,,-2.003655940342075,-1.9767288953097317,-5.773994975268204,-2.0985749043066715,1.610472335520563,-7.950017265594045,TSX_above_MA50
early_watch|PPL.TO|2025-02-18,early_watch,PPL.TO,Energy,2025-02-18,2025-02-14,1,65.7,2025-02-19,47.48389434814453,0.856445776135937,2025-03-19,Validation,true,,success,7,0.32844838265442267,4.4435971605169655,10.618200205051288,12.79175702182831,10.950743329994527,-1.1785003658874582,TSX_above_MA50
early_watch|VNP.TO|2025-02-19,early_watch,VNP.TO,Materials,2025-02-19,2025-02-18,2,59.5,2025-02-20,7.070000171661377,0.3392857824053083,2025-03-20,Validation,true,,adverse_first,,-5.374824684786706,-16.407359209111295,-20.93352168513034,-19.154503818247758,3.6775070117654574,-30.693069640817527,TSX_above_MA50
early_watch|KMP-UN.TO|2025-02-20,early_watch,KMP-UN.TO,Real Estate,2025-02-20,2025-02-19,1,67,2025-02-21,15.173827171325684,0.381922613660358,2025-03-21,Validation,true,,success,8,1.1742570868506608,3.9639779268452857,9.295438834394831,10.005265056210554,9.481425128685261,-0.8029585590988986,TSX_above_MA50
early_watch|EFX.TO|2025-02-20,early_watch,EFX.TO,Energy,2025-02-20,2025-02-19,2,59.1,2025-02-21,12.55848503112793,0.38283793058904286,2025-03-21,Validation,true,,adverse_first,,-9.866882595667882,-18.950663119015754,-14.800737759108351,-14.090911537292627,0.5481733168841041,-22.739040466373016,TSX_above_MA50
early_watch|PSK.TO|2025-02-24,early_watch,PSK.TO,Energy,2025-02-24,2025-02-21,1,79.3,2025-02-25,24.971965789794922,0.5859127368403646,2025-03-25,Validation,true,,adverse_first,,-2.2314756950199466,-2.0801906312483243,-0.8699024831159141,-1.407515560405237,2.3071073803300424,-3.9901795289942976,TSX_not_above_MA50
early_watch|BTE.TO|2025-02-24,early_watch,BTE.TO,Energy,2025-02-24,2025-02-21,2,60.8,2025-02-25,3.05592679977417,0.12561427864099586,2025-03-25,Validation,true,,adverse_first,,-5.974853415092474,-7.861643071035928,3.9469128345449356,3.4092997572556127,4.263823854696569,-13.83647876694154,TSX_not_above_MA50
early_watch|CS.TO|2025-02-25,early_watch,CS.TO,Materials,2025-02-25,2025-02-24,1,71.1,2025-02-26,8.510000228881836,0.3857142584664481,2025-03-26,Validation,true,,adverse_first,,-2.1151621660935316,-8.225620061989947,-2.1151621660935316,-1.4546357267218424,5.405405708284139,-19.036431478558246,TSX_above_MA50
early_watch|OTEX.TO|2025-02-25,early_watch,OTEX.TO,Technology,2025-02-25,2025-02-24,2,62.4,2025-02-26,35.510101318359375,1.2085887032699796,2025-03-26,Validation,true,,adverse_first,,-1.9963346353327416,-3.6221150829970905,1.6319789101878257,2.292505349559515,3.7548323134717343,-4.816226374504695,TSX_above_MA50
early_watch|SLF.TO|2025-02-25,early_watch,SLF.TO,Financials,2025-02-25,2025-02-24,3,60.2,2025-02-26,73.67361450195312,1.654364486194061,2025-03-26,Validation,true,,success,3,2.5424924103313096,0.6515889529053132,4.318406536165931,4.97893297553762,5.813230079995524,-0.9582259628189482,TSX_above_MA50
early_watch|SKE.TO|2025-02-26,early_watch,SKE.TO,Materials,2025-02-26,2025-02-25,1,69.7,2025-02-27,13.979999542236328,0.6528572354997907,2025-03-27,Validation,true,,adverse_first,,-1.5736718208740341,4.363380760554603,6.080117376983507,5.949187220235741,15.736772782379704,-6.294700926905983,TSX_above_MA50
early_watch|ATRL.TO|2025-02-27,early_watch,ATRL.TO,Industrials,2025-02-27,2025-02-26,1,63.5,2025-02-28,72.6609878540039,2.3725410486314016,2025-03-28,Validation,true,,adverse_first,,-11.665286443329837,-10.277524115583436,-6.4726122005023035,-3.9747258073308256,0.1786114525481164,-15.416320842175002,TSX_not_above_MA50
early_watch|LUN.TO|2025-02-28,early_watch,LUN.TO,Materials,2025-02-28,2025-02-27,1,77.8,2025-03-03,11.111520767211914,0.43944643258621924,2025-03-31,Validation,true,,success,2,9.405512221238643,15.17302743030504,4.1885462482471825,4.524923162880534,18.93221193824257,-3.105592884288255,TSX_above_MA50
early_watch|TECK-B.TO|2025-02-28,early_watch,TECK-B.TO,Materials,2025-02-28,2025-02-27,2,74.7,2025-03-03,56.61213302612305,1.6613315526610013,2025-03-31,Validation,true,,adverse_first,,-5.909020371306117,6.729893964036737,-8.432393692651562,-8.09601677801821,7.847855925449743,-11.698920437618664,TSX_above_MA50
early_watch|AG.TO|2025-02-28,early_watch,AG.TO,Materials,2025-02-28,2025-02-27,3,72.5,2025-03-03,7.741420745849609,0.4308421788369352,2025-03-31,Validation,true,,success,6,2.9600979024493768,30.244517132682258,23.809530262392165,24.145907177025517,37.83782719462299,-4.761908349840127,TSX_above_MA50
early_watch|EDR.TO|2025-02-28,early_watch,EDR.TO,Materials,2025-02-28,2025-02-27,4,69.5,2025-03-03,5.230000019073486,0.3314285618918283,2025-03-31,Validation,true,,success,4,0,31.54875887858477,17.399614609816382,17.735991524449734,40.344170665762235,-4.397705893588732,TSX_above_MA50
early_watch|K.TO|2025-02-28,early_watch,K.TO,Materials,2025-02-28,2025-02-27,5,66.9,2025-03-03,15.420215606689453,0.6156789216875648,2025-03-31,Validation,true,,success,9,-1.981641964249714,10.359009449283674,16.529344432908168,16.86572134754152,18.586140722649922,-3.010030313712364,TSX_above_MA50
early_watch|MG.TO|2025-02-28,early_watch,MG.TO,Consumer,2025-02-28,2025-02-27,6,64,2025-03-03,48.4485969543457,1.3560836335803212,2025-03-31,Validation,true,,adverse_first,,7.644315672702562,2.3790936253027306,-4.621680910583981,-4.285303995950629,8.931366957789933,-6.883771197546029,TSX_above_MA50
early_watch|CG.TO|2025-03-03,early_watch,CG.TO,Materials,2025-03-03,2025-02-28,3,63.1,2025-03-04,7.974305152893066,0.36547750453745304,2025-04-01,Validation,true,,success,11,-1.2106560116914467,7.219710428485238,9.7841757592537,7.906832517962803,14.180417119457168,-4.358354137130815,TSX_not_above_MA50
early_watch|NA.TO|2025-03-03,early_watch,NA.TO,Financials,2025-03-03,2025-02-28,4,59.1,2025-03-04,112.27488708496094,2.1679478363907085,2025-04-01,Validation,true,,adverse_first,,-1.1823789655053818,0.2807198703677738,2.786194488836502,0.9088512475456056,3.087792018542501,-2.713494904672953,TSX_not_above_MA50
early_watch|LUN.TO|2025-03-04,early_watch,LUN.TO,Materials,2025-03-04,2025-03-03,1,78.8,2025-03-05,11.919990539550781,0.48803911876004263,2025-04-02,Validation,true,,success,9,1.902397756751406,9.760128317301131,-1.6285842021483976,-3.3832459894318934,10.865670443060104,-4.460612399328001,TSX_not_above_MA50
early_watch|ATD.TO|2025-03-04,early_watch,ATD.TO,Consumer,2025-03-04,2025-03-03,3,72.2,2025-03-05,69.97423553466797,1.3240104726923494,2025-04-02,Validation,true,,success,1,-2.369930077020932,-0.7993315934089584,2.6020799063376066,0.8474181190541108,4.164902781280411,-7.516482163414439,TSX_not_above_MA50
early_watch|BIR.TO|2025-03-04,early_watch,BIR.TO,Energy,2025-03-04,2025-03-03,5,69.2,2025-03-05,5.220715522766113,0.20202061342447206,2025-04-02,Validation,true,,adverse_first,,-1.6697425450517334,16.93877062654574,28.315596265250996,26.5609344779675,29.62112714175522,-9.276439250149181,TSX_not_above_MA50
early_watch|WFG.TO|2025-03-05,early_watch,WFG.TO,Materials,2025-03-05,2025-03-04,1,69.8,2025-03-06,108.31809997558594,3.1486937103462145,2025-04-03,Validation,true,,adverse_first,,-1.086094916911251,-0.624590155851712,-5.63616616199929,-4.626569600211139,2.6837804651630437,-5.735316788374556,TSX_not_above_MA50
early_watch|ATZ.TO|2025-03-05,early_watch,ATZ.TO,Consumer,2025-03-05,2025-03-04,2,66.8,2025-03-06,62.75,2.4228572845458984,2025-04-03,Validation,true,,adverse_first,,-16.76494096854768,-17.561753717551664,-33.864541832669325,-32.854945270881174,0.3984063745019917,-36.549802985324334,TSX_not_above_MA50
early_watch|BAM.TO|2025-03-05,early_watch,BAM.TO,Financials,2025-03-05,2025-03-04,4,65.8,2025-03-06,68.19783020019531,2.6201871458618484,2025-04-03,Validation,true,,adverse_first,,-8.545221710323037,-1.931361008705168,-7.933860665818981,-6.924264104030831,3.3069140273152886,-8.864803997040937,TSX_not_above_MA50
early_watch|CTC-A.TO|2025-03-05,early_watch,CTC-A.TO,Consumer,2025-03-05,2025-03-04,5,64,2025-03-06,135.7613525390625,3.777833968288001,2025-04-03,Validation,true,,success,13,0.15245149740548136,2.9242611429861176,2.7579514403092364,3.7675480020973873,5.8623806643849585,-0.5890062969903465,TSX_not_above_MA50
early_watch|ATRL.TO|2025-03-05,early_watch,ATRL.TO,Industrials,2025-03-05,2025-03-04,6,63.1,2025-03-06,64.18487548828125,2.615715098569391,2025-04-03,Validation,true,,adverse_first,,0.7155015428796929,9.706020796782067,6.68748008995772,7.697076651745871,11.945854810425427,-4.246387685899644,TSX_not_above_MA50
early_watch|PSK.TO|2025-03-06,early_watch,PSK.TO,Energy,2025-03-06,2025-03-05,1,68,2025-03-07,24.49028205871582,0.6327988750491763,2025-04-04,Validation,true,,success,18,-0.34709606984009156,1.4269046455826384,-7.059312719096267,-0.7371132108090492,5.6781505336558125,-8.305791797296258,TSX_not_above_MA50
early_watch|CM.TO|2025-03-06,early_watch,CM.TO,Financials,2025-03-06,2025-03-05,5,58.6,2025-03-07,77.23009490966797,1.7743023794069117,2025-04-04,Validation,true,,adverse_first,,-0.9690593510448764,-0.147184008065826,0.12923425689759238,6.45143376518481,4.5609301777389755,-3.226186170619283,TSX_not_above_MA50
early_watch|BIR.TO|2025-03-07,early_watch,BIR.TO,Energy,2025-03-07,2025-03-06,5,59.7,2025-03-10,4.775162696838379,0.20409627706833142,2025-04-07,Validation,true,,success,3,19.08187359562512,31.520228890014845,20.101411569642515,26.34077002733646,41.715596621545984,0.0000018968361770177466,TSX_not_above_MA50
early_watch|HWX.TO|2025-03-07,early_watch,HWX.TO,Energy,2025-03-07,2025-03-06,6,58.6,2025-03-10,5.4124531745910645,0.189667180931738,2025-04-07,Validation,true,,success,4,8.205114786819578,10.769230227076875,-9.03979186549737,-2.8004334078034265,13.221979304014496,-14.953077626944822,TSX_not_above_MA50
early_watch|GEI.TO|2025-03-10,early_watch,GEI.TO,Energy,2025-03-10,2025-03-07,1,65.9,2025-03-11,19.460460662841797,0.5557543544946582,2025-04-08,Validation,true,,success,9,0.9298055471755662,4.9279390164704395,-2.380600939773314,4.800546049395827,7.570897688232692,-4.655216509422077,TSX_not_above_MA50
early_watch|ATS.TO|2025-03-10,early_watch,ATS.TO,Industrials,2025-03-10,2025-03-07,2,62.7,2025-03-11,36.7599983215332,1.40142822265625,2025-04-08,Validation,true,,success,4,7.861815387115523,5.848753057802725,-18.11751426594107,-10.936367276771932,11.507082562775173,-18.797601348136496,TSX_not_above_MA50
early_watch|PXT.TO|2025-03-10,early_watch,PXT.TO,Energy,2025-03-10,2025-03-07,3,59,2025-03-11,11.29224681854248,0.4946983082981152,2025-04-08,Validation,true,,success,8,6.809171930326552,9.263655710489992,-16.23119559954628,-9.05004861037714,12.034829826236248,-17.893903384808564,TSX_not_above_MA50
early_watch|BBD-B.TO|2025-03-11,early_watch,BBD-B.TO,Industrials,2025-03-11,2025-03-10,1,66.6,2025-03-12,82.5199966430664,5.361428397042411,2025-04-09,Validation,true,,adverse_first,,3.732430872939796,4.326223751881586,3.623370837128226,6.474340030385495,10.276301141422927,-13.002903737321747,TSX_not_above_MA50
early_watch|RUS.TO|2025-03-11,early_watch,RUS.TO,Industrials,2025-03-11,2025-03-10,2,66,2025-03-12,37.69437026977539,0.9138402147748127,2025-04-09,Validation,true,,adverse_first,,-0.8302000748278138,0.3018817362359094,-4.176118391884187,-1.3251491986269182,2.566036464841792,-12.905675694427753,TSX_not_above_MA50
early_watch|SU.TO|2025-03-11,early_watch,SU.TO,Energy,2025-03-11,2025-03-10,4,58.7,2025-03-12,48.79336929321289,1.3616876826126065,2025-04-09,Validation,true,,success,5,4.455249357570068,8.01557264706152,-5.992218367308166,-3.1412491740508974,9.474699431779253,-15.19455211932833,TSX_not_above_MA50
early_watch|CM.TO|2025-03-11,early_watch,CM.TO,Financials,2025-03-11,2025-03-10,5,58.6,2025-03-12,76.19747161865234,1.954979425887225,2025-04-09,Validation,true,,success,16,1.1438463937649246,3.1828847577762165,1.5239270056986998,4.374896198955969,5.977933255900969,-4.16312925825415,TSX_not_above_MA50
early_watch|ATD.TO|2025-03-12,early_watch,ATD.TO,Consumer,2025-03-12,2025-03-11,2,74,2025-03-13,66.87342834472656,1.710208381388328,2025-04-10,Validation,true,,adverse_first,,3.6683789617025564,3.577873676846499,1.2087640786315523,6.118440759739207,9.243069860613872,-3.2281786599591245,TSX_not_above_MA50
early_watch|LB.TO|2025-03-12,early_watch,LB.TO,Financials,2025-03-12,2025-03-11,3,72.3,2025-03-13,24.257875442504883,0.4428832286785439,2025-04-10,Validation,true,,success,3,2.8104719623107677,4.671471310248609,-0.7968713597685473,4.112805321339108,5.393087992437673,-5.820794549554331,TSX_not_above_MA50
early_watch|MTL.TO|2025-03-12,early_watch,MTL.TO,Industrials,2025-03-12,2025-03-11,5,61.4,2025-03-13,11.830024719238281,0.23935592929952484,2025-04-10,Validation,true,,adverse_first,,0.9382184788321757,0.8600463695960014,-4.791054666464589,0.11862201464306565,2.7365057839957796,-7.1496580999226955,TSX_not_above_MA50
early_watch|TSU.TO|2025-03-13,early_watch,TSU.TO,Financials,2025-03-13,2025-03-12,2,62.5,2025-03-14,32.869998931884766,0.994999885559082,2025-04-11,Validation,true,,adverse_first,,-1.0039489719523953,1.947062398677546,-0.5780305229176053,3.354620735209912,8.396721101056048,-6.388799946336599,TSX_not_above_MA50
early_watch|ATS.TO|2025-03-13,early_watch,ATS.TO,Industrials,2025-03-13,2025-03-12,4,61,2025-03-14,39.11000061035156,1.4542857578822546,2025-04-11,Validation,true,,adverse_first,,1.4318525948719296,-5.062642575649223,-14.472001429511694,-10.539350171384177,4.806957399069023,-23.77908718811851,TSX_not_above_MA50
early_watch|ATRL.TO|2025-03-13,early_watch,ATRL.TO,Industrials,2025-03-13,2025-03-12,5,59.9,2025-03-14,65.1932373046875,2.8645934806969575,2025-04-11,Validation,true,,success,3,6.217442979573562,4.2407567084782105,3.9343906992246325,7.86704195735215,10.214357339787107,-8.902304340853695,TSX_not_above_MA50
early_watch|OTEX.TO|2025-03-13,early_watch,OTEX.TO,Technology,2025-03-13,2025-03-12,6,59.8,2025-03-14,35.27925109863281,0.8432083858075181,2025-04-11,Validation,true,,adverse_first,,1.1217805239567724,-3.392103409036351,-6.623938555254383,-2.6912872971268653,4.433753353215297,-13.434832974640997,TSX_not_above_MA50
early_watch|DCBO.TO|2025-03-14,early_watch,DCBO.TO,Technology,2025-03-14,2025-03-13,2,63,2025-03-17,42.2400016784668,2.9150000980922153,2025-04-14,Validation,true,,adverse_first,,5.066286232510664,-2.0123159447024253,-2.746211650847208,0.960045833901968,6.723484942557834,-11.81345047391561,TSX_not_above_MA50
early_watch|PSK.TO|2025-03-14,early_watch,PSK.TO,Energy,2025-03-14,2025-03-13,4,60.4,2025-03-17,24.53750228881836,0.5768052212787599,2025-04-14,Validation,true,,success,12,1.38569691150634,0.887232817695649,-10.776031002000973,-7.0697735172517975,5.474782377994591,-14.586032328761311,TSX_not_above_MA50
early_watch|MTL.TO|2025-03-14,early_watch,MTL.TO,Industrials,2025-03-14,2025-03-13,5,60.1,2025-03-17,11.922520637512207,0.22833761967178973,2025-04-14,Validation,true,,adverse_first,,0.2327209271018038,-2.4872838978539535,-3.7354612412150767,-0.0292037564659009,1.939467327811717,-7.869998864867489,TSX_not_above_MA50
early_watch|FSV.TO|2025-03-17,early_watch,FSV.TO,Real Estate,2025-03-17,2025-03-14,1,66.7,2025-03-18,237.77293395996094,4.930790339307606,2025-04-15,Validation,true,,adverse_first,,1.7722809936437711,0.5909763829562875,-0.5966685976558472,1.986496000724658,3.9106509881219775,-8.160043546588946,TSX_not_above_MA50
early_watch|GEI.TO|2025-03-18,early_watch,GEI.TO,Energy,2025-03-18,2025-03-17,1,70.7,2025-03-19,19.749969482421875,0.4187546098653644,2025-04-16,Validation,true,,success,3,4.260202544320091,5.947354005998462,-0.5430302379447638,3.2959373696850536,5.994048486586689,-8.340843740465875,TSX_not_above_MA50
early_watch|GIL.TO|2025-03-18,early_watch,GIL.TO,Consumer,2025-03-18,2025-03-17,2,68.6,2025-03-19,65.28984069824219,1.6562045923445723,2025-04-16,Validation,true,,adverse_first,,-5.850733903036687,-2.626859881252719,-15.805972887479891,-11.967005279850074,0.49254050580151976,-21.23879865006937,TSX_not_above_MA50
early_watch|CSU.TO|2025-03-21,early_watch,CSU.TO,Technology,2025-03-21,2025-03-20,1,69.1,2025-03-24,4715.78369140625,134.84389049598673,2025-04-22,Validation,true,,adverse_first,,-3.610723835606511,-8.102382240491613,-1.7757541086724116,2.1686644827135115,0.5770088080402136,-11.105710599950813,TSX_not_above_MA50
early_watch|ONEX.TO|2025-03-24,early_watch,ONEX.TO,Financials,2025-03-24,2025-03-21,1,66.8,2025-03-25,98.0802993774414,2.6607720821968885,2025-04-23,Validation,true,,adverse_first,,0.17222869973749777,-9.695065512791679,-6.5575021463440635,-3.1367527975013525,1.499344681450765,-12.135258952819694,TSX_above_MA50
early_watch|DOO.TO|2025-03-24,early_watch,DOO.TO,Consumer,2025-03-24,2025-03-21,2,64,2025-03-25,49.898128509521484,2.078972283315666,2025-04-23,Validation,true,,success,1,0.7877224829794249,-6.508935632787594,-8.09118462260029,-4.670435273757579,13.036642404343102,-13.213707331530443,TSX_above_MA50
early_watch|RUS.TO|2025-03-24,early_watch,RUS.TO,Industrials,2025-03-24,2025-03-21,3,62.7,2025-03-25,37.94091796875,0.9692829353964123,2025-04-23,Validation,true,,adverse_first,,-0.9747451835836474,-10.997232651892464,-2.8242856614287715,0.5964636874139395,1.8995417768592704,-13.471632091923812,TSX_above_MA50
early_watch|ONEX.TO|2025-03-27,early_watch,ONEX.TO,Financials,2025-03-27,2025-03-26,1,62.9,2025-03-28,94.5529556274414,2.4244335120880427,2025-04-28,Validation,true,,success,3,-3.152588365678244,-5.869826667672595,1.9778758509171768,1.818741501389587,5.285826835450225,-8.857422283183203,TSX_not_above_MA50
early_watch|EFR.TO|2025-03-31,early_watch,EFR.TO,Energy,2025-03-31,2025-03-28,1,59.2,2025-04-01,5.260000228881836,0.25571434838431223,2025-04-30,Validation,true,,adverse_first,,-7.034227115896807,9.315584596891302,19.201515363039867,19.9669020939959,34.41064380265833,-12.73764348174512,TSX_not_above_MA50
early_watch|BMO.TO|2025-04-01,early_watch,BMO.TO,Financials,2025-04-01,2025-03-31,1,65.6,2025-04-02,132.1846160888672,2.024681923869294,2025-05-01,Validation,true,,adverse_first,,-7.341145542039218,-7.8992470261811,-3.4852094304750225,-1.4636518296008871,-1.5955885576577344,-13.201193760020713,TSX_not_above_MA50
early_watch|MTL.TO|2025-04-01,early_watch,MTL.TO,Industrials,2025-04-01,2025-03-31,2,65.1,2025-04-02,11.904996871948242,0.1871538133766333,2025-05-01,Validation,true,,adverse_first,,-1.015645389750497,-3.1250165220814363,2.9712510175599505,4.992808618434086,5.468740097989344,-7.734386520012193,TSX_not_above_MA50
early_watch|DSG.TO|2025-04-04,early_watch,DSG.TO,Technology,2025-04-04,2025-04-03,1,70.4,2025-04-07,136.1199951171875,3.8650000435965404,2025-05-06,Validation,true,,adverse_first,,3.5483411727252,1.9761993372761966,8.896562624709103,-0.3564797373285522,9.917720014886623,-3.28386819060259,TSX_not_above_MA50
early_watch|TIH.TO|2025-04-04,early_watch,TIH.TO,Industrials,2025-04-04,2025-04-03,2,70.2,2025-04-07,107.5940933227539,2.3625492746969416,2025-05-06,Validation,true,,success,2,3.190800714167552,3.1816959926390664,0.5834609046164729,-8.669581457421183,6.837451514521997,-1.139577541619996,TSX_not_above_MA50
early_watch|WFG.TO|2025-04-04,early_watch,WFG.TO,Materials,2025-04-04,2025-04-03,3,65.1,2025-04-07,98.01483917236328,2.8753220628842096,2025-05-06,Validation,true,,success,2,2.978383826700104,2.540102550003698,1.6635166448574212,-7.589525717180234,8.407214461790025,-2.3309070134604593,TSX_not_above_MA50
early_watch|AIF.TO|2025-04-04,early_watch,AIF.TO,Real Estate,2025-04-04,2025-04-03,4,62.2,2025-04-07,47.695091247558594,1.1359778657530863,2025-05-06,Validation,true,,adverse_first,,1.0950347685056316,1.838841326013263,6.322307750263101,-2.9307346117745547,8.491726065705274,-4.214888802359407,TSX_not_above_MA50
early_watch|MTL.TO|2025-04-04,early_watch,MTL.TO,Industrials,2025-04-04,2025-04-03,5,61.5,2025-04-07,11.421354293823242,0.23058210403055185,2025-05-06,Validation,true,,adverse_first,,0.48860410826243594,0.6514610111189256,9.050899295082782,-0.20214306695487316,9.93486312161127,-3.1758955760420426,TSX_not_above_MA50
early_watch|BAM.TO|2025-04-04,early_watch,BAM.TO,Financials,2025-04-04,2025-04-03,6,61.3,2025-04-07,58.69352722167969,2.819409404615467,2025-05-06,Validation,true,,success,2,8.266060736677838,10.445623975215113,22.39263660137074,13.139594239333084,22.852765761967532,-4.488204401061269,TSX_not_above_MA50
early_watch|FSV.TO|2025-04-07,early_watch,FSV.TO,Real Estate,2025-04-07,2025-04-04,1,73.4,2025-04-08,224.29574584960938,5.895280402435361,2025-05-07,Validation,true,,success,1,5.376148189530405,5.9195156062344045,6.727927025277003,-5.065339848692995,8.079699196304091,-1.4092006690661685,TSX_not_above_MA50
early_watch|GIB-A.TO|2025-04-07,early_watch,GIB-A.TO,Technology,2025-04-07,2025-04-04,3,67.7,2025-04-08,136.16490173339844,3.867627841707131,2025-05-07,Validation,true,,success,6,4.9934203323440896,5.5830410312848855,6.645772500496716,-5.147494373473282,8.785831285237133,-2.263802076512378,TSX_not_above_MA50
early_watch|FM.TO|2025-04-07,early_watch,FM.TO,Materials,2025-04-07,2025-04-04,4,64.9,2025-04-08,15.050000190734863,1.3028575352260046,2025-05-07,Validation,true,,success,1,10.431897864460261,21.12956352956825,25.049830274489015,13.256563400519017,30.498333161080527,-4.252493921672862,TSX_not_above_MA50
early_watch|EIF.TO|2025-04-07,early_watch,EIF.TO,Industrials,2025-04-07,2025-04-04,5,64,2025-04-08,44.40828323364258,1.0511096294494158,2025-05-07,Validation,true,,success,1,6.385720231261538,7.482266899113643,16.26517165298056,4.471904779010561,16.61068446262206,-1.3330419977126917,TSX_not_above_MA50
early_watch|CP.TO|2025-04-07,early_watch,CP.TO,Industrials,2025-04-07,2025-04-04,6,62.8,2025-04-08,94.46463775634766,3.1073889199564277,2025-05-07,Validation,true,,success,1,7.554861949548153,5.830724436261381,6.771171156327949,-5.022095717642049,8.526649126655439,-1.1494212333347797,TSX_not_above_MA50
early_watch|BBD-B.TO|2025-04-08,early_watch,BBD-B.TO,Industrials,2025-04-08,2025-04-07,1,70,2025-04-09,85.51000213623047,4.564285823277065,2025-05-08,Validation,true,,adverse_first,,-1.0174280491725196,4.876620354074923,2.6897384690729442,-3.746387502920978,8.98140581605924,-9.858496192931332,TSX_not_above_MA50
early_watch|BAM.TO|2025-04-08,early_watch,BAM.TO,Financials,2025-04-08,2025-04-07,5,60.8,2025-04-09,63.204044342041016,3.281696086864552,2025-05-08,Validation,true,,adverse_first,,-0.19489320768412144,8.87556257903146,18.725639480700828,12.289513508706905,20.014995703329184,-5.787110277989416,TSX_not_above_MA50
early_watch|T.TO|2025-04-09,early_watch,T.TO,Communication,2025-04-09,2025-04-08,1,66.6,2025-04-10,17.8382511138916,0.5068837206058875,2025-05-09,Validation,true,,success,20,2.976193976699615,2.976193976699615,10.51586756356484,0.3363804123655001,10.615066714418386,-0.5952476707797194,TSX_not_above_MA50
early_watch|WFG.TO|2025-04-10,early_watch,WFG.TO,Materials,2025-04-10,2025-04-09,2,65.8,2025-04-11,102.23262786865234,4.057390831465745,2025-05-12,Validation,true,,adverse_first,,-4.154334736211307,-1.2224255000154893,1.2319703936652937,-7.011267098172458,3.93468222540283,-5.796969913721728,TSX_not_above_MA50
early_watch|EQB.TO|2025-04-10,early_watch,EQB.TO,Financials,2025-04-10,2025-04-09,3,61.4,2025-04-11,87.55838775634766,2.9142353786147512,2025-05-12,Validation,true,,success,14,-0.46409809720825423,3.5800869833214177,6.209932633366777,-2.0333048584709745,7.823190458813722,-1.64641806274054,TSX_not_above_MA50
early_watch|CM.TO|2025-04-11,early_watch,CM.TO,Financials,2025-04-11,2025-04-10,1,66.5,2025-04-14,77.36824798583984,2.255858800018907,2025-05-13,Validation,true,,success,9,2.4039694655585198,7.149931105115748,11.908298064129186,4.574166999142704,12.007432921812411,-0.545223155561303,TSX_not_above_MA50
early_watch|TD.TO|2025-04-11,early_watch,TD.TO,Financials,2025-04-11,2025-04-10,3,63.7,2025-04-14,79.71946716308594,1.918181773972888,2025-05-13,Validation,true,,success,10,2.896968989347304,5.253014884692209,7.140259489194656,-0.19387157579182634,7.332594667090819,-0.3005212832873694,TSX_not_above_MA50
early_watch|FSV.TO|2025-04-11,early_watch,FSV.TO,Real Estate,2025-04-11,2025-04-10,4,63.2,2025-04-14,231.79638671875,7.910113501705794,2025-05-13,Validation,true,,neither,,1.6799148548930942,1.748303996680134,4.4327539028351515,-2.9013771621513307,6.061375495824173,-0.000004170170275763496,TSX_not_above_MA50
early_watch|CCL-B.TO|2025-04-11,early_watch,CCL-B.TO,Materials,2025-04-11,2025-04-10,5,60.4,2025-04-14,66.53864288330078,2.274936361501659,2025-05-13,Validation,true,,success,17,0.6307736884403115,4.943521951238528,12.014076256287298,4.679945191300816,17.617722561064177,-2.053695323709448,TSX_not_above_MA50
early_watch|IMO.TO|2025-04-11,early_watch,IMO.TO,Energy,2025-04-11,2025-04-10,6,60.3,2025-04-14,83.43584442138672,4.530036667094646,2025-05-13,Validation,true,,success,8,9.050874886602656,11.34547653766611,18.808665207341235,11.474534142354752,19.585123431965236,-1.831024130136616,TSX_not_above_MA50
early_watch|WFG.TO|2025-04-14,early_watch,WFG.TO,Materials,2025-04-14,2025-04-11,2,61,2025-04-15,99.92845916748047,4.089471193204696,2025-05-14,Validation,true,,neither,,-0.9868052118279458,-0.27356454580276246,0.801178944012304,-5.948888918192319,6.331227151094554,-3.6248192042170224,TSX_not_above_MA50
early_watch|AIF.TO|2025-04-14,early_watch,AIF.TO,Real Estate,2025-04-14,2025-04-11,3,60.8,2025-04-15,48.48344039916992,1.7984437975551013,2025-05-14,Validation,true,,success,17,0.325201895914784,4.349587159922597,12.479666029958514,5.729598167753891,15.83333165391474,-0.9552865032133151,TSX_not_above_MA50
early_watch|EFX.TO|2025-04-14,early_watch,EFX.TO,Energy,2025-04-14,2025-04-11,4,60.8,2025-04-15,9.327722549438477,0.6881223650920398,2025-05-14,Validation,true,,neither,,-5.60846292531939,-4.550259865577811,6.137569567232859,-0.6124982949717639,8.78306904042907,-6.560845511313307,TSX_not_above_MA50
early_watch|HR-UN.TO|2025-04-14,early_watch,HR-UN.TO,Real Estate,2025-04-14,2025-04-11,5,59.2,2025-04-15,8.846211433410645,0.3114507124209101,2025-05-14,Validation,true,,success,19,1.2591412716252082,3.4665222066802004,6.841549495063837,0.09148163285921385,8.212687707826971,-1.3641408113657327,TSX_not_above_MA50
early_watch|WFG.TO|2025-04-25,early_watch,WFG.TO,Materials,2025-04-25,2025-04-24,1,68.4,2025-04-28,100.98291015625,3.8307422366405723,2025-05-27,Validation,true,,adverse_first,,-0.8604769163447212,2.484770360180444,-0.5414235928108968,-6.470792241793488,4.805181730404806,-4.109055397695538,TSX_above_MA50
early_watch|BYD.TO|2025-04-28,early_watch,BYD.TO,Industrials,2025-04-28,2025-04-25,1,66,2025-04-29,199.2942352294922,7.8446343111675345,2025-05-28,Validation,true,,success,12,0.7545547807521258,3.707770960252721,3.812717408622812,-1.851718057416707,8.52988696182997,-1.9588260754627274,TSX_above_MA50
early_watch|GWO.TO|2025-05-06,early_watch,GWO.TO,Financials,2025-05-06,2025-05-05,1,61.6,2025-05-07,48.21347427368164,0.7919312275820042,2025-06-05,Validation,true,,adverse_first,,-2.033622776334565,0.7626075521132369,0.8089961818589453,-3.8851424091977504,3.637084626242859,-3.12867122993149,TSX_above_MA50
early_watch|EFX.TO|2025-05-06,early_watch,EFX.TO,Energy,2025-05-06,2025-05-05,2,60.7,2025-05-07,9.3770751953125,0.31021891460617684,2025-06-05,Validation,true,,adverse_first,,5.578955097829907,0.7042915305205844,6.621855757840067,1.9277171667833715,9.263646413317073,-5.684204032527019,TSX_above_MA50
early_watch|GWO.TO|2025-05-08,early_watch,GWO.TO,Financials,2025-05-08,2025-05-07,1,72.8,2025-05-09,49.22223663330078,0.9461417023352087,2025-06-09,Validation,true,,adverse_first,,-1.7620977060621823,-0.478838227140721,-0.1135444739235214,-4.128504797087206,1.5131423354756812,-4.788331738936192,TSX_above_MA50
early_watch|AP-UN.TO|2025-05-08,early_watch,AP-UN.TO,Real Estate,2025-05-08,2025-05-07,2,71.8,2025-05-09,13.235428810119629,0.35915720634407605,2025-06-09,Validation,true,,success,13,3.7012100787463753,2.759102611095132,12.697868399802203,8.682908076638519,13.784766626552702,-1.009415784336798,TSX_above_MA50
early_watch|AP-UN.TO|2025-05-22,early_watch,AP-UN.TO,Real Estate,2025-05-22,2025-05-21,1,59.9,2025-05-23,13.369030952453613,0.3174620169916335,2025-06-20,Validation,true,,success,4,6.124188524476137,9.554083923002876,13.85824889993148,11.471851645777686,15.33776969233438,0.3997390492095354,TSX_above_MA50
early_watch|DSG.TO|2025-06-12,early_watch,DSG.TO,Technology,2025-06-12,2025-06-11,1,58.7,2025-06-13,134.8000030517578,4.674289158412388,2025-07-14,Validation,true,,neither,,1.0979196543273062,3.152818919720768,4.250738574048074,1.63041896762659,6.446589202278896,-1.9732964405705822,TSX_above_MA50
early_watch|GMIN.TO|2025-06-17,early_watch,GMIN.TO,Materials,2025-06-17,2025-06-16,1,59.1,2025-06-18,18.239999771118164,1.1285713740757533,2025-07-17,Validation,true,,adverse_first,,-2.6315764707210976,-4.714915686091825,-10.252187255209211,-13.365903752022234,2.521935293824229,-12.938594771334099,TSX_above_MA50
early_watch|BAM.TO|2025-06-18,early_watch,BAM.TO,Financials,2025-06-18,2025-06-17,1,59.5,2025-06-19,71.55435180664062,1.5970233096330904,2025-07-18,Validation,true,,adverse_first,,0.8275497048014335,3.0298955982723585,11.318731279532113,8.259869949612275,13.494389407727581,-2.936454684913148,TSX_above_MA50
early_watch|EQX.TO|2025-06-19,early_watch,EQX.TO,Materials,2025-06-19,2025-06-18,1,59.8,2025-06-20,8.375595092773438,0.35212523489648667,2025-07-21,Validation,true,,adverse_first,,-7.49108335170331,-4.042813575440474,5.112959393554051,2.0206023396906136,6.242570144482906,-8.323431415265647,TSX_above_MA50
early_watch|PPL.TO|2025-06-25,early_watch,PPL.TO,Energy,2025-06-25,2025-06-24,1,61.4,2025-06-26,48.66352081298828,0.8120085938995558,2025-07-25,Validation,true,,adverse_first,,-1.8382359281484018,-2.4187240580550884,-2.4767713032606054,-5.251892380656686,0.27090333932642263,-4.431112465394915,TSX_above_MA50
early_watch|IMG.TO|2025-06-27,early_watch,IMG.TO,Materials,2025-06-27,2025-06-26,1,67.7,2025-06-30,10.029999732971191,0.39071437290736605,2025-07-29,Validation,true,,adverse_first,,-5.88235461909743,-4.087735377143975,-4.187438559078894,-6.729785987435067,2.3928288253441954,-7.477567497181048,TSX_above_MA50
early_watch|VZLA.TO|2025-06-30,early_watch,VZLA.TO,Materials,2025-06-30,2025-06-27,1,59.7,2025-07-02,4.059999942779541,0.1685713870184762,2025-07-30,Validation,true,,adverse_first,,-0.49261037459082946,8.620687427718355,1.4778311237724884,-0.38412042684585757,16.00985479133852,-4.926109618287155,TSX_above_MA50
early_watch|IMG.TO|2025-07-03,early_watch,IMG.TO,Materials,2025-07-03,2025-07-02,1,64.4,2025-07-04,10.149999618530273,0.3971428189958845,2025-08-01,Validation,true,,adverse_first,,-4.9261085595232785,-6.6995012518032855,-6.798025677987296,-6.6852752720504505,1.1822743225952337,-8.768467222635323,TSX_above_MA50
early_watch|GMIN.TO|2025-07-07,early_watch,GMIN.TO,Materials,2025-07-07,2025-07-04,1,59,2025-07-08,17.260000228881836,0.7560716356549945,2025-08-06,Validation,true,,adverse_first,,-4.403245763636187,1.9119346426997863,4.113551999174292,0.3322706984538293,6.025486641874078,-7.995365562809842,TSX_above_MA50
early_watch|AYA.TO|2025-07-10,early_watch,AYA.TO,Materials,2025-07-10,2025-07-09,1,64,2025-07-11,13.460000038146973,0.5014286722455706,2025-08-11,Validation,true,,adverse_first,,-2.45170819294801,-1.0401214184693863,-9.955424582393746,-12.737832414754847,6.612186781578044,-12.778605216598493,TSX_above_MA50
early_watch|NWC.TO|2025-07-10,early_watch,NWC.TO,Consumer,2025-07-10,2025-07-09,2,62,2025-07-11,46.089115142822266,0.791167895439494,2025-08-11,Validation,true,,adverse_first,,0.04199641035806945,-2.5404186480946667,1.4276793093187967,-1.3547285230423034,2.1624972877285487,-3.1072852580562027,TSX_above_MA50
early_watch|ERO.TO|2025-07-16,early_watch,ERO.TO,Materials,2025-07-16,2025-07-15,1,62.7,2025-07-17,19.81999969482422,1.0660716465541296,2025-08-15,Validation,true,,adverse_first,,0.0504552423603144,-5.398585828957591,-3.481334736033337,-5.374939349838148,3.102925230007769,-10.8980821426358,TSX_above_MA50
early_watch|FVI.TO|2025-07-16,early_watch,FVI.TO,Materials,2025-07-16,2025-07-15,2,58.5,2025-07-17,8.829999923706055,0.3842857224600656,2025-08-15,Validation,true,,success,5,6.4552627378164695,1.2457492370065326,14.156285513028187,12.262680899223376,16.8742897394363,-3.8505113876058594,TSX_above_MA50
early_watch|BTO.TO|2025-07-21,early_watch,BTO.TO,Materials,2025-07-21,2025-07-18,1,62.5,2025-07-22,4.716935157775879,0.14469559862388545,2025-08-20,Validation,true,,adverse_first,,-1.6597537638506576,7.676344730609075,9.958512474057656,8.078696423707687,13.070536184529624,-4.771794725106993,TSX_above_MA50
early_watch|PEY.TO|2025-07-22,early_watch,PEY.TO,Energy,2025-07-22,2025-07-21,1,61.7,2025-07-23,17.69809341430664,0.3187045188557998,2025-08-21,Validation,true,,success,3,4.483150908653166,0.6644646810429533,0.39928232856962786,-1.9314393960025988,5.3270269165500705,-1.3509200290033885,TSX_above_MA50
early_watch|AAV.TO|2025-07-24,early_watch,AAV.TO,Energy,2025-07-24,2025-07-23,1,59.2,2025-07-25,11.020000457763672,0.3135713168552944,2025-08-25,Validation,true,,success,8,0.09073752079995501,-1.1796743107150398,-1.3611666603780659,-3.8180305686753124,7.078037210258703,-8.71143374109976,TSX_above_MA50
early_watch|PEY.TO|2025-07-25,early_watch,PEY.TO,Energy,2025-07-25,2025-07-24,1,65.6,2025-07-28,18.323503494262695,0.3273724583550788,2025-08-26,Validation,true,,adverse_first,,-1.7468056197317838,-2.41279269783371,-3.8471111014882875,-7.25702296805485,1.7320493323758068,-4.7179687493297155,TSX_above_MA50
early_watch|MTL.TO|2025-07-31,early_watch,MTL.TO,Industrials,2025-07-31,2025-07-30,1,63.1,2025-08-01,12.407547950744629,0.2543546297366427,2025-09-02,Validation,true,,success,6,3.060454532143364,4.667186820367952,5.891359409733421,-0.012325197780649333,6.814159016737009,-0.07650007643360546,TSX_above_MA50
early_watch|ENGH.TO|2025-08-08,early_watch,ENGH.TO,Technology,2025-08-08,2025-08-07,1,63.9,2025-08-11,20.3773250579834,0.3304718535994355,2025-09-09,Validation,true,,success,6,2.460175594582603,3.652106731568705,-4.187133029384227,-8.823646240712169,5.256625904443379,-6.295930637422398,TSX_above_MA50
early_watch|TFII.TO|2025-08-08,early_watch,TFII.TO,Industrials,2025-08-08,2025-08-07,2,61.7,2025-08-11,114.32168579101562,4.225426381223841,2025-09-09,Validation,true,,success,2,8.098344061399443,12.706331636721234,10.084253113844222,5.44773990251628,18.045054760646284,1.1348002485431108,TSX_above_MA50
early_watch|TOU.TO|2025-08-08,early_watch,TOU.TO,Energy,2025-08-08,2025-08-07,3,60.9,2025-08-11,55.4410514831543,1.1996691417231216,2025-09-09,Validation,true,,neither,,-1.6226467620859553,-0.5351277483068628,-0.13810125668634043,-4.774614468014282,1.2946595642442604,-2.088733132651277,TSX_above_MA50
early_watch|CG.TO|2025-08-11,early_watch,CG.TO,Materials,2025-08-11,2025-08-08,1,66.6,2025-08-12,9.633397102355957,0.35245853005910643,2025-09-10,Validation,true,,success,8,0.10182798356932476,11.570632793699144,27.26024019168134,22.754362692521802,27.567876890764943,-1.9348356345370354,TSX_above_MA50
early_watch|ENGH.TO|2025-08-12,early_watch,ENGH.TO,Technology,2025-08-12,2025-08-11,1,63.9,2025-08-13,20.69989585876465,0.34232132042131014,2025-09-11,Validation,true,,success,11,0.5927369088652323,2.4430310336398087,-5.725336545066595,-10.77831324765295,3.6163899178863534,-7.756140722390059,TSX_above_MA50
early_watch|DSG.TO|2025-08-13,early_watch,DSG.TO,Technology,2025-08-13,2025-08-12,2,59.4,2025-08-14,135.17999267578125,3.2407150268554688,2025-09-12,Validation,true,,success,14,1.9529625621221625,1.7458209337322783,6.916708544245065,2.017006648378894,11.51058859331522,-0.13315038136815227,TSX_above_MA50
early_watch|GIB-A.TO|2025-08-15,early_watch,GIB-A.TO,Technology,2025-08-15,2025-08-14,1,63.6,2025-08-18,129.0584716796875,2.8355244633829497,2025-09-16,Validation,true,,neither,,2.170389227872005,2.662965702432829,-0.7157622580153955,-5.701987931736796,3.8020410829114226,-1.8471452283897127,TSX_above_MA50
early_watch|ENGH.TO|2025-08-15,early_watch,ENGH.TO,Technology,2025-08-15,2025-08-14,2,60.5,2025-08-18,20.878643035888672,0.3300283782779217,2025-09-16,Validation,true,,adverse_first,,1.1633116282196987,0.4026886593628598,-6.174501585997694,-11.160727259719096,2.7293046236089413,-8.545862996225395,TSX_above_MA50
early_watch|ARIS.TO|2025-08-18,early_watch,ARIS.TO,Materials,2025-08-18,2025-08-15,1,62.6,2025-08-19,9.350000381469727,0.4500000136239188,2025-09-17,Validation,true,,success,4,17.540099708430667,34.43849392494185,40.32084866606978,34.937711122098165,45.989294776741275,0.3208527459597432,TSX_above_MA50
early_watch|ARIS.TO|2025-08-20,early_watch,ARIS.TO,Materials,2025-08-20,2025-08-19,1,61.2,2025-08-21,9.760000228881836,0.4500000136239188,2025-09-19,Validation,true,,success,3,15.471313457692727,30.122945813907265,37.29507483900394,31.189298495949444,39.85655018877083,-2.049178325562906,TSX_above_MA50
early_watch|AC.TO|2025-08-21,early_watch,AC.TO,Industrials,2025-08-21,2025-08-20,1,59.5,2025-08-22,19.809999465942383,0.5592857088361468,2025-09-22,Validation,true,,adverse_first,,-1.564863575465203,-3.432611426087351,-3.8364474980851937,-9.574966802506834,0.20192285010462996,-6.713780714596229,TSX_above_MA50
early_watch|TSU.TO|2025-08-22,early_watch,TSU.TO,Financials,2025-08-22,2025-08-21,1,59.6,2025-08-25,40.189998626708984,1.1428574153355189,2025-09-23,Validation,true,,adverse_first,,-2.01542071727131,-1.393375411119302,-3.483448019456381,-9.325496432583503,2.0403078448459455,-3.6825070734209153,TSX_above_MA50
early_watch|BEPC.TO|2025-08-26,early_watch,BEPC.TO,Utilities,2025-08-26,2025-08-25,1,59,2025-08-27,44.77279281616211,0.8612769409103872,2025-09-25,Validation,true,,adverse_first,,-0.256822084228403,0.5155271157618158,1.6526483653844792,-2.9159866713685867,3.647939890648133,-3.0673972794830306,TSX_above_MA50
early_watch|CSU.TO|2025-08-28,early_watch,CSU.TO,Technology,2025-08-28,2025-08-27,1,61.3,2025-08-29,4539.77587890625,171.06973505269096,2025-09-29,Validation,true,,adverse_first,,0.6349045185561897,-5.461340467037179,-17.194151177402084,-22.121247365415186,1.8600877809908933,-25.475966240463354,TSX_above_MA50
early_watch|PEY.TO|2025-09-04,early_watch,PEY.TO,Energy,2025-09-04,2025-09-03,1,58.7,2025-09-05,17.306612014770508,0.2526038275455179,2025-10-03,Validation,true,,adverse_first,,-0.49098218368376356,-1.7457805564222273,3.7145584979097146,-1.1772496867185733,3.9340652374422858,-2.236779997326954,TSX_above_MA50
early_watch|VET.TO|2025-09-08,early_watch,VET.TO,Energy,2025-09-08,2025-09-05,1,60.5,2025-09-09,9.747039794921875,0.25980277873463503,2025-10-07,Validation,true,,success,5,4.995121575122652,9.304602352602288,17.64060352358081,13.206445939195177,19.62108379901457,-0.9794226094402392,TSX_above_MA50
early_watch|TRI.TO|2025-09-09,early_watch,TRI.TO,Industrials,2025-09-09,2025-09-08,1,60.5,2025-09-10,226.7476348876953,3.5949808278326776,2025-10-08,Validation,true,,adverse_first,,-1.4388565701262568,-7.198475276096117,-10.389335007970658,-14.921983354644475,2.0355526686834047,-11.328818217601322,TSX_above_MA50
early_watch|LAC.TO|2025-09-10,early_watch,LAC.TO,Materials,2025-09-10,2025-09-09,1,65,2025-09-11,3.940000057220459,0.16964285714285715,2025-10-09,Validation,true,,success,2,12.690355145647736,160.9136950171365,187.56344566398303,184.6319218288104,235.02537100411374,-1.7766540772783612,TSX_above_MA50
early_watch|BIR.TO|2025-09-10,early_watch,BIR.TO,Energy,2025-09-10,2025-09-09,2,62.7,2025-09-11,5.895353317260742,0.11732045366495315,2025-10-09,Validation,true,,adverse_first,,-0.8341602329187681,-1.6674873651792432,-0.16750176245274861,-3.099025597625382,2.8324783437008616,-5.167465524937387,TSX_above_MA50
early_watch|LSPD.TO|2025-09-11,early_watch,LSPD.TO,Technology,2025-09-11,2025-09-10,1,67.5,2025-09-12,16.420000076293945,0.4321428026471819,2025-10-10,Validation,true,,success,3,5.846523020780237,-2.0097437403942875,-5.8465288287845585,-7.783093052845613,9.287451957640137,-6.090133954650401,TSX_above_MA50
early_watch|BIR.TO|2025-09-12,early_watch,BIR.TO,Energy,2025-09-12,2025-09-11,1,69.5,2025-09-15,5.767572402954102,0.11801882054706882,2025-10-14,Validation,true,,adverse_first,,0.5110753805803059,0.6814365966250513,-0.17035294849082616,-3.3051414686736336,5.110738101037526,-3.066445006316265,TSX_above_MA50
early_watch|BIR.TO|2025-09-16,early_watch,BIR.TO,Energy,2025-09-16,2025-09-15,1,62.2,2025-09-17,5.846176624298096,0.12791756106886773,2025-10-16,Validation,true,,adverse_first,,-1.0084075286446392,-2.521010665218304,-1.176470012489883,-5.054490702958159,3.697481496886179,-4.369756059341201,TSX_above_MA50
early_watch|TOI.V|2025-09-17,early_watch,TOI.V,Technology,2025-09-17,2025-09-16,2,59.7,2025-09-18,161.25999450683594,5.110713413783482,2025-10-17,Validation,true,,adverse_first,,-5.742276337758034,-7.255362363134776,-14.789775305192354,-17.013619670038636,2.3254372614039953,-16.743148282108766,TSX_above_MA50
early_watch|PPTA.TO|2025-09-18,early_watch,PPTA.TO,Materials,2025-09-18,2025-09-17,1,65.7,2025-09-19,25.309999465942383,1.3242853709629603,2025-10-20,Validation,true,,success,5,16.51521293313525,20.308184138500486,51.16554377259701,48.98873886707016,75.50374992586511,-1.1457882824886578,TSX_above_MA50
early_watch|CSU.TO|2025-09-18,early_watch,CSU.TO,Technology,2025-09-18,2025-09-17,2,63.4,2025-09-19,4408.4775390625,105.8472354114066,2025-10-20,Validation,true,,adverse_first,,-17.14433040388934,-8.778850939939275,-16.012649633463226,-18.189454538990077,0.21621548829910964,-23.256405899192444,TSX_above_MA50
early_watch|TVK.TO|2025-09-19,early_watch,TVK.TO,Energy,2025-09-19,2025-09-18,1,59.3,2025-09-22,136.72584533691406,3.329473770587906,2025-10-21,Validation,true,,success,10,1.2404378567406837,5.041312030123435,-0.7692234722193492,-0.5349058422917774,8.063095082986994,-1.592024051952723,TSX_above_MA50
early_watch|BIR.TO|2025-09-22,early_watch,BIR.TO,Energy,2025-09-22,2025-09-19,2,61.4,2025-09-23,5.797049045562744,0.130860761595248,2025-10-22,Validation,true,,adverse_first,,-2.8813568941704393,0,8.983052394969837,8.421600025008559,9.661017877832311,-3.5593295299552463,TSX_above_MA50
early_watch|NWC.TO|2025-09-23,early_watch,NWC.TO,Consumer,2025-09-23,2025-09-22,1,64.2,2025-09-24,47.18255615234375,0.9358540016397134,2025-10-23,Validation,true,,adverse_first,,-2.0163601060231073,-4.45715707745663,-3.6297651218114457,-5.072453501856467,0.14356905588850388,-5.86372318558942,TSX_above_MA50
early_watch|GIB-A.TO|2025-09-24,early_watch,GIB-A.TO,Technology,2025-09-24,2025-09-23,1,64.2,2025-09-25,122.36368560791016,2.4803929267241602,2025-10-24,Validation,true,,success,7,2.240434286274362,3.109009329016965,-0.7468176637734358,-2.83581137215162,4.196763933159198,-2.078103998705716,TSX_above_MA50
early_watch|ENGH.TO|2025-09-25,early_watch,ENGH.TO,Technology,2025-09-25,2025-09-24,1,71.7,2025-09-26,19.374631881713867,0.331629509449047,2025-10-27,Validation,true,,adverse_first,,1.8804304477889833,-0.8678871895306584,1.5429193098918992,-0.18583577303157295,2.459026118434293,-2.844739250787065,TSX_above_MA50
early_watch|ATS.TO|2025-10-01,early_watch,ATS.TO,Industrials,2025-10-01,2025-09-30,1,68.2,2025-10-02,36.72999954223633,1.0407137189592635,2025-10-31,Validation,true,,adverse_first,,0.4628423244249946,-0.8167689648772569,5.036760990674716,4.704872332387278,5.880751087209513,-3.2943073769474474,TSX_above_MA50
early_watch|DFY.TO|2025-10-03,early_watch,DFY.TO,Financials,2025-10-03,2025-10-02,1,63.4,2025-10-06,68.99405670166016,1.2710405534203215,2025-11-04,Validation,true,,adverse_first,,-0.716229639787469,-7.105004661519299,-5.916054613035293,-3.446180154757061,1.761930251460364,-8.293949453898609,TSX_above_MA50
early_watch|BIR.TO|2025-10-03,early_watch,BIR.TO,Energy,2025-10-03,2025-10-02,2,62.2,2025-10-06,5.728270530700684,0.12281883204732168,2025-11-04,Validation,true,,success,3,0.5145818873368846,8.747858787615549,14.751286392286268,17.221160850564498,15.094339235262177,-2.0583185436185314,TSX_above_MA50
early_watch|MRU.TO|2025-10-07,early_watch,MRU.TO,Consumer,2025-10-07,2025-10-06,1,68.9,2025-10-08,90.58956909179688,1.2389629306263015,2025-11-06,Validation,true,,success,3,4.100682210414286,2.9686646752720813,3.2627081102222455,5.339294532833883,5.359081586353365,-0.35290064785227226,TSX_above_MA50
early_watch|RCH.TO|2025-10-09,early_watch,RCH.TO,Industrials,2025-10-09,2025-10-08,1,63.4,2025-10-10,34.92731857299805,0.7217371155683701,2025-11-10,Validation,true,,success,2,2.76054345642911,8.469070565521776,5.527541705771322,3.967457377808281,10.222674020750567,-0.000010501575808952168,TSX_above_MA50
early_watch|ATS.TO|2025-10-14,early_watch,ATS.TO,Industrials,2025-10-14,2025-10-10,2,62.1,2025-10-15,36.9900016784668,1.0378567831856864,2025-11-12,Validation,true,,success,15,0.5406783973157081,2.9467426415998643,2.730463032450081,2.1086678807259007,14.220054292658313,-1.8383354266556684,TSX_above_MA50
early_watch|LSPD.TO|2025-10-14,early_watch,LSPD.TO,Technology,2025-10-14,2025-10-10,3,60.8,2025-10-15,16.200000762939453,0.5767859050205776,2025-11-12,Validation,true,,adverse_first,,1.8518470551362576,5.12345607788387,10.617279212043695,9.995484060319514,18.827154897658982,-4.444451770337343,TSX_above_MA50
early_watch|WELL.TO|2025-10-20,early_watch,WELL.TO,Health Care,2025-10-20,2025-10-17,1,65.6,2025-10-21,4.900000095367432,0.24821434702192033,2025-11-18,Validation,true,,adverse_first,,5.918366453241486,1.2244886043219827,-20.204081434053666,-20.698243845690644,8.571429961624343,-21.22449347000719,TSX_above_MA50
early_watch|BTE.TO|2025-10-22,early_watch,BTE.TO,Energy,2025-10-22,2025-10-21,1,60.2,2025-10-23,3.294966459274292,0.14402298861086615,2025-11-20,Validation,true,,adverse_first,,-5.373133939566676,0.8955295591034806,33.73136255036238,34.657945684552615,38.80599240296594,-6.268655455716143,TSX_above_MA50
early_watch|CS.TO|2025-10-23,early_watch,CS.TO,Materials,2025-10-23,2025-10-22,1,64.7,2025-10-24,11.470000267028809,0.6935714994158063,2025-11-21,Validation,true,,adverse_first,,9.15431705571228,6.190061217242593,-4.272020169005719,-3.6381462216953264,11.42109359585679,-7.933738676780655,TSX_above_MA50
early_watch|WFG.TO|2025-10-24,early_watch,WFG.TO,Materials,2025-10-24,2025-10-23,1,59.4,2025-10-27,91.6285400390625,2.8111878966072674,2025-11-24,Validation,true,,adverse_first,,-9.14956582616261,-12.525537188541225,-11.332117007118104,-12.417470989162094,-0.3870649298951867,-13.106120886293072,TSX_above_MA50
early_watch|CS.TO|2025-10-27,early_watch,CS.TO,Materials,2025-10-27,2025-10-24,1,64.1,2025-10-28,11.710000038146973,0.6735715184892926,2025-11-25,Validation,true,,adverse_first,,-2.0495283547082077,4.099056709416415,-0.08539905080494625,-1.6666112664192378,9.137486689483731,-9.820662807719794,TSX_above_MA50
early_watch|FFH.TO|2025-10-27,early_watch,FFH.TO,Financials,2025-10-27,2025-10-24,2,60.8,2025-10-28,2305.6123046875,53.048691020835996,2025-11-25,Validation,true,,adverse_first,,-3.4167645440579597,-5.18236961693761,4.8769201511088545,3.295707935494563,5.570421048673735,-7.7189084877486,TSX_above_MA50
early_watch|NG.TO|2025-10-28,early_watch,NG.TO,Materials,2025-10-28,2025-10-27,1,65.3,2025-10-29,11.289999961853027,0.8692857878548759,2025-11-26,Validation,true,,success,15,-1.2400384747191406,8.237380941701433,19.486269412741876,16.051182853324054,19.486269412741876,-3.985826490572264,TSX_above_MA50
early_watch|DPM.TO|2025-10-28,early_watch,DPM.TO,Materials,2025-10-28,2025-10-27,2,64.3,2025-10-29,29.907546997070312,1.6793990493550814,2025-11-26,Validation,true,,success,11,-0.6995396988093483,8.194516793442519,27.54830177839931,24.113215218981487,28.580938529735846,-2.9980059104326995,TSX_above_MA50
early_watch|ARIS.TO|2025-10-28,early_watch,ARIS.TO,Materials,2025-10-28,2025-10-27,3,64.2,2025-10-29,13.020000457763672,0.8685714857918876,2025-11-26,Validation,true,,success,8,5.990781148598856,21.81258908650896,51.075264091599614,47.640177532181795,51.30568410381719,3.3026062702252945,TSX_above_MA50
early_watch|OGC.TO|2025-10-28,early_watch,OGC.TO,Materials,2025-10-28,2025-10-27,4,62.7,2025-10-29,30.309661865234375,1.8940880605633947,2025-11-26,Validation,true,,success,8,1.1434087941142979,19.634092069267915,15.923801358656519,12.488714799238696,20.842864116686698,-3.560931453661609,TSX_above_MA50
early_watch|IVN.TO|2025-10-28,early_watch,IVN.TO,Materials,2025-10-28,2025-10-27,5,60.2,2025-10-29,14.579999923706055,0.7492856298174176,2025-11-26,Validation,true,,adverse_first,,-11.454047222446428,-10.013717735163464,-3.9780516237384544,-7.413138183156276,0.685873676220905,-18.381346496568142,TSX_above_MA50
early_watch|AEM.TO|2025-10-28,early_watch,AEM.TO,Materials,2025-10-28,2025-10-27,6,59.9,2025-10-29,216.9693145751953,11.037797974459497,2025-11-26,Validation,true,,success,10,2.987931685249512,10.768454792538673,11.03343968877233,7.598353129354508,11.654786305977293,0.09593427072112082,TSX_above_MA50
early_watch|ABX.TO|2025-10-29,early_watch,ABX.TO,Materials,2025-10-29,2025-10-28,2,65.7,2025-10-30,45.32212829589844,2.1185497574683763,2025-11-27,Validation,true,,success,9,-0.7348250018264557,10.460339616683022,24.270587035149795,20.833762691235158,24.659602074307998,-3.674095494030727,TSX_above_MA50
early_watch|MDA.TO|2025-10-29,early_watch,MDA.TO,Industrials,2025-10-29,2025-10-28,3,64.7,2025-10-30,28.940000534057617,1.2246428898402624,2025-11-27,Validation,true,,adverse_first,,-18.79751359249504,-25.950242191750483,-16.447823569595656,-19.884647913510292,0,-27.95438840115878,TSX_above_MA50
early_watch|TXG.TO|2025-10-29,early_watch,TXG.TO,Materials,2025-10-29,2025-10-28,5,61.7,2025-10-30,57.25547790527344,3.2121552114857583,2025-11-27,Validation,true,,success,7,4.256794841556966,10.607374953195304,12.794942828322409,9.358118484407774,15.712072571769898,-5.398857591538708,TSX_above_MA50
early_watch|GIB-A.TO|2025-10-30,early_watch,GIB-A.TO,Technology,2025-10-30,2025-10-29,1,67.7,2025-10-31,121.24125671386719,2.2725117946262583,2025-11-28,Validation,true,,adverse_first,,-0.9257750167481205,-0.24577546479106482,2.1175629434256438,-1.5905521744323359,3.703095273232626,-3.563819127747425,TSX_above_MA50
early_watch|EMP-A.TO|2025-10-31,early_watch,EMP-A.TO,Consumer,2025-10-31,2025-10-30,1,65,2025-11-03,47.51191711425781,0.7073898055117885,2025-12-01,Validation,true,,success,2,2.033189337199204,9.06638509754023,7.842310905113825,5.111680180387812,9.149374545561662,-1.4107964530983508,TSX_above_MA50
early_watch|AGI.TO|2025-10-31,early_watch,AGI.TO,Materials,2025-10-31,2025-10-30,2,61,2025-11-03,43.77322769165039,2.489089603056887,2025-12-01,Validation,true,,success,12,3.6640964457259617,5.689580090927238,17.910787633762727,15.180156909036715,20.91488335983014,-3.8006302348627674,TSX_above_MA50
early_watch|USA.TO|2025-11-03,early_watch,USA.TO,Materials,2025-11-03,2025-10-31,1,66.5,2025-11-04,5.079999923706055,0.4614285060337612,2025-12-02,Validation,true,,success,4,16.535436322902108,3.740158662873494,23.42519832859187,19.155238940588237,30.314960334281626,-2.1653569914653614,TSX_above_MA50
early_watch|DPM.TO|2025-11-05,early_watch,DPM.TO,Materials,2025-11-05,2025-11-04,1,67.4,2025-11-06,29.56882095336914,1.423931855100061,2025-12-04,Validation,true,,success,4,8.456864400230724,13.241229942529564,32.37870501280498,26.991776864037757,34.97303237894969,-0.06739451364786708,TSX_above_MA50
early_watch|OGC.TO|2025-11-05,early_watch,OGC.TO,Materials,2025-11-05,2025-11-04,2,65.1,2025-11-06,31.418670654296875,1.760412415352761,2025-12-04,Validation,true,,success,4,10.936029361056088,-0.7586129358433502,11.989729264021243,6.60280111525402,16.57738134450064,-2.020829320358686,TSX_above_MA50
early_watch|TOI.V|2025-11-05,early_watch,TOI.V,Technology,2025-11-05,2025-11-04,3,64.3,2025-11-06,128,6.753573826381138,2025-12-04,Validation,true,,neither,,1.9609332084655762,0.1953125,-1.7343759536743164,-7.121304102441539,6.601560115814209,-4.4921875,TSX_above_MA50
early_watch|TRI.TO|2025-11-05,early_watch,TRI.TO,Industrials,2025-11-05,2025-11-04,4,63.8,2025-11-06,188.30706787109375,5.453131166725135,2025-12-04,Validation,true,,adverse_first,,0.4484116707285102,-4.922804607641007,-4.477545059141597,-9.86447320790882,1.4879592722302881,-5.414145484131339,TSX_above_MA50
early_watch|ATD.TO|2025-11-05,early_watch,ATD.TO,Consumer,2025-11-05,2025-11-04,5,62.5,2025-11-06,69.01229095458984,1.5745984840126812,2025-12-04,Validation,true,,success,13,0.6451659976658197,0.3727787906114166,7.10503993166165,1.718111782894427,10.093210429594723,-2.078837470488948,TSX_above_MA50
early_watch|WPM.TO|2025-11-05,early_watch,WPM.TO,Materials,2025-11-05,2025-11-04,6,60.4,2025-11-06,135.17945861816406,5.475739638855095,2025-12-04,Validation,true,,success,4,9.030071945060914,3.4141761919720848,11.83992181617115,6.452993667403928,14.587124152050812,-0.5147643249417966,TSX_above_MA50
early_watch|GEI.TO|2025-11-06,early_watch,GEI.TO,Energy,2025-11-06,2025-11-05,2,61.3,2025-11-07,22.152360916137695,0.4858690488587469,2025-12-05,Validation,true,,success,7,2.713183333839897,7.751938852184348,11.455640961418245,6.77794688201423,14.944012775163728,0.2584045874991725,TSX_above_MA50
early_watch|TFPM.TO|2025-11-06,early_watch,TFPM.TO,Materials,2025-11-06,2025-11-05,3,61,2025-11-07,39.77436828613281,1.5645498130746627,2025-12-05,Validation,true,,success,3,5.319676228481507,4.5954141191788755,13.130123188625408,8.452429109221391,19.584687208446216,2.1478590370496375,TSX_above_MA50
early_watch|PPL.TO|2025-11-10,early_watch,PPL.TO,Energy,2025-11-10,2025-11-07,1,66.7,2025-11-11,50.69133758544922,0.8205267654421152,2025-12-09,Validation,true,,success,14,2.3903726775849288,0.9034475856064317,2.5785815179069305,-0.1676164804696345,3.8961060192607366,-1.0916640516298592,TSX_above_MA50
early_watch|GFL.TO|2025-11-10,early_watch,GFL.TO,Industrials,2025-11-10,2025-11-07,2,66,2025-11-11,60.82894515991211,1.388733370606429,2025-12-09,Validation,true,,success,5,4.433491327543315,4.466333537000611,0.2955673427404104,-2.4506306556361546,7.88177510352901,-0.8210146239020166,TSX_above_MA50
early_watch|GEI.TO|2025-11-10,early_watch,GEI.TO,Energy,2025-11-10,2025-11-07,3,59,2025-11-11,22.629369735717773,0.4749659813726722,2025-12-09,Validation,true,,success,6,2.0657590873196296,4.763919207417677,8.895445810699275,6.14924781232271,12.521085911003805,-1.7706595801234237,TSX_above_MA50
early_watch|PPL.TO|2025-11-12,early_watch,PPL.TO,Energy,2025-11-12,2025-11-11,1,62,2025-11-13,50.57684326171875,0.8171193475000526,2025-12-11,Validation,true,,success,5,2.527820819621285,1.358239174272402,1.7355240626029556,-2.9154914447846902,4.131302872796039,-0.8677583606970685,TSX_above_MA50
early_watch|ATRL.TO|2025-11-13,early_watch,ATRL.TO,Industrials,2025-11-13,2025-11-12,2,62.3,2025-11-14,91.10628509521484,3.2234662822915316,2025-12-12,Validation,true,,adverse_first,,-7.226665230775775,-4.869043484800006,-5.549109771374294,-9.509014114523017,0.3618756123832334,-8.52066718484611,TSX_above_MA50
early_watch|RUS.TO|2025-11-14,early_watch,RUS.TO,Industrials,2025-11-14,2025-11-13,1,67.8,2025-11-17,38.09188461303711,0.9099467022277109,2025-12-15,Validation,true,,success,7,2.2363495123307597,4.153638269024307,11.343731482634078,6.664944905779224,12.088422064130189,-0.5336670827830514,TSX_above_MA50
early_watch|BAM.TO|2025-11-14,early_watch,BAM.TO,Financials,2025-11-14,2025-11-13,2,63.8,2025-11-17,66.77298736572266,1.8862205296914374,2025-12-15,Validation,true,,success,7,3.3424553668395474,5.5494192287560695,6.464699946949692,1.7859133700948382,12.058165719332692,-1.6712242891206763,TSX_above_MA50
early_watch|TFII.TO|2025-11-17,early_watch,TFII.TO,Industrials,2025-11-17,2025-11-14,1,60.7,2025-11-18,114.83476257324219,3.862398368024277,2025-12-16,Validation,true,,success,9,4.275266811776168,8.232248989510893,24.576341340488096,20.48997844659233,25.341932157711653,-2.1763403732027453,TSX_above_MA50
early_watch|RBA.TO|2025-11-18,early_watch,RBA.TO,Industrials,2025-11-18,2025-11-17,1,63.8,2025-11-19,135.64613342285156,2.994574821840063,2025-12-17,Validation,true,,success,16,0.3260400654464979,0.055862371136039535,4.6343832556873465,1.425496402880433,5.839252058840438,-2.1473406294677644,TSX_above_MA50
early_watch|KMP-UN.TO|2025-11-18,early_watch,KMP-UN.TO,Real Estate,2025-11-18,2025-11-17,2,62,2025-11-19,15.987947463989258,0.2835580135113572,2025-12-17,Validation,true,,adverse_first,,-0.06042502232982416,-0.36580700092778695,0.05868325465752111,-3.1502035981493925,1.6918643831298708,-3.397879068463583,TSX_above_MA50
early_watch|GIL.TO|2025-11-18,early_watch,GIL.TO,Consumer,2025-11-18,2025-11-17,3,61.9,2025-11-19,77.49942016601562,2.242528705802688,2025-12-17,Validation,true,,success,16,2.5595382714950654,1.9992215006018998,10.772953032898979,7.564066180092065,11.44785280676135,-2.330318376095808,TSX_above_MA50
early_watch|CAR-UN.TO|2025-11-18,early_watch,CAR-UN.TO,Real Estate,2025-11-18,2025-11-17,4,58.8,2025-11-19,36.72254943847656,0.8439179366098024,2025-12-17,Validation,true,,adverse_first,,-0.42184173928146995,-1.6151607484099273,-1.138969579693594,-4.347856432500508,1.1072902746121382,-6.562159426654645,TSX_above_MA50
early_watch|EQB.TO|2025-11-18,early_watch,EQB.TO,Financials,2025-11-18,2025-11-17,5,58.7,2025-11-19,83.43024444580078,1.3964700325963162,2025-12-17,Validation,true,,success,11,2.8162469871844342,1.9126835134690046,16.140680758006432,12.93179390519952,17.108659706489426,-1.2790595158496787,TSX_above_MA50
early_watch|WDO.TO|2025-11-19,early_watch,WDO.TO,Materials,2025-11-19,2025-11-18,1,60.6,2025-11-20,19.901838302612305,0.8435159011482352,2025-12-18,Validation,true,,success,3,9.186744288905002,10.943777226923324,16.666665069369802,11.536356705027929,18.12249246975137,-2.2088457971133124,TSX_above_MA50
early_watch|ATRL.TO|2025-11-19,early_watch,ATRL.TO,Industrials,2025-11-19,2025-11-18,3,58.8,2025-11-20,87.18987274169922,3.5738592629777903,2025-12-18,Validation,true,,adverse_first,,-0.6761636243693303,1.2951701460717446,-1.4211572808234707,-6.551465645165344,3.5874350617929096,-4.411579995442628,TSX_above_MA50
early_watch|FSV.TO|2025-11-20,early_watch,FSV.TO,Real Estate,2025-11-20,2025-11-19,1,60.3,2025-11-21,216.95848083496094,4.212875900894384,2025-12-19,Validation,true,,adverse_first,,0.6596434203642199,-1.8231834645219047,-2.084292318416081,-7.372967991785007,1.2024661227860944,-6.605590536126405,TSX_not_above_MA50
early_watch|BAM.TO|2025-11-20,early_watch,BAM.TO,Financials,2025-11-20,2025-11-19,2,59,2025-11-21,68.41802215576172,2.08858782025983,2025-12-19,Validation,true,,success,10,4.344431289807504,4.472033870049219,2.1182942714213837,-3.170381401947542,9.363852506118286,-0.8014662387174964,TSX_not_above_MA50
early_watch|USA.TO|2025-11-21,early_watch,USA.TO,Materials,2025-11-21,2025-11-20,1,70.2,2025-11-24,5.53000020980835,0.4064286436353411,2025-12-22,Validation,true,,success,5,18.806508542412324,15.370702936411407,44.66545563254603,40.105002884131636,48.28208857426644,-1.6274891351407361,TSX_above_MA50
early_watch|WDO.TO|2025-11-21,early_watch,WDO.TO,Materials,2025-11-21,2025-11-20,2,60.5,2025-11-24,21.19066047668457,0.8485114580174672,2025-12-22,Validation,true,,success,13,5.799158218503697,1.6973163568094307,13.861392911562898,9.300940163148509,16.17162302945705,-1.7444544098794368,TSX_above_MA50
early_watch|CP.TO|2025-11-24,early_watch,CP.TO,Industrials,2025-11-24,2025-11-21,2,64,2025-11-25,100.0488510131836,1.702321641378063,2025-12-23,Validation,true,,success,9,-0.4161632771710444,0.29727909255754525,1.0503444400444373,-2.6971435756873996,3.8545425381003584,-1.268324076800731,TSX_above_MA50
early_watch|TVK.TO|2025-11-24,early_watch,TVK.TO,Energy,2025-11-24,2025-11-21,3,58.8,2025-11-25,122.8414306640625,3.458841917752985,2025-12-23,Validation,true,,success,12,0.2593367696262616,1.2237508160947375,33.20365252698703,29.456164511255192,34.65433178487367,-1.1265216277453916,TSX_above_MA50
early_watch|CSH-UN.TO|2025-11-27,early_watch,CSH-UN.TO,Health Care,2025-11-27,2025-11-26,1,67.7,2025-11-28,19.737260818481445,0.4494740537655222,2025-12-30,Validation,true,,adverse_first,,-1.3875132887882113,0.19823136991858892,-0.4955446018649612,-2.0361974051956055,4.261659670990681,-3.36967477708342,TSX_above_MA50
