model,date,coverage,count,symbols
core,2022-02-18,confirmed,0,
core,2022-02-22,confirmed,0,
core,2022-02-23,confirmed,0,
core,2022-02-24,confirmed,0,
core,2022-02-25,confirmed,0,
core,2022-02-28,confirmed,0,
core,2022-03-01,confirmed,0,
core,2022-03-02,confirmed,0,
core,2022-03-03,confirmed,0,
core,2022-03-04,confirmed,0,
core,2022-03-07,confirmed,0,
core,2022-03-08,confirmed,0,
core,2022-03-09,confirmed,0,
core,2022-03-10,confirmed,0,
core,2022-03-11,confirmed,0,
core,2022-03-14,confirmed,0,
core,2022-03-15,confirmed,0,
core,2022-03-16,confirmed,0,
core,2022-03-17,confirmed,0,
core,2022-03-18,confirmed,0,
core,2022-03-21,confirmed,0,
core,2022-03-22,confirmed,0,
core,2022-03-23,confirmed,0,
core,2022-03-24,confirmed,0,
core,2022-03-25,confirmed,0,
core,2022-03-28,confirmed,0,
core,2022-03-29,confirmed,0,
core,2022-03-30,confirmed,0,
core,2022-03-31,confirmed,0,
core,2022-04-01,confirmed,0,
core,2022-04-04,confirmed,0,
core,2022-04-05,confirmed,0,
core,2022-04-06,confirmed,0,
core,2022-04-07,confirmed,0,
core,2022-04-08,confirmed,0,
core,2022-04-11,confirmed,0,
core,2022-04-12,confirmed,0,
core,2022-04-13,confirmed,0,
core,2022-04-14,confirmed,0,
core,2022-04-18,confirmed,0,
core,2022-04-19,confirmed,0,
core,2022-04-20,confirmed,0,
core,2022-04-21,confirmed,0,
core,2022-04-22,confirmed,0,
core,2022-04-25,confirmed,0,
core,2022-04-26,confirmed,0,
core,2022-04-27,confirmed,0,
core,2022-04-28,confirmed,0,
core,2022-04-29,confirmed,0,
core,2022-05-02,confirmed,0,
core,2022-05-03,confirmed,0,
core,2022-05-04,confirmed,0,
core,2022-05-05,confirmed,0,
core,2022-05-06,confirmed,0,
core,2022-05-09,confirmed,0,
core,2022-05-10,confirmed,0,
core,2022-05-11,confirmed,0,
core,2022-05-12,confirmed,0,
core,2022-05-13,confirmed,0,
core,2022-05-16,confirmed,0,
core,2022-05-17,confirmed,0,
core,2022-05-18,confirmed,0,
core,2022-05-19,confirmed,0,
core,2022-05-20,confirmed,0,
core,2022-05-24,confirmed,0,
core,2022-05-25,confirmed,1,ATH.TO
core,2022-05-26,confirmed,0,
core,2022-05-27,confirmed,0,
core,2022-05-30,confirmed,1,AAV.TO
core,2022-05-31,confirmed,0,
core,2022-06-01,confirmed,0,
core,2022-06-02,confirmed,0,
core,2022-06-03,confirmed,0,
core,2022-06-06,confirmed,0,
core,2022-06-07,confirmed,0,
core,2022-06-08,confirmed,0,
core,2022-06-09,confirmed,0,
core,2022-06-10,confirmed,0,
core,2022-06-13,confirmed,0,
core,2022-06-14,confirmed,0,
core,2022-06-15,confirmed,0,
core,2022-06-16,confirmed,0,
core,2022-06-17,confirmed,0,
core,2022-06-20,confirmed,0,
core,2022-06-21,confirmed,0,
core,2022-06-22,confirmed,0,
core,2022-06-23,confirmed,0,
core,2022-06-24,confirmed,0,
core,2022-06-27,confirmed,0,
core,2022-06-28,confirmed,0,
core,2022-06-29,confirmed,0,
core,2022-06-30,confirmed,0,
core,2022-07-04,confirmed,0,
core,2022-07-05,confirmed,0,
core,2022-07-06,confirmed,0,
core,2022-07-07,confirmed,0,
core,2022-07-08,confirmed,0,
core,2022-07-11,confirmed,0,
core,2022-07-12,confirmed,0,
core,2022-07-13,confirmed,0,
core,2022-07-14,confirmed,0,
core,2022-07-15,confirmed,0,
core,2022-07-18,confirmed,0,
core,2022-07-19,confirmed,0,
core,2022-07-20,confirmed,0,
core,2022-07-21,confirmed,0,
core,2022-07-22,confirmed,0,
core,2022-07-25,confirmed,0,
core,2022-07-26,confirmed,0,
core,2022-07-27,confirmed,0,
core,2022-07-28,confirmed,0,
core,2022-07-29,confirmed,0,
core,2022-08-02,confirmed,0,
core,2022-08-03,confirmed,0,
core,2022-08-04,confirmed,0,
core,2022-08-05,confirmed,0,
core,2022-08-08,confirmed,0,
core,2022-08-09,confirmed,0,
core,2022-08-10,confirmed,0,
core,2022-08-11,confirmed,1,WFG.TO
core,2022-08-12,confirmed,0,
core,2022-08-15,confirmed,0,
core,2022-08-16,confirmed,0,
core,2022-08-17,confirmed,0,
core,2022-08-18,confirmed,0,
core,2022-08-19,confirmed,0,
core,2022-08-22,confirmed,0,
core,2022-08-23,confirmed,0,
core,2022-08-24,confirmed,0,
core,2022-08-25,confirmed,0,
core,2022-08-26,confirmed,0,
core,2022-08-29,confirmed,0,
core,2022-08-30,confirmed,0,
core,2022-08-31,confirmed,0,
core,2022-09-01,confirmed,0,
core,2022-09-02,confirmed,0,
core,2022-09-06,confirmed,0,
core,2022-09-07,confirmed,0,
core,2022-09-08,confirmed,0,
core,2022-09-09,confirmed,0,
core,2022-09-12,confirmed,1,EIF.TO
core,2022-09-13,confirmed,0,
core,2022-09-14,confirmed,1,AAV.TO
core,2022-09-15,confirmed,0,
core,2022-09-16,confirmed,0,
core,2022-09-19,confirmed,0,
core,2022-09-20,confirmed,0,
core,2022-09-21,confirmed,0,
core,2022-09-22,confirmed,0,
core,2022-09-23,confirmed,0,
core,2022-09-26,confirmed,0,
core,2022-09-27,confirmed,0,
core,2022-09-28,confirmed,0,
core,2022-09-29,confirmed,0,
core,2022-09-30,confirmed,0,
core,2022-10-03,confirmed,0,
core,2022-10-04,confirmed,0,
core,2022-10-05,confirmed,0,
core,2022-10-06,confirmed,0,
core,2022-10-07,confirmed,0,
core,2022-10-11,confirmed,0,
core,2022-10-12,confirmed,0,
core,2022-10-13,confirmed,0,
core,2022-10-14,confirmed,0,
core,2022-10-17,confirmed,0,
core,2022-10-18,confirmed,0,
core,2022-10-19,confirmed,0,
core,2022-10-20,confirmed,0,
core,2022-10-21,confirmed,1,AGI.TO
core,2022-10-24,confirmed,0,
core,2022-10-25,confirmed,1,AGI.TO
core,2022-10-26,confirmed,0,
core,2022-10-27,confirmed,0,
core,2022-10-28,confirmed,0,
core,2022-10-31,confirmed,0,
core,2022-11-01,confirmed,0,
core,2022-11-02,confirmed,0,
core,2022-11-03,confirmed,0,
core,2022-11-04,confirmed,0,
core,2022-11-07,confirmed,0,
core,2022-11-08,confirmed,0,
core,2022-11-09,confirmed,0,
core,2022-11-10,confirmed,0,
core,2022-11-11,confirmed,0,
core,2022-11-14,confirmed,0,
core,2022-11-15,confirmed,0,
core,2022-11-16,confirmed,0,
core,2022-11-17,confirmed,0,
core,2022-11-18,confirmed,0,
core,2022-11-21,confirmed,0,
core,2022-11-22,confirmed,0,
core,2022-11-23,confirmed,0,
core,2022-11-24,confirmed,0,
core,2022-11-25,confirmed,0,
core,2022-11-28,confirmed,0,
core,2022-11-29,confirmed,0,
core,2022-11-30,confirmed,1,FM.TO
core,2022-12-01,confirmed,0,
core,2022-12-02,confirmed,0,
core,2022-12-05,confirmed,0,
core,2022-12-06,confirmed,0,
core,2022-12-07,confirmed,0,
core,2022-12-08,confirmed,0,
core,2022-12-09,confirmed,0,
core,2022-12-12,confirmed,0,
core,2022-12-13,confirmed,0,
core,2022-12-14,confirmed,0,
core,2022-12-15,confirmed,0,
core,2022-12-16,confirmed,0,
core,2022-12-19,confirmed,0,
core,2022-12-20,confirmed,0,
core,2022-12-21,confirmed,0,
core,2022-12-22,confirmed,0,
core,2022-12-23,confirmed,0,
core,2022-12-28,confirmed,0,
core,2022-12-29,confirmed,0,
core,2022-12-30,confirmed,0,
core,2023-01-03,confirmed,0,
core,2023-01-04,confirmed,0,
core,2023-01-05,confirmed,0,
core,2023-01-06,confirmed,0,
core,2023-01-09,confirmed,0,
core,2023-01-10,confirmed,0,
core,2023-01-11,confirmed,0,
core,2023-01-12,confirmed,0,
core,2023-01-13,confirmed,0,
core,2023-01-16,confirmed,0,
core,2023-01-17,confirmed,0,
core,2023-01-18,confirmed,0,
core,2023-01-19,confirmed,0,
core,2023-01-20,confirmed,0,
core,2023-01-23,confirmed,0,
core,2023-01-24,confirmed,0,
core,2023-01-25,confirmed,0,
core,2023-01-26,confirmed,0,
core,2023-01-27,confirmed,0,
core,2023-01-30,confirmed,0,
core,2023-01-31,confirmed,0,
core,2023-02-01,confirmed,0,
core,2023-02-02,confirmed,0,
core,2023-02-03,confirmed,0,
core,2023-02-06,confirmed,0,
core,2023-02-07,confirmed,0,
core,2023-02-08,confirmed,0,
core,2023-02-09,confirmed,0,
core,2023-02-10,confirmed,0,
core,2023-02-13,confirmed,0,
core,2023-02-14,confirmed,0,
core,2023-02-15,confirmed,0,
core,2023-02-16,confirmed,0,
core,2023-02-17,confirmed,0,
core,2023-02-21,confirmed,0,
core,2023-02-22,confirmed,0,
core,2023-02-23,confirmed,0,
core,2023-02-24,confirmed,0,
core,2023-02-27,confirmed,0,
core,2023-02-28,confirmed,0,
core,2023-03-01,confirmed,0,
core,2023-03-02,confirmed,0,
core,2023-03-03,confirmed,0,
core,2023-03-06,confirmed,0,
core,2023-03-07,confirmed,0,
core,2023-03-08,confirmed,0,
core,2023-03-09,confirmed,0,
core,2023-03-10,confirmed,0,
core,2023-03-13,confirmed,0,
core,2023-03-14,confirmed,0,
core,2023-03-15,confirmed,0,
core,2023-03-16,confirmed,0,
core,2023-03-17,confirmed,0,
core,2023-03-20,confirmed,0,
core,2023-03-21,confirmed,0,
core,2023-03-22,confirmed,0,
core,2023-03-23,confirmed,0,
core,2023-03-24,confirmed,0,
core,2023-03-27,confirmed,1,ATH.TO
core,2023-03-28,confirmed,1,ERO.TO
core,2023-03-29,confirmed,0,
core,2023-03-30,confirmed,0,
core,2023-03-31,confirmed,0,
core,2023-04-03,confirmed,0,
core,2023-04-04,confirmed,0,
core,2023-04-05,confirmed,0,
core,2023-04-06,confirmed,0,
core,2023-04-10,confirmed,0,
core,2023-04-11,confirmed,0,
core,2023-04-12,confirmed,0,
core,2023-04-13,confirmed,0,
core,2023-04-14,confirmed,0,
core,2023-04-17,confirmed,0,
core,2023-04-18,confirmed,0,
core,2023-04-19,confirmed,0,
core,2023-04-20,confirmed,0,
core,2023-04-21,confirmed,0,
core,2023-04-24,confirmed,0,
core,2023-04-25,confirmed,0,
core,2023-04-26,confirmed,0,
core,2023-04-27,confirmed,0,
core,2023-04-28,confirmed,0,
core,2023-05-01,confirmed,0,
core,2023-05-02,confirmed,0,
core,2023-05-03,confirmed,0,
core,2023-05-04,confirmed,0,
core,2023-05-05,confirmed,0,
core,2023-05-08,confirmed,1,CS.TO
core,2023-05-09,confirmed,0,
core,2023-05-10,confirmed,0,
core,2023-05-11,confirmed,0,
core,2023-05-12,confirmed,0,
core,2023-05-15,confirmed,0,
core,2023-05-16,confirmed,0,
core,2023-05-17,confirmed,0,
core,2023-05-18,confirmed,0,
core,2023-05-19,confirmed,0,
core,2023-05-23,confirmed,0,
core,2023-05-24,confirmed,0,
core,2023-05-25,confirmed,0,
core,2023-05-26,confirmed,0,
core,2023-05-29,confirmed,0,
core,2023-05-30,confirmed,0,
core,2023-05-31,confirmed,0,
core,2023-06-01,confirmed,0,
core,2023-06-02,confirmed,0,
core,2023-06-05,confirmed,0,
core,2023-06-06,confirmed,0,
core,2023-06-07,confirmed,0,
core,2023-06-08,confirmed,0,
core,2023-06-09,confirmed,0,
core,2023-06-12,confirmed,0,
core,2023-06-13,confirmed,0,
core,2023-06-14,confirmed,0,
core,2023-06-15,confirmed,0,
core,2023-06-16,confirmed,0,
core,2023-06-19,confirmed,0,
core,2023-06-20,confirmed,0,
core,2023-06-21,confirmed,0,
core,2023-06-22,confirmed,0,
core,2023-06-23,confirmed,0,
core,2023-06-26,confirmed,0,
core,2023-06-27,confirmed,0,
core,2023-06-28,confirmed,0,
core,2023-06-29,confirmed,0,
core,2023-06-30,confirmed,0,
core,2023-07-04,confirmed,0,
core,2023-07-05,confirmed,0,
core,2023-07-06,confirmed,0,
core,2023-07-07,confirmed,0,
core,2023-07-10,confirmed,0,
core,2023-07-11,confirmed,0,
core,2023-07-12,confirmed,0,
core,2023-07-13,confirmed,0,
core,2023-07-14,confirmed,0,
core,2023-07-17,confirmed,0,
core,2023-07-18,confirmed,0,
core,2023-07-19,confirmed,0,
core,2023-07-20,confirmed,0,
core,2023-07-21,confirmed,0,
core,2023-07-24,confirmed,0,
core,2023-07-25,confirmed,0,
core,2023-07-26,confirmed,0,
core,2023-07-27,confirmed,0,
core,2023-07-28,confirmed,0,
core,2023-07-31,confirmed,0,
core,2023-08-01,confirmed,0,
core,2023-08-02,confirmed,0,
core,2023-08-03,confirmed,0,
core,2023-08-04,confirmed,0,
core,2023-08-08,confirmed,0,
core,2023-08-09,confirmed,0,
core,2023-08-10,confirmed,0,
core,2023-08-11,confirmed,0,
core,2023-08-14,confirmed,0,
core,2023-08-15,confirmed,0,
core,2023-08-16,confirmed,0,
core,2023-08-17,confirmed,0,
core,2023-08-18,confirmed,0,
core,2023-08-21,confirmed,0,
core,2023-08-22,confirmed,0,
core,2023-08-23,confirmed,0,
core,2023-08-24,confirmed,0,
core,2023-08-25,confirmed,0,
core,2023-08-28,confirmed,0,
core,2023-08-29,confirmed,1,EQB.TO
core,2023-08-30,confirmed,0,
core,2023-08-31,confirmed,0,
core,2023-09-01,confirmed,0,
core,2023-09-05,confirmed,0,
core,2023-09-06,confirmed,0,
core,2023-09-07,confirmed,0,
core,2023-09-08,confirmed,0,
core,2023-09-11,confirmed,0,
core,2023-09-12,confirmed,0,
core,2023-09-13,confirmed,0,
core,2023-09-14,confirmed,0,
core,2023-09-15,confirmed,0,
core,2023-09-18,confirmed,0,
core,2023-09-19,confirmed,0,
core,2023-09-20,confirmed,0,
core,2023-09-21,confirmed,0,
core,2023-09-22,confirmed,0,
core,2023-09-25,confirmed,0,
core,2023-09-26,confirmed,0,
core,2023-09-27,confirmed,0,
core,2023-09-28,confirmed,0,
core,2023-09-29,confirmed,0,
core,2023-10-02,confirmed,0,
core,2023-10-03,confirmed,0,
core,2023-10-04,confirmed,0,
core,2023-10-05,confirmed,0,
core,2023-10-06,confirmed,0,
core,2023-10-10,confirmed,0,
core,2023-10-11,confirmed,0,
core,2023-10-12,confirmed,0,
core,2023-10-13,confirmed,0,
core,2023-10-16,confirmed,0,
core,2023-10-17,confirmed,0,
core,2023-10-18,confirmed,0,
core,2023-10-19,confirmed,1,EFR.TO
core,2023-10-20,confirmed,0,
core,2023-10-23,confirmed,0,
core,2023-10-24,confirmed,0,
core,2023-10-25,confirmed,0,
core,2023-10-26,confirmed,0,
core,2023-10-27,confirmed,0,
core,2023-10-30,confirmed,0,
core,2023-10-31,confirmed,0,
core,2023-11-01,confirmed,0,
core,2023-11-02,confirmed,0,
core,2023-11-03,confirmed,0,
core,2023-11-06,confirmed,0,
core,2023-11-07,confirmed,0,
core,2023-11-08,confirmed,0,
core,2023-11-09,confirmed,0,
core,2023-11-10,confirmed,0,
core,2023-11-13,confirmed,0,
core,2023-11-14,confirmed,0,
core,2023-11-15,confirmed,0,
core,2023-11-16,confirmed,0,
core,2023-11-17,confirmed,0,
core,2023-11-20,confirmed,0,
core,2023-11-21,confirmed,0,
core,2023-11-22,confirmed,0,
core,2023-11-23,confirmed,0,
core,2023-11-24,confirmed,0,
core,2023-11-27,confirmed,0,
core,2023-11-28,confirmed,0,
core,2023-11-29,confirmed,0,
core,2023-11-30,confirmed,0,
core,2023-12-01,confirmed,0,
core,2023-12-04,confirmed,0,
core,2023-12-05,confirmed,0,
core,2023-12-06,confirmed,0,
core,2023-12-07,confirmed,0,
core,2023-12-08,confirmed,0,
core,2023-12-11,confirmed,0,
core,2023-12-12,confirmed,0,
core,2023-12-13,confirmed,0,
core,2023-12-14,confirmed,0,
core,2023-12-15,confirmed,0,
core,2023-12-18,confirmed,0,
core,2023-12-19,confirmed,0,
core,2023-12-20,confirmed,0,
core,2023-12-21,confirmed,0,
core,2023-12-22,confirmed,0,
core,2023-12-27,confirmed,0,
core,2023-12-28,confirmed,0,
core,2023-12-29,confirmed,0,
core,2024-01-02,confirmed,0,
core,2024-01-03,confirmed,0,
core,2024-01-04,confirmed,0,
core,2024-01-05,confirmed,0,
core,2024-01-08,confirmed,0,
core,2024-01-09,confirmed,0,
core,2024-01-10,confirmed,0,
core,2024-01-11,confirmed,0,
core,2024-01-12,confirmed,0,
core,2024-01-15,confirmed,0,
core,2024-01-16,confirmed,0,
core,2024-01-17,confirmed,0,
core,2024-01-18,confirmed,0,
core,2024-01-19,confirmed,0,
core,2024-01-22,confirmed,0,
core,2024-01-23,confirmed,0,
core,2024-01-24,confirmed,0,
core,2024-01-25,confirmed,0,
core,2024-01-26,confirmed,0,
core,2024-01-29,confirmed,0,
core,2024-01-30,confirmed,0,
core,2024-01-31,confirmed,0,
core,2024-02-01,confirmed,0,
core,2024-02-02,confirmed,0,
core,2024-02-05,confirmed,0,
core,2024-02-06,confirmed,0,
core,2024-02-07,confirmed,0,
core,2024-02-08,confirmed,0,
core,2024-02-09,confirmed,0,
core,2024-02-12,confirmed,1,SJ.TO
core,2024-02-13,confirmed,0,
core,2024-02-14,confirmed,0,
core,2024-02-15,confirmed,0,
core,2024-02-16,confirmed,0,
core,2024-02-20,confirmed,0,
core,2024-02-21,confirmed,0,
core,2024-02-22,confirmed,0,
core,2024-02-23,confirmed,1,CURA.TO
core,2024-02-26,confirmed,0,
core,2024-02-27,confirmed,0,
core,2024-02-28,confirmed,0,
core,2024-02-29,confirmed,0,
core,2024-03-01,confirmed,0,
core,2024-03-04,confirmed,0,
core,2024-03-05,confirmed,0,
core,2024-03-06,confirmed,0,
core,2024-03-07,confirmed,0,
core,2024-03-08,confirmed,0,
core,2024-03-11,confirmed,0,
core,2024-03-12,confirmed,0,
core,2024-03-13,confirmed,0,
core,2024-03-14,confirmed,0,
core,2024-03-15,confirmed,0,
core,2024-03-18,confirmed,1,BHC.TO
core,2024-03-19,confirmed,0,
core,2024-03-20,confirmed,0,
core,2024-03-21,confirmed,0,
core,2024-03-22,confirmed,0,
core,2024-03-25,confirmed,0,
core,2024-03-26,confirmed,0,
core,2024-03-27,confirmed,0,
core,2024-03-28,confirmed,0,
core,2024-04-01,confirmed,0,
core,2024-04-02,confirmed,0,
core,2024-04-03,confirmed,0,
core,2024-04-04,confirmed,0,
core,2024-04-05,confirmed,0,
core,2024-04-08,confirmed,0,
core,2024-04-09,confirmed,0,
core,2024-04-10,confirmed,0,
core,2024-04-11,confirmed,0,
core,2024-04-12,confirmed,0,
core,2024-04-15,confirmed,0,
core,2024-04-16,confirmed,0,
core,2024-04-17,confirmed,0,
core,2024-04-18,confirmed,0,
core,2024-04-19,confirmed,0,
core,2024-04-22,confirmed,0,
core,2024-04-23,confirmed,0,
core,2024-04-24,confirmed,0,
core,2024-04-25,confirmed,0,
core,2024-04-26,confirmed,0,
core,2024-04-29,confirmed,0,
core,2024-04-30,confirmed,0,
core,2024-05-01,confirmed,0,
core,2024-05-02,confirmed,0,
core,2024-05-03,confirmed,0,
core,2024-05-06,confirmed,0,
core,2024-05-07,confirmed,0,
core,2024-05-08,confirmed,0,
core,2024-05-09,confirmed,0,
core,2024-05-10,confirmed,0,
core,2024-05-13,confirmed,0,
core,2024-05-14,confirmed,0,
core,2024-05-15,confirmed,0,
core,2024-05-16,confirmed,0,
core,2024-05-17,confirmed,0,
core,2024-05-21,confirmed,0,
core,2024-05-22,confirmed,0,
core,2024-05-23,confirmed,0,
core,2024-05-24,confirmed,0,
core,2024-05-27,confirmed,0,
core,2024-05-28,confirmed,0,
core,2024-05-29,confirmed,0,
core,2024-05-30,confirmed,0,
core,2024-05-31,confirmed,0,
core,2024-06-03,confirmed,0,
core,2024-06-04,confirmed,0,
core,2024-06-05,confirmed,0,
core,2024-06-06,confirmed,0,
core,2024-06-07,confirmed,0,
core,2024-06-10,confirmed,0,
core,2024-06-11,confirmed,0,
core,2024-06-12,confirmed,0,
core,2024-06-13,confirmed,0,
core,2024-06-14,confirmed,0,
core,2024-06-17,confirmed,0,
core,2024-06-18,confirmed,0,
core,2024-06-19,confirmed,0,
core,2024-06-20,confirmed,1,EDR.TO
core,2024-06-21,confirmed,0,
core,2024-06-24,confirmed,0,
core,2024-06-25,confirmed,0,
core,2024-06-26,confirmed,0,
core,2024-06-27,confirmed,0,
core,2024-06-28,confirmed,0,
core,2024-07-02,confirmed,0,
core,2024-07-03,confirmed,0,
core,2024-07-04,confirmed,0,
core,2024-07-05,confirmed,0,
core,2024-07-08,confirmed,0,
core,2024-07-09,confirmed,0,
core,2024-07-10,confirmed,0,
core,2024-07-11,confirmed,0,
core,2024-07-12,confirmed,0,
core,2024-07-15,confirmed,0,
core,2024-07-16,confirmed,0,
core,2024-07-17,confirmed,0,
core,2024-07-18,confirmed,0,
core,2024-07-19,confirmed,0,
core,2024-07-22,confirmed,0,
core,2024-07-23,confirmed,0,
core,2024-07-24,confirmed,0,
core,2024-07-25,confirmed,0,
core,2024-07-26,confirmed,0,
core,2024-07-29,confirmed,0,
core,2024-07-30,confirmed,0,
core,2024-07-31,confirmed,1,SKE.TO
core,2024-08-01,confirmed,0,
core,2024-08-02,confirmed,0,
core,2024-08-06,confirmed,0,
core,2024-08-07,confirmed,0,
core,2024-08-08,confirmed,0,
core,2024-08-09,confirmed,0,
core,2024-08-12,confirmed,0,
core,2024-08-13,confirmed,0,
core,2024-08-14,confirmed,0,
core,2024-08-15,confirmed,0,
core,2024-08-16,confirmed,0,
core,2024-08-19,confirmed,0,
core,2024-08-20,confirmed,0,
core,2024-08-21,confirmed,0,
core,2024-08-22,confirmed,0,
core,2024-08-23,confirmed,0,
core,2024-08-26,confirmed,0,
core,2024-08-27,confirmed,0,
core,2024-08-28,confirmed,0,
core,2024-08-29,confirmed,0,
core,2024-08-30,confirmed,0,
core,2024-09-03,confirmed,0,
core,2024-09-04,confirmed,0,
core,2024-09-05,confirmed,0,
core,2024-09-06,confirmed,0,
core,2024-09-09,confirmed,0,
core,2024-09-10,confirmed,0,
core,2024-09-11,confirmed,0,
core,2024-09-12,confirmed,0,
core,2024-09-13,confirmed,0,
core,2024-09-16,confirmed,0,
core,2024-09-17,confirmed,0,
core,2024-09-18,confirmed,0,
core,2024-09-19,confirmed,0,
core,2024-09-20,confirmed,0,
core,2024-09-23,confirmed,0,
core,2024-09-24,confirmed,0,
core,2024-09-25,confirmed,0,
core,2024-09-26,confirmed,0,
core,2024-09-27,confirmed,0,
core,2024-09-30,confirmed,0,
core,2024-10-01,confirmed,0,
core,2024-10-02,confirmed,0,
core,2024-10-03,confirmed,0,
core,2024-10-04,confirmed,0,
core,2024-10-07,confirmed,0,
core,2024-10-08,confirmed,0,
core,2024-10-09,confirmed,0,
core,2024-10-10,confirmed,0,
core,2024-10-11,confirmed,0,
core,2024-10-15,confirmed,0,
core,2024-10-16,confirmed,0,
core,2024-10-17,confirmed,0,
core,2024-10-18,confirmed,0,
core,2024-10-21,confirmed,0,
core,2024-10-22,confirmed,0,
core,2024-10-23,confirmed,0,
core,2024-10-24,confirmed,0,
core,2024-10-25,confirmed,1,WCP.TO
core,2024-10-28,confirmed,0,
core,2024-10-29,confirmed,0,
core,2024-10-30,confirmed,0,
core,2024-10-31,confirmed,0,
core,2024-11-01,confirmed,0,
core,2024-11-04,confirmed,0,
core,2024-11-05,confirmed,0,
core,2024-11-06,confirmed,0,
core,2024-11-07,confirmed,0,
core,2024-11-08,confirmed,0,
core,2024-11-11,confirmed,0,
core,2024-11-12,confirmed,2,NXE.TO|CCO.TO
core,2024-11-13,confirmed,0,
core,2024-11-14,confirmed,0,
core,2024-11-15,confirmed,0,
core,2024-11-18,confirmed,0,
core,2024-11-19,confirmed,0,
core,2024-11-20,confirmed,0,
core,2024-11-21,confirmed,0,
core,2024-11-22,confirmed,0,
core,2024-11-25,confirmed,0,
core,2024-11-26,confirmed,0,
core,2024-11-27,confirmed,0,
core,2024-11-28,confirmed,0,
core,2024-11-29,confirmed,0,
core,2024-12-02,confirmed,0,
core,2024-12-03,confirmed,0,
core,2024-12-04,confirmed,0,
core,2024-12-05,confirmed,0,
core,2024-12-06,confirmed,0,
core,2024-12-09,confirmed,0,
core,2024-12-10,confirmed,0,
core,2024-12-11,confirmed,0,
core,2024-12-12,confirmed,0,
core,2024-12-13,confirmed,0,
core,2024-12-16,confirmed,0,
core,2024-12-17,confirmed,0,
core,2024-12-18,confirmed,0,
core,2024-12-19,confirmed,0,
core,2024-12-20,confirmed,0,
core,2024-12-23,confirmed,0,
core,2024-12-24,confirmed,0,
core,2024-12-27,confirmed,0,
core,2024-12-30,confirmed,0,
core,2024-12-31,confirmed,0,
core,2025-01-02,confirmed,1,SSRM.TO
core,2025-01-03,confirmed,0,
core,2025-01-06,confirmed,2,SHOP.TO|FM.TO
core,2025-01-07,confirmed,0,
core,2025-01-08,confirmed,2,SSRM.TO|BAM.TO
core,2025-01-09,confirmed,0,
core,2025-01-10,confirmed,1,CAE.TO
core,2025-01-13,confirmed,0,
core,2025-01-14,confirmed,0,
core,2025-01-15,confirmed,1,CAE.TO
core,2025-01-16,confirmed,0,
core,2025-01-17,confirmed,0,
core,2025-01-20,confirmed,0,
core,2025-01-21,confirmed,0,
core,2025-01-22,confirmed,0,
core,2025-01-23,confirmed,0,
core,2025-01-24,confirmed,0,
core,2025-01-27,confirmed,0,
core,2025-01-28,confirmed,0,
core,2025-01-29,confirmed,0,
core,2025-01-30,confirmed,0,
core,2025-01-31,confirmed,0,
core,2025-02-03,confirmed,0,
core,2025-02-04,confirmed,0,
core,2025-02-05,confirmed,0,
core,2025-02-06,confirmed,0,
core,2025-02-07,confirmed,0,
core,2025-02-10,confirmed,0,
core,2025-02-11,confirmed,0,
core,2025-02-12,confirmed,0,
core,2025-02-13,confirmed,0,
core,2025-02-14,confirmed,0,
core,2025-02-18,confirmed,0,
core,2025-02-19,confirmed,0,
core,2025-02-20,confirmed,0,
core,2025-02-21,confirmed,0,
core,2025-02-24,confirmed,0,
core,2025-02-25,confirmed,0,
core,2025-02-26,confirmed,0,
core,2025-02-27,confirmed,0,
core,2025-02-28,confirmed,0,
core,2025-03-03,confirmed,0,
core,2025-03-04,confirmed,0,
core,2025-03-05,confirmed,0,
core,2025-03-06,confirmed,0,
core,2025-03-07,confirmed,0,
core,2025-03-10,confirmed,0,
core,2025-03-11,confirmed,0,
core,2025-03-12,confirmed,1,TXG.TO
core,2025-03-13,confirmed,0,
core,2025-03-14,confirmed,0,
core,2025-03-17,confirmed,0,
core,2025-03-18,confirmed,0,
core,2025-03-19,confirmed,0,
core,2025-03-20,confirmed,0,
core,2025-03-21,confirmed,0,
core,2025-03-24,confirmed,0,
core,2025-03-25,confirmed,0,
core,2025-03-26,confirmed,0,
core,2025-03-27,confirmed,0,
core,2025-03-28,confirmed,0,
core,2025-03-31,confirmed,0,
core,2025-04-01,confirmed,0,
core,2025-04-02,confirmed,0,
core,2025-04-03,confirmed,0,
core,2025-04-04,confirmed,0,
core,2025-04-07,confirmed,0,
core,2025-04-08,confirmed,0,
core,2025-04-09,confirmed,0,
core,2025-04-10,confirmed,0,
core,2025-04-11,confirmed,0,
core,2025-04-14,confirmed,0,
core,2025-04-15,confirmed,1,TVK.TO
core,2025-04-16,confirmed,0,
core,2025-04-17,confirmed,0,
core,2025-04-21,confirmed,0,
core,2025-04-22,confirmed,1,SPB.TO
core,2025-04-23,confirmed,0,
core,2025-04-24,confirmed,0,
core,2025-04-25,confirmed,0,
core,2025-04-28,confirmed,0,
core,2025-04-29,confirmed,0,
core,2025-04-30,confirmed,0,
core,2025-05-01,confirmed,0,
core,2025-05-02,confirmed,0,
core,2025-05-05,confirmed,0,
core,2025-05-06,confirmed,0,
core,2025-05-07,confirmed,0,
core,2025-05-08,confirmed,0,
core,2025-05-09,confirmed,0,
core,2025-05-12,confirmed,0,
core,2025-05-13,confirmed,0,
core,2025-05-14,confirmed,0,
core,2025-05-15,confirmed,0,
core,2025-05-16,confirmed,0,
core,2025-05-20,confirmed,0,
core,2025-05-21,confirmed,0,
core,2025-05-22,confirmed,0,
core,2025-05-23,confirmed,0,
core,2025-05-26,confirmed,0,
core,2025-05-27,confirmed,0,
core,2025-05-28,confirmed,0,
core,2025-05-29,confirmed,0,
core,2025-05-30,confirmed,0,
core,2025-06-02,confirmed,0,
core,2025-06-03,confirmed,0,
core,2025-06-04,confirmed,0,
core,2025-06-05,confirmed,0,
core,2025-06-06,confirmed,0,
core,2025-06-09,confirmed,0,
core,2025-06-10,confirmed,0,
core,2025-06-11,confirmed,0,
core,2025-06-12,confirmed,0,
core,2025-06-13,confirmed,0,
core,2025-06-16,confirmed,0,
core,2025-06-17,confirmed,0,
core,2025-06-18,confirmed,0,
core,2025-06-19,confirmed,0,
core,2025-06-20,confirmed,0,
core,2025-06-23,confirmed,0,
core,2025-06-24,confirmed,0,
core,2025-06-25,confirmed,0,
core,2025-06-26,confirmed,0,
core,2025-06-27,confirmed,0,
core,2025-06-30,confirmed,0,
core,2025-07-02,confirmed,0,
core,2025-07-03,confirmed,0,
core,2025-07-04,confirmed,0,
core,2025-07-07,confirmed,0,
core,2025-07-08,confirmed,1,ATH.TO
core,2025-07-09,confirmed,0,
core,2025-07-10,confirmed,0,
core,2025-07-11,confirmed,0,
core,2025-07-14,confirmed,0,
core,2025-07-15,confirmed,0,
core,2025-07-16,confirmed,0,
core,2025-07-17,confirmed,0,
core,2025-07-18,confirmed,0,
core,2025-07-21,confirmed,0,
core,2025-07-22,confirmed,1,CS.TO
core,2025-07-23,confirmed,0,
core,2025-07-24,confirmed,0,
core,2025-07-25,confirmed,0,
core,2025-07-28,confirmed,0,
core,2025-07-29,confirmed,0,
core,2025-07-30,confirmed,0,
core,2025-07-31,confirmed,0,
core,2025-08-01,confirmed,0,
core,2025-08-05,confirmed,1,NG.TO
core,2025-08-06,confirmed,0,
core,2025-08-07,confirmed,0,
core,2025-08-08,confirmed,0,
core,2025-08-11,confirmed,0,
core,2025-08-12,confirmed,0,
core,2025-08-13,confirmed,0,
core,2025-08-14,confirmed,0,
core,2025-08-15,confirmed,0,
core,2025-08-18,confirmed,0,
core,2025-08-19,confirmed,0,
core,2025-08-20,confirmed,0,
core,2025-08-21,confirmed,0,
core,2025-08-22,confirmed,0,
core,2025-08-25,confirmed,0,
core,2025-08-26,confirmed,0,
core,2025-08-27,confirmed,0,
core,2025-08-28,confirmed,0,
core,2025-08-29,confirmed,0,
core,2025-09-02,confirmed,0,
core,2025-09-03,confirmed,0,
core,2025-09-04,confirmed,0,
core,2025-09-05,confirmed,0,
core,2025-09-08,confirmed,0,
core,2025-09-09,confirmed,0,
core,2025-09-10,confirmed,0,
core,2025-09-11,confirmed,0,
core,2025-09-12,confirmed,0,
core,2025-09-15,confirmed,0,
core,2025-09-16,confirmed,0,
core,2025-09-17,confirmed,0,
core,2025-09-18,confirmed,0,
core,2025-09-19,confirmed,0,
core,2025-09-22,confirmed,0,
core,2025-09-23,confirmed,0,
core,2025-09-24,confirmed,0,
core,2025-09-25,confirmed,0,
core,2025-09-26,confirmed,0,
core,2025-09-29,confirmed,0,
core,2025-09-30,confirmed,0,
core,2025-10-01,confirmed,0,
core,2025-10-02,confirmed,1,ATRL.TO
core,2025-10-03,confirmed,0,
core,2025-10-06,confirmed,0,
core,2025-10-07,confirmed,0,
core,2025-10-08,confirmed,0,
core,2025-10-09,confirmed,0,
core,2025-10-10,confirmed,1,ATZ.TO
core,2025-10-14,confirmed,0,
core,2025-10-15,confirmed,0,
core,2025-10-16,confirmed,0,
core,2025-10-17,confirmed,0,
core,2025-10-20,confirmed,0,
core,2025-10-21,confirmed,0,
core,2025-10-22,confirmed,0,
core,2025-10-23,confirmed,0,
core,2025-10-24,confirmed,0,
core,2025-10-27,confirmed,0,
core,2025-10-28,confirmed,0,
core,2025-10-29,confirmed,0,
core,2025-10-30,confirmed,2,CG.TO|ARIS.TO
core,2025-10-31,confirmed,1,BTE.TO
core,2025-11-03,confirmed,0,
core,2025-11-04,confirmed,0,
core,2025-11-05,confirmed,0,
core,2025-11-06,confirmed,0,
core,2025-11-07,confirmed,1,OGC.TO
core,2025-11-10,confirmed,4,TXG.TO|IMG.TO|AEM.TO|SVM.TO
core,2025-11-11,confirmed,0,
core,2025-11-12,confirmed,0,
core,2025-11-13,confirmed,0,
core,2025-11-14,confirmed,0,
core,2025-11-17,confirmed,0,
core,2025-11-18,confirmed,0,
core,2025-11-19,confirmed,0,
core,2025-11-20,confirmed,0,
core,2025-11-21,confirmed,0,
core,2025-11-24,confirmed,0,
core,2025-11-25,confirmed,0,
core,2025-11-26,confirmed,0,
core,2025-11-27,confirmed,0,
core,2025-11-28,confirmed,0,
core,2025-12-01,confirmed,0,
core_volume,2022-02-18,confirmed,0,
core_volume,2022-02-22,confirmed,0,
core_volume,2022-02-23,confirmed,0,
core_volume,2022-02-24,confirmed,0,
core_volume,2022-02-25,confirmed,0,
core_volume,2022-02-28,confirmed,0,
core_volume,2022-03-01,confirmed,0,
core_volume,2022-03-02,confirmed,0,
core_volume,2022-03-03,confirmed,0,
core_volume,2022-03-04,confirmed,0,
core_volume,2022-03-07,confirmed,0,
core_volume,2022-03-08,confirmed,0,
core_volume,2022-03-09,confirmed,0,
core_volume,2022-03-10,confirmed,0,
core_volume,2022-03-11,confirmed,0,
core_volume,2022-03-14,confirmed,0,
core_volume,2022-03-15,confirmed,0,
core_volume,2022-03-16,confirmed,0,
core_volume,2022-03-17,confirmed,0,
core_volume,2022-03-18,confirmed,0,
core_volume,2022-03-21,confirmed,0,
core_volume,2022-03-22,confirmed,0,
core_volume,2022-03-23,confirmed,0,
core_volume,2022-03-24,confirmed,0,
core_volume,2022-03-25,confirmed,0,
core_volume,2022-03-28,confirmed,0,
core_volume,2022-03-29,confirmed,0,
core_volume,2022-03-30,confirmed,0,
core_volume,2022-03-31,confirmed,0,
core_volume,2022-04-01,confirmed,0,
core_volume,2022-04-04,confirmed,0,
core_volume,2022-04-05,confirmed,0,
core_volume,2022-04-06,confirmed,0,
core_volume,2022-04-07,confirmed,0,
core_volume,2022-04-08,confirmed,0,
core_volume,2022-04-11,confirmed,0,
core_volume,2022-04-12,confirmed,0,
core_volume,2022-04-13,confirmed,0,
core_volume,2022-04-14,confirmed,0,
core_volume,2022-04-18,confirmed,0,
core_volume,2022-04-19,confirmed,0,
core_volume,2022-04-20,confirmed,0,
core_volume,2022-04-21,confirmed,0,
core_volume,2022-04-22,confirmed,0,
core_volume,2022-04-25,confirmed,0,
core_volume,2022-04-26,confirmed,0,
core_volume,2022-04-27,confirmed,0,
core_volume,2022-04-28,confirmed,0,
core_volume,2022-04-29,confirmed,0,
core_volume,2022-05-02,confirmed,0,
core_volume,2022-05-03,confirmed,0,
core_volume,2022-05-04,confirmed,0,
core_volume,2022-05-05,confirmed,0,
core_volume,2022-05-06,confirmed,0,
core_volume,2022-05-09,confirmed,0,
core_volume,2022-05-10,confirmed,0,
core_volume,2022-05-11,confirmed,0,
core_volume,2022-05-12,confirmed,0,
core_volume,2022-05-13,confirmed,0,
core_volume,2022-05-16,confirmed,0,
core_volume,2022-05-17,confirmed,0,
core_volume,2022-05-18,confirmed,0,
core_volume,2022-05-19,confirmed,0,
core_volume,2022-05-20,confirmed,0,
core_volume,2022-05-24,confirmed,0,
core_volume,2022-05-25,confirmed,0,
core_volume,2022-05-26,confirmed,0,
core_volume,2022-05-27,confirmed,0,
core_volume,2022-05-30,confirmed,0,
core_volume,2022-05-31,confirmed,0,
core_volume,2022-06-01,confirmed,0,
core_volume,2022-06-02,confirmed,0,
core_volume,2022-06-03,confirmed,0,
core_volume,2022-06-06,confirmed,0,
core_volume,2022-06-07,confirmed,0,
core_volume,2022-06-08,confirmed,0,
core_volume,2022-06-09,confirmed,0,
core_volume,2022-06-10,confirmed,0,
core_volume,2022-06-13,confirmed,0,
core_volume,2022-06-14,confirmed,0,
core_volume,2022-06-15,confirmed,0,
core_volume,2022-06-16,confirmed,0,
core_volume,2022-06-17,confirmed,0,
core_volume,2022-06-20,confirmed,0,
core_volume,2022-06-21,confirmed,0,
core_volume,2022-06-22,confirmed,0,
core_volume,2022-06-23,confirmed,0,
core_volume,2022-06-24,confirmed,0,
core_volume,2022-06-27,confirmed,0,
core_volume,2022-06-28,confirmed,0,
core_volume,2022-06-29,confirmed,0,
core_volume,2022-06-30,confirmed,0,
core_volume,2022-07-04,confirmed,0,
core_volume,2022-07-05,confirmed,0,
core_volume,2022-07-06,confirmed,0,
core_volume,2022-07-07,confirmed,0,
core_volume,2022-07-08,confirmed,0,
core_volume,2022-07-11,confirmed,0,
core_volume,2022-07-12,confirmed,0,
core_volume,2022-07-13,confirmed,0,
core_volume,2022-07-14,confirmed,0,
core_volume,2022-07-15,confirmed,0,
core_volume,2022-07-18,confirmed,0,
core_volume,2022-07-19,confirmed,0,
core_volume,2022-07-20,confirmed,0,
core_volume,2022-07-21,confirmed,0,
core_volume,2022-07-22,confirmed,0,
core_volume,2022-07-25,confirmed,0,
core_volume,2022-07-26,confirmed,0,
core_volume,2022-07-27,confirmed,0,
core_volume,2022-07-28,confirmed,0,
core_volume,2022-07-29,confirmed,0,
core_volume,2022-08-02,confirmed,0,
core_volume,2022-08-03,confirmed,0,
core_volume,2022-08-04,confirmed,0,
core_volume,2022-08-05,confirmed,0,
core_volume,2022-08-08,confirmed,0,
core_volume,2022-08-09,confirmed,0,
core_volume,2022-08-10,confirmed,0,
core_volume,2022-08-11,confirmed,0,
core_volume,2022-08-12,confirmed,0,
core_volume,2022-08-15,confirmed,0,
core_volume,2022-08-16,confirmed,0,
core_volume,2022-08-17,confirmed,0,
core_volume,2022-08-18,confirmed,0,
core_volume,2022-08-19,confirmed,0,
core_volume,2022-08-22,confirmed,0,
core_volume,2022-08-23,confirmed,0,
core_volume,2022-08-24,confirmed,0,
core_volume,2022-08-25,confirmed,0,
core_volume,2022-08-26,confirmed,0,
core_volume,2022-08-29,confirmed,0,
core_volume,2022-08-30,confirmed,0,
core_volume,2022-08-31,confirmed,0,
core_volume,2022-09-01,confirmed,0,
core_volume,2022-09-02,confirmed,0,
core_volume,2022-09-06,confirmed,0,
core_volume,2022-09-07,confirmed,0,
core_volume,2022-09-08,confirmed,0,
core_volume,2022-09-09,confirmed,0,
core_volume,2022-09-12,confirmed,0,
core_volume,2022-09-13,confirmed,0,
core_volume,2022-09-14,confirmed,0,
core_volume,2022-09-15,confirmed,0,
core_volume,2022-09-16,confirmed,0,
core_volume,2022-09-19,confirmed,0,
core_volume,2022-09-20,confirmed,0,
core_volume,2022-09-21,confirmed,0,
core_volume,2022-09-22,confirmed,0,
core_volume,2022-09-23,confirmed,0,
core_volume,2022-09-26,confirmed,0,
core_volume,2022-09-27,confirmed,0,
core_volume,2022-09-28,confirmed,0,
core_volume,2022-09-29,confirmed,0,
core_volume,2022-09-30,confirmed,0,
core_volume,2022-10-03,confirmed,0,
core_volume,2022-10-04,confirmed,0,
core_volume,2022-10-05,confirmed,0,
core_volume,2022-10-06,confirmed,0,
core_volume,2022-10-07,confirmed,0,
core_volume,2022-10-11,confirmed,0,
core_volume,2022-10-12,confirmed,0,
core_volume,2022-10-13,confirmed,0,
core_volume,2022-10-14,confirmed,0,
core_volume,2022-10-17,confirmed,0,
core_volume,2022-10-18,confirmed,0,
core_volume,2022-10-19,confirmed,0,
core_volume,2022-10-20,confirmed,0,
core_volume,2022-10-21,confirmed,0,
core_volume,2022-10-24,confirmed,0,
core_volume,2022-10-25,confirmed,0,
core_volume,2022-10-26,confirmed,0,
core_volume,2022-10-27,confirmed,0,
core_volume,2022-10-28,confirmed,0,
core_volume,2022-10-31,confirmed,0,
core_volume,2022-11-01,confirmed,0,
core_volume,2022-11-02,confirmed,0,
core_volume,2022-11-03,confirmed,0,
core_volume,2022-11-04,confirmed,0,
core_volume,2022-11-07,confirmed,0,
core_volume,2022-11-08,confirmed,0,
core_volume,2022-11-09,confirmed,0,
core_volume,2022-11-10,confirmed,0,
core_volume,2022-11-11,confirmed,0,
core_volume,2022-11-14,confirmed,0,
core_volume,2022-11-15,confirmed,0,
core_volume,2022-11-16,confirmed,0,
core_volume,2022-11-17,confirmed,0,
core_volume,2022-11-18,confirmed,0,
core_volume,2022-11-21,confirmed,0,
core_volume,2022-11-22,confirmed,0,
core_volume,2022-11-23,confirmed,0,
core_volume,2022-11-24,confirmed,0,
core_volume,2022-11-25,confirmed,0,
core_volume,2022-11-28,confirmed,0,
core_volume,2022-11-29,confirmed,0,
core_volume,2022-11-30,confirmed,1,FM.TO
core_volume,2022-12-01,confirmed,0,
core_volume,2022-12-02,confirmed,0,
core_volume,2022-12-05,confirmed,0,
core_volume,2022-12-06,confirmed,0,
core_volume,2022-12-07,confirmed,0,
core_volume,2022-12-08,confirmed,0,
core_volume,2022-12-09,confirmed,0,
core_volume,2022-12-12,confirmed,0,
core_volume,2022-12-13,confirmed,0,
core_volume,2022-12-14,confirmed,0,
core_volume,2022-12-15,confirmed,0,
core_volume,2022-12-16,confirmed,0,
core_volume,2022-12-19,confirmed,0,
core_volume,2022-12-20,confirmed,0,
core_volume,2022-12-21,confirmed,0,
core_volume,2022-12-22,confirmed,0,
core_volume,2022-12-23,confirmed,0,
core_volume,2022-12-28,confirmed,0,
core_volume,2022-12-29,confirmed,0,
core_volume,2022-12-30,confirmed,0,
core_volume,2023-01-03,confirmed,0,
core_volume,2023-01-04,confirmed,0,
core_volume,2023-01-05,confirmed,0,
core_volume,2023-01-06,confirmed,0,
core_volume,2023-01-09,confirmed,0,
core_volume,2023-01-10,confirmed,0,
core_volume,2023-01-11,confirmed,0,
core_volume,2023-01-12,confirmed,0,
core_volume,2023-01-13,confirmed,0,
core_volume,2023-01-16,confirmed,0,
core_volume,2023-01-17,confirmed,0,
core_volume,2023-01-18,confirmed,0,
core_volume,2023-01-19,confirmed,0,
core_volume,2023-01-20,confirmed,0,
core_volume,2023-01-23,confirmed,0,
core_volume,2023-01-24,confirmed,0,
core_volume,2023-01-25,confirmed,0,
core_volume,2023-01-26,confirmed,0,
core_volume,2023-01-27,confirmed,0,
core_volume,2023-01-30,confirmed,0,
core_volume,2023-01-31,confirmed,0,
core_volume,2023-02-01,confirmed,0,
core_volume,2023-02-02,confirmed,0,
core_volume,2023-02-03,confirmed,0,
core_volume,2023-02-06,confirmed,0,
core_volume,2023-02-07,confirmed,0,
core_volume,2023-02-08,confirmed,0,
core_volume,2023-02-09,confirmed,0,
core_volume,2023-02-10,confirmed,0,
core_volume,2023-02-13,confirmed,0,
core_volume,2023-02-14,confirmed,0,
core_volume,2023-02-15,confirmed,0,
core_volume,2023-02-16,confirmed,0,
core_volume,2023-02-17,confirmed,0,
core_volume,2023-02-21,confirmed,0,
core_volume,2023-02-22,confirmed,0,
core_volume,2023-02-23,confirmed,0,
core_volume,2023-02-24,confirmed,0,
core_volume,2023-02-27,confirmed,0,
core_volume,2023-02-28,confirmed,0,
core_volume,2023-03-01,confirmed,0,
core_volume,2023-03-02,confirmed,0,
core_volume,2023-03-03,confirmed,0,
core_volume,2023-03-06,confirmed,0,
core_volume,2023-03-07,confirmed,0,
core_volume,2023-03-08,confirmed,0,
core_volume,2023-03-09,confirmed,0,
core_volume,2023-03-10,confirmed,0,
core_volume,2023-03-13,confirmed,0,
core_volume,2023-03-14,confirmed,0,
core_volume,2023-03-15,confirmed,0,
core_volume,2023-03-16,confirmed,0,
core_volume,2023-03-17,confirmed,0,
core_volume,2023-03-20,confirmed,0,
core_volume,2023-03-21,confirmed,0,
core_volume,2023-03-22,confirmed,0,
core_volume,2023-03-23,confirmed,0,
core_volume,2023-03-24,confirmed,0,
core_volume,2023-03-27,confirmed,0,
core_volume,2023-03-28,confirmed,0,
core_volume,2023-03-29,confirmed,0,
core_volume,2023-03-30,confirmed,0,
core_volume,2023-03-31,confirmed,0,
core_volume,2023-04-03,confirmed,0,
core_volume,2023-04-04,confirmed,0,
core_volume,2023-04-05,confirmed,0,
core_volume,2023-04-06,confirmed,0,
core_volume,2023-04-10,confirmed,0,
core_volume,2023-04-11,confirmed,0,
core_volume,2023-04-12,confirmed,0,
core_volume,2023-04-13,confirmed,0,
core_volume,2023-04-14,confirmed,0,
core_volume,2023-04-17,confirmed,0,
core_volume,2023-04-18,confirmed,0,
core_volume,2023-04-19,confirmed,0,
core_volume,2023-04-20,confirmed,0,
core_volume,2023-04-21,confirmed,0,
core_volume,2023-04-24,confirmed,0,
core_volume,2023-04-25,confirmed,0,
core_volume,2023-04-26,confirmed,0,
core_volume,2023-04-27,confirmed,0,
core_volume,2023-04-28,confirmed,0,
core_volume,2023-05-01,confirmed,0,
core_volume,2023-05-02,confirmed,0,
core_volume,2023-05-03,confirmed,0,
core_volume,2023-05-04,confirmed,0,
core_volume,2023-05-05,confirmed,0,
core_volume,2023-05-08,confirmed,0,
core_volume,2023-05-09,confirmed,0,
core_volume,2023-05-10,confirmed,0,
core_volume,2023-05-11,confirmed,0,
core_volume,2023-05-12,confirmed,0,
core_volume,2023-05-15,confirmed,0,
core_volume,2023-05-16,confirmed,0,
core_volume,2023-05-17,confirmed,0,
core_volume,2023-05-18,confirmed,0,
core_volume,2023-05-19,confirmed,0,
core_volume,2023-05-23,confirmed,0,
core_volume,2023-05-24,confirmed,0,
core_volume,2023-05-25,confirmed,0,
core_volume,2023-05-26,confirmed,0,
core_volume,2023-05-29,confirmed,0,
core_volume,2023-05-30,confirmed,0,
core_volume,2023-05-31,confirmed,0,
core_volume,2023-06-01,confirmed,0,
core_volume,2023-06-02,confirmed,0,
core_volume,2023-06-05,confirmed,0,
core_volume,2023-06-06,confirmed,0,
core_volume,2023-06-07,confirmed,0,
core_volume,2023-06-08,confirmed,0,
core_volume,2023-06-09,confirmed,0,
core_volume,2023-06-12,confirmed,0,
core_volume,2023-06-13,confirmed,0,
core_volume,2023-06-14,confirmed,0,
core_volume,2023-06-15,confirmed,0,
core_volume,2023-06-16,confirmed,0,
core_volume,2023-06-19,confirmed,0,
core_volume,2023-06-20,confirmed,0,
core_volume,2023-06-21,confirmed,0,
core_volume,2023-06-22,confirmed,0,
core_volume,2023-06-23,confirmed,0,
core_volume,2023-06-26,confirmed,0,
core_volume,2023-06-27,confirmed,0,
core_volume,2023-06-28,confirmed,0,
core_volume,2023-06-29,confirmed,0,
core_volume,2023-06-30,confirmed,0,
core_volume,2023-07-04,confirmed,0,
core_volume,2023-07-05,confirmed,0,
core_volume,2023-07-06,confirmed,0,
core_volume,2023-07-07,confirmed,0,
core_volume,2023-07-10,confirmed,0,
core_volume,2023-07-11,confirmed,0,
core_volume,2023-07-12,confirmed,0,
core_volume,2023-07-13,confirmed,0,
core_volume,2023-07-14,confirmed,0,
core_volume,2023-07-17,confirmed,0,
core_volume,2023-07-18,confirmed,0,
core_volume,2023-07-19,confirmed,0,
core_volume,2023-07-20,confirmed,0,
core_volume,2023-07-21,confirmed,0,
core_volume,2023-07-24,confirmed,0,
core_volume,2023-07-25,confirmed,0,
core_volume,2023-07-26,confirmed,0,
core_volume,2023-07-27,confirmed,0,
core_volume,2023-07-28,confirmed,0,
core_volume,2023-07-31,confirmed,0,
core_volume,2023-08-01,confirmed,0,
core_volume,2023-08-02,confirmed,0,
core_volume,2023-08-03,confirmed,0,
core_volume,2023-08-04,confirmed,0,
core_volume,2023-08-08,confirmed,0,
core_volume,2023-08-09,confirmed,0,
core_volume,2023-08-10,confirmed,0,
core_volume,2023-08-11,confirmed,0,
core_volume,2023-08-14,confirmed,0,
core_volume,2023-08-15,confirmed,0,
core_volume,2023-08-16,confirmed,0,
core_volume,2023-08-17,confirmed,0,
core_volume,2023-08-18,confirmed,0,
core_volume,2023-08-21,confirmed,0,
core_volume,2023-08-22,confirmed,0,
core_volume,2023-08-23,confirmed,0,
core_volume,2023-08-24,confirmed,0,
core_volume,2023-08-25,confirmed,0,
core_volume,2023-08-28,confirmed,0,
core_volume,2023-08-29,confirmed,0,
core_volume,2023-08-30,confirmed,0,
core_volume,2023-08-31,confirmed,0,
core_volume,2023-09-01,confirmed,0,
core_volume,2023-09-05,confirmed,0,
core_volume,2023-09-06,confirmed,0,
core_volume,2023-09-07,confirmed,0,
core_volume,2023-09-08,confirmed,0,
core_volume,2023-09-11,confirmed,0,
core_volume,2023-09-12,confirmed,0,
core_volume,2023-09-13,confirmed,0,
core_volume,2023-09-14,confirmed,0,
core_volume,2023-09-15,confirmed,0,
core_volume,2023-09-18,confirmed,0,
core_volume,2023-09-19,confirmed,0,
core_volume,2023-09-20,confirmed,0,
core_volume,2023-09-21,confirmed,0,
core_volume,2023-09-22,confirmed,0,
core_volume,2023-09-25,confirmed,0,
core_volume,2023-09-26,confirmed,0,
core_volume,2023-09-27,confirmed,0,
core_volume,2023-09-28,confirmed,0,
core_volume,2023-09-29,confirmed,0,
core_volume,2023-10-02,confirmed,0,
core_volume,2023-10-03,confirmed,0,
core_volume,2023-10-04,confirmed,0,
core_volume,2023-10-05,confirmed,0,
core_volume,2023-10-06,confirmed,0,
core_volume,2023-10-10,confirmed,0,
core_volume,2023-10-11,confirmed,0,
core_volume,2023-10-12,confirmed,0,
core_volume,2023-10-13,confirmed,0,
core_volume,2023-10-16,confirmed,0,
core_volume,2023-10-17,confirmed,0,
core_volume,2023-10-18,confirmed,0,
core_volume,2023-10-19,confirmed,0,
core_volume,2023-10-20,confirmed,0,
core_volume,2023-10-23,confirmed,0,
core_volume,2023-10-24,confirmed,0,
core_volume,2023-10-25,confirmed,0,
core_volume,2023-10-26,confirmed,0,
core_volume,2023-10-27,confirmed,0,
core_volume,2023-10-30,confirmed,0,
core_volume,2023-10-31,confirmed,0,
core_volume,2023-11-01,confirmed,0,
core_volume,2023-11-02,confirmed,0,
core_volume,2023-11-03,confirmed,0,
core_volume,2023-11-06,confirmed,0,
core_volume,2023-11-07,confirmed,0,
core_volume,2023-11-08,confirmed,0,
core_volume,2023-11-09,confirmed,0,
core_volume,2023-11-10,confirmed,0,
core_volume,2023-11-13,confirmed,0,
core_volume,2023-11-14,confirmed,0,
core_volume,2023-11-15,confirmed,0,
core_volume,2023-11-16,confirmed,0,
core_volume,2023-11-17,confirmed,0,
core_volume,2023-11-20,confirmed,0,
core_volume,2023-11-21,confirmed,0,
core_volume,2023-11-22,confirmed,0,
core_volume,2023-11-23,confirmed,0,
core_volume,2023-11-24,confirmed,0,
core_volume,2023-11-27,confirmed,0,
core_volume,2023-11-28,confirmed,0,
core_volume,2023-11-29,confirmed,0,
core_volume,2023-11-30,confirmed,0,
core_volume,2023-12-01,confirmed,0,
core_volume,2023-12-04,confirmed,0,
core_volume,2023-12-05,confirmed,0,
core_volume,2023-12-06,confirmed,0,
core_volume,2023-12-07,confirmed,0,
core_volume,2023-12-08,confirmed,0,
core_volume,2023-12-11,confirmed,0,
core_volume,2023-12-12,confirmed,0,
core_volume,2023-12-13,confirmed,0,
core_volume,2023-12-14,confirmed,0,
core_volume,2023-12-15,confirmed,0,
core_volume,2023-12-18,confirmed,0,
core_volume,2023-12-19,confirmed,0,
core_volume,2023-12-20,confirmed,0,
core_volume,2023-12-21,confirmed,0,
core_volume,2023-12-22,confirmed,0,
core_volume,2023-12-27,confirmed,0,
core_volume,2023-12-28,confirmed,0,
core_volume,2023-12-29,confirmed,0,
core_volume,2024-01-02,confirmed,0,
core_volume,2024-01-03,confirmed,0,
core_volume,2024-01-04,confirmed,0,
core_volume,2024-01-05,confirmed,0,
core_volume,2024-01-08,confirmed,0,
core_volume,2024-01-09,confirmed,0,
core_volume,2024-01-10,confirmed,0,
core_volume,2024-01-11,confirmed,0,
core_volume,2024-01-12,confirmed,0,
core_volume,2024-01-15,confirmed,0,
core_volume,2024-01-16,confirmed,0,
core_volume,2024-01-17,confirmed,0,
core_volume,2024-01-18,confirmed,0,
core_volume,2024-01-19,confirmed,0,
core_volume,2024-01-22,confirmed,0,
core_volume,2024-01-23,confirmed,0,
core_volume,2024-01-24,confirmed,0,
core_volume,2024-01-25,confirmed,0,
core_volume,2024-01-26,confirmed,0,
core_volume,2024-01-29,confirmed,0,
core_volume,2024-01-30,confirmed,0,
core_volume,2024-01-31,confirmed,0,
core_volume,2024-02-01,confirmed,0,
core_volume,2024-02-02,confirmed,0,
core_volume,2024-02-05,confirmed,0,
core_volume,2024-02-06,confirmed,0,
core_volume,2024-02-07,confirmed,0,
core_volume,2024-02-08,confirmed,0,
core_volume,2024-02-09,confirmed,0,
core_volume,2024-02-12,confirmed,1,SJ.TO
core_volume,2024-02-13,confirmed,0,
core_volume,2024-02-14,confirmed,0,
core_volume,2024-02-15,confirmed,0,
core_volume,2024-02-16,confirmed,0,
core_volume,2024-02-20,confirmed,0,
core_volume,2024-02-21,confirmed,0,
core_volume,2024-02-22,confirmed,0,
core_volume,2024-02-23,confirmed,1,CURA.TO
core_volume,2024-02-26,confirmed,0,
core_volume,2024-02-27,confirmed,0,
core_volume,2024-02-28,confirmed,0,
core_volume,2024-02-29,confirmed,0,
core_volume,2024-03-01,confirmed,0,
core_volume,2024-03-04,confirmed,0,
core_volume,2024-03-05,confirmed,0,
core_volume,2024-03-06,confirmed,0,
core_volume,2024-03-07,confirmed,0,
core_volume,2024-03-08,confirmed,0,
core_volume,2024-03-11,confirmed,0,
core_volume,2024-03-12,confirmed,0,
core_volume,2024-03-13,confirmed,0,
core_volume,2024-03-14,confirmed,0,
core_volume,2024-03-15,confirmed,0,
core_volume,2024-03-18,confirmed,0,
core_volume,2024-03-19,confirmed,0,
core_volume,2024-03-20,confirmed,0,
core_volume,2024-03-21,confirmed,0,
core_volume,2024-03-22,confirmed,0,
core_volume,2024-03-25,confirmed,0,
core_volume,2024-03-26,confirmed,0,
core_volume,2024-03-27,confirmed,0,
core_volume,2024-03-28,confirmed,0,
core_volume,2024-04-01,confirmed,0,
core_volume,2024-04-02,confirmed,0,
core_volume,2024-04-03,confirmed,0,
core_volume,2024-04-04,confirmed,0,
core_volume,2024-04-05,confirmed,0,
core_volume,2024-04-08,confirmed,0,
core_volume,2024-04-09,confirmed,0,
core_volume,2024-04-10,confirmed,0,
core_volume,2024-04-11,confirmed,0,
core_volume,2024-04-12,confirmed,0,
core_volume,2024-04-15,confirmed,0,
core_volume,2024-04-16,confirmed,0,
core_volume,2024-04-17,confirmed,0,
core_volume,2024-04-18,confirmed,0,
core_volume,2024-04-19,confirmed,0,
core_volume,2024-04-22,confirmed,0,
core_volume,2024-04-23,confirmed,0,
core_volume,2024-04-24,confirmed,0,
core_volume,2024-04-25,confirmed,0,
core_volume,2024-04-26,confirmed,0,
core_volume,2024-04-29,confirmed,0,
core_volume,2024-04-30,confirmed,0,
core_volume,2024-05-01,confirmed,0,
core_volume,2024-05-02,confirmed,0,
core_volume,2024-05-03,confirmed,0,
core_volume,2024-05-06,confirmed,0,
core_volume,2024-05-07,confirmed,0,
core_volume,2024-05-08,confirmed,0,
core_volume,2024-05-09,confirmed,0,
core_volume,2024-05-10,confirmed,0,
core_volume,2024-05-13,confirmed,0,
core_volume,2024-05-14,confirmed,0,
core_volume,2024-05-15,confirmed,0,
core_volume,2024-05-16,confirmed,0,
core_volume,2024-05-17,confirmed,0,
core_volume,2024-05-21,confirmed,0,
core_volume,2024-05-22,confirmed,0,
core_volume,2024-05-23,confirmed,0,
core_volume,2024-05-24,confirmed,0,
core_volume,2024-05-27,confirmed,0,
core_volume,2024-05-28,confirmed,0,
core_volume,2024-05-29,confirmed,0,
core_volume,2024-05-30,confirmed,0,
core_volume,2024-05-31,confirmed,0,
core_volume,2024-06-03,confirmed,0,
core_volume,2024-06-04,confirmed,0,
core_volume,2024-06-05,confirmed,0,
core_volume,2024-06-06,confirmed,0,
core_volume,2024-06-07,confirmed,0,
core_volume,2024-06-10,confirmed,0,
core_volume,2024-06-11,confirmed,0,
core_volume,2024-06-12,confirmed,0,
core_volume,2024-06-13,confirmed,0,
core_volume,2024-06-14,confirmed,0,
core_volume,2024-06-17,confirmed,0,
core_volume,2024-06-18,confirmed,0,
core_volume,2024-06-19,confirmed,0,
core_volume,2024-06-20,confirmed,0,
core_volume,2024-06-21,confirmed,0,
core_volume,2024-06-24,confirmed,0,
core_volume,2024-06-25,confirmed,0,
core_volume,2024-06-26,confirmed,0,
core_volume,2024-06-27,confirmed,0,
core_volume,2024-06-28,confirmed,0,
core_volume,2024-07-02,confirmed,0,
core_volume,2024-07-03,confirmed,0,
core_volume,2024-07-04,confirmed,0,
core_volume,2024-07-05,confirmed,0,
core_volume,2024-07-08,confirmed,0,
core_volume,2024-07-09,confirmed,0,
core_volume,2024-07-10,confirmed,0,
core_volume,2024-07-11,confirmed,0,
core_volume,2024-07-12,confirmed,0,
core_volume,2024-07-15,confirmed,0,
core_volume,2024-07-16,confirmed,0,
core_volume,2024-07-17,confirmed,0,
core_volume,2024-07-18,confirmed,0,
core_volume,2024-07-19,confirmed,0,
core_volume,2024-07-22,confirmed,0,
core_volume,2024-07-23,confirmed,0,
core_volume,2024-07-24,confirmed,0,
core_volume,2024-07-25,confirmed,0,
core_volume,2024-07-26,confirmed,0,
core_volume,2024-07-29,confirmed,0,
core_volume,2024-07-30,confirmed,0,
core_volume,2024-07-31,confirmed,1,SKE.TO
core_volume,2024-08-01,confirmed,0,
core_volume,2024-08-02,confirmed,0,
core_volume,2024-08-06,confirmed,0,
core_volume,2024-08-07,confirmed,0,
core_volume,2024-08-08,confirmed,0,
core_volume,2024-08-09,confirmed,0,
core_volume,2024-08-12,confirmed,0,
core_volume,2024-08-13,confirmed,0,
core_volume,2024-08-14,confirmed,0,
core_volume,2024-08-15,confirmed,0,
core_volume,2024-08-16,confirmed,0,
core_volume,2024-08-19,confirmed,0,
core_volume,2024-08-20,confirmed,0,
core_volume,2024-08-21,confirmed,0,
core_volume,2024-08-22,confirmed,0,
core_volume,2024-08-23,confirmed,0,
core_volume,2024-08-26,confirmed,0,
core_volume,2024-08-27,confirmed,0,
core_volume,2024-08-28,confirmed,0,
core_volume,2024-08-29,confirmed,0,
core_volume,2024-08-30,confirmed,0,
core_volume,2024-09-03,confirmed,0,
core_volume,2024-09-04,confirmed,0,
core_volume,2024-09-05,confirmed,0,
core_volume,2024-09-06,confirmed,0,
core_volume,2024-09-09,confirmed,0,
core_volume,2024-09-10,confirmed,0,
core_volume,2024-09-11,confirmed,0,
core_volume,2024-09-12,confirmed,0,
core_volume,2024-09-13,confirmed,0,
core_volume,2024-09-16,confirmed,0,
core_volume,2024-09-17,confirmed,0,
core_volume,2024-09-18,confirmed,0,
core_volume,2024-09-19,confirmed,0,
core_volume,2024-09-20,confirmed,0,
core_volume,2024-09-23,confirmed,0,
core_volume,2024-09-24,confirmed,0,
core_volume,2024-09-25,confirmed,0,
core_volume,2024-09-26,confirmed,0,
core_volume,2024-09-27,confirmed,0,
core_volume,2024-09-30,confirmed,0,
core_volume,2024-10-01,confirmed,0,
core_volume,2024-10-02,confirmed,0,
core_volume,2024-10-03,confirmed,0,
core_volume,2024-10-04,confirmed,0,
core_volume,2024-10-07,confirmed,0,
core_volume,2024-10-08,confirmed,0,
core_volume,2024-10-09,confirmed,0,
core_volume,2024-10-10,confirmed,0,
core_volume,2024-10-11,confirmed,0,
core_volume,2024-10-15,confirmed,0,
core_volume,2024-10-16,confirmed,0,
core_volume,2024-10-17,confirmed,0,
core_volume,2024-10-18,confirmed,0,
core_volume,2024-10-21,confirmed,0,
core_volume,2024-10-22,confirmed,0,
core_volume,2024-10-23,confirmed,0,
core_volume,2024-10-24,confirmed,0,
core_volume,2024-10-25,confirmed,0,
core_volume,2024-10-28,confirmed,0,
core_volume,2024-10-29,confirmed,0,
core_volume,2024-10-30,confirmed,0,
core_volume,2024-10-31,confirmed,0,
core_volume,2024-11-01,confirmed,0,
core_volume,2024-11-04,confirmed,0,
core_volume,2024-11-05,confirmed,0,
core_volume,2024-11-06,confirmed,0,
core_volume,2024-11-07,confirmed,0,
core_volume,2024-11-08,confirmed,0,
core_volume,2024-11-11,confirmed,0,
core_volume,2024-11-12,confirmed,2,NXE.TO|CCO.TO
core_volume,2024-11-13,confirmed,0,
core_volume,2024-11-14,confirmed,0,
core_volume,2024-11-15,confirmed,0,
core_volume,2024-11-18,confirmed,0,
core_volume,2024-11-19,confirmed,0,
core_volume,2024-11-20,confirmed,0,
core_volume,2024-11-21,confirmed,0,
core_volume,2024-11-22,confirmed,0,
core_volume,2024-11-25,confirmed,0,
core_volume,2024-11-26,confirmed,0,
core_volume,2024-11-27,confirmed,0,
core_volume,2024-11-28,confirmed,0,
core_volume,2024-11-29,confirmed,0,
core_volume,2024-12-02,confirmed,0,
core_volume,2024-12-03,confirmed,0,
core_volume,2024-12-04,confirmed,0,
core_volume,2024-12-05,confirmed,0,
core_volume,2024-12-06,confirmed,0,
core_volume,2024-12-09,confirmed,0,
core_volume,2024-12-10,confirmed,0,
core_volume,2024-12-11,confirmed,0,
core_volume,2024-12-12,confirmed,0,
core_volume,2024-12-13,confirmed,0,
core_volume,2024-12-16,confirmed,0,
core_volume,2024-12-17,confirmed,0,
core_volume,2024-12-18,confirmed,0,
core_volume,2024-12-19,confirmed,0,
core_volume,2024-12-20,confirmed,0,
core_volume,2024-12-23,confirmed,0,
core_volume,2024-12-24,confirmed,0,
core_volume,2024-12-27,confirmed,0,
core_volume,2024-12-30,confirmed,0,
core_volume,2024-12-31,confirmed,0,
core_volume,2025-01-02,confirmed,0,
core_volume,2025-01-03,confirmed,0,
core_volume,2025-01-06,confirmed,0,
core_volume,2025-01-07,confirmed,0,
core_volume,2025-01-08,confirmed,0,
core_volume,2025-01-09,confirmed,0,
core_volume,2025-01-10,confirmed,0,
core_volume,2025-01-13,confirmed,0,
core_volume,2025-01-14,confirmed,0,
core_volume,2025-01-15,confirmed,0,
core_volume,2025-01-16,confirmed,0,
core_volume,2025-01-17,confirmed,0,
core_volume,2025-01-20,confirmed,0,
core_volume,2025-01-21,confirmed,0,
core_volume,2025-01-22,confirmed,0,
core_volume,2025-01-23,confirmed,0,
core_volume,2025-01-24,confirmed,0,
core_volume,2025-01-27,confirmed,0,
core_volume,2025-01-28,confirmed,0,
core_volume,2025-01-29,confirmed,0,
core_volume,2025-01-30,confirmed,0,
core_volume,2025-01-31,confirmed,0,
core_volume,2025-02-03,confirmed,0,
core_volume,2025-02-04,confirmed,0,
core_volume,2025-02-05,confirmed,0,
core_volume,2025-02-06,confirmed,0,
core_volume,2025-02-07,confirmed,0,
core_volume,2025-02-10,confirmed,0,
core_volume,2025-02-11,confirmed,0,
core_volume,2025-02-12,confirmed,0,
core_volume,2025-02-13,confirmed,0,
core_volume,2025-02-14,confirmed,0,
core_volume,2025-02-18,confirmed,0,
core_volume,2025-02-19,confirmed,0,
core_volume,2025-02-20,confirmed,0,
core_volume,2025-02-21,confirmed,0,
core_volume,2025-02-24,confirmed,0,
core_volume,2025-02-25,confirmed,0,
core_volume,2025-02-26,confirmed,0,
core_volume,2025-02-27,confirmed,0,
core_volume,2025-02-28,confirmed,0,
core_volume,2025-03-03,confirmed,0,
core_volume,2025-03-04,confirmed,0,
core_volume,2025-03-05,confirmed,0,
core_volume,2025-03-06,confirmed,0,
core_volume,2025-03-07,confirmed,0,
core_volume,2025-03-10,confirmed,0,
core_volume,2025-03-11,confirmed,0,
core_volume,2025-03-12,confirmed,0,
core_volume,2025-03-13,confirmed,0,
core_volume,2025-03-14,confirmed,0,
core_volume,2025-03-17,confirmed,0,
core_volume,2025-03-18,confirmed,0,
core_volume,2025-03-19,confirmed,0,
core_volume,2025-03-20,confirmed,0,
core_volume,2025-03-21,confirmed,0,
core_volume,2025-03-24,confirmed,0,
core_volume,2025-03-25,confirmed,0,
core_volume,2025-03-26,confirmed,0,
core_volume,2025-03-27,confirmed,0,
core_volume,2025-03-28,confirmed,0,
core_volume,2025-03-31,confirmed,0,
core_volume,2025-04-01,confirmed,0,
core_volume,2025-04-02,confirmed,0,
core_volume,2025-04-03,confirmed,0,
core_volume,2025-04-04,confirmed,0,
core_volume,2025-04-07,confirmed,0,
core_volume,2025-04-08,confirmed,0,
core_volume,2025-04-09,confirmed,0,
core_volume,2025-04-10,confirmed,0,
core_volume,2025-04-11,confirmed,0,
core_volume,2025-04-14,confirmed,0,
core_volume,2025-04-15,confirmed,0,
core_volume,2025-04-16,confirmed,0,
core_volume,2025-04-17,confirmed,0,
core_volume,2025-04-21,confirmed,0,
core_volume,2025-04-22,confirmed,0,
core_volume,2025-04-23,confirmed,0,
core_volume,2025-04-24,confirmed,0,
core_volume,2025-04-25,confirmed,0,
core_volume,2025-04-28,confirmed,0,
core_volume,2025-04-29,confirmed,0,
core_volume,2025-04-30,confirmed,0,
core_volume,2025-05-01,confirmed,0,
core_volume,2025-05-02,confirmed,0,
core_volume,2025-05-05,confirmed,0,
core_volume,2025-05-06,confirmed,0,
core_volume,2025-05-07,confirmed,0,
core_volume,2025-05-08,confirmed,0,
core_volume,2025-05-09,confirmed,0,
core_volume,2025-05-12,confirmed,0,
core_volume,2025-05-13,confirmed,0,
core_volume,2025-05-14,confirmed,0,
core_volume,2025-05-15,confirmed,0,
core_volume,2025-05-16,confirmed,0,
core_volume,2025-05-20,confirmed,0,
core_volume,2025-05-21,confirmed,0,
core_volume,2025-05-22,confirmed,0,
core_volume,2025-05-23,confirmed,0,
core_volume,2025-05-26,confirmed,0,
core_volume,2025-05-27,confirmed,0,
core_volume,2025-05-28,confirmed,0,
core_volume,2025-05-29,confirmed,0,
core_volume,2025-05-30,confirmed,0,
core_volume,2025-06-02,confirmed,0,
core_volume,2025-06-03,confirmed,0,
core_volume,2025-06-04,confirmed,0,
core_volume,2025-06-05,confirmed,0,
core_volume,2025-06-06,confirmed,0,
core_volume,2025-06-09,confirmed,0,
core_volume,2025-06-10,confirmed,0,
core_volume,2025-06-11,confirmed,0,
core_volume,2025-06-12,confirmed,0,
core_volume,2025-06-13,confirmed,0,
core_volume,2025-06-16,confirmed,0,
core_volume,2025-06-17,confirmed,0,
core_volume,2025-06-18,confirmed,0,
core_volume,2025-06-19,confirmed,0,
core_volume,2025-06-20,confirmed,0,
core_volume,2025-06-23,confirmed,0,
core_volume,2025-06-24,confirmed,0,
core_volume,2025-06-25,confirmed,0,
core_volume,2025-06-26,confirmed,0,
core_volume,2025-06-27,confirmed,0,
core_volume,2025-06-30,confirmed,0,
core_volume,2025-07-02,confirmed,0,
core_volume,2025-07-03,confirmed,0,
core_volume,2025-07-04,confirmed,0,
core_volume,2025-07-07,confirmed,0,
core_volume,2025-07-08,confirmed,0,
core_volume,2025-07-09,confirmed,0,
core_volume,2025-07-10,confirmed,0,
core_volume,2025-07-11,confirmed,0,
core_volume,2025-07-14,confirmed,0,
core_volume,2025-07-15,confirmed,0,
core_volume,2025-07-16,confirmed,0,
core_volume,2025-07-17,confirmed,0,
core_volume,2025-07-18,confirmed,0,
core_volume,2025-07-21,confirmed,0,
core_volume,2025-07-22,confirmed,1,CS.TO
core_volume,2025-07-23,confirmed,0,
core_volume,2025-07-24,confirmed,0,
core_volume,2025-07-25,confirmed,0,
core_volume,2025-07-28,confirmed,0,
core_volume,2025-07-29,confirmed,0,
core_volume,2025-07-30,confirmed,0,
core_volume,2025-07-31,confirmed,0,
core_volume,2025-08-01,confirmed,0,
core_volume,2025-08-05,confirmed,1,NG.TO
core_volume,2025-08-06,confirmed,0,
core_volume,2025-08-07,confirmed,0,
core_volume,2025-08-08,confirmed,0,
core_volume,2025-08-11,confirmed,0,
core_volume,2025-08-12,confirmed,0,
core_volume,2025-08-13,confirmed,0,
core_volume,2025-08-14,confirmed,0,
core_volume,2025-08-15,confirmed,0,
core_volume,2025-08-18,confirmed,0,
core_volume,2025-08-19,confirmed,0,
core_volume,2025-08-20,confirmed,0,
core_volume,2025-08-21,confirmed,0,
core_volume,2025-08-22,confirmed,0,
core_volume,2025-08-25,confirmed,0,
core_volume,2025-08-26,confirmed,0,
core_volume,2025-08-27,confirmed,0,
core_volume,2025-08-28,confirmed,0,
core_volume,2025-08-29,confirmed,0,
core_volume,2025-09-02,confirmed,0,
core_volume,2025-09-03,confirmed,0,
core_volume,2025-09-04,confirmed,0,
core_volume,2025-09-05,confirmed,0,
core_volume,2025-09-08,confirmed,0,
core_volume,2025-09-09,confirmed,0,
core_volume,2025-09-10,confirmed,0,
core_volume,2025-09-11,confirmed,0,
core_volume,2025-09-12,confirmed,0,
core_volume,2025-09-15,confirmed,0,
core_volume,2025-09-16,confirmed,0,
core_volume,2025-09-17,confirmed,0,
core_volume,2025-09-18,confirmed,0,
core_volume,2025-09-19,confirmed,0,
core_volume,2025-09-22,confirmed,0,
core_volume,2025-09-23,confirmed,0,
core_volume,2025-09-24,confirmed,0,
core_volume,2025-09-25,confirmed,0,
core_volume,2025-09-26,confirmed,0,
core_volume,2025-09-29,confirmed,0,
core_volume,2025-09-30,confirmed,0,
core_volume,2025-10-01,confirmed,0,
core_volume,2025-10-02,confirmed,0,
core_volume,2025-10-03,confirmed,0,
core_volume,2025-10-06,confirmed,0,
core_volume,2025-10-07,confirmed,0,
core_volume,2025-10-08,confirmed,0,
core_volume,2025-10-09,confirmed,0,
core_volume,2025-10-10,confirmed,1,ATZ.TO
core_volume,2025-10-14,confirmed,0,
core_volume,2025-10-15,confirmed,0,
core_volume,2025-10-16,confirmed,0,
core_volume,2025-10-17,confirmed,0,
core_volume,2025-10-20,confirmed,0,
core_volume,2025-10-21,confirmed,0,
core_volume,2025-10-22,confirmed,0,
core_volume,2025-10-23,confirmed,0,
core_volume,2025-10-24,confirmed,0,
core_volume,2025-10-27,confirmed,0,
core_volume,2025-10-28,confirmed,0,
core_volume,2025-10-29,confirmed,0,
core_volume,2025-10-30,confirmed,0,
core_volume,2025-10-31,confirmed,1,BTE.TO
core_volume,2025-11-03,confirmed,0,
core_volume,2025-11-04,confirmed,0,
core_volume,2025-11-05,confirmed,0,
core_volume,2025-11-06,confirmed,0,
core_volume,2025-11-07,confirmed,0,
core_volume,2025-11-10,confirmed,0,
core_volume,2025-11-11,confirmed,0,
core_volume,2025-11-12,confirmed,0,
core_volume,2025-11-13,confirmed,0,
core_volume,2025-11-14,confirmed,0,
core_volume,2025-11-17,confirmed,0,
core_volume,2025-11-18,confirmed,0,
core_volume,2025-11-19,confirmed,0,
core_volume,2025-11-20,confirmed,0,
core_volume,2025-11-21,confirmed,0,
core_volume,2025-11-24,confirmed,0,
core_volume,2025-11-25,confirmed,0,
core_volume,2025-11-26,confirmed,0,
core_volume,2025-11-27,confirmed,0,
core_volume,2025-11-28,confirmed,0,
core_volume,2025-12-01,confirmed,0,
core_market,2022-02-18,confirmed,0,
core_market,2022-02-22,confirmed,0,
core_market,2022-02-23,confirmed,0,
core_market,2022-02-24,confirmed,0,
core_market,2022-02-25,confirmed,0,
core_market,2022-02-28,confirmed,0,
core_market,2022-03-01,confirmed,0,
core_market,2022-03-02,confirmed,0,
core_market,2022-03-03,confirmed,0,
core_market,2022-03-04,confirmed,0,
core_market,2022-03-07,confirmed,0,
core_market,2022-03-08,confirmed,0,
core_market,2022-03-09,confirmed,0,
core_market,2022-03-10,confirmed,0,
core_market,2022-03-11,confirmed,0,
core_market,2022-03-14,confirmed,0,
core_market,2022-03-15,confirmed,0,
core_market,2022-03-16,confirmed,0,
core_market,2022-03-17,confirmed,0,
core_market,2022-03-18,confirmed,0,
core_market,2022-03-21,confirmed,0,
core_market,2022-03-22,confirmed,0,
core_market,2022-03-23,confirmed,0,
core_market,2022-03-24,confirmed,0,
core_market,2022-03-25,confirmed,0,
core_market,2022-03-28,confirmed,0,
core_market,2022-03-29,confirmed,0,
core_market,2022-03-30,confirmed,0,
core_market,2022-03-31,confirmed,0,
core_market,2022-04-01,confirmed,0,
core_market,2022-04-04,confirmed,0,
core_market,2022-04-05,confirmed,0,
core_market,2022-04-06,confirmed,0,
core_market,2022-04-07,confirmed,0,
core_market,2022-04-08,confirmed,0,
core_market,2022-04-11,confirmed,0,
core_market,2022-04-12,confirmed,0,
core_market,2022-04-13,confirmed,0,
core_market,2022-04-14,confirmed,0,
core_market,2022-04-18,confirmed,0,
core_market,2022-04-19,confirmed,0,
core_market,2022-04-20,confirmed,0,
core_market,2022-04-21,confirmed,0,
core_market,2022-04-22,confirmed,0,
core_market,2022-04-25,confirmed,0,
core_market,2022-04-26,confirmed,0,
core_market,2022-04-27,confirmed,0,
core_market,2022-04-28,confirmed,0,
core_market,2022-04-29,confirmed,0,
core_market,2022-05-02,confirmed,0,
core_market,2022-05-03,confirmed,0,
core_market,2022-05-04,confirmed,0,
core_market,2022-05-05,confirmed,0,
core_market,2022-05-06,confirmed,0,
core_market,2022-05-09,confirmed,0,
core_market,2022-05-10,confirmed,0,
core_market,2022-05-11,confirmed,0,
core_market,2022-05-12,confirmed,0,
core_market,2022-05-13,confirmed,0,
core_market,2022-05-16,confirmed,0,
core_market,2022-05-17,confirmed,0,
core_market,2022-05-18,confirmed,0,
core_market,2022-05-19,confirmed,0,
core_market,2022-05-20,confirmed,0,
core_market,2022-05-24,confirmed,0,
core_market,2022-05-25,confirmed,0,
core_market,2022-05-26,confirmed,0,
core_market,2022-05-27,confirmed,0,
core_market,2022-05-30,confirmed,0,
core_market,2022-05-31,confirmed,0,
core_market,2022-06-01,confirmed,0,
core_market,2022-06-02,confirmed,0,
core_market,2022-06-03,confirmed,0,
core_market,2022-06-06,confirmed,0,
core_market,2022-06-07,confirmed,0,
core_market,2022-06-08,confirmed,0,
core_market,2022-06-09,confirmed,0,
core_market,2022-06-10,confirmed,0,
core_market,2022-06-13,confirmed,0,
core_market,2022-06-14,confirmed,0,
core_market,2022-06-15,confirmed,0,
core_market,2022-06-16,confirmed,0,
core_market,2022-06-17,confirmed,0,
core_market,2022-06-20,confirmed,0,
core_market,2022-06-21,confirmed,0,
core_market,2022-06-22,confirmed,0,
core_market,2022-06-23,confirmed,0,
core_market,2022-06-24,confirmed,0,
core_market,2022-06-27,confirmed,0,
core_market,2022-06-28,confirmed,0,
core_market,2022-06-29,confirmed,0,
core_market,2022-06-30,confirmed,0,
core_market,2022-07-04,confirmed,0,
core_market,2022-07-05,confirmed,0,
core_market,2022-07-06,confirmed,0,
core_market,2022-07-07,confirmed,0,
core_market,2022-07-08,confirmed,0,
core_market,2022-07-11,confirmed,0,
core_market,2022-07-12,confirmed,0,
core_market,2022-07-13,confirmed,0,
core_market,2022-07-14,confirmed,0,
core_market,2022-07-15,confirmed,0,
core_market,2022-07-18,confirmed,0,
core_market,2022-07-19,confirmed,0,
core_market,2022-07-20,confirmed,0,
core_market,2022-07-21,confirmed,0,
core_market,2022-07-22,confirmed,0,
core_market,2022-07-25,confirmed,0,
core_market,2022-07-26,confirmed,0,
core_market,2022-07-27,confirmed,0,
core_market,2022-07-28,confirmed,0,
core_market,2022-07-29,confirmed,0,
core_market,2022-08-02,confirmed,0,
core_market,2022-08-03,confirmed,0,
core_market,2022-08-04,confirmed,0,
core_market,2022-08-05,confirmed,0,
core_market,2022-08-08,confirmed,0,
core_market,2022-08-09,confirmed,0,
core_market,2022-08-10,confirmed,0,
core_market,2022-08-11,confirmed,1,WFG.TO
core_market,2022-08-12,confirmed,0,
core_market,2022-08-15,confirmed,0,
core_market,2022-08-16,confirmed,0,
core_market,2022-08-17,confirmed,0,
core_market,2022-08-18,confirmed,0,
core_market,2022-08-19,confirmed,0,
core_market,2022-08-22,confirmed,0,
core_market,2022-08-23,confirmed,0,
core_market,2022-08-24,confirmed,0,
core_market,2022-08-25,confirmed,0,
core_market,2022-08-26,confirmed,0,
core_market,2022-08-29,confirmed,0,
core_market,2022-08-30,confirmed,0,
core_market,2022-08-31,confirmed,0,
core_market,2022-09-01,confirmed,0,
core_market,2022-09-02,confirmed,0,
core_market,2022-09-06,confirmed,0,
core_market,2022-09-07,confirmed,0,
core_market,2022-09-08,confirmed,0,
core_market,2022-09-09,confirmed,0,
core_market,2022-09-12,confirmed,1,EIF.TO
core_market,2022-09-13,confirmed,0,
core_market,2022-09-14,confirmed,1,AAV.TO
core_market,2022-09-15,confirmed,0,
core_market,2022-09-16,confirmed,0,
core_market,2022-09-19,confirmed,0,
core_market,2022-09-20,confirmed,0,
core_market,2022-09-21,confirmed,0,
core_market,2022-09-22,confirmed,0,
core_market,2022-09-23,confirmed,0,
core_market,2022-09-26,confirmed,0,
core_market,2022-09-27,confirmed,0,
core_market,2022-09-28,confirmed,0,
core_market,2022-09-29,confirmed,0,
core_market,2022-09-30,confirmed,0,
core_market,2022-10-03,confirmed,0,
core_market,2022-10-04,confirmed,0,
core_market,2022-10-05,confirmed,0,
core_market,2022-10-06,confirmed,0,
core_market,2022-10-07,confirmed,0,
core_market,2022-10-11,confirmed,0,
core_market,2022-10-12,confirmed,0,
core_market,2022-10-13,confirmed,0,
core_market,2022-10-14,confirmed,0,
core_market,2022-10-17,confirmed,0,
core_market,2022-10-18,confirmed,0,
core_market,2022-10-19,confirmed,0,
core_market,2022-10-20,confirmed,0,
core_market,2022-10-21,confirmed,0,
core_market,2022-10-24,confirmed,0,
core_market,2022-10-25,confirmed,0,
core_market,2022-10-26,confirmed,0,
core_market,2022-10-27,confirmed,0,
core_market,2022-10-28,confirmed,0,
core_market,2022-10-31,confirmed,0,
core_market,2022-11-01,confirmed,0,
core_market,2022-11-02,confirmed,0,
core_market,2022-11-03,confirmed,0,
core_market,2022-11-04,confirmed,0,
core_market,2022-11-07,confirmed,0,
core_market,2022-11-08,confirmed,0,
core_market,2022-11-09,confirmed,0,
core_market,2022-11-10,confirmed,0,
core_market,2022-11-11,confirmed,0,
core_market,2022-11-14,confirmed,0,
core_market,2022-11-15,confirmed,0,
core_market,2022-11-16,confirmed,0,
core_market,2022-11-17,confirmed,0,
core_market,2022-11-18,confirmed,0,
core_market,2022-11-21,confirmed,0,
core_market,2022-11-22,confirmed,0,
core_market,2022-11-23,confirmed,0,
core_market,2022-11-24,confirmed,0,
core_market,2022-11-25,confirmed,0,
core_market,2022-11-28,confirmed,0,
core_market,2022-11-29,confirmed,0,
core_market,2022-11-30,confirmed,1,FM.TO
core_market,2022-12-01,confirmed,0,
core_market,2022-12-02,confirmed,0,
core_market,2022-12-05,confirmed,0,
core_market,2022-12-06,confirmed,0,
core_market,2022-12-07,confirmed,0,
core_market,2022-12-08,confirmed,0,
core_market,2022-12-09,confirmed,0,
core_market,2022-12-12,confirmed,0,
core_market,2022-12-13,confirmed,0,
core_market,2022-12-14,confirmed,0,
core_market,2022-12-15,confirmed,0,
core_market,2022-12-16,confirmed,0,
core_market,2022-12-19,confirmed,0,
core_market,2022-12-20,confirmed,0,
core_market,2022-12-21,confirmed,0,
core_market,2022-12-22,confirmed,0,
core_market,2022-12-23,confirmed,0,
core_market,2022-12-28,confirmed,0,
core_market,2022-12-29,confirmed,0,
core_market,2022-12-30,confirmed,0,
core_market,2023-01-03,confirmed,0,
core_market,2023-01-04,confirmed,0,
core_market,2023-01-05,confirmed,0,
core_market,2023-01-06,confirmed,0,
core_market,2023-01-09,confirmed,0,
core_market,2023-01-10,confirmed,0,
core_market,2023-01-11,confirmed,0,
core_market,2023-01-12,confirmed,0,
core_market,2023-01-13,confirmed,0,
core_market,2023-01-16,confirmed,0,
core_market,2023-01-17,confirmed,0,
core_market,2023-01-18,confirmed,0,
core_market,2023-01-19,confirmed,0,
core_market,2023-01-20,confirmed,0,
core_market,2023-01-23,confirmed,0,
core_market,2023-01-24,confirmed,0,
core_market,2023-01-25,confirmed,0,
core_market,2023-01-26,confirmed,0,
core_market,2023-01-27,confirmed,0,
core_market,2023-01-30,confirmed,0,
core_market,2023-01-31,confirmed,0,
core_market,2023-02-01,confirmed,0,
core_market,2023-02-02,confirmed,0,
core_market,2023-02-03,confirmed,0,
core_market,2023-02-06,confirmed,0,
core_market,2023-02-07,confirmed,0,
core_market,2023-02-08,confirmed,0,
core_market,2023-02-09,confirmed,0,
core_market,2023-02-10,confirmed,0,
core_market,2023-02-13,confirmed,0,
core_market,2023-02-14,confirmed,0,
core_market,2023-02-15,confirmed,0,
core_market,2023-02-16,confirmed,0,
core_market,2023-02-17,confirmed,0,
core_market,2023-02-21,confirmed,0,
core_market,2023-02-22,confirmed,0,
core_market,2023-02-23,confirmed,0,
core_market,2023-02-24,confirmed,0,
core_market,2023-02-27,confirmed,0,
core_market,2023-02-28,confirmed,0,
core_market,2023-03-01,confirmed,0,
core_market,2023-03-02,confirmed,0,
core_market,2023-03-03,confirmed,0,
core_market,2023-03-06,confirmed,0,
core_market,2023-03-07,confirmed,0,
core_market,2023-03-08,confirmed,0,
core_market,2023-03-09,confirmed,0,
core_market,2023-03-10,confirmed,0,
core_market,2023-03-13,confirmed,0,
core_market,2023-03-14,confirmed,0,
core_market,2023-03-15,confirmed,0,
core_market,2023-03-16,confirmed,0,
core_market,2023-03-17,confirmed,0,
core_market,2023-03-20,confirmed,0,
core_market,2023-03-21,confirmed,0,
core_market,2023-03-22,confirmed,0,
core_market,2023-03-23,confirmed,0,
core_market,2023-03-24,confirmed,0,
core_market,2023-03-27,confirmed,0,
core_market,2023-03-28,confirmed,0,
core_market,2023-03-29,confirmed,0,
core_market,2023-03-30,confirmed,0,
core_market,2023-03-31,confirmed,0,
core_market,2023-04-03,confirmed,0,
core_market,2023-04-04,confirmed,0,
core_market,2023-04-05,confirmed,0,
core_market,2023-04-06,confirmed,0,
core_market,2023-04-10,confirmed,0,
core_market,2023-04-11,confirmed,0,
core_market,2023-04-12,confirmed,0,
core_market,2023-04-13,confirmed,0,
core_market,2023-04-14,confirmed,0,
core_market,2023-04-17,confirmed,0,
core_market,2023-04-18,confirmed,0,
core_market,2023-04-19,confirmed,0,
core_market,2023-04-20,confirmed,0,
core_market,2023-04-21,confirmed,0,
core_market,2023-04-24,confirmed,0,
core_market,2023-04-25,confirmed,0,
core_market,2023-04-26,confirmed,0,
core_market,2023-04-27,confirmed,0,
core_market,2023-04-28,confirmed,0,
core_market,2023-05-01,confirmed,0,
core_market,2023-05-02,confirmed,0,
core_market,2023-05-03,confirmed,0,
core_market,2023-05-04,confirmed,0,
core_market,2023-05-05,confirmed,0,
core_market,2023-05-08,confirmed,1,CS.TO
core_market,2023-05-09,confirmed,0,
core_market,2023-05-10,confirmed,0,
core_market,2023-05-11,confirmed,0,
core_market,2023-05-12,confirmed,0,
core_market,2023-05-15,confirmed,0,
core_market,2023-05-16,confirmed,0,
core_market,2023-05-17,confirmed,0,
core_market,2023-05-18,confirmed,0,
core_market,2023-05-19,confirmed,0,
core_market,2023-05-23,confirmed,0,
core_market,2023-05-24,confirmed,0,
core_market,2023-05-25,confirmed,0,
core_market,2023-05-26,confirmed,0,
core_market,2023-05-29,confirmed,0,
core_market,2023-05-30,confirmed,0,
core_market,2023-05-31,confirmed,0,
core_market,2023-06-01,confirmed,0,
core_market,2023-06-02,confirmed,0,
core_market,2023-06-05,confirmed,0,
core_market,2023-06-06,confirmed,0,
core_market,2023-06-07,confirmed,0,
core_market,2023-06-08,confirmed,0,
core_market,2023-06-09,confirmed,0,
core_market,2023-06-12,confirmed,0,
core_market,2023-06-13,confirmed,0,
core_market,2023-06-14,confirmed,0,
core_market,2023-06-15,confirmed,0,
core_market,2023-06-16,confirmed,0,
core_market,2023-06-19,confirmed,0,
core_market,2023-06-20,confirmed,0,
core_market,2023-06-21,confirmed,0,
core_market,2023-06-22,confirmed,0,
core_market,2023-06-23,confirmed,0,
core_market,2023-06-26,confirmed,0,
core_market,2023-06-27,confirmed,0,
core_market,2023-06-28,confirmed,0,
core_market,2023-06-29,confirmed,0,
core_market,2023-06-30,confirmed,0,
core_market,2023-07-04,confirmed,0,
core_market,2023-07-05,confirmed,0,
core_market,2023-07-06,confirmed,0,
core_market,2023-07-07,confirmed,0,
core_market,2023-07-10,confirmed,0,
core_market,2023-07-11,confirmed,0,
core_market,2023-07-12,confirmed,0,
core_market,2023-07-13,confirmed,0,
core_market,2023-07-14,confirmed,0,
core_market,2023-07-17,confirmed,0,
core_market,2023-07-18,confirmed,0,
core_market,2023-07-19,confirmed,0,
core_market,2023-07-20,confirmed,0,
core_market,2023-07-21,confirmed,0,
core_market,2023-07-24,confirmed,0,
core_market,2023-07-25,confirmed,0,
core_market,2023-07-26,confirmed,0,
core_market,2023-07-27,confirmed,0,
core_market,2023-07-28,confirmed,0,
core_market,2023-07-31,confirmed,0,
core_market,2023-08-01,confirmed,0,
core_market,2023-08-02,confirmed,0,
core_market,2023-08-03,confirmed,0,
core_market,2023-08-04,confirmed,0,
core_market,2023-08-08,confirmed,0,
core_market,2023-08-09,confirmed,0,
core_market,2023-08-10,confirmed,0,
core_market,2023-08-11,confirmed,0,
core_market,2023-08-14,confirmed,0,
core_market,2023-08-15,confirmed,0,
core_market,2023-08-16,confirmed,0,
core_market,2023-08-17,confirmed,0,
core_market,2023-08-18,confirmed,0,
core_market,2023-08-21,confirmed,0,
core_market,2023-08-22,confirmed,0,
core_market,2023-08-23,confirmed,0,
core_market,2023-08-24,confirmed,0,
core_market,2023-08-25,confirmed,0,
core_market,2023-08-28,confirmed,0,
core_market,2023-08-29,confirmed,1,EQB.TO
core_market,2023-08-30,confirmed,0,
core_market,2023-08-31,confirmed,0,
core_market,2023-09-01,confirmed,0,
core_market,2023-09-05,confirmed,0,
core_market,2023-09-06,confirmed,0,
core_market,2023-09-07,confirmed,0,
core_market,2023-09-08,confirmed,0,
core_market,2023-09-11,confirmed,0,
core_market,2023-09-12,confirmed,0,
core_market,2023-09-13,confirmed,0,
core_market,2023-09-14,confirmed,0,
core_market,2023-09-15,confirmed,0,
core_market,2023-09-18,confirmed,0,
core_market,2023-09-19,confirmed,0,
core_market,2023-09-20,confirmed,0,
core_market,2023-09-21,confirmed,0,
core_market,2023-09-22,confirmed,0,
core_market,2023-09-25,confirmed,0,
core_market,2023-09-26,confirmed,0,
core_market,2023-09-27,confirmed,0,
core_market,2023-09-28,confirmed,0,
core_market,2023-09-29,confirmed,0,
core_market,2023-10-02,confirmed,0,
core_market,2023-10-03,confirmed,0,
core_market,2023-10-04,confirmed,0,
core_market,2023-10-05,confirmed,0,
core_market,2023-10-06,confirmed,0,
core_market,2023-10-10,confirmed,0,
core_market,2023-10-11,confirmed,0,
core_market,2023-10-12,confirmed,0,
core_market,2023-10-13,confirmed,0,
core_market,2023-10-16,confirmed,0,
core_market,2023-10-17,confirmed,0,
core_market,2023-10-18,confirmed,0,
core_market,2023-10-19,confirmed,0,
core_market,2023-10-20,confirmed,0,
core_market,2023-10-23,confirmed,0,
core_market,2023-10-24,confirmed,0,
core_market,2023-10-25,confirmed,0,
core_market,2023-10-26,confirmed,0,
core_market,2023-10-27,confirmed,0,
core_market,2023-10-30,confirmed,0,
core_market,2023-10-31,confirmed,0,
core_market,2023-11-01,confirmed,0,
core_market,2023-11-02,confirmed,0,
core_market,2023-11-03,confirmed,0,
core_market,2023-11-06,confirmed,0,
core_market,2023-11-07,confirmed,0,
core_market,2023-11-08,confirmed,0,
core_market,2023-11-09,confirmed,0,
core_market,2023-11-10,confirmed,0,
core_market,2023-11-13,confirmed,0,
core_market,2023-11-14,confirmed,0,
core_market,2023-11-15,confirmed,0,
core_market,2023-11-16,confirmed,0,
core_market,2023-11-17,confirmed,0,
core_market,2023-11-20,confirmed,0,
core_market,2023-11-21,confirmed,0,
core_market,2023-11-22,confirmed,0,
core_market,2023-11-23,confirmed,0,
core_market,2023-11-24,confirmed,0,
core_market,2023-11-27,confirmed,0,
core_market,2023-11-28,confirmed,0,
core_market,2023-11-29,confirmed,0,
core_market,2023-11-30,confirmed,0,
core_market,2023-12-01,confirmed,0,
core_market,2023-12-04,confirmed,0,
core_market,2023-12-05,confirmed,0,
core_market,2023-12-06,confirmed,0,
core_market,2023-12-07,confirmed,0,
core_market,2023-12-08,confirmed,0,
core_market,2023-12-11,confirmed,0,
core_market,2023-12-12,confirmed,0,
core_market,2023-12-13,confirmed,0,
core_market,2023-12-14,confirmed,0,
core_market,2023-12-15,confirmed,0,
core_market,2023-12-18,confirmed,0,
core_market,2023-12-19,confirmed,0,
core_market,2023-12-20,confirmed,0,
core_market,2023-12-21,confirmed,0,
core_market,2023-12-22,confirmed,0,
core_market,2023-12-27,confirmed,0,
core_market,2023-12-28,confirmed,0,
core_market,2023-12-29,confirmed,0,
core_market,2024-01-02,confirmed,0,
core_market,2024-01-03,confirmed,0,
core_market,2024-01-04,confirmed,0,
core_market,2024-01-05,confirmed,0,
core_market,2024-01-08,confirmed,0,
core_market,2024-01-09,confirmed,0,
core_market,2024-01-10,confirmed,0,
core_market,2024-01-11,confirmed,0,
core_market,2024-01-12,confirmed,0,
core_market,2024-01-15,confirmed,0,
core_market,2024-01-16,confirmed,0,
core_market,2024-01-17,confirmed,0,
core_market,2024-01-18,confirmed,0,
core_market,2024-01-19,confirmed,0,
core_market,2024-01-22,confirmed,0,
core_market,2024-01-23,confirmed,0,
core_market,2024-01-24,confirmed,0,
core_market,2024-01-25,confirmed,0,
core_market,2024-01-26,confirmed,0,
core_market,2024-01-29,confirmed,0,
core_market,2024-01-30,confirmed,0,
core_market,2024-01-31,confirmed,0,
core_market,2024-02-01,confirmed,0,
core_market,2024-02-02,confirmed,0,
core_market,2024-02-05,confirmed,0,
core_market,2024-02-06,confirmed,0,
core_market,2024-02-07,confirmed,0,
core_market,2024-02-08,confirmed,0,
core_market,2024-02-09,confirmed,0,
core_market,2024-02-12,confirmed,1,SJ.TO
core_market,2024-02-13,confirmed,0,
core_market,2024-02-14,confirmed,0,
core_market,2024-02-15,confirmed,0,
core_market,2024-02-16,confirmed,0,
core_market,2024-02-20,confirmed,0,
core_market,2024-02-21,confirmed,0,
core_market,2024-02-22,confirmed,0,
core_market,2024-02-23,confirmed,1,CURA.TO
core_market,2024-02-26,confirmed,0,
core_market,2024-02-27,confirmed,0,
core_market,2024-02-28,confirmed,0,
core_market,2024-02-29,confirmed,0,
core_market,2024-03-01,confirmed,0,
core_market,2024-03-04,confirmed,0,
core_market,2024-03-05,confirmed,0,
core_market,2024-03-06,confirmed,0,
core_market,2024-03-07,confirmed,0,
core_market,2024-03-08,confirmed,0,
core_market,2024-03-11,confirmed,0,
core_market,2024-03-12,confirmed,0,
core_market,2024-03-13,confirmed,0,
core_market,2024-03-14,confirmed,0,
core_market,2024-03-15,confirmed,0,
core_market,2024-03-18,confirmed,1,BHC.TO
core_market,2024-03-19,confirmed,0,
core_market,2024-03-20,confirmed,0,
core_market,2024-03-21,confirmed,0,
core_market,2024-03-22,confirmed,0,
core_market,2024-03-25,confirmed,0,
core_market,2024-03-26,confirmed,0,
core_market,2024-03-27,confirmed,0,
core_market,2024-03-28,confirmed,0,
core_market,2024-04-01,confirmed,0,
core_market,2024-04-02,confirmed,0,
core_market,2024-04-03,confirmed,0,
core_market,2024-04-04,confirmed,0,
core_market,2024-04-05,confirmed,0,
core_market,2024-04-08,confirmed,0,
core_market,2024-04-09,confirmed,0,
core_market,2024-04-10,confirmed,0,
core_market,2024-04-11,confirmed,0,
core_market,2024-04-12,confirmed,0,
core_market,2024-04-15,confirmed,0,
core_market,2024-04-16,confirmed,0,
core_market,2024-04-17,confirmed,0,
core_market,2024-04-18,confirmed,0,
core_market,2024-04-19,confirmed,0,
core_market,2024-04-22,confirmed,0,
core_market,2024-04-23,confirmed,0,
core_market,2024-04-24,confirmed,0,
core_market,2024-04-25,confirmed,0,
core_market,2024-04-26,confirmed,0,
core_market,2024-04-29,confirmed,0,
core_market,2024-04-30,confirmed,0,
core_market,2024-05-01,confirmed,0,
core_market,2024-05-02,confirmed,0,
core_market,2024-05-03,confirmed,0,
core_market,2024-05-06,confirmed,0,
core_market,2024-05-07,confirmed,0,
core_market,2024-05-08,confirmed,0,
core_market,2024-05-09,confirmed,0,
core_market,2024-05-10,confirmed,0,
core_market,2024-05-13,confirmed,0,
core_market,2024-05-14,confirmed,0,
core_market,2024-05-15,confirmed,0,
core_market,2024-05-16,confirmed,0,
core_market,2024-05-17,confirmed,0,
core_market,2024-05-21,confirmed,0,
core_market,2024-05-22,confirmed,0,
core_market,2024-05-23,confirmed,0,
core_market,2024-05-24,confirmed,0,
core_market,2024-05-27,confirmed,0,
core_market,2024-05-28,confirmed,0,
core_market,2024-05-29,confirmed,0,
core_market,2024-05-30,confirmed,0,
core_market,2024-05-31,confirmed,0,
core_market,2024-06-03,confirmed,0,
core_market,2024-06-04,confirmed,0,
core_market,2024-06-05,confirmed,0,
core_market,2024-06-06,confirmed,0,
core_market,2024-06-07,confirmed,0,
core_market,2024-06-10,confirmed,0,
core_market,2024-06-11,confirmed,0,
core_market,2024-06-12,confirmed,0,
core_market,2024-06-13,confirmed,0,
core_market,2024-06-14,confirmed,0,
core_market,2024-06-17,confirmed,0,
core_market,2024-06-18,confirmed,0,
core_market,2024-06-19,confirmed,0,
core_market,2024-06-20,confirmed,0,
core_market,2024-06-21,confirmed,0,
core_market,2024-06-24,confirmed,0,
core_market,2024-06-25,confirmed,0,
core_market,2024-06-26,confirmed,0,
core_market,2024-06-27,confirmed,0,
core_market,2024-06-28,confirmed,0,
core_market,2024-07-02,confirmed,0,
core_market,2024-07-03,confirmed,0,
core_market,2024-07-04,confirmed,0,
core_market,2024-07-05,confirmed,0,
core_market,2024-07-08,confirmed,0,
core_market,2024-07-09,confirmed,0,
core_market,2024-07-10,confirmed,0,
core_market,2024-07-11,confirmed,0,
core_market,2024-07-12,confirmed,0,
core_market,2024-07-15,confirmed,0,
core_market,2024-07-16,confirmed,0,
core_market,2024-07-17,confirmed,0,
core_market,2024-07-18,confirmed,0,
core_market,2024-07-19,confirmed,0,
core_market,2024-07-22,confirmed,0,
core_market,2024-07-23,confirmed,0,
core_market,2024-07-24,confirmed,0,
core_market,2024-07-25,confirmed,0,
core_market,2024-07-26,confirmed,0,
core_market,2024-07-29,confirmed,0,
core_market,2024-07-30,confirmed,0,
core_market,2024-07-31,confirmed,1,SKE.TO
core_market,2024-08-01,confirmed,0,
core_market,2024-08-02,confirmed,0,
core_market,2024-08-06,confirmed,0,
core_market,2024-08-07,confirmed,0,
core_market,2024-08-08,confirmed,0,
core_market,2024-08-09,confirmed,0,
core_market,2024-08-12,confirmed,0,
core_market,2024-08-13,confirmed,0,
core_market,2024-08-14,confirmed,0,
core_market,2024-08-15,confirmed,0,
core_market,2024-08-16,confirmed,0,
core_market,2024-08-19,confirmed,0,
core_market,2024-08-20,confirmed,0,
core_market,2024-08-21,confirmed,0,
core_market,2024-08-22,confirmed,0,
core_market,2024-08-23,confirmed,0,
core_market,2024-08-26,confirmed,0,
core_market,2024-08-27,confirmed,0,
core_market,2024-08-28,confirmed,0,
core_market,2024-08-29,confirmed,0,
core_market,2024-08-30,confirmed,0,
core_market,2024-09-03,confirmed,0,
core_market,2024-09-04,confirmed,0,
core_market,2024-09-05,confirmed,0,
core_market,2024-09-06,confirmed,0,
core_market,2024-09-09,confirmed,0,
core_market,2024-09-10,confirmed,0,
core_market,2024-09-11,confirmed,0,
core_market,2024-09-12,confirmed,0,
core_market,2024-09-13,confirmed,0,
core_market,2024-09-16,confirmed,0,
core_market,2024-09-17,confirmed,0,
core_market,2024-09-18,confirmed,0,
core_market,2024-09-19,confirmed,0,
core_market,2024-09-20,confirmed,0,
core_market,2024-09-23,confirmed,0,
core_market,2024-09-24,confirmed,0,
core_market,2024-09-25,confirmed,0,
core_market,2024-09-26,confirmed,0,
core_market,2024-09-27,confirmed,0,
core_market,2024-09-30,confirmed,0,
core_market,2024-10-01,confirmed,0,
core_market,2024-10-02,confirmed,0,
core_market,2024-10-03,confirmed,0,
core_market,2024-10-04,confirmed,0,
core_market,2024-10-07,confirmed,0,
core_market,2024-10-08,confirmed,0,
core_market,2024-10-09,confirmed,0,
core_market,2024-10-10,confirmed,0,
core_market,2024-10-11,confirmed,0,
core_market,2024-10-15,confirmed,0,
core_market,2024-10-16,confirmed,0,
core_market,2024-10-17,confirmed,0,
core_market,2024-10-18,confirmed,0,
core_market,2024-10-21,confirmed,0,
core_market,2024-10-22,confirmed,0,
core_market,2024-10-23,confirmed,0,
core_market,2024-10-24,confirmed,0,
core_market,2024-10-25,confirmed,1,WCP.TO
core_market,2024-10-28,confirmed,0,
core_market,2024-10-29,confirmed,0,
core_market,2024-10-30,confirmed,0,
core_market,2024-10-31,confirmed,0,
core_market,2024-11-01,confirmed,0,
core_market,2024-11-04,confirmed,0,
core_market,2024-11-05,confirmed,0,
core_market,2024-11-06,confirmed,0,
core_market,2024-11-07,confirmed,0,
core_market,2024-11-08,confirmed,0,
core_market,2024-11-11,confirmed,0,
core_market,2024-11-12,confirmed,2,NXE.TO|CCO.TO
core_market,2024-11-13,confirmed,0,
core_market,2024-11-14,confirmed,0,
core_market,2024-11-15,confirmed,0,
core_market,2024-11-18,confirmed,0,
core_market,2024-11-19,confirmed,0,
core_market,2024-11-20,confirmed,0,
core_market,2024-11-21,confirmed,0,
core_market,2024-11-22,confirmed,0,
core_market,2024-11-25,confirmed,0,
core_market,2024-11-26,confirmed,0,
core_market,2024-11-27,confirmed,0,
core_market,2024-11-28,confirmed,0,
core_market,2024-11-29,confirmed,0,
core_market,2024-12-02,confirmed,0,
core_market,2024-12-03,confirmed,0,
core_market,2024-12-04,confirmed,0,
core_market,2024-12-05,confirmed,0,
core_market,2024-12-06,confirmed,0,
core_market,2024-12-09,confirmed,0,
core_market,2024-12-10,confirmed,0,
core_market,2024-12-11,confirmed,0,
core_market,2024-12-12,confirmed,0,
core_market,2024-12-13,confirmed,0,
core_market,2024-12-16,confirmed,0,
core_market,2024-12-17,confirmed,0,
core_market,2024-12-18,confirmed,0,
core_market,2024-12-19,confirmed,0,
core_market,2024-12-20,confirmed,0,
core_market,2024-12-23,confirmed,0,
core_market,2024-12-24,confirmed,0,
core_market,2024-12-27,confirmed,0,
core_market,2024-12-30,confirmed,0,
core_market,2024-12-31,confirmed,0,
core_market,2025-01-02,confirmed,0,
core_market,2025-01-03,confirmed,0,
core_market,2025-01-06,confirmed,0,
core_market,2025-01-07,confirmed,0,
core_market,2025-01-08,confirmed,2,SSRM.TO|BAM.TO
core_market,2025-01-09,confirmed,0,
core_market,2025-01-10,confirmed,0,
core_market,2025-01-13,confirmed,0,
core_market,2025-01-14,confirmed,0,
core_market,2025-01-15,confirmed,0,
core_market,2025-01-16,confirmed,0,
core_market,2025-01-17,confirmed,0,
core_market,2025-01-20,confirmed,0,
core_market,2025-01-21,confirmed,0,
core_market,2025-01-22,confirmed,0,
core_market,2025-01-23,confirmed,0,
core_market,2025-01-24,confirmed,0,
core_market,2025-01-27,confirmed,0,
core_market,2025-01-28,confirmed,0,
core_market,2025-01-29,confirmed,0,
core_market,2025-01-30,confirmed,0,
core_market,2025-01-31,confirmed,0,
core_market,2025-02-03,confirmed,0,
core_market,2025-02-04,confirmed,0,
core_market,2025-02-05,confirmed,0,
core_market,2025-02-06,confirmed,0,
core_market,2025-02-07,confirmed,0,
core_market,2025-02-10,confirmed,0,
core_market,2025-02-11,confirmed,0,
core_market,2025-02-12,confirmed,0,
core_market,2025-02-13,confirmed,0,
core_market,2025-02-14,confirmed,0,
core_market,2025-02-18,confirmed,0,
core_market,2025-02-19,confirmed,0,
core_market,2025-02-20,confirmed,0,
core_market,2025-02-21,confirmed,0,
core_market,2025-02-24,confirmed,0,
core_market,2025-02-25,confirmed,0,
core_market,2025-02-26,confirmed,0,
core_market,2025-02-27,confirmed,0,
core_market,2025-02-28,confirmed,0,
core_market,2025-03-03,confirmed,0,
core_market,2025-03-04,confirmed,0,
core_market,2025-03-05,confirmed,0,
core_market,2025-03-06,confirmed,0,
core_market,2025-03-07,confirmed,0,
core_market,2025-03-10,confirmed,0,
core_market,2025-03-11,confirmed,0,
core_market,2025-03-12,confirmed,0,
core_market,2025-03-13,confirmed,0,
core_market,2025-03-14,confirmed,0,
core_market,2025-03-17,confirmed,0,
core_market,2025-03-18,confirmed,0,
core_market,2025-03-19,confirmed,0,
core_market,2025-03-20,confirmed,0,
core_market,2025-03-21,confirmed,0,
core_market,2025-03-24,confirmed,0,
core_market,2025-03-25,confirmed,0,
core_market,2025-03-26,confirmed,0,
core_market,2025-03-27,confirmed,0,
core_market,2025-03-28,confirmed,0,
core_market,2025-03-31,confirmed,0,
core_market,2025-04-01,confirmed,0,
core_market,2025-04-02,confirmed,0,
core_market,2025-04-03,confirmed,0,
core_market,2025-04-04,confirmed,0,
core_market,2025-04-07,confirmed,0,
core_market,2025-04-08,confirmed,0,
core_market,2025-04-09,confirmed,0,
core_market,2025-04-10,confirmed,0,
core_market,2025-04-11,confirmed,0,
core_market,2025-04-14,confirmed,0,
core_market,2025-04-15,confirmed,0,
core_market,2025-04-16,confirmed,0,
core_market,2025-04-17,confirmed,0,
core_market,2025-04-21,confirmed,0,
core_market,2025-04-22,confirmed,0,
core_market,2025-04-23,confirmed,0,
core_market,2025-04-24,confirmed,0,
core_market,2025-04-25,confirmed,0,
core_market,2025-04-28,confirmed,0,
core_market,2025-04-29,confirmed,0,
core_market,2025-04-30,confirmed,0,
core_market,2025-05-01,confirmed,0,
core_market,2025-05-02,confirmed,0,
core_market,2025-05-05,confirmed,0,
core_market,2025-05-06,confirmed,0,
core_market,2025-05-07,confirmed,0,
core_market,2025-05-08,confirmed,0,
core_market,2025-05-09,confirmed,0,
core_market,2025-05-12,confirmed,0,
core_market,2025-05-13,confirmed,0,
core_market,2025-05-14,confirmed,0,
core_market,2025-05-15,confirmed,0,
core_market,2025-05-16,confirmed,0,
core_market,2025-05-20,confirmed,0,
core_market,2025-05-21,confirmed,0,
core_market,2025-05-22,confirmed,0,
core_market,2025-05-23,confirmed,0,
core_market,2025-05-26,confirmed,0,
core_market,2025-05-27,confirmed,0,
core_market,2025-05-28,confirmed,0,
core_market,2025-05-29,confirmed,0,
core_market,2025-05-30,confirmed,0,
core_market,2025-06-02,confirmed,0,
core_market,2025-06-03,confirmed,0,
core_market,2025-06-04,confirmed,0,
core_market,2025-06-05,confirmed,0,
core_market,2025-06-06,confirmed,0,
core_market,2025-06-09,confirmed,0,
core_market,2025-06-10,confirmed,0,
core_market,2025-06-11,confirmed,0,
core_market,2025-06-12,confirmed,0,
core_market,2025-06-13,confirmed,0,
core_market,2025-06-16,confirmed,0,
core_market,2025-06-17,confirmed,0,
core_market,2025-06-18,confirmed,0,
core_market,2025-06-19,confirmed,0,
core_market,2025-06-20,confirmed,0,
core_market,2025-06-23,confirmed,0,
core_market,2025-06-24,confirmed,0,
core_market,2025-06-25,confirmed,0,
core_market,2025-06-26,confirmed,0,
core_market,2025-06-27,confirmed,0,
core_market,2025-06-30,confirmed,0,
core_market,2025-07-02,confirmed,0,
core_market,2025-07-03,confirmed,0,
core_market,2025-07-04,confirmed,0,
core_market,2025-07-07,confirmed,0,
core_market,2025-07-08,confirmed,1,ATH.TO
core_market,2025-07-09,confirmed,0,
core_market,2025-07-10,confirmed,0,
core_market,2025-07-11,confirmed,0,
core_market,2025-07-14,confirmed,0,
core_market,2025-07-15,confirmed,0,
core_market,2025-07-16,confirmed,0,
core_market,2025-07-17,confirmed,0,
core_market,2025-07-18,confirmed,0,
core_market,2025-07-21,confirmed,0,
core_market,2025-07-22,confirmed,1,CS.TO
core_market,2025-07-23,confirmed,0,
core_market,2025-07-24,confirmed,0,
core_market,2025-07-25,confirmed,0,
core_market,2025-07-28,confirmed,0,
core_market,2025-07-29,confirmed,0,
core_market,2025-07-30,confirmed,0,
core_market,2025-07-31,confirmed,0,
core_market,2025-08-01,confirmed,0,
core_market,2025-08-05,confirmed,1,NG.TO
core_market,2025-08-06,confirmed,0,
core_market,2025-08-07,confirmed,0,
core_market,2025-08-08,confirmed,0,
core_market,2025-08-11,confirmed,0,
core_market,2025-08-12,confirmed,0,
core_market,2025-08-13,confirmed,0,
core_market,2025-08-14,confirmed,0,
core_market,2025-08-15,confirmed,0,
core_market,2025-08-18,confirmed,0,
core_market,2025-08-19,confirmed,0,
core_market,2025-08-20,confirmed,0,
core_market,2025-08-21,confirmed,0,
core_market,2025-08-22,confirmed,0,
core_market,2025-08-25,confirmed,0,
core_market,2025-08-26,confirmed,0,
core_market,2025-08-27,confirmed,0,
core_market,2025-08-28,confirmed,0,
core_market,2025-08-29,confirmed,0,
core_market,2025-09-02,confirmed,0,
core_market,2025-09-03,confirmed,0,
core_market,2025-09-04,confirmed,0,
core_market,2025-09-05,confirmed,0,
core_market,2025-09-08,confirmed,0,
core_market,2025-09-09,confirmed,0,
core_market,2025-09-10,confirmed,0,
core_market,2025-09-11,confirmed,0,
core_market,2025-09-12,confirmed,0,
core_market,2025-09-15,confirmed,0,
core_market,2025-09-16,confirmed,0,
core_market,2025-09-17,confirmed,0,
core_market,2025-09-18,confirmed,0,
core_market,2025-09-19,confirmed,0,
core_market,2025-09-22,confirmed,0,
core_market,2025-09-23,confirmed,0,
core_market,2025-09-24,confirmed,0,
core_market,2025-09-25,confirmed,0,
core_market,2025-09-26,confirmed,0,
core_market,2025-09-29,confirmed,0,
core_market,2025-09-30,confirmed,0,
core_market,2025-10-01,confirmed,0,
core_market,2025-10-02,confirmed,1,ATRL.TO
core_market,2025-10-03,confirmed,0,
core_market,2025-10-06,confirmed,0,
core_market,2025-10-07,confirmed,0,
core_market,2025-10-08,confirmed,0,
core_market,2025-10-09,confirmed,0,
core_market,2025-10-10,confirmed,1,ATZ.TO
core_market,2025-10-14,confirmed,0,
core_market,2025-10-15,confirmed,0,
core_market,2025-10-16,confirmed,0,
core_market,2025-10-17,confirmed,0,
core_market,2025-10-20,confirmed,0,
core_market,2025-10-21,confirmed,0,
core_market,2025-10-22,confirmed,0,
core_market,2025-10-23,confirmed,0,
core_market,2025-10-24,confirmed,0,
core_market,2025-10-27,confirmed,0,
core_market,2025-10-28,confirmed,0,
core_market,2025-10-29,confirmed,0,
core_market,2025-10-30,confirmed,2,CG.TO|ARIS.TO
core_market,2025-10-31,confirmed,1,BTE.TO
core_market,2025-11-03,confirmed,0,
core_market,2025-11-04,confirmed,0,
core_market,2025-11-05,confirmed,0,
core_market,2025-11-06,confirmed,0,
core_market,2025-11-07,confirmed,1,OGC.TO
core_market,2025-11-10,confirmed,4,TXG.TO|IMG.TO|AEM.TO|SVM.TO
core_market,2025-11-11,confirmed,0,
core_market,2025-11-12,confirmed,0,
core_market,2025-11-13,confirmed,0,
core_market,2025-11-14,confirmed,0,
core_market,2025-11-17,confirmed,0,
core_market,2025-11-18,confirmed,0,
core_market,2025-11-19,confirmed,0,
core_market,2025-11-20,confirmed,0,
core_market,2025-11-21,confirmed,0,
core_market,2025-11-24,confirmed,0,
core_market,2025-11-25,confirmed,0,
core_market,2025-11-26,confirmed,0,
core_market,2025-11-27,confirmed,0,
core_market,2025-11-28,confirmed,0,
core_market,2025-12-01,confirmed,0,
trend_rs,2022-02-18,confirmed,0,
trend_rs,2022-02-22,confirmed,0,
trend_rs,2022-02-23,confirmed,0,
trend_rs,2022-02-24,confirmed,0,
trend_rs,2022-02-25,confirmed,0,
trend_rs,2022-02-28,confirmed,0,
trend_rs,2022-03-01,confirmed,0,
trend_rs,2022-03-02,confirmed,0,
trend_rs,2022-03-03,confirmed,0,
trend_rs,2022-03-04,confirmed,0,
trend_rs,2022-03-07,confirmed,0,
trend_rs,2022-03-08,confirmed,0,
trend_rs,2022-03-09,confirmed,0,
trend_rs,2022-03-10,confirmed,0,
trend_rs,2022-03-11,confirmed,0,
trend_rs,2022-03-14,confirmed,6,ABX.TO|ALS.TO|ATH.TO|CG.TO|CNQ.TO|ELD.TO
trend_rs,2022-03-15,confirmed,6,ABX.TO|ALS.TO|ATH.TO|CG.TO|CNQ.TO|NTR.TO
trend_rs,2022-03-16,confirmed,6,ABX.TO|ATH.TO|CG.TO|CNQ.TO|CS.TO|NTR.TO
trend_rs,2022-03-17,confirmed,6,ALS.TO|ATH.TO|CG.TO|CNQ.TO|CS.TO|FM.TO
trend_rs,2022-03-18,confirmed,6,ALS.TO|ATH.TO|CS.TO|FM.TO|NTR.TO|POU.TO
trend_rs,2022-03-21,confirmed,6,ALS.TO|ATH.TO|BTE.TO|CNQ.TO|CS.TO|FM.TO
trend_rs,2022-03-22,confirmed,6,ATH.TO|CNQ.TO|CS.TO|FM.TO|KEL.TO|NTR.TO
trend_rs,2022-03-23,confirmed,6,ALS.TO|ATH.TO|BTE.TO|CNQ.TO|CS.TO|FM.TO
trend_rs,2022-03-24,confirmed,6,ALS.TO|ATH.TO|CNQ.TO|CS.TO|FM.TO|KEL.TO
trend_rs,2022-03-25,confirmed,6,ARX.TO|ATH.TO|CNQ.TO|CS.TO|FM.TO|KEL.TO
trend_rs,2022-03-28,confirmed,6,AEM.TO|AG.TO|EQX.TO|FM.TO|IMG.TO|KEL.TO
trend_rs,2022-03-29,confirmed,6,KEL.TO|NTR.TO|FM.TO|AEM.TO|CP.TO|ALS.TO
trend_rs,2022-03-30,confirmed,6,AEM.TO|BEPC.TO|FM.TO|KEL.TO|NTR.TO|SDE.TO
trend_rs,2022-03-31,confirmed,6,AEM.TO|BEPC.TO|KEL.TO|NTR.TO|PEY.TO|SDE.TO
trend_rs,2022-04-01,confirmed,6,FM.TO|KEL.TO|PEY.TO|SDE.TO|TOU.TO|BEPC.TO
trend_rs,2022-04-04,confirmed,6,BIR.TO|CCO.TO|FM.TO|KEL.TO|PEY.TO|SDE.TO
trend_rs,2022-04-05,confirmed,6,BIR.TO|KEL.TO|PEY.TO|SDE.TO|AAV.TO|TOU.TO
trend_rs,2022-04-06,confirmed,6,BIR.TO|KEL.TO|PEY.TO|SDE.TO|TOU.TO|AAV.TO
trend_rs,2022-04-07,confirmed,6,BIR.TO|KEL.TO|PEY.TO|SDE.TO|TOU.TO|AAV.TO
trend_rs,2022-04-08,confirmed,6,BIR.TO|KEL.TO|PEY.TO|SDE.TO|TOU.TO|AAV.TO
trend_rs,2022-04-11,confirmed,6,AAV.TO|ARX.TO|BIR.TO|CCO.TO|DML.TO|EQX.TO
trend_rs,2022-04-12,confirmed,6,AAV.TO|ARX.TO|BIR.TO|CCO.TO|CVE.TO|DML.TO
trend_rs,2022-04-13,confirmed,6,AAV.TO|ARX.TO|BIR.TO|BTO.TO|CCO.TO|CVE.TO
trend_rs,2022-04-14,confirmed,6,AAV.TO|ARX.TO|BIR.TO|BTE.TO|BTO.TO|CCO.TO
trend_rs,2022-04-18,confirmed,6,AAV.TO|ARX.TO|BIR.TO|BTE.TO|BTO.TO|CCO.TO
trend_rs,2022-04-19,confirmed,6,AAV.TO|ARX.TO|BIR.TO|BTE.TO|CVE.TO|ERO.TO
trend_rs,2022-04-20,confirmed,6,AAV.TO|ARX.TO|ATH.TO|BIR.TO|BTE.TO|BTO.TO
trend_rs,2022-04-21,confirmed,6,AAV.TO|ATH.TO|BIR.TO|BTE.TO|KNT.TO|OGC.TO
trend_rs,2022-04-22,confirmed,6,AAV.TO|ATH.TO|BIR.TO|BTE.TO|CVE.TO|IMO.TO
trend_rs,2022-04-25,confirmed,6,AAV.TO|ALA.TO|ATH.TO|BIR.TO|BTE.TO|DOL.TO
trend_rs,2022-04-26,confirmed,6,AAV.TO|ALA.TO|ATH.TO|BIR.TO|BTE.TO|DOL.TO
trend_rs,2022-04-27,confirmed,6,AAV.TO|ALA.TO|ATH.TO|BIR.TO|BTE.TO|CVE.TO
trend_rs,2022-04-28,confirmed,6,AAV.TO|ALA.TO|ATH.TO|BIR.TO|BTE.TO|CVE.TO
trend_rs,2022-04-29,confirmed,6,AAV.TO|ALA.TO|ARX.TO|ATH.TO|BIR.TO|BTE.TO
trend_rs,2022-05-02,confirmed,6,AAV.TO|ATH.TO|BIR.TO|BTE.TO|CVE.TO|IMO.TO
trend_rs,2022-05-03,confirmed,6,AAV.TO|ARX.TO|ATH.TO|BIR.TO|BTE.TO|CVE.TO
trend_rs,2022-05-04,confirmed,6,AAV.TO|ARX.TO|ATH.TO|BIR.TO|BTE.TO|CNQ.TO
trend_rs,2022-05-05,confirmed,6,AAV.TO|ARX.TO|ATH.TO|BIR.TO|BTE.TO|CNQ.TO
trend_rs,2022-05-06,confirmed,6,AAV.TO|ARX.TO|ATH.TO|BIR.TO|BTE.TO|CVE.TO
trend_rs,2022-05-09,confirmed,6,ATH.TO|BTE.TO|CVE.TO|PPL.TO|SU.TO|TOU.TO
trend_rs,2022-05-10,confirmed,6,AAV.TO|ATH.TO|BTE.TO|CVE.TO|SDE.TO|SU.TO
trend_rs,2022-05-11,confirmed,6,AAV.TO|ATH.TO|BTE.TO|CVE.TO|POU.TO|SDE.TO
trend_rs,2022-05-12,confirmed,6,ATH.TO|CVE.TO|POU.TO|SDE.TO|SU.TO|TOU.TO
trend_rs,2022-05-13,confirmed,6,ATH.TO|CVE.TO|POU.TO|SDE.TO|SU.TO|TOU.TO
trend_rs,2022-05-16,confirmed,6,ATH.TO|CVE.TO|SDE.TO|SU.TO|TOU.TO|TPZ.TO
trend_rs,2022-05-17,confirmed,6,BIR.TO|CVE.TO|POU.TO|SDE.TO|SU.TO|TOU.TO
trend_rs,2022-05-18,confirmed,6,BIR.TO|CVE.TO|POU.TO|SDE.TO|SU.TO|TOU.TO
trend_rs,2022-05-19,confirmed,6,BIR.TO|CVE.TO|IMO.TO|PEY.TO|POU.TO|SDE.TO
trend_rs,2022-05-20,confirmed,6,BIR.TO|CVE.TO|IMO.TO|PEY.TO|POU.TO|SDE.TO
trend_rs,2022-05-24,confirmed,6,ARX.TO|BIR.TO|CVE.TO|IMO.TO|PEY.TO|POU.TO
trend_rs,2022-05-25,confirmed,6,ARX.TO|BIR.TO|CVE.TO|IMO.TO|PEY.TO|POU.TO
trend_rs,2022-05-26,confirmed,6,BIR.TO|CVE.TO|IMO.TO|PEY.TO|POU.TO|SDE.TO
trend_rs,2022-05-27,confirmed,6,BIR.TO|CVE.TO|IMO.TO|PEY.TO|POU.TO|SDE.TO
trend_rs,2022-05-30,confirmed,6,BIR.TO|CVE.TO|IMO.TO|PEY.TO|POU.TO|SDE.TO
trend_rs,2022-05-31,confirmed,6,BIR.TO|CVE.TO|PEY.TO|POU.TO|SDE.TO|TOU.TO
trend_rs,2022-06-01,confirmed,6,BIR.TO|CVE.TO|PEY.TO|POU.TO|SDE.TO|TOU.TO
trend_rs,2022-06-02,confirmed,6,BIR.TO|CVE.TO|SDE.TO|TOU.TO|ATH.TO|KEY.TO
trend_rs,2022-06-03,confirmed,6,ATH.TO|BIR.TO|BTE.TO|CVE.TO|SDE.TO|POU.TO
trend_rs,2022-06-06,confirmed,6,ARX.TO|ATH.TO|BIR.TO|BTE.TO|CVE.TO|EIF.TO
trend_rs,2022-06-07,confirmed,6,ARX.TO|ATH.TO|BIR.TO|BTE.TO|CVE.TO|EIF.TO
trend_rs,2022-06-08,confirmed,6,ARX.TO|ATH.TO|BIR.TO|BTE.TO|CVE.TO|EIF.TO
trend_rs,2022-06-09,confirmed,6,ARX.TO|ATH.TO|BIR.TO|BTE.TO|CVE.TO|IMO.TO
trend_rs,2022-06-10,confirmed,6,AAV.TO|ARX.TO|ATH.TO|BIR.TO|BTE.TO|CVE.TO
trend_rs,2022-06-13,confirmed,6,ARX.TO|ATH.TO|BIR.TO|BTE.TO|CVE.TO|IMO.TO
trend_rs,2022-06-14,confirmed,6,ARX.TO|ATH.TO|BTE.TO|CVE.TO|KEL.TO|POU.TO
trend_rs,2022-06-15,confirmed,6,ARX.TO|ATH.TO|BTE.TO|KEL.TO|POU.TO|SCR.TO
trend_rs,2022-06-16,confirmed,6,ARX.TO|ATH.TO|BTE.TO|POU.TO|SDE.TO|KNT.TO
trend_rs,2022-06-17,confirmed,5,ATH.TO|BTE.TO|RBA.TO|EFN.TO|X.TO
trend_rs,2022-06-20,confirmed,5,ATH.TO|DOL.TO|RBA.TO|EFN.TO|X.TO
trend_rs,2022-06-21,confirmed,5,ATH.TO|DOL.TO|RBA.TO|EFN.TO|X.TO
trend_rs,2022-06-22,confirmed,4,RBA.TO|DOL.TO|EFN.TO|X.TO
trend_rs,2022-06-23,confirmed,4,RBA.TO|DOL.TO|EFN.TO|X.TO
trend_rs,2022-06-24,confirmed,4,RBA.TO|DOL.TO|EFN.TO|X.TO
trend_rs,2022-06-27,confirmed,6,CPX.TO|RBA.TO|TA.TO|CCL-B.TO|DOL.TO|EFN.TO
trend_rs,2022-06-28,confirmed,6,RBA.TO|CPX.TO|TA.TO|CCL-B.TO|DOL.TO|EFN.TO
trend_rs,2022-06-29,confirmed,6,TA.TO|RBA.TO|CPX.TO|CCL-B.TO|L.TO|DOL.TO
trend_rs,2022-06-30,confirmed,6,CPX.TO|TA.TO|RBA.TO|CCL-B.TO|EFN.TO|L.TO
trend_rs,2022-07-04,confirmed,5,RBA.TO|TA.TO|CPX.TO|EFN.TO|CCL-B.TO
trend_rs,2022-07-05,confirmed,5,RBA.TO|EFN.TO|CCL-B.TO|TA.TO|CPX.TO
trend_rs,2022-07-06,confirmed,5,RBA.TO|EFN.TO|CCL-B.TO|CPX.TO|TA.TO
trend_rs,2022-07-07,confirmed,5,EFN.TO|RBA.TO|CCL-B.TO|TA.TO|CPX.TO
trend_rs,2022-07-08,confirmed,5,RBA.TO|EFN.TO|CCL-B.TO|TA.TO|CPX.TO
trend_rs,2022-07-11,confirmed,6,RBA.TO|EFN.TO|CCL-B.TO|TA.TO|DOL.TO|GIB-A.TO
trend_rs,2022-07-12,confirmed,6,RBA.TO|EFN.TO|CCL-B.TO|TA.TO|DOL.TO|GIB-A.TO
trend_rs,2022-07-13,confirmed,6,EFN.TO|CCL-B.TO|DOL.TO|RBA.TO|CPX.TO|GIB-A.TO
trend_rs,2022-07-14,confirmed,6,RBA.TO|EFN.TO|CCL-B.TO|CPX.TO|TA.TO|DOL.TO
trend_rs,2022-07-15,confirmed,6,RBA.TO|EFN.TO|CPX.TO|TA.TO|DOL.TO|CCL-B.TO
trend_rs,2022-07-18,confirmed,6,EFN.TO|RBA.TO|TA.TO|CPX.TO|GIB-A.TO|DOL.TO
trend_rs,2022-07-19,confirmed,6,RBA.TO|EFN.TO|CPX.TO|TA.TO|CCL-B.TO|GIB-A.TO
trend_rs,2022-07-20,confirmed,6,EFN.TO|RBA.TO|CCL-B.TO|TA.TO|CPX.TO|GIB-A.TO
trend_rs,2022-07-21,confirmed,6,RBA.TO|EFN.TO|CCL-B.TO|GIB-A.TO|CPX.TO|TA.TO
trend_rs,2022-07-22,confirmed,6,RBA.TO|EFN.TO|CCL-B.TO|CPX.TO|GIB-A.TO|L.TO
trend_rs,2022-07-25,confirmed,6,RBA.TO|EFN.TO|CCL-B.TO|CPX.TO|GEI.TO|FFH.TO
trend_rs,2022-07-26,confirmed,6,RBA.TO|EFN.TO|TRI.TO|CCL-B.TO|CPX.TO|L.TO
trend_rs,2022-07-27,confirmed,6,RBA.TO|EFN.TO|TRI.TO|CPX.TO|CCL-B.TO|GIB-A.TO
trend_rs,2022-07-28,confirmed,6,EFN.TO|RBA.TO|TRI.TO|CPX.TO|LNR.TO|CCL-B.TO
trend_rs,2022-07-29,confirmed,6,RBA.TO|EFN.TO|CPX.TO|TRI.TO|LNR.TO|DFY.TO
trend_rs,2022-08-02,confirmed,6,VET.TO|EFN.TO|TRI.TO|WFG.TO|CPX.TO|TOU.TO
trend_rs,2022-08-03,confirmed,6,VET.TO|DFY.TO|EFN.TO|RBA.TO|LNR.TO|WFG.TO
trend_rs,2022-08-04,confirmed,6,VET.TO|DFY.TO|EFN.TO|RBA.TO|TRI.TO|CPX.TO
trend_rs,2022-08-05,confirmed,6,VET.TO|DFY.TO|EFN.TO|TSU.TO|TRI.TO|TOU.TO
trend_rs,2022-08-08,confirmed,6,SAP.TO|TFII.TO|VET.TO|DFY.TO|TSU.TO|DSG.TO
trend_rs,2022-08-09,confirmed,6,TFII.TO|VET.TO|DFY.TO|AIF.TO|SAP.TO|DSG.TO
trend_rs,2022-08-10,confirmed,6,TFII.TO|VET.TO|DFY.TO|SAP.TO|AIF.TO|TSU.TO
trend_rs,2022-08-11,confirmed,6,TFII.TO|VET.TO|EFN.TO|AIF.TO|LNR.TO|DFY.TO
trend_rs,2022-08-12,confirmed,6,TFII.TO|VET.TO|EFN.TO|AIF.TO|LNR.TO|TSU.TO
trend_rs,2022-08-15,confirmed,6,AIF.TO|EFN.TO|LNR.TO|MTL.TO|TFII.TO|VET.TO
trend_rs,2022-08-16,confirmed,6,EFN.TO|LNR.TO|MTL.TO|TFII.TO|TSU.TO|AIF.TO
trend_rs,2022-08-17,confirmed,6,EFN.TO|MTL.TO|TSU.TO|TFII.TO|AIF.TO|LNR.TO
trend_rs,2022-08-18,confirmed,6,EFN.TO|MTL.TO|TSU.TO|TFII.TO|LNR.TO|CP.TO
trend_rs,2022-08-19,confirmed,6,EFN.TO|TSU.TO|VET.TO|LNR.TO|MTL.TO|DFY.TO
trend_rs,2022-08-22,confirmed,6,BYD.TO|EFN.TO|VET.TO|DFY.TO|QSR.TO|TFII.TO
trend_rs,2022-08-23,confirmed,6,BYD.TO|EFN.TO|QSR.TO|VET.TO|TFII.TO|NPI.TO
trend_rs,2022-08-24,confirmed,6,BYD.TO|EFN.TO|QSR.TO|TFII.TO|VET.TO|ATS.TO
trend_rs,2022-08-25,confirmed,6,BYD.TO|EFN.TO|QSR.TO|TFII.TO|VET.TO|NPI.TO
trend_rs,2022-08-26,confirmed,6,BYD.TO|QSR.TO|TFII.TO|VET.TO|EFN.TO|NPI.TO
trend_rs,2022-08-29,confirmed,6,BYD.TO|EFN.TO|QSR.TO|VET.TO|NPI.TO|WCN.TO
trend_rs,2022-08-30,confirmed,6,BYD.TO|EFN.TO|VET.TO|QSR.TO|LNR.TO|WCN.TO
trend_rs,2022-08-31,confirmed,6,BYD.TO|EFN.TO|QSR.TO|VET.TO|NPI.TO|LNR.TO
trend_rs,2022-09-01,confirmed,6,BYD.TO|VET.TO|LNR.TO|EFN.TO|NPI.TO|SJ.TO
trend_rs,2022-09-02,confirmed,6,BYD.TO|VET.TO|LNR.TO|EFN.TO|SJ.TO|RBA.TO
trend_rs,2022-09-06,confirmed,6,BYD.TO|VET.TO|CCO.TO|EFN.TO|TOU.TO|LNR.TO
trend_rs,2022-09-07,confirmed,6,BYD.TO|LNR.TO|CCO.TO|SJ.TO|EFN.TO|WCN.TO
trend_rs,2022-09-08,confirmed,6,EFN.TO|CCO.TO|LNR.TO|WCN.TO|SJ.TO|WSP.TO
trend_rs,2022-09-09,confirmed,6,CCO.TO|WCN.TO|ATZ.TO|CCL-B.TO|WSP.TO|SJ.TO
trend_rs,2022-09-12,confirmed,6,ATZ.TO|CCO.TO|EFR.TO|CCL-B.TO|WCN.TO|WSP.TO
trend_rs,2022-09-13,confirmed,6,ATZ.TO|CCO.TO|EFR.TO|TOU.TO|WCN.TO|BIP-UN.TO
trend_rs,2022-09-14,confirmed,6,ATZ.TO|CCO.TO|EFR.TO|TOU.TO|VET.TO|MTL.TO
trend_rs,2022-09-15,confirmed,6,CCO.TO|EFR.TO|MTL.TO|TOU.TO|DFY.TO|ATZ.TO
trend_rs,2022-09-16,confirmed,6,CCO.TO|EFR.TO|DFY.TO|WCN.TO|SAP.TO|ATZ.TO
trend_rs,2022-09-19,confirmed,6,CCO.TO|EFR.TO|PSK.TO|DFY.TO|WCN.TO|ATZ.TO
trend_rs,2022-09-20,confirmed,6,CCO.TO|ATZ.TO|PSK.TO|WCN.TO|MTL.TO|LNR.TO
trend_rs,2022-09-21,confirmed,6,CCO.TO|WCN.TO|DFY.TO|ATZ.TO|PSK.TO|GFL.TO
trend_rs,2022-09-22,confirmed,6,CCO.TO|WCN.TO|DFY.TO|ATZ.TO|PSK.TO|IFC.TO
trend_rs,2022-09-23,confirmed,6,DFY.TO|WCN.TO|IFC.TO|CCL-B.TO|EFN.TO|CCO.TO
trend_rs,2022-09-26,confirmed,6,ATZ.TO|DFY.TO|WCN.TO|IFC.TO|CCO.TO|CCL-B.TO
trend_rs,2022-09-27,confirmed,6,ATZ.TO|DFY.TO|WCN.TO|IFC.TO|EFN.TO|QSR.TO
trend_rs,2022-09-28,confirmed,6,ATZ.TO|DFY.TO|WCN.TO|IFC.TO|EFN.TO|QSR.TO
trend_rs,2022-09-29,confirmed,6,ATZ.TO|DFY.TO|IFC.TO|WCN.TO|EFN.TO|CCO.TO
trend_rs,2022-09-30,confirmed,6,ATZ.TO|DFY.TO|CCL-B.TO|WCN.TO|IFC.TO|EFN.TO
trend_rs,2022-10-03,confirmed,6,ATZ.TO|ERO.TO|IVN.TO|AG.TO|FRU.TO|DFY.TO
trend_rs,2022-10-04,confirmed,6,ATZ.TO|ERO.TO|IVN.TO|AG.TO|FRU.TO|DFY.TO
trend_rs,2022-10-05,confirmed,6,ATZ.TO|ERO.TO|IVN.TO|AG.TO|FRU.TO|PSK.TO
trend_rs,2022-10-06,confirmed,6,ERO.TO|IVN.TO|AG.TO|FRU.TO|ATZ.TO|PSK.TO
trend_rs,2022-10-07,confirmed,6,ERO.TO|AG.TO|FRU.TO|PSK.TO|EFN.TO|AGI.TO
trend_rs,2022-10-11,confirmed,6,ERO.TO|AG.TO|FRU.TO|CNQ.TO|EFN.TO|PSK.TO
trend_rs,2022-10-12,confirmed,6,EFN.TO|ERO.TO|AG.TO|FRU.TO|BYD.TO|CNQ.TO
trend_rs,2022-10-13,confirmed,6,ATZ.TO|EFN.TO|ERO.TO|AG.TO|FRU.TO|CNQ.TO
trend_rs,2022-10-14,confirmed,6,ATZ.TO|EFN.TO|ERO.TO|AG.TO|FRU.TO|CNQ.TO
trend_rs,2022-10-17,confirmed,6,ATZ.TO|EFN.TO|ERO.TO|FRU.TO|TECK-B.TO|AG.TO
trend_rs,2022-10-18,confirmed,6,ATZ.TO|EFN.TO|ERO.TO|FRU.TO|BYD.TO|AG.TO
trend_rs,2022-10-19,confirmed,6,ATZ.TO|EFN.TO|FRU.TO|ERO.TO|CNQ.TO|IMO.TO
trend_rs,2022-10-20,confirmed,6,ATZ.TO|EFN.TO|ERO.TO|FRU.TO|TECK-B.TO|CNQ.TO
trend_rs,2022-10-21,confirmed,6,ATZ.TO|ERO.TO|FRU.TO|TECK-B.TO|AG.TO|CNQ.TO
trend_rs,2022-10-24,confirmed,6,ATZ.TO|ERO.TO|FRU.TO|TECK-B.TO|CNQ.TO|AG.TO
trend_rs,2022-10-25,confirmed,6,ATZ.TO|ERO.TO|FRU.TO|TECK-B.TO|CNQ.TO|AG.TO
trend_rs,2022-10-26,confirmed,6,ATZ.TO|ERO.TO|FRU.TO|TECK-B.TO|IVN.TO|CNQ.TO
trend_rs,2022-10-27,confirmed,6,FRU.TO|IVN.TO|CNQ.TO|ERO.TO|AG.TO|BBD-B.TO
trend_rs,2022-10-28,confirmed,6,FRU.TO|CNQ.TO|IMO.TO|BBD-B.TO|ATZ.TO|IVN.TO
trend_rs,2022-10-31,confirmed,6,ATZ.TO|BBD-B.TO|CNQ.TO|FRU.TO|IMO.TO|PSK.TO
trend_rs,2022-11-01,confirmed,6,BBD-B.TO|CNQ.TO|IMO.TO|PSK.TO|HWX.TO|WCP.TO
trend_rs,2022-11-02,confirmed,6,BBD-B.TO|CNQ.TO|IMO.TO|HWX.TO|PSK.TO|WCP.TO
trend_rs,2022-11-03,confirmed,6,BBD-B.TO|CNQ.TO|IMO.TO|HWX.TO|FRU.TO|PSK.TO
trend_rs,2022-11-04,confirmed,6,BBD-B.TO|IMO.TO|HWX.TO|CNQ.TO|IVN.TO|CVE.TO
trend_rs,2022-11-07,confirmed,6,BBD-B.TO|IMO.TO|TVE.TO|IVN.TO|FM.TO|ATZ.TO
trend_rs,2022-11-08,confirmed,6,BBD-B.TO|IMO.TO|TVE.TO|CVE.TO|OR.TO|IVN.TO
trend_rs,2022-11-09,confirmed,6,BBD-B.TO|IMO.TO|TVE.TO|OR.TO|IVN.TO|FM.TO
trend_rs,2022-11-10,confirmed,6,BBD-B.TO|TVE.TO|OR.TO|IVN.TO|FM.TO|K.TO
trend_rs,2022-11-11,confirmed,6,BBD-B.TO|TVE.TO|IMO.TO|CVE.TO|K.TO|WCP.TO
trend_rs,2022-11-14,confirmed,6,AG.TO|BBD-B.TO|CS.TO|CVE.TO|FM.TO|IVN.TO
trend_rs,2022-11-15,confirmed,6,BBD-B.TO|CS.TO|CVE.TO|FM.TO|FVI.TO|IMO.TO
trend_rs,2022-11-16,confirmed,6,AG.TO|BBD-B.TO|CS.TO|FM.TO|FVI.TO|IVN.TO
trend_rs,2022-11-17,confirmed,6,BBD-B.TO|CS.TO|FM.TO|FVI.TO|IVN.TO|OR.TO
trend_rs,2022-11-18,confirmed,6,BBD-B.TO|CS.TO|FVI.TO|OR.TO|TVE.TO|AGI.TO
trend_rs,2022-11-21,confirmed,6,AGI.TO|BBD-B.TO|CS.TO|FM.TO|FVI.TO|HBM.TO
trend_rs,2022-11-22,confirmed,6,AGI.TO|BBD-B.TO|CS.TO|ELD.TO|FM.TO|FVI.TO
trend_rs,2022-11-23,confirmed,6,AGI.TO|BBD-B.TO|CS.TO|ELD.TO|FM.TO|FVI.TO
trend_rs,2022-11-24,confirmed,6,AGI.TO|BBD-B.TO|CS.TO|ELD.TO|FM.TO|FVI.TO
trend_rs,2022-11-25,confirmed,6,AGI.TO|CS.TO|ELD.TO|FM.TO|FVI.TO|HBM.TO
trend_rs,2022-11-28,confirmed,6,AGI.TO|BBD-B.TO|CS.TO|ELD.TO|FFH.TO|FM.TO
trend_rs,2022-11-29,confirmed,6,AGI.TO|CS.TO|ELD.TO|FFH.TO|FM.TO|FTT.TO
trend_rs,2022-11-30,confirmed,6,AEM.TO|AGI.TO|BBD-B.TO|CS.TO|ELD.TO|ERO.TO
trend_rs,2022-12-01,confirmed,6,AEM.TO|AGI.TO|BBD-B.TO|CS.TO|ELD.TO|ERO.TO
trend_rs,2022-12-02,confirmed,6,AEM.TO|AGI.TO|BBD-B.TO|CS.TO|ELD.TO|ERO.TO
trend_rs,2022-12-05,confirmed,6,AEM.TO|AGI.TO|BBD-B.TO|CS.TO|CURA.TO|ELD.TO
trend_rs,2022-12-06,confirmed,6,AEM.TO|AGI.TO|BBD-B.TO|CS.TO|CURA.TO|ELD.TO
trend_rs,2022-12-07,confirmed,6,AEM.TO|AGI.TO|BBD-B.TO|CS.TO|ELD.TO|FVI.TO
trend_rs,2022-12-08,confirmed,6,AEM.TO|AGI.TO|BBD-B.TO|ELD.TO|FVI.TO|LUG.TO
trend_rs,2022-12-09,confirmed,6,AGI.TO|BBD-B.TO|ELD.TO|FVI.TO|LUG.TO|QSR.TO
trend_rs,2022-12-12,confirmed,6,AGI.TO|BBD-B.TO|ELD.TO|IVN.TO|LUG.TO|QSR.TO
trend_rs,2022-12-13,confirmed,6,AEM.TO|AGI.TO|BBD-B.TO|ELD.TO|ERO.TO|FFH.TO
trend_rs,2022-12-14,confirmed,6,AEM.TO|AGI.TO|BBD-B.TO|ELD.TO|ERO.TO|FTT.TO
trend_rs,2022-12-15,confirmed,6,AEM.TO|AGI.TO|BBD-B.TO|ELD.TO|ERO.TO|FVI.TO
trend_rs,2022-12-16,confirmed,6,AEM.TO|AGI.TO|BBD-B.TO|CS.TO|ELD.TO|ERO.TO
trend_rs,2022-12-19,confirmed,6,AEM.TO|AGI.TO|BBD-B.TO|DOO.TO|ELD.TO|ERO.TO
trend_rs,2022-12-20,confirmed,6,AEM.TO|AGI.TO|BBD-B.TO|CS.TO|DOO.TO|ELD.TO
trend_rs,2022-12-21,confirmed,6,AEM.TO|BBD-B.TO|CS.TO|DOO.TO|ELD.TO|ERO.TO
trend_rs,2022-12-22,confirmed,6,AEM.TO|BBD-B.TO|CS.TO|DOO.TO|ELD.TO|ERO.TO
trend_rs,2022-12-23,confirmed,6,AEM.TO|AGI.TO|BBD-B.TO|CS.TO|DOO.TO|ELD.TO
trend_rs,2022-12-28,confirmed,6,ABX.TO|AEM.TO|AGI.TO|BBD-B.TO|CS.TO|DOO.TO
trend_rs,2022-12-29,confirmed,6,ABX.TO|BBD-B.TO|CS.TO|DOO.TO|EIF.TO|ELD.TO
trend_rs,2022-12-30,confirmed,6,ABX.TO|AGI.TO|BBD-B.TO|CS.TO|EIF.TO|ELD.TO
trend_rs,2023-01-03,confirmed,6,ABX.TO|AGI.TO|EIF.TO|ERO.TO|IMG.TO|TSU.TO
trend_rs,2023-01-04,confirmed,6,ABX.TO|AEM.TO|AGI.TO|AIF.TO|EIF.TO|ELD.TO
trend_rs,2023-01-05,confirmed,6,ABX.TO|AEM.TO|AGI.TO|AIF.TO|BBD-B.TO|CS.TO
trend_rs,2023-01-06,confirmed,6,ABX.TO|AGI.TO|AIF.TO|CS.TO|EIF.TO|ELD.TO
trend_rs,2023-01-09,confirmed,6,ABX.TO|AIF.TO|BTO.TO|CG.TO|CS.TO|EIF.TO
trend_rs,2023-01-10,confirmed,6,ABX.TO|AIF.TO|BBD-B.TO|BTO.TO|CG.TO|CS.TO
trend_rs,2023-01-11,confirmed,6,ABX.TO|BTO.TO|CG.TO|CS.TO|EIF.TO|ENGH.TO
trend_rs,2023-01-12,confirmed,6,ABX.TO|BTO.TO|CG.TO|CS.TO|ENGH.TO|ERO.TO
trend_rs,2023-01-13,confirmed,6,BTO.TO|CG.TO|CS.TO|ENGH.TO|HBM.TO|IMG.TO
trend_rs,2023-01-16,confirmed,6,BTO.TO|CG.TO|CS.TO|DPM.TO|ENGH.TO|HBM.TO
trend_rs,2023-01-17,confirmed,6,BBD-B.TO|BTO.TO|CG.TO|CS.TO|DPM.TO|ENGH.TO
trend_rs,2023-01-18,confirmed,6,BBD-B.TO|BTO.TO|CG.TO|CS.TO|DPM.TO|EFX.TO
trend_rs,2023-01-19,confirmed,6,BTO.TO|CG.TO|CS.TO|DPM.TO|EFX.TO|EQX.TO
trend_rs,2023-01-20,confirmed,6,BBD-B.TO|CG.TO|CS.TO|DPM.TO|EFX.TO|EQX.TO
trend_rs,2023-01-23,confirmed,6,ATRL.TO|CS.TO|DIR-UN.TO|DPM.TO|EQX.TO|ERO.TO
trend_rs,2023-01-24,confirmed,6,ATRL.TO|BBD-B.TO|CG.TO|CS.TO|DIR-UN.TO|DPM.TO
trend_rs,2023-01-25,confirmed,6,ATRL.TO|BBD-B.TO|CG.TO|CS.TO|DIR-UN.TO|DPM.TO
trend_rs,2023-01-26,confirmed,6,ATRL.TO|BBD-B.TO|CG.TO|CLS.TO|CS.TO|DIR-UN.TO
trend_rs,2023-01-27,confirmed,6,ATRL.TO|BBD-B.TO|CG.TO|CLS.TO|CS.TO|DIR-UN.TO
trend_rs,2023-01-30,confirmed,6,ATRL.TO|ATS.TO|BBD-B.TO|CG.TO|CS.TO|CSH-UN.TO
trend_rs,2023-01-31,confirmed,6,AC.TO|ATS.TO|BBD-B.TO|CS.TO|CSH-UN.TO|DIR-UN.TO
trend_rs,2023-02-01,confirmed,6,ATRL.TO|ATS.TO|BBD-B.TO|CG.TO|CLS.TO|CS.TO
trend_rs,2023-02-02,confirmed,6,ATRL.TO|ATS.TO|BBD-B.TO|CG.TO|CLS.TO|CS.TO
trend_rs,2023-02-03,confirmed,6,ATRL.TO|ATS.TO|BBD-B.TO|CLS.TO|CS.TO|DIR-UN.TO
trend_rs,2023-02-06,confirmed,6,ATS.TO|BBD-B.TO|CLS.TO|DIR-UN.TO|EQB.TO|MX.TO
trend_rs,2023-02-07,confirmed,6,BBD-B.TO|DIR-UN.TO|EQB.TO|MX.TO|PXT.TO|SHOP.TO
trend_rs,2023-02-08,confirmed,6,BBD-B.TO|DIR-UN.TO|EQB.TO|MX.TO|PXT.TO|SHOP.TO
trend_rs,2023-02-09,confirmed,6,DIR-UN.TO|EQB.TO|MX.TO|OTEX.TO|SHOP.TO|WELL.TO
trend_rs,2023-02-10,confirmed,6,DIR-UN.TO|EQB.TO|MX.TO|PXT.TO|SHOP.TO|WELL.TO
trend_rs,2023-02-13,confirmed,6,CCO.TO|CIGI.TO|EQB.TO|MX.TO|PXT.TO|SHOP.TO
trend_rs,2023-02-14,confirmed,6,CCO.TO|CG.TO|CIGI.TO|DOO.TO|EQB.TO|MX.TO
trend_rs,2023-02-15,confirmed,6,CCO.TO|CIGI.TO|DOO.TO|EQB.TO|MX.TO|SHOP.TO
trend_rs,2023-02-16,confirmed,6,ATS.TO|CCO.TO|CIGI.TO|DOO.TO|EQB.TO|MX.TO
trend_rs,2023-02-17,confirmed,6,CCO.TO|CIGI.TO|DOO.TO|EQB.TO|FFH.TO|WELL.TO
trend_rs,2023-02-21,confirmed,6,BEI-UN.TO|CIGI.TO|DIR-UN.TO|DOO.TO|EQB.TO|FFH.TO
trend_rs,2023-02-22,confirmed,6,BEI-UN.TO|CIGI.TO|DOO.TO|EQB.TO|FFH.TO|PBH.TO
trend_rs,2023-02-23,confirmed,6,BEI-UN.TO|CIGI.TO|DIR-UN.TO|DOO.TO|ENGH.TO|MX.TO
trend_rs,2023-02-24,confirmed,6,CIGI.TO|DIR-UN.TO|DOO.TO|MX.TO|PBH.TO|RUS.TO
trend_rs,2023-02-27,confirmed,6,AIF.TO|ATH.TO|BHC.TO|CIGI.TO|DOO.TO|FFH.TO
trend_rs,2023-02-28,confirmed,6,BBD-B.TO|BHC.TO|CIGI.TO|CTC-A.TO|DOO.TO|ENGH.TO
trend_rs,2023-03-01,confirmed,6,BHC.TO|CIGI.TO|ENGH.TO|FFH.TO|IAG.TO|MX.TO
trend_rs,2023-03-02,confirmed,6,ATH.TO|BHC.TO|ENGH.TO|MX.TO|PBH.TO|RUS.TO
trend_rs,2023-03-03,confirmed,6,ARE.TO|ATH.TO|BHC.TO|ERO.TO|MX.TO|PBH.TO
trend_rs,2023-03-06,confirmed,6,ARE.TO|ATH.TO|BHC.TO|ERO.TO|PBH.TO|RUS.TO
trend_rs,2023-03-07,confirmed,6,ARE.TO|ATH.TO|BHC.TO|ENGH.TO|ERO.TO|IAG.TO
trend_rs,2023-03-08,confirmed,6,ARE.TO|ATH.TO|BHC.TO|ERO.TO|RUS.TO|STN.TO
trend_rs,2023-03-09,confirmed,6,ARE.TO|ATH.TO|BHC.TO|ERO.TO|RUS.TO|STN.TO
trend_rs,2023-03-10,confirmed,6,ARE.TO|ATH.TO|BBD-B.TO|BHC.TO|DPM.TO|ERO.TO
trend_rs,2023-03-13,confirmed,6,ARE.TO|ATS.TO|DPM.TO|ERO.TO|GIL.TO|STN.TO
trend_rs,2023-03-14,confirmed,6,ARE.TO|ATRL.TO|BBD-B.TO|DPM.TO|ERO.TO|GIL.TO
trend_rs,2023-03-15,confirmed,6,ARE.TO|ATRL.TO|DPM.TO|GIL.TO|STN.TO|TOI.V
trend_rs,2023-03-16,confirmed,6,ARE.TO|ATRL.TO|DPM.TO|GIL.TO|OTEX.TO|STN.TO
trend_rs,2023-03-17,confirmed,6,ARE.TO|ATRL.TO|DPM.TO|GIL.TO|OTEX.TO|STN.TO
trend_rs,2023-03-20,confirmed,6,ARE.TO|ATRL.TO|DPM.TO|GIL.TO|OTEX.TO|PXT.TO
trend_rs,2023-03-21,confirmed,6,ARE.TO|ATH.TO|ATRL.TO|DPM.TO|GIL.TO|OTEX.TO
trend_rs,2023-03-22,confirmed,6,ARE.TO|ATH.TO|ATRL.TO|DPM.TO|GIL.TO|OTEX.TO
trend_rs,2023-03-23,confirmed,6,ARE.TO|ATRL.TO|DPM.TO|OTEX.TO|SHOP.TO|WELL.TO
trend_rs,2023-03-24,confirmed,6,ARE.TO|ATRL.TO|CG.TO|DPM.TO|ERO.TO|OTEX.TO
trend_rs,2023-03-27,confirmed,6,ARE.TO|ATRL.TO|DPM.TO|ELD.TO|EQX.TO|KXS.TO
trend_rs,2023-03-28,confirmed,6,ARE.TO|ATRL.TO|DPM.TO|ELD.TO|EQX.TO|ERO.TO
trend_rs,2023-03-29,confirmed,6,AQN.TO|ARE.TO|ATH.TO|ATRL.TO|DPM.TO|EQX.TO
trend_rs,2023-03-30,confirmed,6,AQN.TO|ARE.TO|ATRL.TO|DPM.TO|ELD.TO|EQX.TO
trend_rs,2023-03-31,confirmed,6,AQN.TO|ARE.TO|ATRL.TO|DPM.TO|EQX.TO|KXS.TO
trend_rs,2023-04-03,confirmed,6,ARE.TO|ATRL.TO|DPM.TO|EQX.TO|OR.TO|PXT.TO
trend_rs,2023-04-04,confirmed,6,DPM.TO|EQX.TO|OR.TO|PXT.TO|TXG.TO|ELD.TO
trend_rs,2023-04-05,confirmed,6,DPM.TO|EQX.TO|OR.TO|PXT.TO|TXG.TO|AQN.TO
trend_rs,2023-04-06,confirmed,6,AQN.TO|DPM.TO|EQX.TO|OR.TO|TXG.TO|ELD.TO
trend_rs,2023-04-10,confirmed,6,AQN.TO|DPM.TO|ELD.TO|EQX.TO|OGC.TO|OR.TO
trend_rs,2023-04-11,confirmed,6,AQN.TO|DPM.TO|EQX.TO|OR.TO|TXG.TO|BBD-B.TO
trend_rs,2023-04-12,confirmed,6,EQX.TO|OR.TO|TXG.TO|DPM.TO|AGI.TO|ELD.TO
trend_rs,2023-04-13,confirmed,6,DPM.TO|ELD.TO|EQX.TO|PXT.TO|TXG.TO|ATH.TO
trend_rs,2023-04-14,confirmed,6,ELD.TO|EQX.TO|PXT.TO|TXG.TO|OR.TO|AGI.TO
trend_rs,2023-04-17,confirmed,6,ATH.TO|TFPM.TO|WELL.TO|LUG.TO|PXT.TO|EQX.TO
trend_rs,2023-04-18,confirmed,6,ATH.TO|ERO.TO|TFPM.TO|WELL.TO|BBD-B.TO|EQX.TO
trend_rs,2023-04-19,confirmed,6,ATH.TO|EQX.TO|ERO.TO|TFPM.TO|WELL.TO|BBD-B.TO
trend_rs,2023-04-20,confirmed,6,ERO.TO|NGEX.TO|TFPM.TO|WELL.TO|ATH.TO|CG.TO
trend_rs,2023-04-21,confirmed,6,ATH.TO|NGEX.TO|TFPM.TO|WELL.TO|ERO.TO|PXT.TO
trend_rs,2023-04-24,confirmed,6,NGEX.TO|TFPM.TO|WELL.TO|ATH.TO|ERO.TO|PXT.TO
trend_rs,2023-04-25,confirmed,6,NGEX.TO|TFPM.TO|LUG.TO|WELL.TO|WDO.TO|ERO.TO
trend_rs,2023-04-26,confirmed,6,NGEX.TO|WELL.TO|TFPM.TO|LUG.TO|ERO.TO|FM.TO
trend_rs,2023-04-27,confirmed,6,NGEX.TO|WELL.TO|LUG.TO|TFPM.TO|FM.TO|PXT.TO
trend_rs,2023-04-28,confirmed,6,NGEX.TO|WELL.TO|ERO.TO|PXT.TO|TECK-B.TO|LUG.TO
trend_rs,2023-05-01,confirmed,6,ERO.TO|NGEX.TO|WELL.TO|TECK-B.TO|LUN.TO|LUG.TO
trend_rs,2023-05-02,confirmed,6,ERO.TO|K.TO|NGEX.TO|WDO.TO|WELL.TO|TFPM.TO
trend_rs,2023-05-03,confirmed,6,ERO.TO|TFPM.TO|WDO.TO|WELL.TO|LUG.TO|ELD.TO
trend_rs,2023-05-04,confirmed,6,ELD.TO|ERO.TO|IMG.TO|LUG.TO|WDO.TO|WELL.TO
trend_rs,2023-05-05,confirmed,6,ERO.TO|FM.TO|WDO.TO|WELL.TO|IMG.TO|LUN.TO
trend_rs,2023-05-08,confirmed,6,ERO.TO|FM.TO|LUN.TO|TXG.TO|WDO.TO|WELL.TO
trend_rs,2023-05-09,confirmed,6,ERO.TO|LUG.TO|LUN.TO|TXG.TO|WDO.TO|WELL.TO
trend_rs,2023-05-10,confirmed,6,LUG.TO|WELL.TO|WDO.TO|SHOP.TO|SJ.TO|LUN.TO
trend_rs,2023-05-11,confirmed,6,SHOP.TO|GFL.TO|SJ.TO|WELL.TO|QSR.TO|BYD.TO
trend_rs,2023-05-12,confirmed,6,GFL.TO|SHOP.TO|SJ.TO|WDO.TO|BEPC.TO|IMG.TO
trend_rs,2023-05-15,confirmed,6,LUG.TO|SDE.TO|SHOP.TO|SJ.TO|GFL.TO|WDO.TO
trend_rs,2023-05-16,confirmed,6,GFL.TO|SDE.TO|SHOP.TO|SJ.TO|BB.TO|LUG.TO
trend_rs,2023-05-17,confirmed,6,SHOP.TO|SJ.TO|GFL.TO|OTEX.TO|BB.TO|AQN.TO
trend_rs,2023-05-18,confirmed,6,SHOP.TO|SJ.TO|OTEX.TO|GFL.TO|BB.TO|ARX.TO
trend_rs,2023-05-19,confirmed,6,SHOP.TO|SJ.TO|OTEX.TO|ARX.TO|BB.TO|GFL.TO
trend_rs,2023-05-23,confirmed,6,ARX.TO|BB.TO|OTEX.TO|SHOP.TO|SJ.TO|BYD.TO
trend_rs,2023-05-24,confirmed,6,BB.TO|OTEX.TO|SHOP.TO|SJ.TO|BYD.TO|ARX.TO
trend_rs,2023-05-25,confirmed,6,BB.TO|GFL.TO|OTEX.TO|SHOP.TO|SJ.TO|BYD.TO
trend_rs,2023-05-26,confirmed,6,BB.TO|GFL.TO|OTEX.TO|SHOP.TO|SJ.TO|BYD.TO
trend_rs,2023-05-29,confirmed,6,BB.TO|OTEX.TO|SHOP.TO|SJ.TO|TA.TO|BYD.TO
trend_rs,2023-05-30,confirmed,6,BB.TO|OTEX.TO|SHOP.TO|SJ.TO|TA.TO|BYD.TO
trend_rs,2023-05-31,confirmed,6,BB.TO|OTEX.TO|SHOP.TO|SJ.TO|TA.TO|BYD.TO
trend_rs,2023-06-01,confirmed,6,BB.TO|OTEX.TO|SHOP.TO|SJ.TO|BYD.TO|TA.TO
trend_rs,2023-06-02,confirmed,6,BB.TO|OTEX.TO|SJ.TO|BYD.TO|QSR.TO|TA.TO
trend_rs,2023-06-05,confirmed,6,BB.TO|BYD.TO|SJ.TO|PSK.TO|CSU.TO|GFL.TO
trend_rs,2023-06-06,confirmed,6,BYD.TO|SJ.TO|BB.TO|PSK.TO|FTT.TO|CSU.TO
trend_rs,2023-06-07,confirmed,6,BYD.TO|SJ.TO|FTT.TO|PSK.TO|FFH.TO|TPZ.TO
trend_rs,2023-06-08,confirmed,6,SJ.TO|FTT.TO|PSK.TO|TPZ.TO|FFH.TO|BIP-UN.TO
trend_rs,2023-06-09,confirmed,6,PXT.TO|SJ.TO|PSK.TO|FTT.TO|TPZ.TO|OTEX.TO
trend_rs,2023-06-12,confirmed,6,AC.TO|CSU.TO|FTT.TO|SJ.TO|CCO.TO|TOU.TO
trend_rs,2023-06-13,confirmed,6,AC.TO|FTT.TO|SJ.TO|CCO.TO|TPZ.TO|CSU.TO
trend_rs,2023-06-14,confirmed,6,AC.TO|FTT.TO|SJ.TO|CCO.TO|SHOP.TO|CSU.TO
trend_rs,2023-06-15,confirmed,6,FTT.TO|SJ.TO|CCO.TO|SHOP.TO|AC.TO|TOU.TO
trend_rs,2023-06-16,confirmed,6,CCO.TO|FTT.TO|SJ.TO|AC.TO|SHOP.TO|PSK.TO
trend_rs,2023-06-19,confirmed,6,CCO.TO|FTT.TO|AC.TO|SJ.TO|SHOP.TO|ERO.TO
trend_rs,2023-06-20,confirmed,6,AC.TO|CCO.TO|FTT.TO|SJ.TO|SHOP.TO|ERO.TO
trend_rs,2023-06-21,confirmed,6,AC.TO|CCO.TO|SJ.TO|FTT.TO|LUN.TO|ERO.TO
trend_rs,2023-06-22,confirmed,6,FTT.TO|SJ.TO|CCO.TO|LUN.TO|AC.TO|ERO.TO
trend_rs,2023-06-23,confirmed,6,SJ.TO|FTT.TO|ARX.TO|CCO.TO|AC.TO|ERO.TO
trend_rs,2023-06-26,confirmed,6,NXE.TO|TSU.TO|SJ.TO|CCO.TO|ARX.TO|FTT.TO
trend_rs,2023-06-27,confirmed,6,NXE.TO|TSU.TO|AC.TO|CCO.TO|FTT.TO|SJ.TO
trend_rs,2023-06-28,confirmed,6,AC.TO|NXE.TO|SJ.TO|FTT.TO|SHOP.TO|TSU.TO
trend_rs,2023-06-29,confirmed,6,AC.TO|SJ.TO|TSU.TO|ARX.TO|SHOP.TO|ERO.TO
trend_rs,2023-06-30,confirmed,6,AC.TO|SJ.TO|SHOP.TO|ERO.TO|FTT.TO|TSU.TO
trend_rs,2023-07-04,confirmed,6,AC.TO|SJ.TO|WFG.TO|ERO.TO|ARX.TO|SHOP.TO
trend_rs,2023-07-05,confirmed,6,AC.TO|SJ.TO|WFG.TO|NXE.TO|ERO.TO|CCA.TO
trend_rs,2023-07-06,confirmed,6,AC.TO|SJ.TO|WFG.TO|ERO.TO|SHOP.TO|DOL.TO
trend_rs,2023-07-07,confirmed,6,AC.TO|SJ.TO|WFG.TO|ARX.TO|ERO.TO|TOU.TO
trend_rs,2023-07-10,confirmed,6,AC.TO|CLS.TO|LSPD.TO|WFG.TO|SJ.TO|ERO.TO
trend_rs,2023-07-11,confirmed,6,CLS.TO|AC.TO|ARX.TO|WFG.TO|LSPD.TO|TOU.TO
trend_rs,2023-07-12,confirmed,6,CLS.TO|ARX.TO|WFG.TO|LSPD.TO|FTT.TO|TOU.TO
trend_rs,2023-07-13,confirmed,6,CLS.TO|LSPD.TO|ARX.TO|WFG.TO|PSK.TO|TOU.TO
trend_rs,2023-07-14,confirmed,6,CLS.TO|LSPD.TO|WFG.TO|EQB.TO|LB.TO|FTT.TO
trend_rs,2023-07-17,confirmed,6,CLS.TO|LB.TO|WFG.TO|LSPD.TO|AAV.TO|PSK.TO
trend_rs,2023-07-18,confirmed,6,CLS.TO|LB.TO|AAV.TO|PSK.TO|LSPD.TO|WFG.TO
trend_rs,2023-07-19,confirmed,6,AAV.TO|LSPD.TO|LB.TO|PSK.TO|ONEX.TO|CLS.TO
trend_rs,2023-07-20,confirmed,6,LSPD.TO|LB.TO|PSK.TO|ATRL.TO|ONEX.TO|AAV.TO
trend_rs,2023-07-21,confirmed,6,LSPD.TO|LB.TO|EFX.TO|ONEX.TO|ATRL.TO|PSK.TO
trend_rs,2023-07-24,confirmed,6,ATRL.TO|BHC.TO|EFX.TO|LB.TO|MG.TO|HWX.TO
trend_rs,2023-07-25,confirmed,6,ATRL.TO|BHC.TO|CLS.TO|EFX.TO|LB.TO|LSPD.TO
trend_rs,2023-07-26,confirmed,6,ATRL.TO|BHC.TO|CCO.TO|CLS.TO|EFX.TO|LB.TO
trend_rs,2023-07-27,confirmed,6,BHC.TO|CLS.TO|EFX.TO|LB.TO|ATRL.TO|MG.TO
trend_rs,2023-07-28,confirmed,6,BHC.TO|CLS.TO|EFX.TO|FTT.TO|LB.TO|PSK.TO
trend_rs,2023-07-31,confirmed,6,BHC.TO|CLS.TO|EFX.TO|HWX.TO|KEL.TO|LB.TO
trend_rs,2023-08-01,confirmed,6,BHC.TO|CCO.TO|CLS.TO|EFX.TO|FTT.TO|HWX.TO
trend_rs,2023-08-02,confirmed,6,ATRL.TO|BHC.TO|CLS.TO|EFX.TO|EQB.TO|FTT.TO
trend_rs,2023-08-03,confirmed,6,ATRL.TO|BHC.TO|CCO.TO|CLS.TO|EFX.TO|EQB.TO
trend_rs,2023-08-04,confirmed,6,ATRL.TO|CCO.TO|CLS.TO|EFX.TO|EQB.TO|FTT.TO
trend_rs,2023-08-08,confirmed,6,ATH.TO|ATRL.TO|CCO.TO|CLS.TO|EFX.TO|EQB.TO
trend_rs,2023-08-09,confirmed,6,ATH.TO|ATRL.TO|CLS.TO|EQB.TO|HBM.TO|HPS-A.TO
trend_rs,2023-08-10,confirmed,6,ATRL.TO|CLS.TO|EQB.TO|HPS-A.TO|KEL.TO|TFII.TO
trend_rs,2023-08-11,confirmed,6,ARX.TO|ATRL.TO|CLS.TO|EQB.TO|HPS-A.TO|KEL.TO
trend_rs,2023-08-14,confirmed,6,ARX.TO|ATRL.TO|CCO.TO|CLS.TO|CVE.TO|HWX.TO
trend_rs,2023-08-15,confirmed,6,AAV.TO|ARX.TO|ATH.TO|ATRL.TO|CCO.TO|CLS.TO
trend_rs,2023-08-16,confirmed,6,ATRL.TO|CLS.TO|CVE.TO|IMO.TO|KEL.TO|ONEX.TO
trend_rs,2023-08-17,confirmed,6,ARX.TO|ATH.TO|ATRL.TO|CLS.TO|CVE.TO|IMO.TO
trend_rs,2023-08-18,confirmed,6,ARX.TO|ATH.TO|CCO.TO|CLS.TO|CVE.TO|IMO.TO
trend_rs,2023-08-21,confirmed,6,ARX.TO|ATH.TO|CCO.TO|CLS.TO|CVE.TO|FFH.TO
trend_rs,2023-08-22,confirmed,6,ATRL.TO|CCO.TO|CLS.TO|CVE.TO|FFH.TO|IMO.TO
trend_rs,2023-08-23,confirmed,6,ATRL.TO|CCO.TO|CLS.TO|CVE.TO|FFH.TO|IMO.TO
trend_rs,2023-08-24,confirmed,6,ATRL.TO|CCO.TO|CLS.TO|FFH.TO|IMO.TO|MFI.TO
trend_rs,2023-08-25,confirmed,6,ATH.TO|ATRL.TO|CCO.TO|CLS.TO|FFH.TO|IMO.TO
trend_rs,2023-08-28,confirmed,6,ATH.TO|ATRL.TO|CCO.TO|CIGI.TO|CLS.TO|DCBO.TO
trend_rs,2023-08-29,confirmed,6,ATRL.TO|CIGI.TO|DCBO.TO|NXE.TO|ATH.TO|IMO.TO
trend_rs,2023-08-30,confirmed,6,ATH.TO|ATRL.TO|CIGI.TO|DCBO.TO|NXE.TO|CCO.TO
trend_rs,2023-08-31,confirmed,6,ATRL.TO|CCO.TO|CLS.TO|DCBO.TO|IMO.TO|NXE.TO
trend_rs,2023-09-01,confirmed,6,CCO.TO|CLS.TO|DCBO.TO|IMO.TO|NXE.TO|PEY.TO
trend_rs,2023-09-05,confirmed,6,CAE.TO|CCO.TO|CEU.TO|CLS.TO|DCBO.TO|IMO.TO
trend_rs,2023-09-06,confirmed,6,CAE.TO|CCO.TO|CEU.TO|CLS.TO|DCBO.TO|NXE.TO
trend_rs,2023-09-07,confirmed,6,CCO.TO|CEU.TO|CLS.TO|DCBO.TO|NXE.TO|SU.TO
trend_rs,2023-09-08,confirmed,6,CCO.TO|CEU.TO|CLS.TO|DCBO.TO|NXE.TO|SU.TO
trend_rs,2023-09-11,confirmed,6,CLS.TO|CURA.TO|DCBO.TO|EFR.TO|NXE.TO|CCO.TO
trend_rs,2023-09-12,confirmed,6,CCO.TO|CLS.TO|CURA.TO|EFR.TO|NXE.TO|SU.TO
trend_rs,2023-09-13,confirmed,6,CCO.TO|CURA.TO|EFR.TO|NXE.TO|SU.TO|CLS.TO
trend_rs,2023-09-14,confirmed,6,CCO.TO|CURA.TO|DML.TO|EFR.TO|NXE.TO|TVE.TO
trend_rs,2023-09-15,confirmed,6,CCO.TO|CURA.TO|DML.TO|EFR.TO|NXE.TO|TVE.TO
trend_rs,2023-09-18,confirmed,6,CCO.TO|CURA.TO|DML.TO|EFR.TO|NXE.TO|RBA.TO
trend_rs,2023-09-19,confirmed,6,CURA.TO|EFR.TO|NXE.TO|RBA.TO|TVE.TO|DML.TO
trend_rs,2023-09-20,confirmed,6,CURA.TO|DML.TO|EFR.TO|NXE.TO|TVE.TO|RBA.TO
trend_rs,2023-09-21,confirmed,6,CURA.TO|DML.TO|EFR.TO|NXE.TO|TVE.TO|FRU.TO
trend_rs,2023-09-22,confirmed,6,CCO.TO|CURA.TO|DML.TO|EFR.TO|NXE.TO|TVE.TO
trend_rs,2023-09-25,confirmed,6,CCO.TO|CURA.TO|DML.TO|EFR.TO|NXE.TO|TVE.TO
trend_rs,2023-09-26,confirmed,6,ATH.TO|CCO.TO|CURA.TO|DML.TO|EFR.TO|IMO.TO
trend_rs,2023-09-27,confirmed,6,ARX.TO|ATH.TO|BTE.TO|CCO.TO|CURA.TO|CVE.TO
trend_rs,2023-09-28,confirmed,6,ARX.TO|ATH.TO|BTE.TO|CCO.TO|CLS.TO|CURA.TO
trend_rs,2023-09-29,confirmed,6,ATH.TO|BTE.TO|CCO.TO|CURA.TO|DML.TO|EFR.TO
trend_rs,2023-10-02,confirmed,6,ATH.TO|CLS.TO|CURA.TO|DML.TO|EFR.TO|IMO.TO
trend_rs,2023-10-03,confirmed,6,ATH.TO|DML.TO|IMO.TO|PEY.TO|EFR.TO|CLS.TO
trend_rs,2023-10-04,confirmed,6,CLS.TO|DML.TO|PEY.TO|NXE.TO|ATRL.TO|EFR.TO
trend_rs,2023-10-05,confirmed,6,CLS.TO|DML.TO|PEY.TO|EFR.TO|NXE.TO|DOL.TO
trend_rs,2023-10-06,confirmed,6,CLS.TO|DML.TO|PEY.TO|NXE.TO|EFR.TO|ATH.TO
trend_rs,2023-10-10,confirmed,6,ATH.TO|CLS.TO|DML.TO|PEY.TO|IMO.TO|EFR.TO
trend_rs,2023-10-11,confirmed,6,CLS.TO|PEY.TO|ATH.TO|DOL.TO|DFY.TO|IMO.TO
trend_rs,2023-10-12,confirmed,6,CLS.TO|PEY.TO|ATH.TO|IMO.TO|ARX.TO|DFY.TO
trend_rs,2023-10-13,confirmed,6,ATH.TO|CLS.TO|PEY.TO|ARX.TO|IMO.TO|DFY.TO
trend_rs,2023-10-16,confirmed,6,ATH.TO|CLS.TO|PEY.TO|CNQ.TO|IMO.TO|CVE.TO
trend_rs,2023-10-17,confirmed,6,ATH.TO|CLS.TO|PEY.TO|IMO.TO|CNQ.TO|CVE.TO
trend_rs,2023-10-18,confirmed,6,ATH.TO|BTE.TO|CLS.TO|IMO.TO|PEY.TO|CNQ.TO
trend_rs,2023-10-19,confirmed,6,ATH.TO|BTE.TO|CLS.TO|CVE.TO|IMO.TO|PEY.TO
trend_rs,2023-10-20,confirmed,6,ATH.TO|BTE.TO|CLS.TO|CVE.TO|PEY.TO|CNQ.TO
trend_rs,2023-10-23,confirmed,6,ATH.TO|CLS.TO|PEY.TO|BTE.TO|CNQ.TO|ARX.TO
trend_rs,2023-10-24,confirmed,6,CLS.TO|PEY.TO|BTE.TO|ATH.TO|ARX.TO|CNQ.TO
trend_rs,2023-10-25,confirmed,6,CLS.TO|PEY.TO|BTE.TO|ATH.TO|ARX.TO|ATD.TO
trend_rs,2023-10-26,confirmed,6,PEY.TO|BTE.TO|ATD.TO|AGI.TO|DOL.TO|RBA.TO
trend_rs,2023-10-27,confirmed,6,PEY.TO|BTE.TO|TVE.TO|ATH.TO|AGI.TO|AAV.TO
trend_rs,2023-10-30,confirmed,6,PEY.TO|AGI.TO|ATD.TO|K.TO|TVE.TO|SJ.TO
trend_rs,2023-10-31,confirmed,6,PEY.TO|CCO.TO|TVE.TO|AGI.TO|K.TO|EFR.TO
trend_rs,2023-11-01,confirmed,6,CCO.TO|NXE.TO|PEY.TO|TVE.TO|AGI.TO|K.TO
trend_rs,2023-11-02,confirmed,6,PEY.TO|CCO.TO|NXE.TO|TVE.TO|BTE.TO|AGI.TO
trend_rs,2023-11-03,confirmed,6,PEY.TO|CCO.TO|TVE.TO|BTE.TO|AGI.TO|ARX.TO
trend_rs,2023-11-06,confirmed,6,ELD.TO|TVE.TO|AGI.TO|K.TO|HPS-A.TO|SJ.TO
trend_rs,2023-11-07,confirmed,6,ELD.TO|AGI.TO|CCO.TO|K.TO|HPS-A.TO|SJ.TO
trend_rs,2023-11-08,confirmed,6,ELD.TO|CCO.TO|HPS-A.TO|AGI.TO|K.TO|SJ.TO
trend_rs,2023-11-09,confirmed,6,ELD.TO|NXE.TO|AGI.TO|CCO.TO|K.TO|HPS-A.TO
trend_rs,2023-11-10,confirmed,6,CCO.TO|HPS-A.TO|SJ.TO|NXE.TO|DML.TO|ELD.TO
trend_rs,2023-11-13,confirmed,6,CCO.TO|EFR.TO|HPS-A.TO|NXE.TO|SJ.TO|DML.TO
trend_rs,2023-11-14,confirmed,6,CCO.TO|HPS-A.TO|SJ.TO|DML.TO|EFR.TO|NXE.TO
trend_rs,2023-11-15,confirmed,6,CCO.TO|HPS-A.TO|SJ.TO|DML.TO|BDGI.TO|NXE.TO
trend_rs,2023-11-16,confirmed,6,CCO.TO|HPS-A.TO|SJ.TO|DML.TO|BDGI.TO|ELD.TO
trend_rs,2023-11-17,confirmed,6,CCO.TO|HPS-A.TO|DML.TO|NXE.TO|BDGI.TO|SJ.TO
trend_rs,2023-11-20,confirmed,6,CCO.TO|DML.TO|GIL.TO|HPS-A.TO|NXE.TO|BDGI.TO
trend_rs,2023-11-21,confirmed,6,DML.TO|GIL.TO|HPS-A.TO|BDGI.TO|CCO.TO|SJ.TO
trend_rs,2023-11-22,confirmed,6,GIL.TO|HPS-A.TO|DML.TO|BDGI.TO|CCO.TO|ELD.TO
trend_rs,2023-11-23,confirmed,6,CCO.TO|CLS.TO|DML.TO|ELD.TO|GIL.TO|HPS-A.TO
trend_rs,2023-11-24,confirmed,6,CCO.TO|CLS.TO|DML.TO|GIL.TO|HPS-A.TO|NXE.TO
trend_rs,2023-11-27,confirmed,6,CCO.TO|CLS.TO|DML.TO|GIL.TO|HPS-A.TO|DCBO.TO
trend_rs,2023-11-28,confirmed,6,ELD.TO|GIL.TO|DCBO.TO|HPS-A.TO|CSU.TO|AGI.TO
trend_rs,2023-11-29,confirmed,6,ELD.TO|GIL.TO|AGI.TO|DCBO.TO|CSU.TO|ONEX.TO
trend_rs,2023-11-30,confirmed,6,ELD.TO|HPS-A.TO|BDGI.TO|AGI.TO|GIL.TO|CSU.TO
trend_rs,2023-12-01,confirmed,6,ELD.TO|DML.TO|GIL.TO|CSU.TO|HPS-A.TO|STN.TO
trend_rs,2023-12-04,confirmed,6,DML.TO|ELD.TO|FVI.TO|HPS-A.TO|SHOP.TO|CSU.TO
trend_rs,2023-12-05,confirmed,6,DML.TO|ELD.TO|FVI.TO|HPS-A.TO|SHOP.TO|CSU.TO
trend_rs,2023-12-06,confirmed,6,DML.TO|ELD.TO|FVI.TO|HPS-A.TO|STN.TO|SHOP.TO
trend_rs,2023-12-07,confirmed,6,ELD.TO|FVI.TO|HPS-A.TO|SHOP.TO|DML.TO|CSU.TO
trend_rs,2023-12-08,confirmed,6,DML.TO|ELD.TO|FVI.TO|SHOP.TO|NXE.TO|HPS-A.TO
trend_rs,2023-12-11,confirmed,6,ELD.TO|FVI.TO|SHOP.TO|HPS-A.TO|K.TO|NXE.TO
trend_rs,2023-12-12,confirmed,6,ELD.TO|NXE.TO|SHOP.TO|HPS-A.TO|CSU.TO|DML.TO
trend_rs,2023-12-13,confirmed,6,AYA.TO|ELD.TO|FVI.TO|K.TO|JWEL.TO|AGI.TO
trend_rs,2023-12-14,confirmed,6,AYA.TO|SHOP.TO|JWEL.TO|ELD.TO|K.TO|NXE.TO
trend_rs,2023-12-15,confirmed,6,AYA.TO|ELD.TO|K.TO|SHOP.TO|JWEL.TO|FVI.TO
trend_rs,2023-12-18,confirmed,6,AYA.TO|ELD.TO|K.TO|CM.TO|CG.TO|AEM.TO
trend_rs,2023-12-19,confirmed,6,LSPD.TO|AYA.TO|BN.TO|ELD.TO|CM.TO|K.TO
trend_rs,2023-12-20,confirmed,6,AYA.TO|LSPD.TO|CM.TO|BN.TO|MFC.TO|ATZ.TO
trend_rs,2023-12-21,confirmed,6,AYA.TO|LSPD.TO|BN.TO|CM.TO|ATZ.TO|LUG.TO
trend_rs,2023-12-22,confirmed,6,LSPD.TO|BN.TO|CM.TO|ATZ.TO|AYA.TO|STN.TO
trend_rs,2023-12-27,confirmed,6,BAM.TO|BN.TO|CJT.TO|CM.TO|LSPD.TO|RUS.TO
trend_rs,2023-12-28,confirmed,6,BAM.TO|CJT.TO|CM.TO|LSPD.TO|RUS.TO|EQB.TO
trend_rs,2023-12-29,confirmed,6,CJT.TO|CM.TO|LSPD.TO|RUS.TO|EQB.TO|BMO.TO
trend_rs,2024-01-02,confirmed,6,ARE.TO|BMO.TO|CIGI.TO|CJT.TO|CM.TO|HBM.TO
trend_rs,2024-01-03,confirmed,6,ARE.TO|BMO.TO|CJT.TO|CM.TO|RUS.TO|NWC.TO
trend_rs,2024-01-04,confirmed,6,ARE.TO|BMO.TO|CJT.TO|CM.TO|HBM.TO|EQB.TO
trend_rs,2024-01-05,confirmed,6,ARE.TO|CJT.TO|HBM.TO|BMO.TO|CM.TO|EQB.TO
trend_rs,2024-01-08,confirmed,6,ARE.TO|BBD-B.TO|EQB.TO|LUN.TO|AP-UN.TO|LSPD.TO
trend_rs,2024-01-09,confirmed,6,AP-UN.TO|ARE.TO|LSPD.TO|EQB.TO|WFG.TO|CM.TO
trend_rs,2024-01-10,confirmed,6,AP-UN.TO|ARE.TO|EQB.TO|WFG.TO|NPI.TO|CSH-UN.TO
trend_rs,2024-01-11,confirmed,6,AP-UN.TO|ARE.TO|WFG.TO|EQB.TO|LSPD.TO|NPI.TO
trend_rs,2024-01-12,confirmed,6,AP-UN.TO|ARE.TO|CS.TO|HBM.TO|LSPD.TO|WFG.TO
trend_rs,2024-01-15,confirmed,6,ARE.TO|ATZ.TO|DML.TO|KNT.TO|NXE.TO|WFG.TO
trend_rs,2024-01-16,confirmed,6,ARE.TO|ATZ.TO|NXE.TO|DML.TO|L.TO|WFG.TO
trend_rs,2024-01-17,confirmed,6,ARE.TO|ATZ.TO|DML.TO|NXE.TO|L.TO|HPS-A.TO
trend_rs,2024-01-18,confirmed,6,ARE.TO|ATZ.TO|CSU.TO|DML.TO|HPS-A.TO|NXE.TO
trend_rs,2024-01-19,confirmed,6,ARE.TO|ATZ.TO|CSU.TO|DML.TO|HPS-A.TO|NXE.TO
trend_rs,2024-01-22,confirmed,6,ARE.TO|ATZ.TO|CJT.TO|CSU.TO|DML.TO|HPS-A.TO
trend_rs,2024-01-23,confirmed,6,ARE.TO|ATZ.TO|CSU.TO|DML.TO|HPS-A.TO|ONEX.TO
trend_rs,2024-01-24,confirmed,6,ARE.TO|ATZ.TO|CSU.TO|DML.TO|HPS-A.TO|ONEX.TO
trend_rs,2024-01-25,confirmed,6,ARE.TO|ATZ.TO|BDGI.TO|CSU.TO|DML.TO|HPS-A.TO
trend_rs,2024-01-26,confirmed,6,ATZ.TO|BDGI.TO|CSU.TO|DML.TO|HPS-A.TO|IVN.TO
trend_rs,2024-01-29,confirmed,6,ATZ.TO|AYA.TO|BDGI.TO|CLS.TO|CSU.TO|DML.TO
trend_rs,2024-01-30,confirmed,6,ATZ.TO|BDGI.TO|CLS.TO|CSU.TO|CURA.TO|DML.TO
trend_rs,2024-01-31,confirmed,6,ATZ.TO|BDGI.TO|CLS.TO|CSU.TO|CURA.TO|DML.TO
trend_rs,2024-02-01,confirmed,6,ATZ.TO|BDGI.TO|CLS.TO|CSU.TO|CURA.TO|DML.TO
trend_rs,2024-02-02,confirmed,6,ATZ.TO|BDGI.TO|BYD.TO|CLS.TO|CSU.TO|DML.TO
trend_rs,2024-02-05,confirmed,6,ATZ.TO|BDGI.TO|CLS.TO|DML.TO|HPS-A.TO|NXE.TO
trend_rs,2024-02-06,confirmed,6,ATZ.TO|BDGI.TO|CLS.TO|CURA.TO|DML.TO|HPS-A.TO
trend_rs,2024-02-07,confirmed,6,ATZ.TO|BDGI.TO|CLS.TO|CURA.TO|DML.TO|HPS-A.TO
trend_rs,2024-02-08,confirmed,6,ATZ.TO|BDGI.TO|CLS.TO|CURA.TO|DML.TO|HPS-A.TO
trend_rs,2024-02-09,confirmed,6,ATZ.TO|BDGI.TO|CLS.TO|CURA.TO|HPS-A.TO|ONEX.TO
trend_rs,2024-02-12,confirmed,6,ATZ.TO|CLS.TO|HPS-A.TO|TSU.TO|BYD.TO|SHOP.TO
trend_rs,2024-02-13,confirmed,6,ATZ.TO|BYD.TO|CLS.TO|HPS-A.TO|TSU.TO|CIGI.TO
trend_rs,2024-02-14,confirmed,6,ATZ.TO|BYD.TO|CLS.TO|GFL.TO|HPS-A.TO|TSU.TO
trend_rs,2024-02-15,confirmed,6,CLS.TO|CURA.TO|HPS-A.TO|TSU.TO|LUN.TO|MFC.TO
trend_rs,2024-02-16,confirmed,6,CLS.TO|HPS-A.TO|LUN.TO|TSU.TO|MFC.TO|TFII.TO
trend_rs,2024-02-20,confirmed,6,CLS.TO|CS.TO|HPS-A.TO|LUN.TO|MFC.TO|TSU.TO
trend_rs,2024-02-21,confirmed,6,CLS.TO|CS.TO|ERO.TO|HPS-A.TO|MFC.TO|TSU.TO
trend_rs,2024-02-22,confirmed,6,CLS.TO|HPS-A.TO|MFC.TO|TSU.TO|WCN.TO|CP.TO
trend_rs,2024-02-23,confirmed,6,BHC.TO|CLS.TO|HPS-A.TO|TSU.TO|WCN.TO|MFC.TO
trend_rs,2024-02-26,confirmed,6,CLS.TO|HPS-A.TO|MFC.TO|TFII.TO|TOI.V|TSU.TO
trend_rs,2024-02-27,confirmed,6,BHC.TO|CLS.TO|HPS-A.TO|MFC.TO|TOI.V|TSU.TO
trend_rs,2024-02-28,confirmed,6,BHC.TO|CLS.TO|HPS-A.TO|SIA.TO|TFII.TO|TOI.V
trend_rs,2024-02-29,confirmed,6,ATH.TO|BHC.TO|CLS.TO|HPS-A.TO|TFII.TO|TOI.V
trend_rs,2024-03-01,confirmed,6,AIF.TO|ATH.TO|BHC.TO|CLS.TO|HPS-A.TO|TFII.TO
trend_rs,2024-03-04,confirmed,6,AIF.TO|ATH.TO|BHC.TO|CLS.TO|DFY.TO|HPS-A.TO
trend_rs,2024-03-05,confirmed,6,ATH.TO|BDT.TO|BHC.TO|CLS.TO|DFY.TO|HPS-A.TO
trend_rs,2024-03-06,confirmed,6,ATH.TO|BDT.TO|BHC.TO|CLS.TO|DFY.TO|HPS-A.TO
trend_rs,2024-03-07,confirmed,6,ARE.TO|ATH.TO|BDT.TO|BHC.TO|CLS.TO|DFY.TO
trend_rs,2024-03-08,confirmed,6,ARE.TO|ATH.TO|BDT.TO|BHC.TO|CLS.TO|DFY.TO
trend_rs,2024-03-11,confirmed,6,ARE.TO|ATH.TO|ATRL.TO|BDT.TO|CCL-B.TO|CS.TO
trend_rs,2024-03-12,confirmed,6,ARE.TO|ATH.TO|ATRL.TO|BDT.TO|CCL-B.TO|CLS.TO
trend_rs,2024-03-13,confirmed,6,ATH.TO|ATRL.TO|BDT.TO|CCL-B.TO|CLS.TO|CS.TO
trend_rs,2024-03-14,confirmed,6,ARE.TO|ATH.TO|ATRL.TO|BDT.TO|CCL-B.TO|CS.TO
trend_rs,2024-03-15,confirmed,6,ARE.TO|ATH.TO|ATRL.TO|BDT.TO|CCL-B.TO|CS.TO
trend_rs,2024-03-18,confirmed,6,ARE.TO|ATH.TO|ATRL.TO|CCL-B.TO|CLS.TO|CS.TO
trend_rs,2024-03-19,confirmed,6,ARE.TO|ATH.TO|ATRL.TO|CCL-B.TO|CLS.TO|FFH.TO
trend_rs,2024-03-20,confirmed,6,ARE.TO|ATRL.TO|CCL-B.TO|CLS.TO|HBM.TO|IMG.TO
trend_rs,2024-03-21,confirmed,6,ARE.TO|ATRL.TO|HBM.TO|IMG.TO|BDT.TO|RBA.TO
trend_rs,2024-03-22,confirmed,6,ARE.TO|ATRL.TO|CLS.TO|HBM.TO|IMG.TO|TXG.TO
trend_rs,2024-03-25,confirmed,6,ARE.TO|ATH.TO|ATRL.TO|CNQ.TO|CVE.TO|ERO.TO
trend_rs,2024-03-26,confirmed,6,ARE.TO|ATRL.TO|CNQ.TO|CS.TO|CVE.TO|HBM.TO
trend_rs,2024-03-27,confirmed,6,ARE.TO|ATRL.TO|CNQ.TO|CS.TO|CVE.TO|FM.TO
trend_rs,2024-03-28,confirmed,6,ARE.TO|ATRL.TO|CS.TO|CVE.TO|HBM.TO|HPS-A.TO
trend_rs,2024-04-01,confirmed,6,ARE.TO|CS.TO|CVE.TO|HBM.TO|HPS-A.TO|HWX.TO
trend_rs,2024-04-02,confirmed,6,ARE.TO|CS.TO|CVE.TO|HBM.TO|HPS-A.TO|HWX.TO
trend_rs,2024-04-03,confirmed,6,ARE.TO|AYA.TO|CS.TO|CVE.TO|ERO.TO|HBM.TO
trend_rs,2024-04-04,confirmed,6,AYA.TO|CNQ.TO|CS.TO|CVE.TO|ERO.TO|FM.TO
trend_rs,2024-04-05,confirmed,6,AYA.TO|BHC.TO|CNQ.TO|CS.TO|CVE.TO|ERO.TO
trend_rs,2024-04-08,confirmed,6,AEM.TO|AYA.TO|BBD-B.TO|BTE.TO|CNQ.TO|CS.TO
trend_rs,2024-04-09,confirmed,6,AYA.TO|BBD-B.TO|BTE.TO|CNQ.TO|CS.TO|CVE.TO
trend_rs,2024-04-10,confirmed,6,AEM.TO|ARX.TO|AYA.TO|BBD-B.TO|BTE.TO|CNQ.TO
trend_rs,2024-04-11,confirmed,6,AEM.TO|ARX.TO|AYA.TO|BBD-B.TO|BTE.TO|CNQ.TO
trend_rs,2024-04-12,confirmed,6,AEM.TO|ARX.TO|AYA.TO|BTE.TO|CS.TO|CVE.TO
trend_rs,2024-04-15,confirmed,6,AEM.TO|AG.TO|AGI.TO|BTE.TO|CS.TO|CVE.TO
trend_rs,2024-04-16,confirmed,6,AEM.TO|AG.TO|AGI.TO|AYA.TO|BTE.TO|CS.TO
trend_rs,2024-04-17,confirmed,6,AEM.TO|AG.TO|AGI.TO|AYA.TO|CEU.TO|CS.TO
trend_rs,2024-04-18,confirmed,6,AEM.TO|AG.TO|AGI.TO|AYA.TO|CEU.TO|CS.TO
trend_rs,2024-04-19,confirmed,6,AEM.TO|AG.TO|AGI.TO|AYA.TO|CEU.TO|CS.TO
trend_rs,2024-04-22,confirmed,6,AEM.TO|AG.TO|AGI.TO|CEU.TO|CS.TO|CVE.TO
trend_rs,2024-04-23,confirmed,6,AEM.TO|AG.TO|AGI.TO|AYA.TO|CEU.TO|CG.TO
trend_rs,2024-04-24,confirmed,6,AEM.TO|AG.TO|AGI.TO|AYA.TO|BTE.TO|CEU.TO
trend_rs,2024-04-25,confirmed,6,AAV.TO|AEM.TO|AG.TO|AYA.TO|BTE.TO|CEU.TO
trend_rs,2024-04-26,confirmed,6,AAV.TO|AEM.TO|AG.TO|ARIS.TO|AYA.TO|BBD-B.TO
trend_rs,2024-04-29,confirmed,6,AG.TO|ARIS.TO|AYA.TO|BBD-B.TO|CEU.TO|CS.TO
trend_rs,2024-04-30,confirmed,6,ARIS.TO|AYA.TO|BBD-B.TO|DOL.TO|FM.TO|FVI.TO
trend_rs,2024-05-01,confirmed,6,ARIS.TO|AYA.TO|BBD-B.TO|DOL.TO|FM.TO|HBM.TO
trend_rs,2024-05-02,confirmed,6,ARIS.TO|BBD-B.TO|FM.TO|HBM.TO|IVN.TO|PAAS.TO
trend_rs,2024-05-03,confirmed,6,AAV.TO|ARIS.TO|BBD-B.TO|CS.TO|FM.TO|HBM.TO
trend_rs,2024-05-06,confirmed,6,ARIS.TO|AYA.TO|BBD-B.TO|CS.TO|FM.TO|HBM.TO
trend_rs,2024-05-07,confirmed,6,ARIS.TO|AYA.TO|BBD-B.TO|CS.TO|FM.TO|IVN.TO
trend_rs,2024-05-08,confirmed,6,ARIS.TO|AYA.TO|BBD-B.TO|FM.TO|K.TO|POU.TO
trend_rs,2024-05-09,confirmed,6,ARIS.TO|AYA.TO|BBD-B.TO|CS.TO|EDR.TO|FM.TO
trend_rs,2024-05-10,confirmed,6,ARIS.TO|AYA.TO|BBD-B.TO|CEU.TO|CS.TO|FM.TO
trend_rs,2024-05-13,confirmed,6,ARIS.TO|AYA.TO|BBD-B.TO|CEU.TO|CS.TO|FM.TO
trend_rs,2024-05-14,confirmed,6,ARIS.TO|BBD-B.TO|CEU.TO|CS.TO|FM.TO|FVI.TO
trend_rs,2024-05-15,confirmed,6,BBD-B.TO|CEU.TO|FM.TO|FVI.TO|HBM.TO|IMG.TO
trend_rs,2024-05-16,confirmed,6,BBD-B.TO|CEU.TO|CG.TO|FVI.TO|HBM.TO|IMG.TO
trend_rs,2024-05-17,confirmed,6,AG.TO|BBD-B.TO|CEU.TO|CG.TO|CS.TO|EDR.TO
trend_rs,2024-05-21,confirmed,6,AG.TO|AGI.TO|AYA.TO|BBD-B.TO|CCO.TO|CEU.TO
trend_rs,2024-05-22,confirmed,6,BBD-B.TO|CEU.TO|CS.TO|DML.TO|EDR.TO|ERO.TO
trend_rs,2024-05-23,confirmed,6,BBD-B.TO|CEU.TO|CS.TO|DML.TO|EDR.TO|ERO.TO
trend_rs,2024-05-24,confirmed,6,BBD-B.TO|CEU.TO|DML.TO|EDR.TO|ERO.TO|FVI.TO
trend_rs,2024-05-27,confirmed,6,BBD-B.TO|BEP-UN.TO|BEPC.TO|CEU.TO|CG.TO|CLS.TO
trend_rs,2024-05-28,confirmed,6,BBD-B.TO|BEP-UN.TO|BEPC.TO|CEU.TO|CG.TO|CLS.TO
trend_rs,2024-05-29,confirmed,6,AGI.TO|AYA.TO|BBD-B.TO|BEP-UN.TO|BEPC.TO|CCO.TO
trend_rs,2024-05-30,confirmed,6,AGI.TO|AYA.TO|BBD-B.TO|BEP-UN.TO|BEPC.TO|CCO.TO
trend_rs,2024-05-31,confirmed,6,BBD-B.TO|BEP-UN.TO|BEPC.TO|CCO.TO|CEU.TO|CG.TO
trend_rs,2024-06-03,confirmed,6,AGI.TO|BBD-B.TO|BEPC.TO|CCO.TO|CEU.TO|CG.TO
trend_rs,2024-06-04,confirmed,6,BBD-B.TO|CEU.TO|CLS.TO|EDR.TO|FVI.TO|K.TO
trend_rs,2024-06-05,confirmed,6,BBD-B.TO|CEU.TO|CLS.TO|EDR.TO|K.TO|NFI.TO
trend_rs,2024-06-06,confirmed,6,AGI.TO|BBD-B.TO|BDT.TO|CEU.TO|EDR.TO|HBM.TO
trend_rs,2024-06-07,confirmed,6,BBD-B.TO|BDT.TO|CLS.TO|EDR.TO|NFI.TO|DOL.TO
trend_rs,2024-06-10,confirmed,6,BBD-B.TO|BDT.TO|BIR.TO|CLS.TO|EDR.TO|NFI.TO
trend_rs,2024-06-11,confirmed,6,BBD-B.TO|BDT.TO|BIR.TO|CLS.TO|EDR.TO|NFI.TO
trend_rs,2024-06-12,confirmed,6,BBD-B.TO|BDT.TO|BIR.TO|CLS.TO|EFN.TO|EDR.TO
trend_rs,2024-06-13,confirmed,6,BBD-B.TO|BDT.TO|CLS.TO|CCO.TO|BIR.TO|GIL.TO
trend_rs,2024-06-14,confirmed,6,BBD-B.TO|BDT.TO|CLS.TO|CCO.TO|SJ.TO|GIL.TO
trend_rs,2024-06-17,confirmed,6,BBD-B.TO|BDT.TO|CLS.TO|SAP.TO|CEU.TO|GIL.TO
trend_rs,2024-06-18,confirmed,6,BBD-B.TO|BDT.TO|CLS.TO|SAP.TO|GIL.TO|BIR.TO
trend_rs,2024-06-19,confirmed,6,BDT.TO|CLS.TO|CEU.TO|GIL.TO|CPX.TO|SAP.TO
trend_rs,2024-06-20,confirmed,6,BDT.TO|EDR.TO|KNT.TO|BIR.TO|NFI.TO|CEU.TO
trend_rs,2024-06-21,confirmed,6,BDT.TO|SAP.TO|TXG.TO|CPX.TO|CJT.TO|NFI.TO
trend_rs,2024-06-24,confirmed,6,BDT.TO|BIR.TO|CEU.TO|SAP.TO|CJT.TO|NWC.TO
trend_rs,2024-06-25,confirmed,6,BDT.TO|SAP.TO|CJT.TO|NWC.TO|NFI.TO|IGM.TO
trend_rs,2024-06-26,confirmed,6,BDT.TO|SAP.TO|CJT.TO|NWC.TO|CEU.TO|SJ.TO
trend_rs,2024-06-27,confirmed,6,BDT.TO|SAP.TO|CEU.TO|CJT.TO|SJ.TO|NWC.TO
trend_rs,2024-06-28,confirmed,6,BDT.TO|CEU.TO|SAP.TO|CJT.TO|SJ.TO|NWC.TO
trend_rs,2024-07-02,confirmed,6,BDT.TO|CJT.TO|SAP.TO|WELL.TO|CEU.TO|NWC.TO
trend_rs,2024-07-03,confirmed,6,BDT.TO|CEU.TO|CJT.TO|SAP.TO|WELL.TO|FM.TO
trend_rs,2024-07-04,confirmed,6,BDT.TO|CEU.TO|CJT.TO|SAP.TO|WELL.TO|FM.TO
trend_rs,2024-07-05,confirmed,6,CEU.TO|CJT.TO|CLS.TO|SAP.TO|WELL.TO|BDT.TO
trend_rs,2024-07-08,confirmed,6,BDT.TO|CEU.TO|CJT.TO|CLS.TO|K.TO|WELL.TO
trend_rs,2024-07-09,confirmed,6,ATZ.TO|BDT.TO|CJT.TO|K.TO|WELL.TO|CLS.TO
trend_rs,2024-07-10,confirmed,6,ATZ.TO|CJT.TO|CLS.TO|K.TO|WELL.TO|CEU.TO
trend_rs,2024-07-11,confirmed,6,ATZ.TO|EDR.TO|K.TO|WELL.TO|PAAS.TO|CJT.TO
trend_rs,2024-07-12,confirmed,6,ATZ.TO|EDR.TO|K.TO|WELL.TO|PAAS.TO|FM.TO
trend_rs,2024-07-15,confirmed,6,ATZ.TO|EDR.TO|K.TO|WELL.TO|PAAS.TO|LUG.TO
trend_rs,2024-07-16,confirmed,6,ATZ.TO|EDR.TO|K.TO|SKE.TO|WELL.TO|PAAS.TO
trend_rs,2024-07-17,confirmed,6,ATZ.TO|EDR.TO|K.TO|SKE.TO|PAAS.TO|WELL.TO
trend_rs,2024-07-18,confirmed,6,ATZ.TO|EDR.TO|K.TO|SKE.TO|PAAS.TO|LUG.TO
trend_rs,2024-07-19,confirmed,6,ATZ.TO|EDR.TO|K.TO|SKE.TO|WELL.TO|LUG.TO
trend_rs,2024-07-22,confirmed,6,ATZ.TO|CEU.TO|EDR.TO|K.TO|SKE.TO|WDO.TO
trend_rs,2024-07-23,confirmed,6,ATZ.TO|EDR.TO|K.TO|SKE.TO|WDO.TO|PAAS.TO
trend_rs,2024-07-24,confirmed,6,ATZ.TO|EDR.TO|K.TO|LUG.TO|PAAS.TO|SKE.TO
trend_rs,2024-07-25,confirmed,6,ATZ.TO|EDR.TO|SKE.TO|WDO.TO|OGC.TO|CEU.TO
trend_rs,2024-07-26,confirmed,6,ATZ.TO|EDR.TO|SKE.TO|WDO.TO|CSU.TO|OGC.TO
trend_rs,2024-07-29,confirmed,6,AIF.TO|ATZ.TO|CIGI.TO|EDR.TO|OGC.TO|SKE.TO
trend_rs,2024-07-30,confirmed,6,ATZ.TO|CIGI.TO|EDR.TO|LUG.TO|WDO.TO|PAAS.TO
trend_rs,2024-07-31,confirmed,6,ATZ.TO|CIGI.TO|EDR.TO|LUG.TO|SKE.TO|AEM.TO
trend_rs,2024-08-01,confirmed,6,ATZ.TO|CIGI.TO|K.TO|LUG.TO|NFI.TO|FSV.TO
trend_rs,2024-08-02,confirmed,6,CIGI.TO|LUG.TO|NFI.TO|GIL.TO|FSV.TO|ATZ.TO
trend_rs,2024-08-06,confirmed,6,CIGI.TO|FSV.TO|NFI.TO|CPX.TO|TRP.TO|AEM.TO
trend_rs,2024-08-07,confirmed,6,CIGI.TO|FSV.TO|NFI.TO|CPX.TO|TRP.TO|FCR-UN.TO
trend_rs,2024-08-08,confirmed,6,CIGI.TO|FSV.TO|NFI.TO|CPX.TO|TRP.TO|GIL.TO
trend_rs,2024-08-09,confirmed,6,CIGI.TO|NFI.TO|TRP.TO|FSV.TO|GIL.TO|CSH-UN.TO
trend_rs,2024-08-12,confirmed,6,CCA.TO|NFI.TO|TRP.TO|CIGI.TO|GFL.TO|BEI-UN.TO
trend_rs,2024-08-13,confirmed,6,CCA.TO|NFI.TO|TRP.TO|CIGI.TO|BEI-UN.TO|CSH-UN.TO
trend_rs,2024-08-14,confirmed,6,CCA.TO|TRP.TO|NFI.TO|BEI-UN.TO|CSH-UN.TO|LUG.TO
trend_rs,2024-08-15,confirmed,6,NFI.TO|TRP.TO|CSH-UN.TO|MTL.TO|TA.TO|H.TO
trend_rs,2024-08-16,confirmed,6,NFI.TO|SKE.TO|CSH-UN.TO|TRP.TO|TA.TO|LUG.TO
trend_rs,2024-08-19,confirmed,6,LUG.TO|NFI.TO|SKE.TO|CSH-UN.TO|TA.TO|DPM.TO
trend_rs,2024-08-20,confirmed,6,LUG.TO|NFI.TO|SKE.TO|TA.TO|DPM.TO|CSH-UN.TO
trend_rs,2024-08-21,confirmed,6,LUG.TO|NFI.TO|SKE.TO|TA.TO|DPM.TO|CSH-UN.TO
trend_rs,2024-08-22,confirmed,6,LUG.TO|NFI.TO|SKE.TO|TA.TO|TVK.TO|QBR-B.TO
trend_rs,2024-08-23,confirmed,6,LUG.TO|NFI.TO|SKE.TO|TA.TO|DPM.TO|GFL.TO
trend_rs,2024-08-26,confirmed,6,AGI.TO|DPM.TO|IMG.TO|LUG.TO|MDA.TO|NFI.TO
trend_rs,2024-08-27,confirmed,6,AGI.TO|DPM.TO|IMG.TO|LUG.TO|MDA.TO|SKE.TO
trend_rs,2024-08-28,confirmed,6,DPM.TO|IMG.TO|LUG.TO|MDA.TO|NFI.TO|SKE.TO
trend_rs,2024-08-29,confirmed,6,DPM.TO|IMG.TO|LUG.TO|MDA.TO|NFI.TO|SKE.TO
trend_rs,2024-08-30,confirmed,6,IMG.TO|LUG.TO|MDA.TO|SKE.TO|TVK.TO|SHOP.TO
trend_rs,2024-09-03,confirmed,6,IAG.TO|IMG.TO|MDA.TO|SHOP.TO|SKE.TO|TVK.TO
trend_rs,2024-09-04,confirmed,6,IAG.TO|IMG.TO|LUG.TO|MDA.TO|SHOP.TO|SKE.TO
trend_rs,2024-09-05,confirmed,6,IMG.TO|LUG.TO|MDA.TO|SKE.TO|TVK.TO|TXG.TO
trend_rs,2024-09-06,confirmed,6,IMG.TO|LUG.TO|SKE.TO|TVK.TO|TXG.TO|CM.TO
trend_rs,2024-09-09,confirmed,6,CM.TO|LUG.TO|SKE.TO|TVK.TO|NWC.TO|TXG.TO
trend_rs,2024-09-10,confirmed,6,CM.TO|HR-UN.TO|LUG.TO|TVK.TO|SKE.TO|REI-UN.TO
trend_rs,2024-09-11,confirmed,6,CM.TO|CRR-UN.TO|HR-UN.TO|KMP-UN.TO|LUG.TO|TVK.TO
trend_rs,2024-09-12,confirmed,6,CM.TO|CRR-UN.TO|HR-UN.TO|LUG.TO|SKE.TO|KMP-UN.TO
trend_rs,2024-09-13,confirmed,6,CAR-UN.TO|CM.TO|CRR-UN.TO|HR-UN.TO|KMP-UN.TO|LUG.TO
trend_rs,2024-09-16,confirmed,6,AP-UN.TO|CAR-UN.TO|CM.TO|CPX.TO|CRR-UN.TO|GRT-UN.TO
trend_rs,2024-09-17,confirmed,6,AP-UN.TO|CM.TO|CPX.TO|GRT-UN.TO|HPS-A.TO|HR-UN.TO
trend_rs,2024-09-18,confirmed,6,AP-UN.TO|CM.TO|CRR-UN.TO|CRT-UN.TO|FCR-UN.TO|GRT-UN.TO
trend_rs,2024-09-19,confirmed,6,CM.TO|HPS-A.TO|HR-UN.TO|REI-UN.TO|AP-UN.TO|FCR-UN.TO
trend_rs,2024-09-20,confirmed,6,AP-UN.TO|CM.TO|HPS-A.TO|HR-UN.TO|SKE.TO|TA.TO
trend_rs,2024-09-23,confirmed,6,CM.TO|HPS-A.TO|HR-UN.TO|TA.TO|REI-UN.TO|BAM.TO
trend_rs,2024-09-24,confirmed,6,CM.TO|HPS-A.TO|HR-UN.TO|TA.TO|NWC.TO|AP-UN.TO
trend_rs,2024-09-25,confirmed,6,CM.TO|HPS-A.TO|NWC.TO|TA.TO|DFY.TO|BAM.TO
trend_rs,2024-09-26,confirmed,6,AP-UN.TO|CM.TO|CPX.TO|HPS-A.TO|SSRM.TO|TA.TO
trend_rs,2024-09-27,confirmed,6,AP-UN.TO|ARE.TO|SSRM.TO|TA.TO|SKE.TO|CPX.TO
trend_rs,2024-09-30,confirmed,6,AP-UN.TO|ARE.TO|BAM.TO|HPS-A.TO|NWC.TO|TA.TO
trend_rs,2024-10-01,confirmed,6,AP-UN.TO|ARE.TO|BAM.TO|HPS-A.TO|SKE.TO|SSRM.TO
trend_rs,2024-10-02,confirmed,6,AP-UN.TO|ARE.TO|BAM.TO|HPS-A.TO|LUG.TO|SKE.TO
trend_rs,2024-10-03,confirmed,6,AP-UN.TO|ARE.TO|BAM.TO|HPS-A.TO|LUG.TO|MDA.TO
trend_rs,2024-10-04,confirmed,6,AP-UN.TO|ARE.TO|BAM.TO|HPS-A.TO|LUG.TO|MDA.TO
trend_rs,2024-10-07,confirmed,6,AP-UN.TO|AYA.TO|HPS-A.TO|LUG.TO|MDA.TO|SHOP.TO
trend_rs,2024-10-08,confirmed,6,AP-UN.TO|ARE.TO|AYA.TO|HPS-A.TO|LUG.TO|MDA.TO
trend_rs,2024-10-09,confirmed,6,AYA.TO|HPS-A.TO|MDA.TO|SHOP.TO|SVM.TO|TA.TO
trend_rs,2024-10-10,confirmed,6,ARE.TO|AYA.TO|HPS-A.TO|LUG.TO|MDA.TO|SHOP.TO
trend_rs,2024-10-11,confirmed,6,ARE.TO|HPS-A.TO|MDA.TO|SHOP.TO|SVM.TO|TA.TO
trend_rs,2024-10-15,confirmed,6,ARE.TO|AYA.TO|BHC.TO|LSPD.TO|MDA.TO|SVM.TO
trend_rs,2024-10-16,confirmed,6,ARE.TO|AYA.TO|BHC.TO|LSPD.TO|MDA.TO|SVM.TO
trend_rs,2024-10-17,confirmed,6,ARE.TO|AYA.TO|LSPD.TO|LUG.TO|MDA.TO|SVM.TO
trend_rs,2024-10-18,confirmed,6,AYA.TO|LSPD.TO|LUG.TO|MDA.TO|SVM.TO|TA.TO
trend_rs,2024-10-21,confirmed,6,AG.TO|AYA.TO|BEPC.TO|IMG.TO|LSPD.TO|LUG.TO
trend_rs,2024-10-22,confirmed,6,AG.TO|AYA.TO|IMG.TO|KNT.TO|LSPD.TO|LUG.TO
trend_rs,2024-10-23,confirmed,6,AG.TO|KNT.TO|LUG.TO|MDA.TO|SKE.TO|TXG.TO
trend_rs,2024-10-24,confirmed,6,AG.TO|BAM.TO|KNT.TO|LUG.TO|MDA.TO|SKE.TO
trend_rs,2024-10-25,confirmed,6,AG.TO|BAM.TO|KNT.TO|LUG.TO|MDA.TO|SKE.TO
trend_rs,2024-10-28,confirmed,6,AG.TO|BAM.TO|BDT.TO|CCO.TO|EDR.TO|GMIN.TO
trend_rs,2024-10-29,confirmed,6,AG.TO|BAM.TO|BDT.TO|BTO.TO|CCO.TO|EDR.TO
trend_rs,2024-10-30,confirmed,6,AG.TO|BAM.TO|BDT.TO|BTO.TO|CCO.TO|EDR.TO
trend_rs,2024-10-31,confirmed,6,AG.TO|BAM.TO|BDT.TO|CPX.TO|EDR.TO|GMIN.TO
trend_rs,2024-11-01,confirmed,6,AG.TO|ARE.TO|BAM.TO|BDT.TO|EDR.TO|GMIN.TO
trend_rs,2024-11-04,confirmed,6,AC.TO|AG.TO|ARE.TO|ATRL.TO|BAM.TO|BDT.TO
trend_rs,2024-11-05,confirmed,6,AC.TO|AG.TO|ARE.TO|ATRL.TO|BAM.TO|BDT.TO
trend_rs,2024-11-06,confirmed,6,AC.TO|ARE.TO|ATRL.TO|BAM.TO|BHC.TO|CLS.TO
trend_rs,2024-11-07,confirmed,6,AC.TO|ARE.TO|ATRL.TO|BAM.TO|BHC.TO|CLS.TO
trend_rs,2024-11-08,confirmed,6,AC.TO|ARE.TO|ATRL.TO|BAM.TO|BHC.TO|CLS.TO
trend_rs,2024-11-11,confirmed,6,AC.TO|ARE.TO|ATRL.TO|BAM.TO|BHC.TO|CLS.TO
trend_rs,2024-11-12,confirmed,6,AC.TO|ARE.TO|BAM.TO|CLS.TO|EFR.TO|LAC.TO
trend_rs,2024-11-13,confirmed,6,AC.TO|ARE.TO|BAM.TO|CLS.TO|LAC.TO|LSPD.TO
trend_rs,2024-11-14,confirmed,6,AC.TO|ARE.TO|ATRL.TO|BAM.TO|CLS.TO|CPX.TO
trend_rs,2024-11-15,confirmed,6,AC.TO|ARE.TO|ATRL.TO|BAM.TO|CLS.TO|EFX.TO
trend_rs,2024-11-18,confirmed,6,AC.TO|ARE.TO|CLS.TO|CPX.TO|EFX.TO|IAG.TO
trend_rs,2024-11-19,confirmed,6,AC.TO|ARE.TO|BAM.TO|CLS.TO|CPX.TO|EFX.TO
trend_rs,2024-11-20,confirmed,6,AC.TO|ARE.TO|CLS.TO|CPX.TO|EFX.TO|FFH.TO
trend_rs,2024-11-21,confirmed,6,AC.TO|ARE.TO|CCO.TO|CLS.TO|CPX.TO|EFR.TO
trend_rs,2024-11-22,confirmed,6,AC.TO|ARE.TO|CLS.TO|CPX.TO|EFX.TO|IAG.TO
trend_rs,2024-11-25,confirmed,6,AC.TO|ARE.TO|CAE.TO|CEU.TO|CLS.TO|CPX.TO
trend_rs,2024-11-26,confirmed,6,AC.TO|ARE.TO|CAE.TO|CEU.TO|CLS.TO|CPX.TO
trend_rs,2024-11-27,confirmed,6,AC.TO|ARE.TO|BN.TO|CAE.TO|CEU.TO|CLS.TO
trend_rs,2024-11-28,confirmed,6,AC.TO|ARE.TO|CAE.TO|CEU.TO|CLS.TO|EFR.TO
trend_rs,2024-11-29,confirmed,6,AC.TO|BN.TO|CAE.TO|CEU.TO|CLS.TO|DML.TO
trend_rs,2024-12-02,confirmed,6,CAE.TO|CCO.TO|CEU.TO|CLS.TO|EFR.TO|EFX.TO
trend_rs,2024-12-03,confirmed,6,CAE.TO|CCO.TO|CEU.TO|CLS.TO|EFR.TO|EFX.TO
trend_rs,2024-12-04,confirmed,6,CAE.TO|CCO.TO|CEU.TO|EFR.TO|EFX.TO|MDA.TO
trend_rs,2024-12-05,confirmed,6,ATS.TO|CAE.TO|CCO.TO|CPX.TO|EFX.TO|NXE.TO
trend_rs,2024-12-06,confirmed,6,AC.TO|CAE.TO|CCO.TO|CPX.TO|EFX.TO|NXE.TO
trend_rs,2024-12-09,confirmed,6,CAE.TO|EFX.TO|LUG.TO|MX.TO|OGC.TO|SHOP.TO
trend_rs,2024-12-10,confirmed,6,ATRL.TO|ATS.TO|CAE.TO|EFX.TO|KNT.TO|MX.TO
trend_rs,2024-12-11,confirmed,6,ATRL.TO|EFX.TO|KNT.TO|MX.TO|OGC.TO|POU.TO
trend_rs,2024-12-12,confirmed,6,CLS.TO|EFX.TO|KNT.TO|OGC.TO|TA.TO|WELL.TO
trend_rs,2024-12-13,confirmed,6,ATS.TO|CLS.TO|EFX.TO|MDA.TO|TA.TO|WELL.TO
trend_rs,2024-12-16,confirmed,6,CLS.TO|EFX.TO|SHOP.TO|TA.TO|WELL.TO|SSRM.TO
trend_rs,2024-12-17,confirmed,6,CLS.TO|EFX.TO|SHOP.TO|TA.TO|WELL.TO|SSRM.TO
trend_rs,2024-12-18,confirmed,6,CLS.TO|EFX.TO|SHOP.TO|TA.TO|WELL.TO|SSRM.TO
trend_rs,2024-12-19,confirmed,6,TA.TO|WELL.TO|SSRM.TO|MDA.TO|EFX.TO|BMO.TO
trend_rs,2024-12-20,confirmed,6,CAE.TO|CLS.TO|MDA.TO|TA.TO|WELL.TO|SSRM.TO
trend_rs,2024-12-23,confirmed,6,BB.TO|CAE.TO|CLS.TO|SSRM.TO|TA.TO|WELL.TO
trend_rs,2024-12-24,confirmed,6,BB.TO|CAE.TO|CLS.TO|EFX.TO|MDA.TO|NGEX.TO
trend_rs,2024-12-27,confirmed,6,BB.TO|CAE.TO|CLS.TO|EFX.TO|MDA.TO|MX.TO
trend_rs,2024-12-30,confirmed,6,BB.TO|CAE.TO|CLS.TO|EFX.TO|MDA.TO|MX.TO
trend_rs,2024-12-31,confirmed,6,BB.TO|CAE.TO|CLS.TO|EFX.TO|MDA.TO|MX.TO
trend_rs,2025-01-02,confirmed,6,BB.TO|CLS.TO|EFX.TO|SSRM.TO|TA.TO|WELL.TO
trend_rs,2025-01-03,confirmed,6,BB.TO|CLS.TO|EFX.TO|SSRM.TO|TA.TO|WELL.TO
trend_rs,2025-01-06,confirmed,6,ATZ.TO|BB.TO|CLS.TO|EFX.TO|MX.TO|NGEX.TO
trend_rs,2025-01-07,confirmed,6,ATZ.TO|BB.TO|CLS.TO|EFX.TO|MX.TO|NGEX.TO
trend_rs,2025-01-08,confirmed,6,ATZ.TO|BB.TO|CLS.TO|EFX.TO|NGEX.TO|SSRM.TO
trend_rs,2025-01-09,confirmed,6,ATZ.TO|BB.TO|CLS.TO|EFX.TO|NGEX.TO|SSRM.TO
trend_rs,2025-01-10,confirmed,6,ATZ.TO|BB.TO|CLS.TO|NGEX.TO|TVE.TO|PXT.TO
trend_rs,2025-01-13,confirmed,6,ATZ.TO|BB.TO|CLS.TO|NGEX.TO|TVE.TO|PXT.TO
trend_rs,2025-01-14,confirmed,6,ATZ.TO|BB.TO|CLS.TO|EFX.TO|MX.TO|NGEX.TO
trend_rs,2025-01-15,confirmed,6,ATZ.TO|BB.TO|CLS.TO|MX.TO|NGEX.TO|TVE.TO
trend_rs,2025-01-16,confirmed,6,ATZ.TO|BB.TO|CLS.TO|MX.TO|NGEX.TO|TVE.TO
trend_rs,2025-01-17,confirmed,6,ATZ.TO|BB.TO|CLS.TO|NGEX.TO|EFX.TO|TVE.TO
trend_rs,2025-01-20,confirmed,6,ATZ.TO|BB.TO|CLS.TO|NGEX.TO|PXT.TO|TVE.TO
trend_rs,2025-01-21,confirmed,6,ATZ.TO|BB.TO|CLS.TO|SSRM.TO|AAV.TO|ARX.TO
trend_rs,2025-01-22,confirmed,6,ATZ.TO|CLS.TO|SSRM.TO|TVK.TO|BB.TO|AAV.TO
trend_rs,2025-01-23,confirmed,6,ATZ.TO|CLS.TO|TVK.TO|AAV.TO|SSRM.TO|BB.TO
trend_rs,2025-01-24,confirmed,6,ATZ.TO|CLS.TO|SSRM.TO|TVK.TO|NTR.TO|WDO.TO
trend_rs,2025-01-27,confirmed,6,ATZ.TO|BIR.TO|TVK.TO|NTR.TO|GMIN.TO|K.TO
trend_rs,2025-01-28,confirmed,6,ATZ.TO|BB.TO|TVK.TO|SSRM.TO|NTR.TO|GMIN.TO
trend_rs,2025-01-29,confirmed,6,ATZ.TO|BB.TO|TVK.TO|SSRM.TO|NTR.TO|GMIN.TO
trend_rs,2025-01-30,confirmed,6,ATZ.TO|BB.TO|CLS.TO|SSRM.TO|TVK.TO|NTR.TO
trend_rs,2025-01-31,confirmed,6,ATZ.TO|BB.TO|CLS.TO|SSRM.TO|TVK.TO|GMIN.TO
trend_rs,2025-02-03,confirmed,6,ATZ.TO|CLS.TO|GMIN.TO|SSRM.TO|WDO.TO|TVK.TO
trend_rs,2025-02-04,confirmed,6,ATZ.TO|BB.TO|CLS.TO|GMIN.TO|SSRM.TO|WDO.TO
trend_rs,2025-02-05,confirmed,6,ATZ.TO|BB.TO|CLS.TO|GMIN.TO|SHOP.TO|SSRM.TO
trend_rs,2025-02-06,confirmed,6,ATZ.TO|BB.TO|CLS.TO|GMIN.TO|SSRM.TO|TVK.TO
trend_rs,2025-02-07,confirmed,6,BB.TO|CLS.TO|GMIN.TO|SSRM.TO|TVK.TO|SHOP.TO
trend_rs,2025-02-10,confirmed,6,AEM.TO|AGI.TO|BB.TO|CLS.TO|DPM.TO|GMIN.TO
trend_rs,2025-02-11,confirmed,6,AEM.TO|AGI.TO|BB.TO|CLS.TO|GMIN.TO|LUG.TO
trend_rs,2025-02-12,confirmed,6,AEM.TO|AGI.TO|BB.TO|CLS.TO|DPM.TO|GMIN.TO
trend_rs,2025-02-13,confirmed,6,AEM.TO|AGI.TO|BB.TO|CLS.TO|DPM.TO|FNV.TO
trend_rs,2025-02-14,confirmed,6,AGI.TO|BB.TO|CLS.TO|DPM.TO|GMIN.TO|SKE.TO
trend_rs,2025-02-18,confirmed,6,AGI.TO|BB.TO|CLS.TO|DPM.TO|EQX.TO|GMIN.TO
trend_rs,2025-02-19,confirmed,6,AGI.TO|BB.TO|DPM.TO|EQX.TO|GMIN.TO|SSRM.TO
trend_rs,2025-02-20,confirmed,6,AGI.TO|BB.TO|DPM.TO|EQX.TO|GMIN.TO|SSRM.TO
trend_rs,2025-02-21,confirmed,6,AGI.TO|BB.TO|DPM.TO|EQX.TO|GMIN.TO|LUG.TO
trend_rs,2025-02-24,confirmed,6,AGI.TO|BB.TO|DPM.TO|EQX.TO|GMIN.TO|LUG.TO
trend_rs,2025-02-25,confirmed,6,AGI.TO|BB.TO|DPM.TO|EQX.TO|GMIN.TO|LUG.TO
trend_rs,2025-02-26,confirmed,6,AGI.TO|BB.TO|CLS.TO|DPM.TO|GMIN.TO|LUG.TO
trend_rs,2025-02-27,confirmed,6,AGI.TO|BB.TO|DPM.TO|GMIN.TO|LUG.TO|SSRM.TO
trend_rs,2025-02-28,confirmed,6,DPM.TO|GMIN.TO|LUG.TO|SSRM.TO|AGI.TO|X.TO
trend_rs,2025-03-03,confirmed,6,AGI.TO|DPM.TO|FTT.TO|LUG.TO|SSRM.TO|WPM.TO
trend_rs,2025-03-04,confirmed,6,AGI.TO|DPM.TO|FTT.TO|GMIN.TO|SSRM.TO|WPM.TO
trend_rs,2025-03-05,confirmed,6,AGI.TO|DPM.TO|FTT.TO|LUG.TO|SSRM.TO|WPM.TO
trend_rs,2025-03-06,confirmed,6,AGI.TO|DPM.TO|SSRM.TO|WPM.TO|EXE.TO|X.TO
trend_rs,2025-03-07,confirmed,6,AGI.TO|DPM.TO|LUG.TO|SSRM.TO|EXE.TO|WPM.TO
trend_rs,2025-03-10,confirmed,6,DPM.TO|EXE.TO|SSRM.TO|WPM.TO|AGI.TO|MFI.TO
trend_rs,2025-03-11,confirmed,6,AGI.TO|DPM.TO|EXE.TO|SSRM.TO|WPM.TO|MFI.TO
trend_rs,2025-03-12,confirmed,6,AGI.TO|DPM.TO|EXE.TO|LUG.TO|SSRM.TO|WPM.TO
trend_rs,2025-03-13,confirmed,6,AGI.TO|DPM.TO|EXE.TO|FNV.TO|GMIN.TO|LUG.TO
trend_rs,2025-03-14,confirmed,6,AGI.TO|DPM.TO|EXE.TO|FNV.TO|GMIN.TO|LUG.TO
trend_rs,2025-03-17,confirmed,6,AAUC.TO|ABX.TO|AEM.TO|AGI.TO|DPM.TO|EXE.TO
trend_rs,2025-03-18,confirmed,6,AAUC.TO|ABX.TO|AEM.TO|AGI.TO|DPM.TO|EXE.TO
trend_rs,2025-03-19,confirmed,6,AAUC.TO|AEM.TO|AGI.TO|DPM.TO|EXE.TO|FNV.TO
trend_rs,2025-03-20,confirmed,6,AEM.TO|AGI.TO|EXE.TO|FNV.TO|GMIN.TO|KNT.TO
trend_rs,2025-03-21,confirmed,6,AEM.TO|AGI.TO|DPM.TO|EXE.TO|FNV.TO|GMIN.TO
trend_rs,2025-03-24,confirmed,6,AGI.TO|ARIS.TO|BTO.TO|EXE.TO|FNV.TO|FVI.TO
trend_rs,2025-03-25,confirmed,6,AGI.TO|ARIS.TO|BTO.TO|DPM.TO|EXE.TO|FNV.TO
trend_rs,2025-03-26,confirmed,6,ARIS.TO|DPM.TO|EXE.TO|FVI.TO|K.TO|KNT.TO
trend_rs,2025-03-27,confirmed,6,AEM.TO|AGI.TO|ARIS.TO|BTO.TO|DPM.TO|EQX.TO
trend_rs,2025-03-28,confirmed,6,AEM.TO|AGI.TO|ARIS.TO|BTO.TO|DPM.TO|FNV.TO
trend_rs,2025-03-31,confirmed,6,AEM.TO|AG.TO|AGI.TO|ALA.TO|ARIS.TO|DPM.TO
trend_rs,2025-04-01,confirmed,6,AG.TO|AGI.TO|ALA.TO|ARIS.TO|DPM.TO|DSV.TO
trend_rs,2025-04-02,confirmed,6,AG.TO|ARIS.TO|DSV.TO|FVI.TO|GMIN.TO|K.TO
trend_rs,2025-04-03,confirmed,6,AEM.TO|AGI.TO|ALA.TO|ARIS.TO|DPM.TO|DSV.TO
trend_rs,2025-04-04,confirmed,6,ARIS.TO|FVI.TO|GWO.TO|K.TO|KNT.TO|TFPM.TO
trend_rs,2025-04-07,confirmed,6,AGI.TO|ARIS.TO|FVI.TO|GMIN.TO|K.TO|KNT.TO
trend_rs,2025-04-08,confirmed,6,ARIS.TO|GMIN.TO|GWO.TO|K.TO|KNT.TO|LUG.TO
trend_rs,2025-04-09,confirmed,6,ARIS.TO|GMIN.TO|K.TO|KNT.TO|LUG.TO|TFPM.TO
trend_rs,2025-04-10,confirmed,6,AGI.TO|ARIS.TO|FVI.TO|GMIN.TO|K.TO|KNT.TO
trend_rs,2025-04-11,confirmed,6,AGI.TO|ARIS.TO|FVI.TO|GMIN.TO|K.TO|KNT.TO
trend_rs,2025-04-14,confirmed,6,AAUC.TO|AEM.TO|AGI.TO|ARIS.TO|DSV.TO|FNV.TO
trend_rs,2025-04-15,confirmed,6,AAUC.TO|AEM.TO|AGI.TO|ARIS.TO|DSV.TO|GMIN.TO
trend_rs,2025-04-16,confirmed,6,AAUC.TO|AEM.TO|AGI.TO|ARIS.TO|DPM.TO|DSV.TO
trend_rs,2025-04-17,confirmed,6,AAUC.TO|AEM.TO|AGI.TO|ARIS.TO|DPM.TO|DSV.TO
trend_rs,2025-04-21,confirmed,6,AAUC.TO|AEM.TO|AGI.TO|ARIS.TO|DOL.TO|DPM.TO
trend_rs,2025-04-22,confirmed,6,AAUC.TO|AEM.TO|AGI.TO|ARIS.TO|DOL.TO|DSV.TO
trend_rs,2025-04-23,confirmed,6,AAUC.TO|AEM.TO|ARIS.TO|DOL.TO|DSV.TO|ELD.TO
trend_rs,2025-04-24,confirmed,6,AAUC.TO|AEM.TO|ARIS.TO|DOL.TO|DSV.TO|ELD.TO
trend_rs,2025-04-25,confirmed,6,AAUC.TO|ARIS.TO|DOL.TO|DSV.TO|ELD.TO|K.TO
trend_rs,2025-04-28,confirmed,6,AAUC.TO|ARIS.TO|DOL.TO|DSV.TO|ELD.TO|K.TO
trend_rs,2025-04-29,confirmed,6,AAUC.TO|ARIS.TO|DOL.TO|DSV.TO|K.TO|LUG.TO
trend_rs,2025-04-30,confirmed,6,AAUC.TO|ARIS.TO|DOL.TO|DSV.TO|K.TO|L.TO
trend_rs,2025-05-01,confirmed,6,DSV.TO|L.TO|LUG.TO|NWC.TO|TXG.TO|OR.TO
trend_rs,2025-05-02,confirmed,6,DSV.TO|LUG.TO|SII.TO|TXG.TO|TOI.V|K.TO
trend_rs,2025-05-05,confirmed,6,AAUC.TO|ARIS.TO|DSV.TO|GMIN.TO|IMG.TO|K.TO
trend_rs,2025-05-06,confirmed,6,AAUC.TO|ARIS.TO|DSV.TO|ELD.TO|GMIN.TO|IMG.TO
trend_rs,2025-05-07,confirmed,6,AAUC.TO|ARIS.TO|DSV.TO|ELD.TO|GMIN.TO|K.TO
trend_rs,2025-05-08,confirmed,6,AAUC.TO|ARIS.TO|DSV.TO|LUG.TO|OGC.TO|SII.TO
trend_rs,2025-05-09,confirmed,6,DSV.TO|LUG.TO|OGC.TO|SII.TO|TVK.TO|NG.TO
trend_rs,2025-05-12,confirmed,6,KXS.TO|NG.TO|TOI.V|TVK.TO|OGC.TO|SII.TO
trend_rs,2025-05-13,confirmed,6,KXS.TO|LMN.V|NG.TO|PEY.TO|TVK.TO|SII.TO
trend_rs,2025-05-14,confirmed,6,NG.TO|TVK.TO|KXS.TO|SPB.TO|TOI.V|PEY.TO
trend_rs,2025-05-15,confirmed,6,NG.TO|TVK.TO|SPB.TO|LMN.V|KXS.TO|STN.TO
trend_rs,2025-05-16,confirmed,6,NG.TO|TVK.TO|LMN.V|SPB.TO|STN.TO|KXS.TO
trend_rs,2025-05-20,confirmed,6,NFI.TO|NG.TO|STN.TO|TOI.V|TVK.TO|SPB.TO
trend_rs,2025-05-21,confirmed,6,NFI.TO|STN.TO|TVK.TO|DSV.TO|OGC.TO|ARIS.TO
trend_rs,2025-05-22,confirmed,6,DSV.TO|NFI.TO|OGC.TO|SPB.TO|STN.TO|TVK.TO
trend_rs,2025-05-23,confirmed,6,ARIS.TO|DSV.TO|NFI.TO|OGC.TO|SPB.TO|STN.TO
trend_rs,2025-05-26,confirmed,6,ARIS.TO|ATRL.TO|DSV.TO|NFI.TO|OGC.TO|STN.TO
trend_rs,2025-05-27,confirmed,6,ARIS.TO|ATRL.TO|DSV.TO|NFI.TO|OGC.TO|STN.TO
trend_rs,2025-05-28,confirmed,6,ARIS.TO|ATRL.TO|DSV.TO|LUG.TO|NFI.TO|OGC.TO
trend_rs,2025-05-29,confirmed,6,ARIS.TO|ATRL.TO|DSV.TO|LUG.TO|NFI.TO|OGC.TO
trend_rs,2025-05-30,confirmed,6,ARIS.TO|ATRL.TO|CTC-A.TO|DSV.TO|KNT.TO|LUG.TO
trend_rs,2025-06-02,confirmed,6,ARIS.TO|ATRL.TO|BDT.TO|CG.TO|DPM.TO|DSV.TO
trend_rs,2025-06-03,confirmed,6,ARIS.TO|ATRL.TO|BIR.TO|CG.TO|DPM.TO|DSV.TO
trend_rs,2025-06-04,confirmed,6,ATRL.TO|DSV.TO|FTT.TO|LNR.TO|NFI.TO|OGC.TO
trend_rs,2025-06-05,confirmed,6,ARIS.TO|ATRL.TO|CTC-A.TO|DSV.TO|FTT.TO|KNT.TO
trend_rs,2025-06-06,confirmed,6,ATRL.TO|DSV.TO|FTT.TO|KNT.TO|LUG.TO|NFI.TO
trend_rs,2025-06-09,confirmed,6,ATRL.TO|BBD-B.TO|CCO.TO|DSV.TO|FTT.TO|KNT.TO
trend_rs,2025-06-10,confirmed,6,ATRL.TO|BBD-B.TO|CCO.TO|DFY.TO|DSV.TO|ELD.TO
trend_rs,2025-06-11,confirmed,6,ATRL.TO|BBD-B.TO|CCO.TO|DFY.TO|DOL.TO|DSV.TO
trend_rs,2025-06-12,confirmed,6,ARIS.TO|ATRL.TO|BBD-B.TO|CCO.TO|DFY.TO|DOL.TO
trend_rs,2025-06-13,confirmed,6,ARIS.TO|BBD-B.TO|CCO.TO|DFY.TO|DOL.TO|DSV.TO
trend_rs,2025-06-16,confirmed,6,AAV.TO|ARIS.TO|BBD-B.TO|BTO.TO|CCO.TO|DFY.TO
trend_rs,2025-06-17,confirmed,6,AAV.TO|BBD-B.TO|BTO.TO|CCO.TO|DOL.TO|DSV.TO
trend_rs,2025-06-18,confirmed,6,AAV.TO|BBD-B.TO|BTO.TO|CCO.TO|EFR.TO|HBM.TO
trend_rs,2025-06-19,confirmed,6,AAV.TO|BBD-B.TO|CCO.TO|EFR.TO|HPS-A.TO|KNT.TO
trend_rs,2025-06-20,confirmed,6,AAV.TO|BBD-B.TO|CCO.TO|KNT.TO|LUG.TO|NG.TO
trend_rs,2025-06-23,confirmed,6,AG.TO|BBD-B.TO|BIR.TO|CCO.TO|HPS-A.TO|IPCO.TO
trend_rs,2025-06-24,confirmed,6,AG.TO|BBD-B.TO|CCO.TO|CLS.TO|ERO.TO|FTT.TO
trend_rs,2025-06-25,confirmed,6,AG.TO|BBD-B.TO|CCO.TO|CLS.TO|FTT.TO|HPS-A.TO
trend_rs,2025-06-26,confirmed,6,AG.TO|BBD-B.TO|BIR.TO|CCO.TO|CLS.TO|DML.TO
trend_rs,2025-06-27,confirmed,6,AG.TO|BBD-B.TO|BIR.TO|CCO.TO|CLS.TO|DML.TO
trend_rs,2025-06-30,confirmed,6,AG.TO|BBD-B.TO|BEPC.TO|BIR.TO|CCO.TO|CLS.TO
trend_rs,2025-07-02,confirmed,6,AC.TO|AG.TO|BBD-B.TO|CCO.TO|CLS.TO|DOO.TO
trend_rs,2025-07-03,confirmed,6,AC.TO|AG.TO|BBD-B.TO|BEPC.TO|CAE.TO|CCO.TO
trend_rs,2025-07-04,confirmed,6,AC.TO|BBD-B.TO|BEPC.TO|CCO.TO|CJT.TO|CLS.TO
trend_rs,2025-07-07,confirmed,6,AC.TO|ARIS.TO|BBD-B.TO|BEPC.TO|CCO.TO|CLS.TO
trend_rs,2025-07-08,confirmed,6,AC.TO|BBD-B.TO|CLS.TO|EIF.TO|FM.TO|FTT.TO
trend_rs,2025-07-09,confirmed,6,AC.TO|BBD-B.TO|CCO.TO|CLS.TO|EIF.TO|FTT.TO
trend_rs,2025-07-10,confirmed,6,AC.TO|BBD-B.TO|CLS.TO|EFR.TO|EIF.TO|GOOS.TO
trend_rs,2025-07-11,confirmed,6,AC.TO|AG.TO|BBD-B.TO|CLS.TO|EDR.TO|EFR.TO
trend_rs,2025-07-14,confirmed,6,AC.TO|BBD-B.TO|BDGI.TO|CCO.TO|CLS.TO|DML.TO
trend_rs,2025-07-15,confirmed,6,AC.TO|BBD-B.TO|BDGI.TO|CLS.TO|EDR.TO|EFR.TO
trend_rs,2025-07-16,confirmed,6,AC.TO|BBD-B.TO|BDGI.TO|BN.TO|CLS.TO|EDR.TO
trend_rs,2025-07-17,confirmed,6,AC.TO|BBD-B.TO|BDGI.TO|BN.TO|CLS.TO|DML.TO
trend_rs,2025-07-18,confirmed,6,ATZ.TO|BBD-B.TO|BDGI.TO|BEPC.TO|BN.TO|CCO.TO
trend_rs,2025-07-21,confirmed,6,AC.TO|ATZ.TO|BBD-B.TO|BDGI.TO|BEPC.TO|CLS.TO
trend_rs,2025-07-22,confirmed,6,BBD-B.TO|BDGI.TO|CEU.TO|CLS.TO|DML.TO|DSV.TO
trend_rs,2025-07-23,confirmed,6,ARIS.TO|BBD-B.TO|BDGI.TO|CEU.TO|CLS.TO|DML.TO
trend_rs,2025-07-24,confirmed,6,AYA.TO|BBD-B.TO|CEU.TO|DML.TO|EDR.TO|EFR.TO
trend_rs,2025-07-25,confirmed,6,BBD-B.TO|BDGI.TO|CLS.TO|DML.TO|EDR.TO|EFR.TO
trend_rs,2025-07-28,confirmed,6,BBD-B.TO|BDGI.TO|BTE.TO|CEU.TO|CLS.TO|DML.TO
trend_rs,2025-07-29,confirmed,6,BBD-B.TO|BDGI.TO|BTE.TO|CEU.TO|CLS.TO|DML.TO
trend_rs,2025-07-30,confirmed,6,BBD-B.TO|BEPC.TO|BTE.TO|CLS.TO|DML.TO|EFR.TO
trend_rs,2025-07-31,confirmed,6,BTE.TO|CLS.TO|DML.TO|EFR.TO|NG.TO|NGEX.TO
trend_rs,2025-08-01,confirmed,6,BTE.TO|CLS.TO|DML.TO|DPM.TO|DSV.TO|EFR.TO
trend_rs,2025-08-05,confirmed,6,BTE.TO|CIGI.TO|CLS.TO|DML.TO|DSV.TO|EFR.TO
trend_rs,2025-08-06,confirmed,6,ARIS.TO|CIGI.TO|CLS.TO|DML.TO|DSV.TO|EFR.TO
trend_rs,2025-08-07,confirmed,6,ARIS.TO|CIGI.TO|CLS.TO|DML.TO|DSV.TO|EFR.TO
trend_rs,2025-08-08,confirmed,6,CIGI.TO|CLS.TO|CS.TO|DML.TO|DSV.TO|EFR.TO
trend_rs,2025-08-11,confirmed,6,CIGI.TO|CLS.TO|DML.TO|DSV.TO|EFR.TO|EFX.TO
trend_rs,2025-08-12,confirmed,6,CIGI.TO|CLS.TO|CS.TO|DML.TO|DSV.TO|EFR.TO
trend_rs,2025-08-13,confirmed,6,ABX.TO|CIGI.TO|CLS.TO|CS.TO|DOO.TO|DSV.TO
trend_rs,2025-08-14,confirmed,6,CIGI.TO|CLS.TO|CS.TO|DOO.TO|DSV.TO|EFR.TO
trend_rs,2025-08-15,confirmed,6,ABX.TO|CIGI.TO|CLS.TO|CS.TO|DOO.TO|DPM.TO
trend_rs,2025-08-18,confirmed,6,ABX.TO|AEM.TO|BHC.TO|CIGI.TO|CLS.TO|CS.TO
trend_rs,2025-08-19,confirmed,6,ABX.TO|BHC.TO|CIGI.TO|CLS.TO|CS.TO|CURA.TO
trend_rs,2025-08-20,confirmed,6,ABX.TO|BHC.TO|CIGI.TO|CLS.TO|CURA.TO|DOO.TO
trend_rs,2025-08-21,confirmed,6,ABX.TO|BHC.TO|CIGI.TO|CS.TO|CURA.TO|DSV.TO
trend_rs,2025-08-22,confirmed,6,ABX.TO|CIGI.TO|CLS.TO|CS.TO|CURA.TO|DOO.TO
trend_rs,2025-08-25,confirmed,6,ABX.TO|CIGI.TO|CLS.TO|CS.TO|CURA.TO|DOO.TO
trend_rs,2025-08-26,confirmed,6,ABX.TO|CIGI.TO|CLS.TO|CS.TO|CURA.TO|DOO.TO
trend_rs,2025-08-27,confirmed,6,ABX.TO|CS.TO|CURA.TO|DSV.TO|EFR.TO|EFX.TO
trend_rs,2025-08-28,confirmed,6,ABX.TO|CS.TO|CURA.TO|DSV.TO|EFR.TO|EFX.TO
trend_rs,2025-08-29,confirmed,6,ABX.TO|BHC.TO|CS.TO|CURA.TO|DOO.TO|DSV.TO
trend_rs,2025-09-02,confirmed,6,ABX.TO|AEM.TO|AG.TO|ARIS.TO|ASM.TO|BHC.TO
trend_rs,2025-09-03,confirmed,6,ABX.TO|ARIS.TO|ASM.TO|BHC.TO|CEU.TO|CS.TO
trend_rs,2025-09-04,confirmed,6,ABX.TO|ASM.TO|ATZ.TO|BHC.TO|CEU.TO|CURA.TO
trend_rs,2025-09-05,confirmed,6,ABX.TO|ARIS.TO|ASM.TO|BHC.TO|CLS.TO|CURA.TO
trend_rs,2025-09-08,confirmed,6,ABX.TO|AIF.TO|AP-UN.TO|ARIS.TO|ATZ.TO|BHC.TO
trend_rs,2025-09-09,confirmed,6,ABX.TO|AIF.TO|AP-UN.TO|ARIS.TO|ATZ.TO|BTO.TO
trend_rs,2025-09-10,confirmed,6,ABX.TO|AP-UN.TO|ARIS.TO|BTO.TO|CG.TO|CLS.TO
trend_rs,2025-09-11,confirmed,6,ABX.TO|AEM.TO|ARIS.TO|BTO.TO|CG.TO|CLS.TO
trend_rs,2025-09-12,confirmed,6,ABX.TO|AEM.TO|AP-UN.TO|ARIS.TO|ASM.TO|BTO.TO
trend_rs,2025-09-15,confirmed,6,ABX.TO|AG.TO|AGI.TO|ARIS.TO|ASM.TO|AYA.TO
trend_rs,2025-09-16,confirmed,6,ABX.TO|AG.TO|AGI.TO|AP-UN.TO|ARIS.TO|AYA.TO
trend_rs,2025-09-17,confirmed,6,ABX.TO|AEM.TO|AG.TO|AGI.TO|ARIS.TO|ASM.TO
trend_rs,2025-09-18,confirmed,6,ABX.TO|AG.TO|AGI.TO|ARIS.TO|ASM.TO|ATZ.TO
trend_rs,2025-09-19,confirmed,6,ABX.TO|AEM.TO|AG.TO|ARIS.TO|ASM.TO|ATZ.TO
trend_rs,2025-09-22,confirmed,6,ABX.TO|AEM.TO|AG.TO|AGI.TO|ARIS.TO|ASM.TO
trend_rs,2025-09-23,confirmed,6,ABX.TO|AEM.TO|AG.TO|AGI.TO|ARIS.TO|AYA.TO
trend_rs,2025-09-24,confirmed,6,ABX.TO|AG.TO|AP-UN.TO|ARIS.TO|AYA.TO|BTE.TO
trend_rs,2025-09-25,confirmed,6,ABX.TO|AEM.TO|AG.TO|ARIS.TO|BBD-B.TO|BTE.TO
trend_rs,2025-09-26,confirmed,6,ABX.TO|AEM.TO|AG.TO|AGI.TO|AP-UN.TO|ARIS.TO
trend_rs,2025-09-29,confirmed,6,AAUC.TO|ABX.TO|AEM.TO|AG.TO|AGI.TO|ASM.TO
trend_rs,2025-09-30,confirmed,6,AAUC.TO|ABRA.TO|ABX.TO|AEM.TO|AG.TO|BBD-B.TO
trend_rs,2025-10-01,confirmed,6,AAUC.TO|ABRA.TO|ABX.TO|AEM.TO|AG.TO|ASM.TO
trend_rs,2025-10-02,confirmed,6,AAUC.TO|ABRA.TO|ABX.TO|AEM.TO|AG.TO|ASM.TO
trend_rs,2025-10-03,confirmed,6,AAUC.TO|ABRA.TO|ABX.TO|AG.TO|ASM.TO|BBD-B.TO
trend_rs,2025-10-06,confirmed,6,AAUC.TO|ABRA.TO|ABX.TO|AG.TO|ARE.TO|ASM.TO
trend_rs,2025-10-07,confirmed,6,AAUC.TO|ABRA.TO|ABX.TO|AG.TO|ARE.TO|ASM.TO
trend_rs,2025-10-08,confirmed,6,AAUC.TO|ABRA.TO|ABX.TO|AG.TO|ARE.TO|ASM.TO
trend_rs,2025-10-09,confirmed,6,AAUC.TO|ABRA.TO|ABX.TO|AG.TO|ASM.TO|BBD-B.TO
trend_rs,2025-10-10,confirmed,6,AAUC.TO|ABRA.TO|ABX.TO|AG.TO|ASM.TO|BBD-B.TO
trend_rs,2025-10-14,confirmed,6,AAUC.TO|ABRA.TO|ABX.TO|AEM.TO|AG.TO|ASM.TO
trend_rs,2025-10-15,confirmed,6,AAUC.TO|ABRA.TO|ABX.TO|AEM.TO|AG.TO|AGI.TO
trend_rs,2025-10-16,confirmed,6,AAUC.TO|ABRA.TO|ABX.TO|AEM.TO|AG.TO|AGI.TO
trend_rs,2025-10-17,confirmed,6,AAUC.TO|ABX.TO|AEM.TO|AG.TO|AGI.TO|ARIS.TO
trend_rs,2025-10-20,confirmed,6,AAUC.TO|AEM.TO|AG.TO|ALS.TO|ASM.TO|AYA.TO
trend_rs,2025-10-21,confirmed,6,ASM.TO|BDGI.TO|BTO.TO|CG.TO|CURA.TO|EFR.TO
trend_rs,2025-10-22,confirmed,6,ASM.TO|BDGI.TO|CG.TO|EFR.TO|ERO.TO|HBM.TO
trend_rs,2025-10-23,confirmed,6,AG.TO|ARE.TO|ASM.TO|BDGI.TO|CG.TO|CLS.TO
trend_rs,2025-10-24,confirmed,6,ARE.TO|BDGI.TO|CG.TO|CLS.TO|CURA.TO|EFR.TO
trend_rs,2025-10-27,confirmed,6,ARE.TO|BDGI.TO|BEPC.TO|CLS.TO|CURA.TO|EFR.TO
trend_rs,2025-10-28,confirmed,6,ARE.TO|ATZ.TO|BDGI.TO|BEPC.TO|CCO.TO|CLS.TO
trend_rs,2025-10-29,confirmed,6,ARE.TO|ATZ.TO|BDGI.TO|BEPC.TO|CCO.TO|CLS.TO
trend_rs,2025-10-30,confirmed,6,ARE.TO|ATZ.TO|BDGI.TO|BEPC.TO|CCO.TO|CLS.TO
trend_rs,2025-10-31,confirmed,6,ALS.TO|ARE.TO|ATZ.TO|BDGI.TO|BEPC.TO|CCO.TO
trend_rs,2025-11-03,confirmed,6,ALS.TO|ARE.TO|ATZ.TO|BDGI.TO|BEP-UN.TO|BEPC.TO
trend_rs,2025-11-04,confirmed,6,ALS.TO|ARE.TO|ATZ.TO|BDGI.TO|BEP-UN.TO|BEPC.TO
trend_rs,2025-11-05,confirmed,6,ALS.TO|ARE.TO|ATZ.TO|BDGI.TO|BEP-UN.TO|BEPC.TO
trend_rs,2025-11-06,confirmed,6,ALS.TO|ARE.TO|ATZ.TO|BDGI.TO|BEP-UN.TO|BEPC.TO
trend_rs,2025-11-07,confirmed,6,ALS.TO|ARE.TO|ATZ.TO|BDGI.TO|BEP-UN.TO|BEPC.TO
trend_rs,2025-11-10,confirmed,6,ALS.TO|ARE.TO|ATZ.TO|BDGI.TO|BEP-UN.TO|BEPC.TO
trend_rs,2025-11-11,confirmed,6,ALS.TO|ARE.TO|ATH.TO|ATZ.TO|BDGI.TO|BTE.TO
trend_rs,2025-11-12,confirmed,6,ALS.TO|ATH.TO|BBD-B.TO|BDGI.TO|BTE.TO|CLS.TO
trend_rs,2025-11-13,confirmed,6,ALS.TO|ATH.TO|BTE.TO|DSV.TO|EFX.TO|EXE.TO
trend_rs,2025-11-14,confirmed,6,ABX.TO|ALS.TO|ARIS.TO|ATH.TO|BBD-B.TO|BTE.TO
trend_rs,2025-11-17,confirmed,6,ALS.TO|ARIS.TO|ATH.TO|BTE.TO|CEU.TO|CLS.TO
trend_rs,2025-11-18,confirmed,6,ABX.TO|ALS.TO|ARIS.TO|ATH.TO|BTE.TO|CEU.TO
trend_rs,2025-11-19,confirmed,6,ABX.TO|ALS.TO|ARIS.TO|ATH.TO|BTE.TO|CEU.TO
trend_rs,2025-11-20,confirmed,6,ABX.TO|ARIS.TO|ATH.TO|BBD-B.TO|BTE.TO|CEU.TO
trend_rs,2025-11-21,confirmed,6,ABX.TO|ARIS.TO|ATH.TO|ATZ.TO|BBD-B.TO|BTE.TO
trend_rs,2025-11-24,confirmed,6,ABX.TO|ARIS.TO|ATH.TO|ATZ.TO|BBD-B.TO|BTE.TO
trend_rs,2025-11-25,confirmed,6,ABX.TO|ARIS.TO|ATH.TO|ATZ.TO|BBD-B.TO|BTE.TO
trend_rs,2025-11-26,confirmed,6,ABX.TO|ARIS.TO|BBD-B.TO|BTE.TO|CEU.TO|CG.TO
trend_rs,2025-11-27,confirmed,6,ABX.TO|ARIS.TO|ATZ.TO|BBD-B.TO|BTE.TO|CEU.TO
trend_rs,2025-11-28,confirmed,6,ABX.TO|ARIS.TO|BBD-B.TO|BTE.TO|CEU.TO|DPM.TO
trend_rs,2025-12-01,confirmed,6,AAUC.TO|ABRA.TO|ABX.TO|AG.TO|ARIS.TO|BIR.TO
early_watch,2022-02-18,confirmed,1,MG.TO
early_watch,2022-02-22,confirmed,3,KEL.TO|IGM.TO|GRT-UN.TO
early_watch,2022-02-23,confirmed,1,GRT-UN.TO
early_watch,2022-02-24,confirmed,1,TRI.TO
early_watch,2022-02-25,confirmed,2,ONEX.TO|KXS.TO
early_watch,2022-02-28,confirmed,0,
early_watch,2022-03-01,confirmed,0,
early_watch,2022-03-02,confirmed,0,
early_watch,2022-03-03,confirmed,1,MFI.TO
early_watch,2022-03-04,confirmed,2,DSG.TO|MFI.TO
early_watch,2022-03-07,confirmed,0,
early_watch,2022-03-08,confirmed,2,EFN.TO|BN.TO
early_watch,2022-03-09,confirmed,1,GRT-UN.TO
early_watch,2022-03-10,confirmed,1,GIB-A.TO
early_watch,2022-03-11,confirmed,0,
early_watch,2022-03-14,confirmed,0,
early_watch,2022-03-15,confirmed,4,RUS.TO|SJ.TO|AIF.TO|IVN.TO
early_watch,2022-03-16,confirmed,3,ONEX.TO|ARE.TO|STN.TO
early_watch,2022-03-17,confirmed,2,STN.TO|CCL-B.TO
early_watch,2022-03-18,confirmed,3,STN.TO|ARE.TO|BYD.TO
early_watch,2022-03-21,confirmed,0,
early_watch,2022-03-22,confirmed,0,
early_watch,2022-03-23,confirmed,1,ONEX.TO
early_watch,2022-03-24,confirmed,2,ONEX.TO|GIL.TO
early_watch,2022-03-25,confirmed,0,
early_watch,2022-03-28,confirmed,0,
early_watch,2022-03-29,confirmed,2,OR.TO|EDR.TO
early_watch,2022-03-30,confirmed,0,
early_watch,2022-03-31,confirmed,0,
early_watch,2022-04-01,confirmed,1,OTEX.TO
early_watch,2022-04-04,confirmed,0,
early_watch,2022-04-05,confirmed,0,
early_watch,2022-04-06,confirmed,0,
early_watch,2022-04-07,confirmed,0,
early_watch,2022-04-08,confirmed,0,
early_watch,2022-04-11,confirmed,0,
early_watch,2022-04-12,confirmed,6,GIL.TO|PXT.TO|TVE.TO|ATZ.TO|ATH.TO|HBM.TO
early_watch,2022-04-13,confirmed,3,GIL.TO|ATS.TO|WSP.TO
early_watch,2022-04-14,confirmed,2,PXT.TO|GIL.TO
early_watch,2022-04-18,confirmed,3,NFI.TO|HBM.TO|GIL.TO
early_watch,2022-04-19,confirmed,1,BB.TO
early_watch,2022-04-20,confirmed,0,
early_watch,2022-04-21,confirmed,0,
early_watch,2022-04-22,confirmed,1,TOI.V
early_watch,2022-04-25,confirmed,5,X.TO|ENGH.TO|DCBO.TO|STN.TO|ATZ.TO
early_watch,2022-04-26,confirmed,1,CCL-B.TO
early_watch,2022-04-27,confirmed,3,TOI.V|CAR-UN.TO|IMG.TO
early_watch,2022-04-28,confirmed,4,OTEX.TO|SII.TO|ENGH.TO|IMG.TO
early_watch,2022-04-29,confirmed,6,HWX.TO|SII.TO|MG.TO|PXT.TO|FVI.TO|PAAS.TO
early_watch,2022-05-02,confirmed,6,FVI.TO|PXT.TO|SJ.TO|CCL-B.TO|BN.TO|IAG.TO
early_watch,2022-05-03,confirmed,6,SJ.TO|IAG.TO|DCBO.TO|BN.TO|RBA.TO|CNR.TO
early_watch,2022-05-04,confirmed,6,ENGH.TO|BYD.TO|RBA.TO|CG.TO|WSP.TO|REI-UN.TO
early_watch,2022-05-05,confirmed,1,CIGI.TO
early_watch,2022-05-06,confirmed,6,EFN.TO|BBD-B.TO|AIF.TO|MG.TO|STN.TO|CNR.TO
early_watch,2022-05-09,confirmed,5,MFI.TO|FFH.TO|CSH-UN.TO|TRI.TO|EFN.TO
early_watch,2022-05-10,confirmed,6,HWX.TO|MFC.TO|MFI.TO|CJT.TO|BIP-UN.TO|CRR-UN.TO
early_watch,2022-05-11,confirmed,6,IFC.TO|BIP-UN.TO|BEP-UN.TO|CSH-UN.TO|TSU.TO|DSG.TO
early_watch,2022-05-12,confirmed,6,MG.TO|DOL.TO|IFC.TO|CLS.TO|PBH.TO|CSH-UN.TO
early_watch,2022-05-13,confirmed,6,NWC.TO|EMP-A.TO|CRR-UN.TO|IFC.TO|QSR.TO|RCI-B.TO
early_watch,2022-05-16,confirmed,2,NWC.TO|RUS.TO
early_watch,2022-05-17,confirmed,2,BEP-UN.TO|FNV.TO
early_watch,2022-05-18,confirmed,0,
early_watch,2022-05-19,confirmed,5,NWC.TO|ABX.TO|MFI.TO|BN.TO|FSV.TO
early_watch,2022-05-20,confirmed,6,NWC.TO|CNR.TO|BN.TO|T.TO|BCE.TO|FSV.TO
early_watch,2022-05-24,confirmed,4,BN.TO|BCE.TO|WFG.TO|IGM.TO
early_watch,2022-05-25,confirmed,6,MX.TO|FSV.TO|GOOS.TO|SJ.TO|FNV.TO|BN.TO
early_watch,2022-05-26,confirmed,5,FSV.TO|GIL.TO|DSG.TO|CTC-A.TO|NTR.TO
early_watch,2022-05-27,confirmed,0,
early_watch,2022-05-30,confirmed,0,
early_watch,2022-05-31,confirmed,2,SSRM.TO|NTR.TO
early_watch,2022-06-01,confirmed,1,BTO.TO
early_watch,2022-06-02,confirmed,1,SLF.TO
early_watch,2022-06-03,confirmed,0,
early_watch,2022-06-06,confirmed,0,
early_watch,2022-06-07,confirmed,0,
early_watch,2022-06-08,confirmed,1,AEM.TO
early_watch,2022-06-09,confirmed,0,
early_watch,2022-06-10,confirmed,2,QBR-B.TO|BYD.TO
early_watch,2022-06-13,confirmed,1,CSU.TO
early_watch,2022-06-14,confirmed,3,QBR-B.TO|CSU.TO|KMP-UN.TO
early_watch,2022-06-15,confirmed,6,CJT.TO|EMP-A.TO|TFII.TO|ABX.TO|CSU.TO|GRT-UN.TO
early_watch,2022-06-16,confirmed,5,WPM.TO|K.TO|AG.TO|PAAS.TO|SSRM.TO
early_watch,2022-06-17,confirmed,6,CTC-A.TO|STN.TO|SLF.TO|CSU.TO|GIL.TO|BNS.TO
early_watch,2022-06-20,confirmed,6,ATS.TO|STN.TO|CSU.TO|SLF.TO|IAG.TO|TFII.TO
early_watch,2022-06-21,confirmed,6,STN.TO|CAE.TO|OTEX.TO|TFII.TO|SLF.TO|WN.TO
early_watch,2022-06-22,confirmed,6,STN.TO|CAE.TO|OTEX.TO|SLF.TO|TFII.TO|HR-UN.TO
early_watch,2022-06-23,confirmed,6,TFII.TO|ACO-X.TO|NWC.TO|RCH.TO|GIL.TO|CCO.TO
early_watch,2022-06-24,confirmed,6,AGI.TO|SSRM.TO|NFI.TO|RCH.TO|ATS.TO|PAAS.TO
early_watch,2022-06-27,confirmed,6,AGI.TO|RCH.TO|AEM.TO|PMZ-UN.TO|NWC.TO|POW.TO
early_watch,2022-06-28,confirmed,4,CP.TO|PMZ-UN.TO|ONEX.TO|POW.TO
early_watch,2022-06-29,confirmed,6,AGI.TO|OR.TO|SII.TO|IMO.TO|WDO.TO|NTR.TO
early_watch,2022-06-30,confirmed,5,ONEX.TO|IMO.TO|CCA.TO|NWC.TO|AP-UN.TO
early_watch,2022-07-04,confirmed,6,FNV.TO|SII.TO|EFN.TO|NWC.TO|NTR.TO|ONEX.TO
early_watch,2022-07-05,confirmed,3,NWC.TO|T.TO|FNV.TO
early_watch,2022-07-06,confirmed,6,AGI.TO|IAG.TO|MFC.TO|FNV.TO|ATD.TO|SLF.TO
early_watch,2022-07-07,confirmed,6,AGI.TO|GIL.TO|ARE.TO|FNV.TO|SLF.TO|PSK.TO
early_watch,2022-07-08,confirmed,2,GIL.TO|NTR.TO
early_watch,2022-07-11,confirmed,1,NTR.TO
early_watch,2022-07-12,confirmed,3,GFL.TO|GIL.TO|GRT-UN.TO
early_watch,2022-07-13,confirmed,2,GFL.TO|TRP.TO
early_watch,2022-07-14,confirmed,3,TRP.TO|GFL.TO|ERO.TO
early_watch,2022-07-15,confirmed,6,EQB.TO|TRP.TO|GFL.TO|PMZ-UN.TO|REI-UN.TO|GOOS.TO
early_watch,2022-07-18,confirmed,6,BEI-UN.TO|NA.TO|REI-UN.TO|AP-UN.TO|BN.TO|GFL.TO
early_watch,2022-07-19,confirmed,4,BMO.TO|CM.TO|AP-UN.TO|GRT-UN.TO
early_watch,2022-07-20,confirmed,2,AP-UN.TO|GRT-UN.TO
early_watch,2022-07-21,confirmed,0,
early_watch,2022-07-22,confirmed,0,
early_watch,2022-07-25,confirmed,0,
early_watch,2022-07-26,confirmed,1,PAAS.TO
early_watch,2022-07-27,confirmed,2,CSH-UN.TO|AGI.TO
early_watch,2022-07-28,confirmed,0,
early_watch,2022-07-29,confirmed,1,RCI-B.TO
early_watch,2022-08-02,confirmed,0,
early_watch,2022-08-03,confirmed,0,
early_watch,2022-08-04,confirmed,1,CCA.TO
early_watch,2022-08-05,confirmed,0,
early_watch,2022-08-08,confirmed,0,
early_watch,2022-08-09,confirmed,0,
early_watch,2022-08-10,confirmed,0,
early_watch,2022-08-11,confirmed,1,TRP.TO
early_watch,2022-08-12,confirmed,0,
early_watch,2022-08-15,confirmed,0,
early_watch,2022-08-16,confirmed,0,
early_watch,2022-08-17,confirmed,1,PXT.TO
early_watch,2022-08-18,confirmed,2,WPM.TO|PAAS.TO
early_watch,2022-08-19,confirmed,0,
early_watch,2022-08-22,confirmed,2,PEY.TO|PXT.TO
early_watch,2022-08-23,confirmed,1,WDO.TO
early_watch,2022-08-24,confirmed,0,
early_watch,2022-08-25,confirmed,0,
early_watch,2022-08-26,confirmed,0,
early_watch,2022-08-29,confirmed,2,DCBO.TO|BB.TO
early_watch,2022-08-30,confirmed,2,FFH.TO|BB.TO
early_watch,2022-08-31,confirmed,0,
early_watch,2022-09-01,confirmed,0,
early_watch,2022-09-02,confirmed,6,WPM.TO|TRP.TO|CCA.TO|FNV.TO|ABX.TO|AC.TO
early_watch,2022-09-06,confirmed,1,ARE.TO
early_watch,2022-09-07,confirmed,6,RUS.TO|IVN.TO|FSV.TO|CCA.TO|FNV.TO|BNS.TO
early_watch,2022-09-08,confirmed,6,MX.TO|TRP.TO|PPL.TO|RUS.TO|TA.TO|BNS.TO
early_watch,2022-09-09,confirmed,1,WFG.TO
early_watch,2022-09-12,confirmed,0,
early_watch,2022-09-13,confirmed,2,TVE.TO|SDE.TO
early_watch,2022-09-14,confirmed,6,CG.TO|MX.TO|GRT-UN.TO|CSU.TO|CAR-UN.TO|HR-UN.TO
early_watch,2022-09-15,confirmed,6,MX.TO|CAR-UN.TO|AP-UN.TO|GRT-UN.TO|CG.TO|HR-UN.TO
early_watch,2022-09-16,confirmed,5,GRT-UN.TO|CSH-UN.TO|CG.TO|CAE.TO|AIF.TO
early_watch,2022-09-19,confirmed,6,NTR.TO|VET.TO|GOOS.TO|CAE.TO|BB.TO|CSH-UN.TO
early_watch,2022-09-20,confirmed,4,CG.TO|GOOS.TO|EIF.TO|BB.TO
early_watch,2022-09-21,confirmed,6,CTC-A.TO|MFC.TO|DIR-UN.TO|REI-UN.TO|FSV.TO|CAR-UN.TO
early_watch,2022-09-22,confirmed,6,TECK-B.TO|CTC-A.TO|L.TO|CM.TO|FTS.TO|REI-UN.TO
early_watch,2022-09-23,confirmed,5,FTS.TO|LSPD.TO|DIR-UN.TO|CAR-UN.TO|DSG.TO
early_watch,2022-09-26,confirmed,6,CM.TO|AEM.TO|FSV.TO|CAR-UN.TO|FTS.TO|GOOS.TO
early_watch,2022-09-27,confirmed,6,CM.TO|CTC-A.TO|AEM.TO|LSPD.TO|ABX.TO|T.TO
early_watch,2022-09-28,confirmed,6,CTC-A.TO|DOO.TO|CAR-UN.TO|FTT.TO|GOOS.TO|REI-UN.TO
early_watch,2022-09-29,confirmed,4,DOO.TO|PPL.TO|EIF.TO|TIH.TO
early_watch,2022-09-30,confirmed,5,IGM.TO|CTC-A.TO|BYD.TO|ATS.TO|CHP-UN.TO
early_watch,2022-10-03,confirmed,6,DOO.TO|GIL.TO|CRR-UN.TO|CHP-UN.TO|KMP-UN.TO|BEPC.TO
early_watch,2022-10-04,confirmed,1,CHP-UN.TO
early_watch,2022-10-05,confirmed,0,
early_watch,2022-10-06,confirmed,0,
early_watch,2022-10-07,confirmed,6,L.TO|BNS.TO|TA.TO|KEY.TO|CHP-UN.TO|GEI.TO
early_watch,2022-10-11,confirmed,2,NTR.TO|CIGI.TO
early_watch,2022-10-12,confirmed,3,CTC-A.TO|MFI.TO|CIGI.TO
early_watch,2022-10-13,confirmed,6,CTC-A.TO|MFI.TO|TRP.TO|BNS.TO|KEY.TO|ATRL.TO
early_watch,2022-10-14,confirmed,4,CTC-A.TO|AIF.TO|BMO.TO|ATRL.TO
early_watch,2022-10-17,confirmed,3,PPL.TO|ENB.TO|LIF.TO
early_watch,2022-10-18,confirmed,1,KNT.TO
early_watch,2022-10-19,confirmed,0,
early_watch,2022-10-20,confirmed,2,CAR-UN.TO|SSRM.TO
early_watch,2022-10-21,confirmed,4,RCH.TO|CTC-A.TO|DOO.TO|MFI.TO
early_watch,2022-10-24,confirmed,2,CAR-UN.TO|KNT.TO
early_watch,2022-10-25,confirmed,1,CS.TO
early_watch,2022-10-26,confirmed,1,MFI.TO
early_watch,2022-10-27,confirmed,1,PBH.TO
early_watch,2022-10-28,confirmed,1,PBH.TO
early_watch,2022-10-31,confirmed,1,ARE.TO
early_watch,2022-11-01,confirmed,0,
early_watch,2022-11-02,confirmed,0,
early_watch,2022-11-03,confirmed,3,NFI.TO|MFI.TO|BHC.TO
early_watch,2022-11-04,confirmed,3,AP-UN.TO|NFI.TO|PBH.TO
early_watch,2022-11-07,confirmed,1,PBH.TO
early_watch,2022-11-08,confirmed,2,PBH.TO|ALA.TO
early_watch,2022-11-09,confirmed,0,
early_watch,2022-11-10,confirmed,2,AP-UN.TO|GIL.TO
early_watch,2022-11-11,confirmed,0,
early_watch,2022-11-14,confirmed,0,
early_watch,2022-11-15,confirmed,1,GIL.TO
early_watch,2022-11-16,confirmed,0,
early_watch,2022-11-17,confirmed,1,SPB.TO
early_watch,2022-11-18,confirmed,0,
early_watch,2022-11-21,confirmed,3,BEP-UN.TO|SIA.TO|CTC-A.TO
early_watch,2022-11-22,confirmed,1,ATS.TO
early_watch,2022-11-23,confirmed,1,BHC.TO
early_watch,2022-11-24,confirmed,0,
early_watch,2022-11-25,confirmed,0,
early_watch,2022-11-28,confirmed,0,
early_watch,2022-11-29,confirmed,0,
early_watch,2022-11-30,confirmed,0,
early_watch,2022-12-01,confirmed,0,
early_watch,2022-12-02,confirmed,1,NPI.TO
early_watch,2022-12-05,confirmed,1,WDO.TO
early_watch,2022-12-06,confirmed,1,NTR.TO
early_watch,2022-12-07,confirmed,0,
early_watch,2022-12-08,confirmed,1,BIP-UN.TO
early_watch,2022-12-09,confirmed,0,
early_watch,2022-12-12,confirmed,1,NXE.TO
early_watch,2022-12-13,confirmed,1,WDO.TO
early_watch,2022-12-14,confirmed,0,
early_watch,2022-12-15,confirmed,1,DPM.TO
early_watch,2022-12-16,confirmed,5,NXE.TO|DPM.TO|CIGI.TO|BEPC.TO|ONEX.TO
early_watch,2022-12-19,confirmed,3,ARX.TO|CVE.TO|FRU.TO
early_watch,2022-12-20,confirmed,6,CCO.TO|LUG.TO|ARX.TO|NXE.TO|ONEX.TO|CCL-B.TO
early_watch,2022-12-21,confirmed,6,CCO.TO|CIGI.TO|CSH-UN.TO|SIA.TO|ONEX.TO|SHOP.TO
early_watch,2022-12-22,confirmed,4,IVN.TO|GIL.TO|ONEX.TO|SII.TO
early_watch,2022-12-23,confirmed,2,WFG.TO|GRT-UN.TO
early_watch,2022-12-28,confirmed,1,IMO.TO
early_watch,2022-12-29,confirmed,2,GEI.TO|GIL.TO
early_watch,2022-12-30,confirmed,0,
early_watch,2023-01-03,confirmed,0,
early_watch,2023-01-04,confirmed,1,ATZ.TO
early_watch,2023-01-05,confirmed,0,
early_watch,2023-01-06,confirmed,1,FRU.TO
early_watch,2023-01-09,confirmed,0,
early_watch,2023-01-10,confirmed,0,
early_watch,2023-01-11,confirmed,1,ARX.TO
early_watch,2023-01-12,confirmed,0,
early_watch,2023-01-13,confirmed,0,
early_watch,2023-01-16,confirmed,0,
early_watch,2023-01-17,confirmed,0,
early_watch,2023-01-18,confirmed,0,
early_watch,2023-01-19,confirmed,1,ATZ.TO
early_watch,2023-01-20,confirmed,2,ATZ.TO|CJT.TO
early_watch,2023-01-23,confirmed,1,WCN.TO
early_watch,2023-01-24,confirmed,0,
early_watch,2023-01-25,confirmed,1,CJT.TO
early_watch,2023-01-26,confirmed,0,
early_watch,2023-01-27,confirmed,0,
early_watch,2023-01-30,confirmed,1,KNT.TO
early_watch,2023-01-31,confirmed,1,AAV.TO
early_watch,2023-02-01,confirmed,1,BIR.TO
early_watch,2023-02-02,confirmed,1,BIR.TO
early_watch,2023-02-03,confirmed,1,BIR.TO
early_watch,2023-02-06,confirmed,1,BIR.TO
early_watch,2023-02-07,confirmed,0,
early_watch,2023-02-08,confirmed,0,
early_watch,2023-02-09,confirmed,1,MRU.TO
early_watch,2023-02-10,confirmed,0,
early_watch,2023-02-13,confirmed,0,
early_watch,2023-02-14,confirmed,2,OGC.TO|ATZ.TO
early_watch,2023-02-15,confirmed,2,ATZ.TO|OGC.TO
early_watch,2023-02-16,confirmed,0,
early_watch,2023-02-17,confirmed,0,
early_watch,2023-02-21,confirmed,0,
early_watch,2023-02-22,confirmed,1,BEPC.TO
early_watch,2023-02-23,confirmed,2,WDO.TO|TPZ.TO
early_watch,2023-02-24,confirmed,0,
early_watch,2023-02-27,confirmed,1,PPL.TO
early_watch,2023-02-28,confirmed,0,
early_watch,2023-03-01,confirmed,1,BEPC.TO
early_watch,2023-03-02,confirmed,1,TRP.TO
early_watch,2023-03-03,confirmed,1,CSH-UN.TO
early_watch,2023-03-06,confirmed,0,
early_watch,2023-03-07,confirmed,1,SIA.TO
early_watch,2023-03-08,confirmed,1,TPZ.TO
early_watch,2023-03-09,confirmed,2,REI-UN.TO|VET.TO
early_watch,2023-03-10,confirmed,1,DFY.TO
early_watch,2023-03-13,confirmed,2,CPX.TO|SIA.TO
early_watch,2023-03-14,confirmed,6,CPX.TO|REI-UN.TO|SIA.TO|QSR.TO|HBM.TO|FTT.TO
early_watch,2023-03-15,confirmed,1,QSR.TO
early_watch,2023-03-16,confirmed,6,FM.TO|CPX.TO|DFY.TO|TPZ.TO|CS.TO|RCI-B.TO
early_watch,2023-03-17,confirmed,6,EFX.TO|TSU.TO|PSK.TO|LNR.TO|CM.TO|MX.TO
early_watch,2023-03-20,confirmed,6,ONEX.TO|BBD-B.TO|VET.TO|MX.TO|IMO.TO|MG.TO
early_watch,2023-03-21,confirmed,6,ONEX.TO|EFX.TO|MG.TO|PPL.TO|ALA.TO|TSU.TO
early_watch,2023-03-22,confirmed,6,ONEX.TO|TFPM.TO|ALA.TO|FRU.TO|NA.TO|EFX.TO
early_watch,2023-03-23,confirmed,6,BIR.TO|ONEX.TO|TSU.TO|MG.TO|CAR-UN.TO|RY.TO
early_watch,2023-03-24,confirmed,4,CS.TO|BIR.TO|NA.TO|AAV.TO
early_watch,2023-03-27,confirmed,5,CS.TO|BIR.TO|AAV.TO|NA.TO|IPCO.TO
early_watch,2023-03-28,confirmed,1,CS.TO
early_watch,2023-03-29,confirmed,2,GOOS.TO|ONEX.TO
early_watch,2023-03-30,confirmed,1,GOOS.TO
early_watch,2023-03-31,confirmed,0,
early_watch,2023-04-03,confirmed,0,
early_watch,2023-04-04,confirmed,0,
early_watch,2023-04-05,confirmed,2,SIA.TO|MX.TO
early_watch,2023-04-06,confirmed,1,MG.TO
early_watch,2023-04-10,confirmed,5,MG.TO|MX.TO|TD.TO|LIF.TO|EFN.TO
early_watch,2023-04-11,confirmed,1,MG.TO
early_watch,2023-04-12,confirmed,0,
early_watch,2023-04-13,confirmed,0,
early_watch,2023-04-14,confirmed,0,
early_watch,2023-04-17,confirmed,0,
early_watch,2023-04-18,confirmed,0,
early_watch,2023-04-19,confirmed,0,
early_watch,2023-04-20,confirmed,0,
early_watch,2023-04-21,confirmed,0,
early_watch,2023-04-24,confirmed,0,
early_watch,2023-04-25,confirmed,1,SSRM.TO
early_watch,2023-04-26,confirmed,0,
early_watch,2023-04-27,confirmed,3,SU.TO|MX.TO|VET.TO
early_watch,2023-04-28,confirmed,2,HBM.TO|VET.TO
early_watch,2023-05-01,confirmed,1,CJT.TO
early_watch,2023-05-02,confirmed,1,ONEX.TO
early_watch,2023-05-03,confirmed,2,BN.TO|HBM.TO
early_watch,2023-05-04,confirmed,3,BN.TO|AP-UN.TO|MX.TO
early_watch,2023-05-05,confirmed,2,MX.TO|ONEX.TO
early_watch,2023-05-08,confirmed,0,
early_watch,2023-05-09,confirmed,2,TFII.TO|KNT.TO
early_watch,2023-05-10,confirmed,4,GIL.TO|MG.TO|KNT.TO|CIGI.TO
early_watch,2023-05-11,confirmed,1,LB.TO
early_watch,2023-05-12,confirmed,0,
early_watch,2023-05-15,confirmed,1,ONEX.TO
early_watch,2023-05-16,confirmed,3,FVI.TO|BN.TO|MFI.TO
early_watch,2023-05-17,confirmed,4,BN.TO|CNQ.TO|MFI.TO|SU.TO
early_watch,2023-05-18,confirmed,2,CNQ.TO|SU.TO
early_watch,2023-05-19,confirmed,4,TXG.TO|OGC.TO|FVI.TO|SU.TO
early_watch,2023-05-23,confirmed,1,FVI.TO
early_watch,2023-05-24,confirmed,3,OGC.TO|PET.TO|EQX.TO
early_watch,2023-05-25,confirmed,1,OGC.TO
early_watch,2023-05-26,confirmed,6,LUG.TO|LSPD.TO|OGC.TO|IMG.TO|CNQ.TO|DPM.TO
early_watch,2023-05-29,confirmed,6,LSPD.TO|LUG.TO|OGC.TO|IMG.TO|WN.TO|EQX.TO
early_watch,2023-05-30,confirmed,2,OGC.TO|EQX.TO
early_watch,2023-05-31,confirmed,4,BTO.TO|CIGI.TO|K.TO|DPM.TO
early_watch,2023-06-01,confirmed,6,IMO.TO|CNQ.TO|BTE.TO|WCP.TO|DPM.TO|BTO.TO
early_watch,2023-06-02,confirmed,5,CNQ.TO|QBR-B.TO|LNR.TO|CTC-A.TO|BTO.TO
early_watch,2023-06-05,confirmed,6,LUG.TO|WCP.TO|CNQ.TO|BTO.TO|AGI.TO|K.TO
early_watch,2023-06-06,confirmed,2,GRT-UN.TO|AGI.TO
early_watch,2023-06-07,confirmed,0,
early_watch,2023-06-08,confirmed,1,KNT.TO
early_watch,2023-06-09,confirmed,3,CAE.TO|WCP.TO|AGI.TO
early_watch,2023-06-12,confirmed,2,ATZ.TO|POU.TO
early_watch,2023-06-13,confirmed,3,PEY.TO|WCP.TO|NPI.TO
early_watch,2023-06-14,confirmed,2,TFII.TO|WCP.TO
early_watch,2023-06-15,confirmed,4,POU.TO|TVE.TO|PEY.TO|TFII.TO
early_watch,2023-06-16,confirmed,6,PAAS.TO|DPM.TO|LUG.TO|OGC.TO|OR.TO|NPI.TO
early_watch,2023-06-19,confirmed,6,CVE.TO|OR.TO|DPM.TO|LUG.TO|BTE.TO|AGI.TO
early_watch,2023-06-20,confirmed,3,CU.TO|SDE.TO|DPM.TO
early_watch,2023-06-21,confirmed,6,CVE.TO|OR.TO|CNQ.TO|DPM.TO|WPM.TO|LUG.TO
early_watch,2023-06-22,confirmed,6,OR.TO|CNQ.TO|WN.TO|PAAS.TO|BTO.TO|LUG.TO
early_watch,2023-06-23,confirmed,4,ABX.TO|MX.TO|AEM.TO|FNV.TO
early_watch,2023-06-26,confirmed,6,PET.TO|CAE.TO|CVE.TO|GRT-UN.TO|MX.TO|FNV.TO
early_watch,2023-06-27,confirmed,4,ATZ.TO|GRT-UN.TO|MX.TO|CVE.TO
early_watch,2023-06-28,confirmed,3,AIF.TO|MX.TO|CVE.TO
early_watch,2023-06-29,confirmed,2,SAP.TO|BEPC.TO
early_watch,2023-06-30,confirmed,1,KNT.TO
early_watch,2023-07-04,confirmed,0,
early_watch,2023-07-05,confirmed,0,
early_watch,2023-07-06,confirmed,1,AGI.TO
early_watch,2023-07-07,confirmed,3,KNT.TO|FNV.TO|AGI.TO
early_watch,2023-07-10,confirmed,4,WPM.TO|FNV.TO|AGI.TO|CJT.TO
early_watch,2023-07-11,confirmed,4,FNV.TO|AGI.TO|BEPC.TO|CJT.TO
early_watch,2023-07-12,confirmed,0,
early_watch,2023-07-13,confirmed,1,NPI.TO
early_watch,2023-07-14,confirmed,1,JWEL.TO
early_watch,2023-07-17,confirmed,0,
early_watch,2023-07-18,confirmed,3,IMO.TO|RCI-B.TO|JWEL.TO
early_watch,2023-07-19,confirmed,1,NWC.TO
early_watch,2023-07-20,confirmed,1,NWC.TO
early_watch,2023-07-21,confirmed,1,BB.TO
early_watch,2023-07-24,confirmed,1,BB.TO
early_watch,2023-07-25,confirmed,1,BB.TO
early_watch,2023-07-26,confirmed,1,BB.TO
early_watch,2023-07-27,confirmed,0,
early_watch,2023-07-28,confirmed,1,RCI-B.TO
early_watch,2023-07-31,confirmed,0,
early_watch,2023-08-01,confirmed,0,
early_watch,2023-08-02,confirmed,2,CG.TO|TXG.TO
early_watch,2023-08-03,confirmed,5,K.TO|CG.TO|RCI-B.TO|ELD.TO|AEM.TO
early_watch,2023-08-04,confirmed,2,CG.TO|ELD.TO
early_watch,2023-08-08,confirmed,0,
early_watch,2023-08-09,confirmed,3,NPI.TO|AGI.TO|CU.TO
early_watch,2023-08-10,confirmed,1,NPI.TO
early_watch,2023-08-11,confirmed,1,AC.TO
early_watch,2023-08-14,confirmed,4,BBD-B.TO|BB.TO|AC.TO|JWEL.TO
early_watch,2023-08-15,confirmed,1,WELL.TO
early_watch,2023-08-16,confirmed,2,BEPC.TO|CCL-B.TO
early_watch,2023-08-17,confirmed,1,BIP-UN.TO
early_watch,2023-08-18,confirmed,3,WELL.TO|CTC-A.TO|ERO.TO
early_watch,2023-08-21,confirmed,4,CS.TO|HBM.TO|BIP-UN.TO|WELL.TO
early_watch,2023-08-22,confirmed,1,CG.TO
early_watch,2023-08-23,confirmed,0,
early_watch,2023-08-24,confirmed,0,
early_watch,2023-08-25,confirmed,0,
early_watch,2023-08-28,confirmed,1,GFL.TO
early_watch,2023-08-29,confirmed,0,
early_watch,2023-08-30,confirmed,0,
early_watch,2023-08-31,confirmed,0,
early_watch,2023-09-01,confirmed,1,BEPC.TO
early_watch,2023-09-05,confirmed,1,CM.TO
early_watch,2023-09-06,confirmed,1,BTO.TO
early_watch,2023-09-07,confirmed,6,BTO.TO|KXS.TO|QSR.TO|FM.TO|BEP-UN.TO|GOOS.TO
early_watch,2023-09-08,confirmed,3,QSR.TO|BEP-UN.TO|FTT.TO
early_watch,2023-09-11,confirmed,3,LUG.TO|BEP-UN.TO|BEPC.TO
early_watch,2023-09-12,confirmed,3,PET.TO|BEPC.TO|HBM.TO
early_watch,2023-09-13,confirmed,3,GOOS.TO|HBM.TO|CTC-A.TO
early_watch,2023-09-14,confirmed,5,DPM.TO|TXG.TO|EQB.TO|LNR.TO|CCL-B.TO
early_watch,2023-09-15,confirmed,3,DPM.TO|LNR.TO|ERO.TO
early_watch,2023-09-18,confirmed,6,WELL.TO|EQB.TO|TXG.TO|ERO.TO|LNR.TO|BBD-B.TO
early_watch,2023-09-19,confirmed,2,LNR.TO|BBD-B.TO
early_watch,2023-09-20,confirmed,6,FM.TO|CS.TO|OR.TO|NPI.TO|CG.TO|BBD-B.TO
early_watch,2023-09-21,confirmed,0,
early_watch,2023-09-22,confirmed,2,NA.TO|LNR.TO
early_watch,2023-09-25,confirmed,3,LNR.TO|LUN.TO|TA.TO
early_watch,2023-09-26,confirmed,2,BIP-UN.TO|WFG.TO
early_watch,2023-09-27,confirmed,3,PBH.TO|WFG.TO|MG.TO
early_watch,2023-09-28,confirmed,5,CJT.TO|FTT.TO|IVN.TO|PBH.TO|GFL.TO
early_watch,2023-09-29,confirmed,5,IVN.TO|ELD.TO|GFL.TO|FTT.TO|OR.TO
early_watch,2023-10-02,confirmed,6,LNR.TO|MTL.TO|OR.TO|AP-UN.TO|FTT.TO|CJT.TO
early_watch,2023-10-03,confirmed,6,BTO.TO|DPM.TO|OR.TO|KXS.TO|SSRM.TO|RCI-B.TO
early_watch,2023-10-04,confirmed,6,H.TO|RCI-B.TO|KXS.TO|BTO.TO|OR.TO|ABX.TO
early_watch,2023-10-05,confirmed,6,BTO.TO|RCI-B.TO|TSU.TO|ABX.TO|SSRM.TO|ATZ.TO
early_watch,2023-10-06,confirmed,6,LUG.TO|RCI-B.TO|ABX.TO|TSU.TO|EQB.TO|BEPC.TO
early_watch,2023-10-10,confirmed,1,RY.TO
early_watch,2023-10-11,confirmed,1,EQB.TO
early_watch,2023-10-12,confirmed,0,
early_watch,2023-10-13,confirmed,6,MG.TO|CTC-A.TO|CU.TO|CS.TO|EQB.TO|POU.TO
early_watch,2023-10-16,confirmed,5,MG.TO|POU.TO|CTC-A.TO|BEP-UN.TO|TA.TO
early_watch,2023-10-17,confirmed,3,MG.TO|CCA.TO|CJT.TO
early_watch,2023-10-18,confirmed,0,
early_watch,2023-10-19,confirmed,6,RY.TO|MG.TO|CCL-B.TO|SHOP.TO|IVN.TO|CURA.TO
early_watch,2023-10-20,confirmed,4,MG.TO|LNR.TO|CCL-B.TO|PBH.TO
early_watch,2023-10-23,confirmed,5,SHOP.TO|PBH.TO|TECK-B.TO|EMA.TO|CU.TO
early_watch,2023-10-24,confirmed,5,SHOP.TO|EMA.TO|CU.TO|KXS.TO|PBH.TO
early_watch,2023-10-25,confirmed,6,IAG.TO|FTT.TO|MFC.TO|RY.TO|EMA.TO|CM.TO
early_watch,2023-10-26,confirmed,6,LIF.TO|MFC.TO|RY.TO|SLF.TO|IAG.TO|CM.TO
early_watch,2023-10-27,confirmed,2,FTT.TO|SRU-UN.TO
early_watch,2023-10-30,confirmed,4,IAG.TO|SRU-UN.TO|LSPD.TO|FTT.TO
early_watch,2023-10-31,confirmed,4,SRU-UN.TO|CAE.TO|LIF.TO|BMO.TO
early_watch,2023-11-01,confirmed,4,FTT.TO|NTR.TO|BMO.TO|CCA.TO
early_watch,2023-11-02,confirmed,4,ATZ.TO|ERO.TO|MG.TO|LNR.TO
early_watch,2023-11-03,confirmed,1,NTR.TO
early_watch,2023-11-06,confirmed,0,
early_watch,2023-11-07,confirmed,0,
early_watch,2023-11-08,confirmed,0,
early_watch,2023-11-09,confirmed,2,PAAS.TO|FNV.TO
early_watch,2023-11-10,confirmed,0,
early_watch,2023-11-13,confirmed,0,
early_watch,2023-11-14,confirmed,2,POU.TO|PBH.TO
early_watch,2023-11-15,confirmed,1,CAE.TO
early_watch,2023-11-16,confirmed,2,CAE.TO|KEL.TO
early_watch,2023-11-17,confirmed,1,LNR.TO
early_watch,2023-11-20,confirmed,0,
early_watch,2023-11-21,confirmed,1,TECK-B.TO
early_watch,2023-11-22,confirmed,3,WELL.TO|FTT.TO|BHC.TO
early_watch,2023-11-23,confirmed,1,FTT.TO
early_watch,2023-11-24,confirmed,0,
early_watch,2023-11-27,confirmed,0,
early_watch,2023-11-28,confirmed,0,
early_watch,2023-11-29,confirmed,0,
early_watch,2023-11-30,confirmed,1,FTT.TO
early_watch,2023-12-01,confirmed,0,
early_watch,2023-12-04,confirmed,1,NTR.TO
early_watch,2023-12-05,confirmed,2,NTR.TO|DCBO.TO
early_watch,2023-12-06,confirmed,1,NTR.TO
early_watch,2023-12-07,confirmed,0,
early_watch,2023-12-08,confirmed,0,
early_watch,2023-12-11,confirmed,0,
early_watch,2023-12-12,confirmed,0,
early_watch,2023-12-13,confirmed,3,TFII.TO|CVE.TO|TA.TO
early_watch,2023-12-14,confirmed,1,NTR.TO
early_watch,2023-12-15,confirmed,0,
early_watch,2023-12-18,confirmed,0,
early_watch,2023-12-19,confirmed,0,
early_watch,2023-12-20,confirmed,0,
early_watch,2023-12-21,confirmed,2,SSRM.TO|GIL.TO
early_watch,2023-12-22,confirmed,1,SSRM.TO
early_watch,2023-12-27,confirmed,0,
early_watch,2023-12-28,confirmed,0,
early_watch,2023-12-29,confirmed,1,EFR.TO
early_watch,2024-01-02,confirmed,0,
early_watch,2024-01-03,confirmed,0,
early_watch,2024-01-04,confirmed,0,
early_watch,2024-01-05,confirmed,0,
early_watch,2024-01-08,confirmed,0,
early_watch,2024-01-09,confirmed,0,
early_watch,2024-01-10,confirmed,0,
early_watch,2024-01-11,confirmed,1,BIR.TO
early_watch,2024-01-12,confirmed,2,HWX.TO|WCP.TO
early_watch,2024-01-15,confirmed,1,WCP.TO
early_watch,2024-01-16,confirmed,0,
early_watch,2024-01-17,confirmed,1,PXT.TO
early_watch,2024-01-18,confirmed,3,POU.TO|CAR-UN.TO|WCP.TO
early_watch,2024-01-19,confirmed,1,TA.TO
early_watch,2024-01-22,confirmed,3,CAR-UN.TO|HWX.TO|TVE.TO
early_watch,2024-01-23,confirmed,4,TOU.TO|CAR-UN.TO|BTO.TO|K.TO
early_watch,2024-01-24,confirmed,1,TOU.TO
early_watch,2024-01-25,confirmed,1,TA.TO
early_watch,2024-01-26,confirmed,0,
early_watch,2024-01-29,confirmed,0,
early_watch,2024-01-30,confirmed,0,
early_watch,2024-01-31,confirmed,1,BB.TO
early_watch,2024-02-01,confirmed,1,BB.TO
early_watch,2024-02-02,confirmed,1,BB.TO
early_watch,2024-02-05,confirmed,1,BB.TO
early_watch,2024-02-06,confirmed,1,FNV.TO
early_watch,2024-02-07,confirmed,0,
early_watch,2024-02-08,confirmed,0,
early_watch,2024-02-09,confirmed,0,
early_watch,2024-02-12,confirmed,2,FM.TO|EMA.TO
early_watch,2024-02-13,confirmed,0,
early_watch,2024-02-14,confirmed,4,TXG.TO|CNQ.TO|FM.TO|FNV.TO
early_watch,2024-02-15,confirmed,2,FM.TO|K.TO
early_watch,2024-02-16,confirmed,2,DPM.TO|AGI.TO
early_watch,2024-02-20,confirmed,1,AGI.TO
early_watch,2024-02-21,confirmed,0,
early_watch,2024-02-22,confirmed,1,SHOP.TO
early_watch,2024-02-23,confirmed,1,FTT.TO
early_watch,2024-02-26,confirmed,0,
early_watch,2024-02-27,confirmed,0,
early_watch,2024-02-28,confirmed,2,CURA.TO|AQN.TO
early_watch,2024-02-29,confirmed,3,PAAS.TO|TA.TO|AYA.TO
early_watch,2024-03-01,confirmed,1,CAE.TO
early_watch,2024-03-04,confirmed,2,TA.TO|PXT.TO
early_watch,2024-03-05,confirmed,0,
early_watch,2024-03-06,confirmed,0,
early_watch,2024-03-07,confirmed,1,BTE.TO
early_watch,2024-03-08,confirmed,0,
early_watch,2024-03-11,confirmed,0,
early_watch,2024-03-12,confirmed,1,FTT.TO
early_watch,2024-03-13,confirmed,2,POU.TO|BEP-UN.TO
early_watch,2024-03-14,confirmed,1,POU.TO
early_watch,2024-03-15,confirmed,1,CCO.TO
early_watch,2024-03-18,confirmed,0,
early_watch,2024-03-19,confirmed,0,
early_watch,2024-03-20,confirmed,2,BEPC.TO|BEP-UN.TO
early_watch,2024-03-21,confirmed,1,BEP-UN.TO
early_watch,2024-03-22,confirmed,0,
early_watch,2024-03-25,confirmed,0,
early_watch,2024-03-26,confirmed,0,
early_watch,2024-03-27,confirmed,2,MFI.TO|DOO.TO
early_watch,2024-03-28,confirmed,0,
early_watch,2024-04-01,confirmed,0,
early_watch,2024-04-02,confirmed,1,MFI.TO
early_watch,2024-04-03,confirmed,0,
early_watch,2024-04-04,confirmed,0,
early_watch,2024-04-05,confirmed,0,
early_watch,2024-04-08,confirmed,1,BIR.TO
early_watch,2024-04-09,confirmed,0,
early_watch,2024-04-10,confirmed,0,
early_watch,2024-04-11,confirmed,1,BEP-UN.TO
early_watch,2024-04-12,confirmed,0,
early_watch,2024-04-15,confirmed,0,
early_watch,2024-04-16,confirmed,1,BHC.TO
early_watch,2024-04-17,confirmed,1,BEP-UN.TO
early_watch,2024-04-18,confirmed,0,
early_watch,2024-04-19,confirmed,1,SHOP.TO
early_watch,2024-04-22,confirmed,3,AP-UN.TO|TRP.TO|QBR-B.TO
early_watch,2024-04-23,confirmed,0,
early_watch,2024-04-24,confirmed,0,
early_watch,2024-04-25,confirmed,1,RCI-B.TO
early_watch,2024-04-26,confirmed,2,RCI-B.TO|ATZ.TO
early_watch,2024-04-29,confirmed,0,
early_watch,2024-04-30,confirmed,0,
early_watch,2024-05-01,confirmed,2,WFG.TO|SHOP.TO
early_watch,2024-05-02,confirmed,4,WSP.TO|MG.TO|BAM.TO|WFG.TO
early_watch,2024-05-03,confirmed,2,WSP.TO|WFG.TO
early_watch,2024-05-06,confirmed,0,
early_watch,2024-05-07,confirmed,0,
early_watch,2024-05-08,confirmed,0,
early_watch,2024-05-09,confirmed,1,AC.TO
early_watch,2024-05-10,confirmed,1,EQB.TO
early_watch,2024-05-13,confirmed,1,AIF.TO
early_watch,2024-05-14,confirmed,0,
early_watch,2024-05-15,confirmed,0,
early_watch,2024-05-16,confirmed,0,
early_watch,2024-05-17,confirmed,0,
early_watch,2024-05-21,confirmed,0,
early_watch,2024-05-22,confirmed,1,MG.TO
early_watch,2024-05-23,confirmed,1,ATS.TO
early_watch,2024-05-24,confirmed,0,
early_watch,2024-05-27,confirmed,2,MG.TO|FSV.TO
early_watch,2024-05-28,confirmed,1,MG.TO
early_watch,2024-05-29,confirmed,0,
early_watch,2024-05-30,confirmed,4,ATS.TO|CP.TO|PXT.TO|TD.TO
early_watch,2024-05-31,confirmed,4,ATS.TO|CP.TO|OTEX.TO|TIH.TO
early_watch,2024-06-03,confirmed,3,ATS.TO|OTEX.TO|BEI-UN.TO
early_watch,2024-06-04,confirmed,3,TVE.TO|GIB-A.TO|CP.TO
early_watch,2024-06-05,confirmed,3,IMG.TO|CP.TO|OTEX.TO
early_watch,2024-06-06,confirmed,0,
early_watch,2024-06-07,confirmed,0,
early_watch,2024-06-10,confirmed,3,EQX.TO|BEI-UN.TO|LUN.TO
early_watch,2024-06-11,confirmed,3,PAAS.TO|BEI-UN.TO|RUS.TO
early_watch,2024-06-12,confirmed,3,BTE.TO|FVI.TO|EQX.TO
early_watch,2024-06-13,confirmed,2,FVI.TO|LUN.TO
early_watch,2024-06-14,confirmed,6,DML.TO|MDA.TO|AEM.TO|FVI.TO|BIP-UN.TO|BTE.TO
early_watch,2024-06-17,confirmed,1,BIP-UN.TO
early_watch,2024-06-18,confirmed,5,BTE.TO|HWX.TO|BIP-UN.TO|EIF.TO|BN.TO
early_watch,2024-06-19,confirmed,4,BTO.TO|EIF.TO|NA.TO|FNV.TO
early_watch,2024-06-20,confirmed,3,BEI-UN.TO|VET.TO|MDA.TO
early_watch,2024-06-21,confirmed,2,ATS.TO|BN.TO
early_watch,2024-06-24,confirmed,2,TOU.TO|EQX.TO
early_watch,2024-06-25,confirmed,5,WFG.TO|ATS.TO|ABX.TO|LIF.TO|ELD.TO
early_watch,2024-06-26,confirmed,4,MX.TO|MG.TO|DOO.TO|CCA.TO
early_watch,2024-06-27,confirmed,2,MX.TO|ONEX.TO
early_watch,2024-06-28,confirmed,1,AAV.TO
early_watch,2024-07-02,confirmed,1,AAV.TO
early_watch,2024-07-03,confirmed,1,AAV.TO
early_watch,2024-07-04,confirmed,0,
early_watch,2024-07-05,confirmed,1,DML.TO
early_watch,2024-07-08,confirmed,3,VET.TO|LNR.TO|MX.TO
early_watch,2024-07-09,confirmed,4,TECK-B.TO|ARE.TO|VET.TO|LNR.TO
early_watch,2024-07-10,confirmed,1,PXT.TO
early_watch,2024-07-11,confirmed,0,
early_watch,2024-07-12,confirmed,0,
early_watch,2024-07-15,confirmed,0,
early_watch,2024-07-16,confirmed,0,
early_watch,2024-07-17,confirmed,0,
early_watch,2024-07-18,confirmed,2,TOU.TO|SHOP.TO
early_watch,2024-07-19,confirmed,1,LSPD.TO
early_watch,2024-07-22,confirmed,1,LSPD.TO
early_watch,2024-07-23,confirmed,0,
early_watch,2024-07-24,confirmed,0,
early_watch,2024-07-25,confirmed,3,TOU.TO|HPS-A.TO|LSPD.TO
early_watch,2024-07-26,confirmed,2,LSPD.TO|TOU.TO
early_watch,2024-07-29,confirmed,0,
early_watch,2024-07-30,confirmed,0,
early_watch,2024-07-31,confirmed,2,BEPC.TO|BEP-UN.TO
early_watch,2024-08-01,confirmed,0,
early_watch,2024-08-02,confirmed,1,BEPC.TO
early_watch,2024-08-06,confirmed,2,BEP-UN.TO|BEPC.TO
early_watch,2024-08-07,confirmed,2,ARX.TO|BMO.TO
early_watch,2024-08-08,confirmed,2,BMO.TO|ARX.TO
early_watch,2024-08-09,confirmed,1,ARX.TO
early_watch,2024-08-12,confirmed,0,
early_watch,2024-08-13,confirmed,2,BEP-UN.TO|MG.TO
early_watch,2024-08-14,confirmed,0,
early_watch,2024-08-15,confirmed,0,
early_watch,2024-08-16,confirmed,0,
early_watch,2024-08-19,confirmed,0,
early_watch,2024-08-20,confirmed,0,
early_watch,2024-08-21,confirmed,0,
early_watch,2024-08-22,confirmed,0,
early_watch,2024-08-23,confirmed,3,BEP-UN.TO|BEPC.TO|SPB.TO
early_watch,2024-08-26,confirmed,1,BEPC.TO
early_watch,2024-08-27,confirmed,0,
early_watch,2024-08-28,confirmed,0,
early_watch,2024-08-29,confirmed,0,
early_watch,2024-08-30,confirmed,1,TFII.TO
early_watch,2024-09-03,confirmed,0,
early_watch,2024-09-04,confirmed,5,PBH.TO|BDGI.TO|NTR.TO|LSPD.TO|CLS.TO
early_watch,2024-09-05,confirmed,6,FVI.TO|CLS.TO|BDGI.TO|PBH.TO|HWX.TO|BB.TO
early_watch,2024-09-06,confirmed,2,FVI.TO|NTR.TO
early_watch,2024-09-09,confirmed,4,FVI.TO|NTR.TO|BDGI.TO|LSPD.TO
early_watch,2024-09-10,confirmed,6,BBD-B.TO|DML.TO|CS.TO|AYA.TO|IVN.TO|TOU.TO
early_watch,2024-09-11,confirmed,5,BBD-B.TO|MFI.TO|IVN.TO|NTR.TO|LUN.TO
early_watch,2024-09-12,confirmed,2,NTR.TO|MFI.TO
early_watch,2024-09-13,confirmed,0,
early_watch,2024-09-16,confirmed,0,
early_watch,2024-09-17,confirmed,0,
early_watch,2024-09-18,confirmed,0,
early_watch,2024-09-19,confirmed,0,
early_watch,2024-09-20,confirmed,0,
early_watch,2024-09-23,confirmed,0,
early_watch,2024-09-24,confirmed,0,
early_watch,2024-09-25,confirmed,1,ATD.TO
early_watch,2024-09-26,confirmed,1,ATD.TO
early_watch,2024-09-27,confirmed,4,BIR.TO|ARX.TO|PXT.TO|ATD.TO
early_watch,2024-09-30,confirmed,0,
early_watch,2024-10-01,confirmed,0,
early_watch,2024-10-02,confirmed,1,RBA.TO
early_watch,2024-10-03,confirmed,1,DOO.TO
early_watch,2024-10-04,confirmed,0,
early_watch,2024-10-07,confirmed,0,
early_watch,2024-10-08,confirmed,0,
early_watch,2024-10-09,confirmed,1,SPB.TO
early_watch,2024-10-10,confirmed,0,
early_watch,2024-10-11,confirmed,0,
early_watch,2024-10-15,confirmed,1,AQN.TO
early_watch,2024-10-16,confirmed,2,DOO.TO|NFI.TO
early_watch,2024-10-17,confirmed,1,DOO.TO
early_watch,2024-10-18,confirmed,1,DOO.TO
early_watch,2024-10-21,confirmed,0,
early_watch,2024-10-22,confirmed,1,KMP-UN.TO
early_watch,2024-10-23,confirmed,0,
early_watch,2024-10-24,confirmed,1,CVE.TO
early_watch,2024-10-25,confirmed,0,
early_watch,2024-10-28,confirmed,1,ATD.TO
early_watch,2024-10-29,confirmed,0,
early_watch,2024-10-30,confirmed,1,DIR-UN.TO
early_watch,2024-10-31,confirmed,0,
early_watch,2024-11-01,confirmed,3,IVN.TO|BTE.TO|CS.TO
early_watch,2024-11-04,confirmed,1,NPI.TO
early_watch,2024-11-05,confirmed,0,
early_watch,2024-11-06,confirmed,1,AAV.TO
early_watch,2024-11-07,confirmed,3,GRT-UN.TO|DIR-UN.TO|AP-UN.TO
early_watch,2024-11-08,confirmed,1,DIR-UN.TO
early_watch,2024-11-11,confirmed,1,IVN.TO
early_watch,2024-11-12,confirmed,2,IMG.TO|BTE.TO
early_watch,2024-11-13,confirmed,2,IMG.TO|BEPC.TO
early_watch,2024-11-14,confirmed,2,IMG.TO|CVE.TO
early_watch,2024-11-15,confirmed,0,
early_watch,2024-11-18,confirmed,2,TECK-B.TO|BIR.TO
early_watch,2024-11-19,confirmed,0,
early_watch,2024-11-20,confirmed,2,TOI.V|TSU.TO
early_watch,2024-11-21,confirmed,2,TSU.TO|OTEX.TO
early_watch,2024-11-22,confirmed,1,BB.TO
early_watch,2024-11-25,confirmed,1,TSU.TO
early_watch,2024-11-26,confirmed,0,
early_watch,2024-11-27,confirmed,1,CAR-UN.TO
early_watch,2024-11-28,confirmed,1,DOO.TO
early_watch,2024-11-29,confirmed,1,BDGI.TO
early_watch,2024-12-02,confirmed,1,CVE.TO
early_watch,2024-12-03,confirmed,0,
early_watch,2024-12-04,confirmed,0,
early_watch,2024-12-05,confirmed,2,GOOS.TO|CVE.TO
early_watch,2024-12-06,confirmed,2,GOOS.TO|NFI.TO
early_watch,2024-12-09,confirmed,2,NFI.TO|ABX.TO
early_watch,2024-12-10,confirmed,1,NFI.TO
early_watch,2024-12-11,confirmed,3,BEP-UN.TO|CVE.TO|TSU.TO
early_watch,2024-12-12,confirmed,4,AYA.TO|BCE.TO|AQN.TO|CVE.TO
early_watch,2024-12-13,confirmed,4,TXG.TO|HPS-A.TO|CNQ.TO|AG.TO
early_watch,2024-12-16,confirmed,1,HPS-A.TO
early_watch,2024-12-17,confirmed,3,TXG.TO|AQN.TO|CVE.TO
early_watch,2024-12-18,confirmed,1,BCE.TO
early_watch,2024-12-19,confirmed,6,SAP.TO|PBH.TO|LUN.TO|CG.TO|BCE.TO|CVE.TO
early_watch,2024-12-20,confirmed,6,PBH.TO|LUG.TO|ENGH.TO|CRR-UN.TO|PXT.TO|ELD.TO
early_watch,2024-12-23,confirmed,6,FTT.TO|IMG.TO|ELD.TO|FNV.TO|REI-UN.TO|LUG.TO
early_watch,2024-12-24,confirmed,6,FTT.TO|SPB.TO|ENGH.TO|EQX.TO|HBM.TO|CG.TO
early_watch,2024-12-27,confirmed,6,WDO.TO|ELD.TO|KNT.TO|EQX.TO|T.TO|SPB.TO
early_watch,2024-12-30,confirmed,2,KNT.TO|SPB.TO
early_watch,2024-12-31,confirmed,5,ELD.TO|OR.TO|CG.TO|GRT-UN.TO|IMG.TO
early_watch,2025-01-02,confirmed,0,
early_watch,2025-01-03,confirmed,0,
early_watch,2025-01-06,confirmed,1,GWO.TO
early_watch,2025-01-07,confirmed,1,ABX.TO
early_watch,2025-01-08,confirmed,3,KMP-UN.TO|CSU.TO|CCO.TO
early_watch,2025-01-09,confirmed,6,KMP-UN.TO|NWC.TO|BEP-UN.TO|WFG.TO|CSU.TO|BEPC.TO
early_watch,2025-01-10,confirmed,4,BEP-UN.TO|ABX.TO|NWC.TO|WFG.TO
early_watch,2025-01-13,confirmed,6,KMP-UN.TO|NWC.TO|QBR-B.TO|FTS.TO|CSU.TO|LUN.TO
early_watch,2025-01-14,confirmed,6,ABX.TO|OTEX.TO|WFG.TO|LUN.TO|DIR-UN.TO|WPM.TO
early_watch,2025-01-15,confirmed,5,ABX.TO|CPX.TO|NWC.TO|LUN.TO|DFY.TO
early_watch,2025-01-16,confirmed,2,IVN.TO|LUN.TO
early_watch,2025-01-17,confirmed,4,IVN.TO|NWC.TO|DML.TO|DFY.TO
early_watch,2025-01-20,confirmed,2,ELD.TO|BTO.TO
early_watch,2025-01-21,confirmed,0,
early_watch,2025-01-22,confirmed,1,BBD-B.TO
early_watch,2025-01-23,confirmed,2,BBD-B.TO|IVN.TO
early_watch,2025-01-24,confirmed,1,MG.TO
early_watch,2025-01-27,confirmed,0,
early_watch,2025-01-28,confirmed,1,LSPD.TO
early_watch,2025-01-29,confirmed,1,HBM.TO
early_watch,2025-01-30,confirmed,1,BBD-B.TO
early_watch,2025-01-31,confirmed,1,BEI-UN.TO
early_watch,2025-02-03,confirmed,2,BEI-UN.TO|NWC.TO
early_watch,2025-02-04,confirmed,2,SAP.TO|PPL.TO
early_watch,2025-02-05,confirmed,0,
early_watch,2025-02-06,confirmed,0,
early_watch,2025-02-07,confirmed,5,DIR-UN.TO|TFII.TO|ERO.TO|LNR.TO|PPL.TO
early_watch,2025-02-10,confirmed,0,
early_watch,2025-02-11,confirmed,0,
early_watch,2025-02-12,confirmed,3,HPS-A.TO|ERO.TO|NXE.TO
early_watch,2025-02-13,confirmed,2,HPS-A.TO|GOOS.TO
early_watch,2025-02-14,confirmed,1,CIGI.TO
early_watch,2025-02-18,confirmed,1,PPL.TO
early_watch,2025-02-19,confirmed,2,PPL.TO|VNP.TO
early_watch,2025-02-20,confirmed,2,KMP-UN.TO|EFX.TO
early_watch,2025-02-21,confirmed,0,
early_watch,2025-02-24,confirmed,2,PSK.TO|BTE.TO
early_watch,2025-02-25,confirmed,3,CS.TO|OTEX.TO|SLF.TO
early_watch,2025-02-26,confirmed,3,SKE.TO|OTEX.TO|SLF.TO
early_watch,2025-02-27,confirmed,1,ATRL.TO
early_watch,2025-02-28,confirmed,6,LUN.TO|TECK-B.TO|AG.TO|EDR.TO|K.TO|MG.TO
early_watch,2025-03-03,confirmed,4,AG.TO|EDR.TO|CG.TO|NA.TO
early_watch,2025-03-04,confirmed,5,LUN.TO|ATD.TO|AG.TO|BIR.TO|EDR.TO
early_watch,2025-03-05,confirmed,6,WFG.TO|ATZ.TO|BIR.TO|BAM.TO|CTC-A.TO|ATRL.TO
early_watch,2025-03-06,confirmed,3,PSK.TO|WFG.TO|CM.TO
early_watch,2025-03-07,confirmed,3,PSK.TO|BIR.TO|HWX.TO
early_watch,2025-03-10,confirmed,3,GEI.TO|ATS.TO|PXT.TO
early_watch,2025-03-11,confirmed,4,BBD-B.TO|RUS.TO|SU.TO|CM.TO
early_watch,2025-03-12,confirmed,4,ATD.TO|LB.TO|MTL.TO|CM.TO
early_watch,2025-03-13,confirmed,5,LB.TO|TSU.TO|ATS.TO|ATRL.TO|OTEX.TO
early_watch,2025-03-14,confirmed,4,DCBO.TO|TSU.TO|PSK.TO|MTL.TO
early_watch,2025-03-17,confirmed,1,FSV.TO
early_watch,2025-03-18,confirmed,3,GEI.TO|GIL.TO|FSV.TO
early_watch,2025-03-19,confirmed,1,GEI.TO
early_watch,2025-03-20,confirmed,0,
early_watch,2025-03-21,confirmed,1,CSU.TO
early_watch,2025-03-24,confirmed,3,ONEX.TO|DOO.TO|RUS.TO
early_watch,2025-03-25,confirmed,0,
early_watch,2025-03-26,confirmed,0,
early_watch,2025-03-27,confirmed,1,ONEX.TO
early_watch,2025-03-28,confirmed,0,
early_watch,2025-03-31,confirmed,1,EFR.TO
early_watch,2025-04-01,confirmed,2,BMO.TO|MTL.TO
early_watch,2025-04-02,confirmed,0,
early_watch,2025-04-03,confirmed,0,
early_watch,2025-04-04,confirmed,6,DSG.TO|TIH.TO|WFG.TO|AIF.TO|MTL.TO|BAM.TO
early_watch,2025-04-07,confirmed,6,FSV.TO|DSG.TO|GIB-A.TO|FM.TO|EIF.TO|CP.TO
early_watch,2025-04-08,confirmed,5,BBD-B.TO|GIB-A.TO|DSG.TO|EIF.TO|BAM.TO
early_watch,2025-04-09,confirmed,1,T.TO
early_watch,2025-04-10,confirmed,3,T.TO|WFG.TO|EQB.TO
early_watch,2025-04-11,confirmed,6,CM.TO|T.TO|TD.TO|FSV.TO|CCL-B.TO|IMO.TO
early_watch,2025-04-14,confirmed,5,IMO.TO|WFG.TO|AIF.TO|EFX.TO|HR-UN.TO
early_watch,2025-04-15,confirmed,0,
early_watch,2025-04-16,confirmed,0,
early_watch,2025-04-17,confirmed,0,
early_watch,2025-04-21,confirmed,0,
early_watch,2025-04-22,confirmed,0,
early_watch,2025-04-23,confirmed,0,
early_watch,2025-04-24,confirmed,0,
early_watch,2025-04-25,confirmed,1,WFG.TO
early_watch,2025-04-28,confirmed,1,BYD.TO
early_watch,2025-04-29,confirmed,1,BYD.TO
early_watch,2025-04-30,confirmed,0,
early_watch,2025-05-01,confirmed,0,
early_watch,2025-05-02,confirmed,0,
early_watch,2025-05-05,confirmed,0,
early_watch,2025-05-06,confirmed,2,GWO.TO|EFX.TO
early_watch,2025-05-07,confirmed,0,
early_watch,2025-05-08,confirmed,2,GWO.TO|AP-UN.TO
early_watch,2025-05-09,confirmed,0,
early_watch,2025-05-12,confirmed,0,
early_watch,2025-05-13,confirmed,0,
early_watch,2025-05-14,confirmed,0,
early_watch,2025-05-15,confirmed,0,
early_watch,2025-05-16,confirmed,0,
early_watch,2025-05-20,confirmed,0,
early_watch,2025-05-21,confirmed,0,
early_watch,2025-05-22,confirmed,1,AP-UN.TO
early_watch,2025-05-23,confirmed,1,AP-UN.TO
early_watch,2025-05-26,confirmed,0,
early_watch,2025-05-27,confirmed,0,
early_watch,2025-05-28,confirmed,0,
early_watch,2025-05-29,confirmed,0,
early_watch,2025-05-30,confirmed,0,
early_watch,2025-06-02,confirmed,0,
early_watch,2025-06-03,confirmed,0,
early_watch,2025-06-04,confirmed,0,
early_watch,2025-06-05,confirmed,0,
early_watch,2025-06-06,confirmed,0,
early_watch,2025-06-09,confirmed,0,
early_watch,2025-06-10,confirmed,0,
early_watch,2025-06-11,confirmed,0,
early_watch,2025-06-12,confirmed,1,DSG.TO
early_watch,2025-06-13,confirmed,0,
early_watch,2025-06-16,confirmed,0,
early_watch,2025-06-17,confirmed,1,GMIN.TO
early_watch,2025-06-18,confirmed,1,BAM.TO
early_watch,2025-06-19,confirmed,1,EQX.TO
early_watch,2025-06-20,confirmed,1,EQX.TO
early_watch,2025-06-23,confirmed,0,
early_watch,2025-06-24,confirmed,0,
early_watch,2025-06-25,confirmed,1,PPL.TO
early_watch,2025-06-26,confirmed,0,
early_watch,2025-06-27,confirmed,1,IMG.TO
early_watch,2025-06-30,confirmed,1,VZLA.TO
early_watch,2025-07-02,confirmed,0,
early_watch,2025-07-03,confirmed,1,IMG.TO
early_watch,2025-07-04,confirmed,0,
early_watch,2025-07-07,confirmed,1,GMIN.TO
early_watch,2025-07-08,confirmed,0,
early_watch,2025-07-09,confirmed,0,
early_watch,2025-07-10,confirmed,2,AYA.TO|NWC.TO
early_watch,2025-07-11,confirmed,1,NWC.TO
early_watch,2025-07-14,confirmed,0,
early_watch,2025-07-15,confirmed,0,
early_watch,2025-07-16,confirmed,2,ERO.TO|FVI.TO
early_watch,2025-07-17,confirmed,1,ERO.TO
early_watch,2025-07-18,confirmed,0,
early_watch,2025-07-21,confirmed,1,BTO.TO
early_watch,2025-07-22,confirmed,1,PEY.TO
early_watch,2025-07-23,confirmed,1,PEY.TO
early_watch,2025-07-24,confirmed,1,AAV.TO
early_watch,2025-07-25,confirmed,1,PEY.TO
early_watch,2025-07-28,confirmed,0,
early_watch,2025-07-29,confirmed,0,
early_watch,2025-07-30,confirmed,0,
early_watch,2025-07-31,confirmed,1,MTL.TO
early_watch,2025-08-01,confirmed,0,
early_watch,2025-08-05,confirmed,0,
early_watch,2025-08-06,confirmed,0,
early_watch,2025-08-07,confirmed,0,
early_watch,2025-08-08,confirmed,3,ENGH.TO|TFII.TO|TOU.TO
early_watch,2025-08-11,confirmed,1,CG.TO
early_watch,2025-08-12,confirmed,1,ENGH.TO
early_watch,2025-08-13,confirmed,2,ENGH.TO|DSG.TO
early_watch,2025-08-14,confirmed,0,
early_watch,2025-08-15,confirmed,2,GIB-A.TO|ENGH.TO
early_watch,2025-08-18,confirmed,2,ARIS.TO|GIB-A.TO
early_watch,2025-08-19,confirmed,0,
early_watch,2025-08-20,confirmed,1,ARIS.TO
early_watch,2025-08-21,confirmed,1,AC.TO
early_watch,2025-08-22,confirmed,1,TSU.TO
early_watch,2025-08-25,confirmed,0,
early_watch,2025-08-26,confirmed,1,BEPC.TO
early_watch,2025-08-27,confirmed,0,
early_watch,2025-08-28,confirmed,1,CSU.TO
early_watch,2025-08-29,confirmed,0,
early_watch,2025-09-02,confirmed,0,
early_watch,2025-09-03,confirmed,0,
early_watch,2025-09-04,confirmed,1,PEY.TO
early_watch,2025-09-05,confirmed,0,
early_watch,2025-09-08,confirmed,1,VET.TO
early_watch,2025-09-09,confirmed,1,TRI.TO
early_watch,2025-09-10,confirmed,2,LAC.TO|BIR.TO
early_watch,2025-09-11,confirmed,1,LSPD.TO
early_watch,2025-09-12,confirmed,1,BIR.TO
early_watch,2025-09-15,confirmed,0,
early_watch,2025-09-16,confirmed,1,BIR.TO
early_watch,2025-09-17,confirmed,2,BIR.TO|TOI.V
early_watch,2025-09-18,confirmed,3,PPTA.TO|CSU.TO|BIR.TO
early_watch,2025-09-19,confirmed,1,TVK.TO
early_watch,2025-09-22,confirmed,2,TVK.TO|BIR.TO
early_watch,2025-09-23,confirmed,2,NWC.TO|BIR.TO
early_watch,2025-09-24,confirmed,2,GIB-A.TO|NWC.TO
early_watch,2025-09-25,confirmed,2,ENGH.TO|NWC.TO
early_watch,2025-09-26,confirmed,0,
early_watch,2025-09-29,confirmed,0,
early_watch,2025-09-30,confirmed,0,
early_watch,2025-10-01,confirmed,1,ATS.TO
early_watch,2025-10-02,confirmed,1,ATS.TO
early_watch,2025-10-03,confirmed,2,DFY.TO|BIR.TO
early_watch,2025-10-06,confirmed,0,
early_watch,2025-10-07,confirmed,1,MRU.TO
early_watch,2025-10-08,confirmed,1,MRU.TO
early_watch,2025-10-09,confirmed,1,RCH.TO
early_watch,2025-10-10,confirmed,0,
early_watch,2025-10-14,confirmed,2,ATS.TO|LSPD.TO
early_watch,2025-10-15,confirmed,0,
early_watch,2025-10-16,confirmed,0,
early_watch,2025-10-17,confirmed,0,
early_watch,2025-10-20,confirmed,1,WELL.TO
early_watch,2025-10-21,confirmed,0,
early_watch,2025-10-22,confirmed,1,BTE.TO
early_watch,2025-10-23,confirmed,1,CS.TO
early_watch,2025-10-24,confirmed,1,WFG.TO
early_watch,2025-10-27,confirmed,2,CS.TO|FFH.TO
early_watch,2025-10-28,confirmed,6,NG.TO|DPM.TO|ARIS.TO|OGC.TO|IVN.TO|AEM.TO
early_watch,2025-10-29,confirmed,6,OGC.TO|ABX.TO|MDA.TO|IVN.TO|TXG.TO|AEM.TO
early_watch,2025-10-30,confirmed,1,GIB-A.TO
early_watch,2025-10-31,confirmed,2,EMP-A.TO|AGI.TO
early_watch,2025-11-03,confirmed,1,USA.TO
early_watch,2025-11-04,confirmed,0,
early_watch,2025-11-05,confirmed,6,DPM.TO|OGC.TO|TOI.V|TRI.TO|ATD.TO|WPM.TO
early_watch,2025-11-06,confirmed,3,ATD.TO|GEI.TO|TFPM.TO
early_watch,2025-11-07,confirmed,0,
early_watch,2025-11-10,confirmed,3,PPL.TO|GFL.TO|GEI.TO
early_watch,2025-11-11,confirmed,1,GFL.TO
early_watch,2025-11-12,confirmed,2,PPL.TO|GFL.TO
early_watch,2025-11-13,confirmed,2,PPL.TO|ATRL.TO
early_watch,2025-11-14,confirmed,3,RUS.TO|BAM.TO|ATRL.TO
early_watch,2025-11-17,confirmed,1,TFII.TO
early_watch,2025-11-18,confirmed,5,RBA.TO|KMP-UN.TO|GIL.TO|CAR-UN.TO|EQB.TO
early_watch,2025-11-19,confirmed,3,WDO.TO|EQB.TO|ATRL.TO
early_watch,2025-11-20,confirmed,2,FSV.TO|BAM.TO
early_watch,2025-11-21,confirmed,3,USA.TO|WDO.TO|BAM.TO
early_watch,2025-11-24,confirmed,2,CP.TO|TVK.TO
early_watch,2025-11-25,confirmed,0,
early_watch,2025-11-26,confirmed,0,
early_watch,2025-11-27,confirmed,1,CSH-UN.TO
early_watch,2025-11-28,confirmed,0,
early_watch,2025-12-01,confirmed,0,
