episodeId,horizon,split,included,exclusionReason,symbol,firstSurfaceDate,outcomeDate,benchmarkSymbol,rank,score,forwardReturn,benchmarkReturn,excessReturn,mae,mfe
5|MG.TO|2022-02-18,5,Development,true,,MG.TO,2022-02-18,2022-02-28,^GSPTSE,1,62.1,-4.09,0.56,-4.66,-4.18,-1.56
5|KEL.TO|2022-02-22,5,Development,true,,KEL.TO,2022-02-22,2022-03-01,^GSPTSE,1,79,10.37,0.46,9.91,-0.37,10.37
5|IGM.TO|2022-02-22,5,Development,true,,IGM.TO,2022-02-22,2022-03-01,^GSPTSE,2,59.7,-1.07,0.46,-1.53,-1.25,0.89
5|GRT-UN.TO|2022-02-22,5,Development,true,,GRT-UN.TO,2022-02-22,2022-03-01,^GSPTSE,3,58.6,0.82,0.46,0.36,0.82,2.33
5|TRI.TO|2022-02-24,5,Development,true,,TRI.TO,2022-02-24,2022-03-03,^GSPTSE,1,60.4,2.78,2.35,0.43,-0.31,2.78
5|ONEX.TO|2022-02-25,5,Development,true,,ONEX.TO,2022-02-25,2022-03-04,^GSPTSE,1,62.4,-3.14,1.4,-4.55,-3.53,-1.25
5|KXS.TO|2022-02-25,5,Development,true,,KXS.TO,2022-02-25,2022-03-04,^GSPTSE,2,60.6,-1.65,1.4,-3.06,-1.65,4.31
5|MFI.TO|2022-03-03,5,Development,true,,MFI.TO,2022-03-03,2022-03-10,^GSPTSE,1,61.8,8.28,1.56,6.72,1.16,13.3
5|DSG.TO|2022-03-04,5,Development,true,,DSG.TO,2022-03-04,2022-03-11,^GSPTSE,1,62.7,2.79,0.28,2.51,2.44,7.23
5|EFN.TO|2022-03-08,5,Development,true,,EFN.TO,2022-03-08,2022-03-15,^GSPTSE,1,66.7,2.58,-0.21,2.79,0.33,2.91
5|BN.TO|2022-03-08,5,Development,true,,BN.TO,2022-03-08,2022-03-15,^GSPTSE,2,58.9,0.21,-0.21,0.42,-0.64,3.24
5|GRT-UN.TO|2022-03-09,5,Development,true,,GRT-UN.TO,2022-03-09,2022-03-16,^GSPTSE,1,60.9,4.59,-0.11,4.7,-0.59,4.59
5|GIB-A.TO|2022-03-10,5,Development,true,,GIB-A.TO,2022-03-10,2022-03-17,^GSPTSE,1,59.1,0.64,0.88,-0.24,-2.25,0.64
5|RUS.TO|2022-03-15,5,Development,true,,RUS.TO,2022-03-15,2022-03-22,^GSPTSE,1,64.4,11.11,4.18,6.93,5.77,11.34
5|SJ.TO|2022-03-15,5,Development,true,,SJ.TO,2022-03-15,2022-03-22,^GSPTSE,2,62.1,2.89,4.18,-1.29,2.21,3.42
5|AIF.TO|2022-03-15,5,Development,true,,AIF.TO,2022-03-15,2022-03-22,^GSPTSE,3,59.1,3.56,4.18,-0.63,2.03,3.56
5|IVN.TO|2022-03-15,5,Development,true,,IVN.TO,2022-03-15,2022-03-22,^GSPTSE,4,58.5,11.21,4.18,7.02,2.51,11.69
5|ONEX.TO|2022-03-16,5,Development,true,,ONEX.TO,2022-03-16,2022-03-23,^GSPTSE,1,69.9,-0.6,2.16,-2.76,-0.77,2.62
5|ARE.TO|2022-03-16,5,Development,true,,ARE.TO,2022-03-16,2022-03-23,^GSPTSE,2,66.7,4.03,2.16,1.87,1.32,6.86
5|STN.TO|2022-03-16,5,Development,true,,STN.TO,2022-03-16,2022-03-23,^GSPTSE,3,60.4,1.4,2.16,-0.76,0.88,2.15
5|CCL-B.TO|2022-03-17,5,Development,true,,CCL-B.TO,2022-03-17,2022-03-24,^GSPTSE,2,60.6,-2.75,0.77,-3.52,-2.75,1.74
5|ARE.TO|2022-03-18,5,Development,true,,ARE.TO,2022-03-18,2022-03-25,^GSPTSE,2,59.3,2.45,0.86,1.59,1.61,5.21
5|BYD.TO|2022-03-18,5,Development,true,,BYD.TO,2022-03-18,2022-03-25,^GSPTSE,3,59.3,7.98,0.86,7.12,-1.44,10.86
5|ONEX.TO|2022-03-23,5,Development,true,,ONEX.TO,2022-03-23,2022-03-30,^GSPTSE,1,64.7,0.74,0.66,0.08,-0.73,0.74
5|GIL.TO|2022-03-24,5,Development,true,,GIL.TO,2022-03-24,2022-03-31,^GSPTSE,2,63.2,-0.34,-0.22,-0.12,-0.34,5.97
5|OR.TO|2022-03-29,5,Development,true,,OR.TO,2022-03-29,2022-04-05,^GSPTSE,1,69.3,2.5,-0.71,3.21,1.39,5.16
5|EDR.TO|2022-03-29,5,Development,true,,EDR.TO,2022-03-29,2022-04-05,^GSPTSE,2,62.7,-3.05,-0.71,-2.34,-3.05,1.69
5|OTEX.TO|2022-04-01,5,Development,true,,OTEX.TO,2022-04-01,2022-04-08,^GSPTSE,1,70.2,0.26,-0.36,0.62,-0.58,1.28
5|GIL.TO|2022-04-12,5,Development,true,,GIL.TO,2022-04-12,2022-04-20,^GSPTSE,1,64.1,4.98,1.3,3.67,0.9,4.98
5|PXT.TO|2022-04-12,5,Development,true,,PXT.TO,2022-04-12,2022-04-20,^GSPTSE,2,62.4,5.9,1.3,4.6,1.86,5.9
5|TVE.TO|2022-04-12,5,Development,true,,TVE.TO,2022-04-12,2022-04-20,^GSPTSE,3,62,3.22,1.3,1.92,1.81,6.24
5|ATZ.TO|2022-04-12,5,Development,true,,ATZ.TO,2022-04-12,2022-04-20,^GSPTSE,4,60.9,4.06,1.3,2.76,-1.29,4.06
5|ATH.TO|2022-04-12,5,Development,true,,ATH.TO,2022-04-12,2022-04-20,^GSPTSE,5,60.8,30.54,1.3,29.24,2.96,30.54
5|HBM.TO|2022-04-12,5,Development,true,,HBM.TO,2022-04-12,2022-04-20,^GSPTSE,6,58.9,0.32,1.3,-0.98,0.32,4.09
5|ATS.TO|2022-04-13,5,Development,true,,ATS.TO,2022-04-13,2022-04-21,^GSPTSE,2,59.5,-2.42,-0.86,-1.56,-2.42,0.53
5|WSP.TO|2022-04-13,5,Development,true,,WSP.TO,2022-04-13,2022-04-21,^GSPTSE,3,58.9,1.87,-0.86,2.73,-0.08,3.24
5|PXT.TO|2022-04-14,5,Development,true,,PXT.TO,2022-04-14,2022-04-22,^GSPTSE,1,60.8,-3.59,-3.06,-0.53,-3.59,3.24
5|NFI.TO|2022-04-18,5,Development,true,,NFI.TO,2022-04-18,2022-04-25,^GSPTSE,1,68.2,-3.22,-3.96,0.74,-3.22,3.55
5|HBM.TO|2022-04-18,5,Development,true,,HBM.TO,2022-04-18,2022-04-25,^GSPTSE,2,59.6,-16.72,-3.96,-12.76,-16.72,-0.95
5|BB.TO|2022-04-19,5,Development,true,,BB.TO,2022-04-19,2022-04-26,^GSPTSE,1,68.2,-12.81,-6.03,-6.78,-12.81,-4.07
5|TSLA.TO|2022-04-21,5,Development,true,,TSLA.TO,2022-04-21,2022-04-28,^IXIC,1,73,-13.01,-2.3,-10.71,-13.29,0.65
5|TOI.V|2022-04-22,5,Development,true,,TOI.V,2022-04-22,2022-04-29,^GSPTSE,1,73.5,-1.92,-2,0.09,-1.92,6.91
5|X.TO|2022-04-25,5,Development,true,,X.TO,2022-04-25,2022-05-02,^GSPTSE,2,70.3,-0.56,-1.52,0.96,-2.75,-0.23
5|ENGH.TO|2022-04-25,5,Development,true,,ENGH.TO,2022-04-25,2022-05-02,^GSPTSE,3,68.7,-2.98,-1.52,-1.46,-3.59,-0.06
5|DCBO.TO|2022-04-25,5,Development,true,,DCBO.TO,2022-04-25,2022-05-02,^GSPTSE,4,66.2,-1.76,-1.52,-0.24,-5.84,0.05
5|STN.TO|2022-04-25,5,Development,true,,STN.TO,2022-04-25,2022-05-02,^GSPTSE,5,65.6,-2.73,-1.52,-1.21,-2.73,-1.29
5|ATZ.TO|2022-04-25,5,Development,true,,ATZ.TO,2022-04-25,2022-05-02,^GSPTSE,6,65,-1.11,-1.52,0.41,-5.54,-0.54
5|CCL-B.TO|2022-04-26,5,Development,true,,CCL-B.TO,2022-04-26,2022-05-03,^GSPTSE,1,68.3,2.6,1.04,1.56,0.29,2.6
5|TOI.V|2022-04-27,5,Development,true,,TOI.V,2022-04-27,2022-05-04,^GSPTSE,1,69.8,-5.21,2.12,-7.33,-5.21,-2.18
5|CAR-UN.TO|2022-04-27,5,Development,true,,CAR-UN.TO,2022-04-27,2022-05-04,^GSPTSE,2,63.5,-3.91,2.12,-6.04,-5.06,3
5|IMG.TO|2022-04-27,5,Development,true,,IMG.TO,2022-04-27,2022-05-04,^GSPTSE,3,58.5,-24.09,2.12,-26.21,-24.09,3.64
5|OTEX.TO|2022-04-28,5,Development,true,,OTEX.TO,2022-04-28,2022-05-05,^GSPTSE,1,72.1,-4.81,-2.01,-2.8,-4.81,-0.08
5|SII.TO|2022-04-28,5,Development,true,,SII.TO,2022-04-28,2022-05-05,^GSPTSE,2,71.7,-4.33,-2.01,-2.32,-5.35,-1.38
5|ENGH.TO|2022-04-28,5,Development,true,,ENGH.TO,2022-04-28,2022-05-05,^GSPTSE,3,61.7,-8.12,-2.01,-6.11,-8.12,-0.22
5|HWX.TO|2022-04-29,5,Development,true,,HWX.TO,2022-04-29,2022-05-06,^GSPTSE,1,74,4.07,-0.62,4.69,-2.41,5.13
5|MG.TO|2022-04-29,5,Development,true,,MG.TO,2022-04-29,2022-05-06,^GSPTSE,3,67.8,-0.52,-0.62,0.1,-0.66,3.32
5|PXT.TO|2022-04-29,5,Development,true,,PXT.TO,2022-04-29,2022-05-06,^GSPTSE,4,67.4,1.4,-0.62,2.02,-0.84,3.27
5|FVI.TO|2022-04-29,5,Development,true,,FVI.TO,2022-04-29,2022-05-06,^GSPTSE,5,66.3,-6.01,-0.62,-5.39,-6.01,3.56
5|PAAS.TO|2022-04-29,5,Development,true,,PAAS.TO,2022-04-29,2022-05-06,^GSPTSE,6,66.1,-1.6,-0.62,-0.98,-1.6,3.49
5|SJ.TO|2022-05-02,5,Development,true,,SJ.TO,2022-05-02,2022-05-09,^GSPTSE,3,65.1,-2.92,-3.35,0.43,-2.92,2.66
5|CCL-B.TO|2022-05-02,5,Development,true,,CCL-B.TO,2022-05-02,2022-05-09,^GSPTSE,4,64,-2.58,-3.35,0.76,-2.58,3.44
5|BN.TO|2022-05-02,5,Development,true,,BN.TO,2022-05-02,2022-05-09,^GSPTSE,5,63.6,-6.69,-3.35,-3.34,-6.69,2.28
5|IAG.TO|2022-05-02,5,Development,true,,IAG.TO,2022-05-02,2022-05-09,^GSPTSE,6,63.5,0.03,-3.35,3.38,0.03,1.76
5|DCBO.TO|2022-05-03,5,Development,true,,DCBO.TO,2022-05-03,2022-05-10,^GSPTSE,3,63.9,-17.32,-4.86,-12.47,-17.32,5.24
5|RBA.TO|2022-05-03,5,Development,true,,RBA.TO,2022-05-03,2022-05-10,^GSPTSE,5,63.5,8.71,-4.86,13.56,-3.13,8.71
5|CNR.TO|2022-05-03,5,Development,true,,CNR.TO,2022-05-03,2022-05-10,^GSPTSE,6,59.5,-5.56,-4.86,-0.7,-5.56,3.05
5|ENGH.TO|2022-05-04,5,Development,true,,ENGH.TO,2022-05-04,2022-05-11,^GSPTSE,1,68.6,-11.91,-6.36,-5.55,-11.91,-7.86
5|BYD.TO|2022-05-04,5,Development,true,,BYD.TO,2022-05-04,2022-05-11,^GSPTSE,2,65.4,-13.42,-6.36,-7.06,-13.42,-3.84
5|CG.TO|2022-05-04,5,Development,true,,CG.TO,2022-05-04,2022-05-11,^GSPTSE,4,63.5,-9.72,-6.36,-3.36,-9.72,-1.49
5|WSP.TO|2022-05-04,5,Development,true,,WSP.TO,2022-05-04,2022-05-11,^GSPTSE,5,62.9,-8.45,-6.36,-2.09,-8.45,-1.78
5|REI-UN.TO|2022-05-04,5,Development,true,,REI-UN.TO,2022-05-04,2022-05-11,^GSPTSE,6,62.6,-9.49,-6.36,-3.13,-10.3,-1.45
5|CIGI.TO|2022-05-05,5,Development,true,,CIGI.TO,2022-05-05,2022-05-12,^GSPTSE,1,60.6,-2.77,-4.82,2.04,-4.09,-1.09
5|EFN.TO|2022-05-06,5,Development,true,,EFN.TO,2022-05-06,2022-05-13,^GSPTSE,1,70.6,16.13,-2.59,18.72,-1.96,16.13
5|BBD-B.TO|2022-05-06,5,Development,true,,BBD-B.TO,2022-05-06,2022-05-13,^GSPTSE,2,70.3,-10.24,-2.59,-7.65,-14.17,-9.45
5|AIF.TO|2022-05-06,5,Development,true,,AIF.TO,2022-05-06,2022-05-13,^GSPTSE,3,70.1,-4.27,-2.59,-1.68,-5.48,-2.6
5|MG.TO|2022-05-06,5,Development,true,,MG.TO,2022-05-06,2022-05-13,^GSPTSE,4,68,2.47,-2.59,5.05,-4.79,2.47
5|STN.TO|2022-05-06,5,Development,true,,STN.TO,2022-05-06,2022-05-13,^GSPTSE,5,66.9,-6.47,-2.59,-3.88,-8.2,-2.76
5|CNR.TO|2022-05-06,5,Development,true,,CNR.TO,2022-05-06,2022-05-13,^GSPTSE,6,65.8,-4.65,-2.59,-2.06,-4.65,-3.22
5|MFI.TO|2022-05-09,5,Development,true,,MFI.TO,2022-05-09,2022-05-16,^GSPTSE,1,70.2,2.59,1.03,1.56,-2.11,4.15
5|FFH.TO|2022-05-09,5,Development,true,,FFH.TO,2022-05-09,2022-05-16,^GSPTSE,2,65.6,2.49,1.03,1.45,-1.24,2.49
5|CSH-UN.TO|2022-05-09,5,Development,true,,CSH-UN.TO,2022-05-09,2022-05-16,^GSPTSE,3,63.6,-0.5,1.03,-1.53,-2.57,-0.17
5|TRI.TO|2022-05-09,5,Development,true,,TRI.TO,2022-05-09,2022-05-16,^GSPTSE,4,60.7,0.46,1.03,-0.58,-1.81,0.46
5|HWX.TO|2022-05-10,5,Development,true,,HWX.TO,2022-05-10,2022-05-17,^GSPTSE,1,73.1,14.2,3.02,11.17,-0.16,14.2
5|MFC.TO|2022-05-10,5,Development,true,,MFC.TO,2022-05-10,2022-05-17,^GSPTSE,2,71.8,-6.65,3.02,-9.67,-11.43,-1.34
5|CJT.TO|2022-05-10,5,Development,true,,CJT.TO,2022-05-10,2022-05-17,^GSPTSE,4,70.1,1.87,3.02,-1.15,-6.42,1.87
5|BIP-UN.TO|2022-05-10,5,Development,true,,BIP-UN.TO,2022-05-10,2022-05-17,^GSPTSE,5,66.2,2.18,3.02,-0.84,-0.16,2.18
5|CRR-UN.TO|2022-05-10,5,Development,true,,CRR-UN.TO,2022-05-10,2022-05-17,^GSPTSE,6,65.3,4.95,3.02,1.93,-0.43,4.95
5|IFC.TO|2022-05-11,5,Development,true,,IFC.TO,2022-05-11,2022-05-18,^GSPTSE,1,71.1,1.3,1.33,-0.03,0.63,2.48
5|BEP-UN.TO|2022-05-11,5,Development,true,,BEP-UN.TO,2022-05-11,2022-05-18,^GSPTSE,3,65.2,0.02,1.33,-1.31,-3.25,0.02
5|CSH-UN.TO|2022-05-11,5,Development,true,,CSH-UN.TO,2022-05-11,2022-05-18,^GSPTSE,4,63.4,3.81,1.33,2.48,-0.25,3.81
5|TSU.TO|2022-05-11,5,Development,true,,TSU.TO,2022-05-11,2022-05-18,^GSPTSE,5,59.4,10.36,1.33,9.03,2.99,11.27
5|DSG.TO|2022-05-11,5,Development,true,,DSG.TO,2022-05-11,2022-05-18,^GSPTSE,6,58.9,3.03,1.33,1.69,0.09,4.19
5|MG.TO|2022-05-12,5,Development,true,,MG.TO,2022-05-12,2022-05-19,^GSPTSE,1,81,8.55,2.45,6.1,4.01,9.57
5|DOL.TO|2022-05-12,5,Development,true,,DOL.TO,2022-05-12,2022-05-19,^GSPTSE,2,76,-6.41,2.45,-8.86,-6.55,2.03
5|CLS.TO|2022-05-12,5,Development,true,,CLS.TO,2022-05-12,2022-05-19,^GSPTSE,4,71.9,4.43,2.45,1.98,4.43,11.23
5|PBH.TO|2022-05-12,5,Development,true,,PBH.TO,2022-05-12,2022-05-19,^GSPTSE,5,65.1,2.99,2.45,0.54,2.6,7.64
5|NWC.TO|2022-05-13,5,Development,true,,NWC.TO,2022-05-13,2022-05-20,^GSPTSE,1,77.4,-2.91,0.49,-3.39,-2.91,3.11
5|EMP-A.TO|2022-05-13,5,Development,true,,EMP-A.TO,2022-05-13,2022-05-20,^GSPTSE,2,71.1,-1.82,0.49,-2.31,-4.03,0.94
5|CRR-UN.TO|2022-05-13,5,Development,true,,CRR-UN.TO,2022-05-13,2022-05-20,^GSPTSE,3,68.3,1.07,0.49,0.59,0.66,2.45
5|QSR.TO|2022-05-13,5,Development,true,,QSR.TO,2022-05-13,2022-05-20,^GSPTSE,5,64.7,-3.45,0.49,-3.94,-3.74,-0.3
5|RCI-B.TO|2022-05-13,5,Development,true,,RCI-B.TO,2022-05-13,2022-05-20,^GSPTSE,6,64.1,0.87,0.49,0.39,0.26,1.81
5|RUS.TO|2022-05-16,5,Development,true,,RUS.TO,2022-05-16,2022-05-24,^GSPTSE,2,61.6,0.06,0.39,-0.33,-0.45,3.08
5|BEP-UN.TO|2022-05-17,5,Development,true,,BEP-UN.TO,2022-05-17,2022-05-25,^GSPTSE,1,64.4,5.47,-0.52,5.99,0.45,5.47
5|FNV.TO|2022-05-17,5,Development,true,,FNV.TO,2022-05-17,2022-05-25,^GSPTSE,2,61.7,2.46,-0.52,2.99,-2.11,3.24
5|NWC.TO|2022-05-19,5,Development,true,,NWC.TO,2022-05-19,2022-05-27,^GSPTSE,1,74.2,4.12,2.81,1.32,-0.38,4.12
5|ABX.TO|2022-05-19,5,Development,true,,ABX.TO,2022-05-19,2022-05-27,^GSPTSE,2,64.1,-0.49,2.81,-3.3,-0.49,2.79
5|MFI.TO|2022-05-19,5,Development,true,,MFI.TO,2022-05-19,2022-05-27,^GSPTSE,3,62.5,3.62,2.81,0.81,0.11,3.62
5|BN.TO|2022-05-19,5,Development,true,,BN.TO,2022-05-19,2022-05-27,^GSPTSE,4,62,8.64,2.81,5.83,1.11,8.64
5|FSV.TO|2022-05-19,5,Development,true,,FSV.TO,2022-05-19,2022-05-27,^GSPTSE,5,59.3,4,2.81,1.2,-1.96,4
5|CNR.TO|2022-05-20,5,Development,true,,CNR.TO,2022-05-20,2022-05-30,^GSPTSE,2,69.7,1.8,3.57,-1.77,-1.5,1.8
5|T.TO|2022-05-20,5,Development,true,,T.TO,2022-05-20,2022-05-30,^GSPTSE,4,62.8,2.41,3.57,-1.16,0.64,2.41
5|BCE.TO|2022-05-20,5,Development,true,,BCE.TO,2022-05-20,2022-05-30,^GSPTSE,5,62,2.27,3.57,-1.31,1.14,2.27
5|WFG.TO|2022-05-24,5,Development,true,,WFG.TO,2022-05-24,2022-05-31,^GSPTSE,3,60,6.42,2.18,4.24,3.59,6.42
5|IGM.TO|2022-05-24,5,Development,true,,IGM.TO,2022-05-24,2022-05-31,^GSPTSE,4,58.6,5.98,2.18,3.8,1.01,6.37
5|MX.TO|2022-05-25,5,Development,true,,MX.TO,2022-05-25,2022-06-01,^GSPTSE,1,71,2.28,1.62,0.66,0.51,5.27
5|FSV.TO|2022-05-25,5,Development,true,,FSV.TO,2022-05-25,2022-06-01,^GSPTSE,2,68.4,4.35,1.62,2.73,1.9,7.34
5|GOOS.TO|2022-05-25,5,Development,true,,GOOS.TO,2022-05-25,2022-06-01,^GSPTSE,3,65.8,3.46,1.62,1.84,3.38,8.22
5|SJ.TO|2022-05-25,5,Development,true,,SJ.TO,2022-05-25,2022-06-01,^GSPTSE,4,65,2.56,1.62,0.94,1.45,3.22
5|FNV.TO|2022-05-25,5,Development,true,,FNV.TO,2022-05-25,2022-06-01,^GSPTSE,5,62.2,0.01,1.62,-1.61,-0.62,0.9
5|GIL.TO|2022-05-26,5,Development,true,,GIL.TO,2022-05-26,2022-06-02,^GSPTSE,2,62.2,4.32,2.43,1.88,1.55,4.32
5|DSG.TO|2022-05-26,5,Development,true,,DSG.TO,2022-05-26,2022-06-02,^GSPTSE,3,61.7,3.72,2.43,1.28,-2.16,3.72
5|CTC-A.TO|2022-05-26,5,Development,true,,CTC-A.TO,2022-05-26,2022-06-02,^GSPTSE,4,60.9,3.62,2.43,1.18,1.51,3.62
5|NTR.TO|2022-05-26,5,Development,true,,NTR.TO,2022-05-26,2022-06-02,^GSPTSE,5,59.7,-1.58,2.43,-4.01,-2.56,0.88
5|SSRM.TO|2022-05-31,5,Development,true,,SSRM.TO,2022-05-31,2022-06-07,^GSPTSE,1,61.8,3.9,0.96,2.94,2.44,9.35
5|NTR.TO|2022-05-31,5,Development,true,,NTR.TO,2022-05-31,2022-06-07,^GSPTSE,2,59.2,-9.31,0.96,-10.27,-9.31,-2.44
5|BTO.TO|2022-06-01,5,Development,true,,BTO.TO,2022-06-01,2022-06-08,^GSPTSE,1,58.6,1.77,0.38,1.39,1.38,5.7
5|SLF.TO|2022-06-02,5,Development,true,,SLF.TO,2022-06-02,2022-06-09,^GSPTSE,1,65.5,0.22,-2.22,2.45,-0.3,0.61
5|AEM.TO|2022-06-08,5,Development,true,,AEM.TO,2022-06-08,2022-06-15,^GSPTSE,1,64.4,-4.77,-5.68,0.91,-5.61,3.53
5|QBR-B.TO|2022-06-10,5,Development,true,,QBR-B.TO,2022-06-10,2022-06-17,^GSPTSE,1,61.6,1.8,-6.63,8.43,0,1.8
5|BYD.TO|2022-06-10,5,Development,true,,BYD.TO,2022-06-10,2022-06-17,^GSPTSE,2,59,-2.03,-6.63,4.6,-4.9,-1.2
5|CSU.TO|2022-06-13,5,Development,true,,CSU.TO,2022-06-13,2022-06-20,^GSPTSE,1,68.2,-1.52,-2.83,1.31,-3.79,-1.5
5|QBR-B.TO|2022-06-14,5,Development,true,,QBR-B.TO,2022-06-14,2022-06-21,^GSPTSE,1,72.8,4.73,-1.49,6.22,0.15,6.51
5|KMP-UN.TO|2022-06-14,5,Development,true,,KMP-UN.TO,2022-06-14,2022-06-21,^GSPTSE,3,60.4,0.77,-1.49,2.26,-2.47,1.94
5|CJT.TO|2022-06-15,5,Development,true,,CJT.TO,2022-06-15,2022-06-22,^GSPTSE,1,81.4,-1.72,-3.1,1.38,-19.27,-1.44
5|EMP-A.TO|2022-06-15,5,Development,true,,EMP-A.TO,2022-06-15,2022-06-22,^GSPTSE,2,79.8,-8.19,-3.1,-5.09,-8.19,0.91
5|TFII.TO|2022-06-15,5,Development,true,,TFII.TO,2022-06-15,2022-06-22,^GSPTSE,3,70.7,-3.17,-3.1,-0.07,-4.27,-0.95
5|ABX.TO|2022-06-15,5,Development,true,,ABX.TO,2022-06-15,2022-06-22,^GSPTSE,4,66.9,-0.4,-3.1,2.7,-0.4,2.66
5|GRT-UN.TO|2022-06-15,5,Development,true,,GRT-UN.TO,2022-06-15,2022-06-22,^GSPTSE,6,64.1,-2.93,-3.1,0.17,-5.1,-1.39
5|WPM.TO|2022-06-16,5,Development,true,,WPM.TO,2022-06-16,2022-06-23,^GSPTSE,1,66,-4.17,-1.51,-2.66,-4.17,0.48
5|K.TO|2022-06-16,5,Development,true,,K.TO,2022-06-16,2022-06-23,^GSPTSE,2,65.7,-4.28,-1.51,-2.77,-4.28,1.3
5|AG.TO|2022-06-16,5,Development,true,,AG.TO,2022-06-16,2022-06-23,^GSPTSE,3,61.6,-5.12,-1.51,-3.61,-5.12,0.97
5|PAAS.TO|2022-06-16,5,Development,true,,PAAS.TO,2022-06-16,2022-06-23,^GSPTSE,4,61.4,-4.79,-1.51,-3.28,-4.79,-0.75
5|SSRM.TO|2022-06-16,5,Development,true,,SSRM.TO,2022-06-16,2022-06-23,^GSPTSE,5,61.3,-2.18,-1.51,-0.67,-2.18,1.28
5|CTC-A.TO|2022-06-17,5,Development,true,,CTC-A.TO,2022-06-17,2022-06-24,^GSPTSE,1,80.7,2.33,0.7,1.63,0.11,2.77
5|STN.TO|2022-06-17,5,Development,true,,STN.TO,2022-06-17,2022-06-24,^GSPTSE,2,76.8,2.39,0.7,1.69,-0.16,2.39
5|SLF.TO|2022-06-17,5,Development,true,,SLF.TO,2022-06-17,2022-06-24,^GSPTSE,3,76.7,1.41,0.7,0.71,-0.58,1.79
5|CSU.TO|2022-06-17,5,Development,true,,CSU.TO,2022-06-17,2022-06-24,^GSPTSE,4,74.4,6.38,0.7,5.68,0.18,6.38
5|GIL.TO|2022-06-17,5,Development,true,,GIL.TO,2022-06-17,2022-06-24,^GSPTSE,5,69.9,3.01,0.7,2.31,-1.48,3.01
5|BNS.TO|2022-06-17,5,Development,true,,BNS.TO,2022-06-17,2022-06-24,^GSPTSE,6,69.3,-4.7,0.7,-5.4,-4.7,1.14
5|ATS.TO|2022-06-20,5,Development,true,,ATS.TO,2022-06-20,2022-06-27,^GSPTSE,1,79.9,1.33,0.39,0.94,-3.85,2.21
5|IAG.TO|2022-06-20,5,Development,true,,IAG.TO,2022-06-20,2022-06-27,^GSPTSE,5,73.9,-0.59,0.39,-0.98,-3.84,-0.16
5|TFII.TO|2022-06-20,5,Development,true,,TFII.TO,2022-06-20,2022-06-27,^GSPTSE,6,72.7,4.71,0.39,4.32,-2.24,4.71
5|CAE.TO|2022-06-21,5,Development,true,,CAE.TO,2022-06-21,2022-06-28,^GSPTSE,2,75.9,4.5,-0.18,4.68,-1.35,5.62
5|OTEX.TO|2022-06-21,5,Development,true,,OTEX.TO,2022-06-21,2022-06-28,^GSPTSE,3,72.7,3.42,-0.18,3.6,1.29,6.66
5|WN.TO|2022-06-21,5,Development,true,,WN.TO,2022-06-21,2022-06-28,^GSPTSE,6,69.8,1.2,-0.18,1.38,-1.4,1.54
5|HR-UN.TO|2022-06-22,5,Development,true,,HR-UN.TO,2022-06-22,2022-06-29,^GSPTSE,6,69.5,0.02,0.39,-0.37,-0.16,1.53
5|ACO-X.TO|2022-06-23,5,Development,true,,ACO-X.TO,2022-06-23,2022-06-30,^GSPTSE,2,70,4.18,0.77,3.41,1.09,4.18
5|NWC.TO|2022-06-23,5,Development,true,,NWC.TO,2022-06-23,2022-06-30,^GSPTSE,3,66.9,0.09,0.77,-0.68,-0.24,1.87
5|RCH.TO|2022-06-23,5,Development,true,,RCH.TO,2022-06-23,2022-06-30,^GSPTSE,4,65.6,-4.13,0.77,-4.9,-4.13,2.45
5|GIL.TO|2022-06-23,5,Development,true,,GIL.TO,2022-06-23,2022-06-30,^GSPTSE,5,65.5,2.46,0.77,1.69,2.18,3.04
5|CCO.TO|2022-06-23,5,Development,true,,CCO.TO,2022-06-23,2022-06-30,^GSPTSE,6,60.3,-1.42,0.77,-2.19,-1.42,7.72
5|AGI.TO|2022-06-24,5,Development,true,,AGI.TO,2022-06-24,2022-07-04,^GSPTSE,1,80,4.68,-0.18,4.86,-2.4,4.68
5|SSRM.TO|2022-06-24,5,Development,true,,SSRM.TO,2022-06-24,2022-07-04,^GSPTSE,2,74.5,-8.74,-0.18,-8.56,-11.34,-4.74
5|NFI.TO|2022-06-24,5,Development,true,,NFI.TO,2022-06-24,2022-07-04,^GSPTSE,3,67.5,3.39,-0.18,3.56,-0.48,7.81
5|ATS.TO|2022-06-24,5,Development,true,,ATS.TO,2022-06-24,2022-07-04,^GSPTSE,5,66.5,2.08,-0.18,2.26,0.8,3.68
5|PAAS.TO|2022-06-24,5,Development,true,,PAAS.TO,2022-06-24,2022-07-04,^GSPTSE,6,65.5,-3.75,-0.18,-3.57,-6.95,1.51
5|AEM.TO|2022-06-27,5,Development,true,,AEM.TO,2022-06-27,2022-07-05,^GSPTSE,3,66.3,-7.97,-2.2,-5.77,-8.65,-3.05
5|PMZ-UN.TO|2022-06-27,5,Development,true,,PMZ-UN.TO,2022-06-27,2022-07-05,^GSPTSE,4,65.9,-0.1,-2.2,2.1,-1.39,1.35
5|NWC.TO|2022-06-27,5,Development,true,,NWC.TO,2022-06-27,2022-07-05,^GSPTSE,5,63.9,-0.21,-2.2,1.99,-2.07,-0.21
5|POW.TO|2022-06-27,5,Development,true,,POW.TO,2022-06-27,2022-07-05,^GSPTSE,6,63.9,-0.63,-2.2,1.57,-1.25,-0.63
5|CP.TO|2022-06-28,5,Development,true,,CP.TO,2022-06-28,2022-07-06,^GSPTSE,1,79,3.52,-2.56,6.09,-0.39,3.52
5|ONEX.TO|2022-06-28,5,Development,true,,ONEX.TO,2022-06-28,2022-07-06,^GSPTSE,3,64.6,-3.27,-2.56,-0.71,-3.27,-2.05
5|AGI.TO|2022-06-29,5,Development,true,,AGI.TO,2022-06-29,2022-07-07,^GSPTSE,1,74.9,-0.53,-0.08,-0.45,-3.42,2.78
5|OR.TO|2022-06-29,5,Development,true,,OR.TO,2022-06-29,2022-07-07,^GSPTSE,2,72.6,-5.14,-0.08,-5.06,-6.02,-1.39
5|SII.TO|2022-06-29,5,Development,true,,SII.TO,2022-06-29,2022-07-07,^GSPTSE,3,62.8,-1.37,-0.08,-1.29,-7.11,-1.37
5|IMO.TO|2022-06-29,5,Development,true,,IMO.TO,2022-06-29,2022-07-07,^GSPTSE,4,62,-6.44,-0.08,-6.36,-9.52,-0.15
5|WDO.TO|2022-06-29,5,Development,true,,WDO.TO,2022-06-29,2022-07-07,^GSPTSE,5,59.5,-6.36,-0.08,-6.28,-7.46,1.27
5|NTR.TO|2022-06-29,5,Development,true,,NTR.TO,2022-06-29,2022-07-07,^GSPTSE,6,59.4,-5.91,-0.08,-5.83,-8.9,-3.44
5|ONEX.TO|2022-06-30,5,Development,true,,ONEX.TO,2022-06-30,2022-07-08,^GSPTSE,1,65,0.77,0.86,-0.09,-1.25,1
5|CCA.TO|2022-06-30,5,Development,true,,CCA.TO,2022-06-30,2022-07-08,^GSPTSE,3,61,2.45,0.86,1.59,1.19,2.81
5|NWC.TO|2022-06-30,5,Development,true,,NWC.TO,2022-06-30,2022-07-08,^GSPTSE,4,59.7,2.85,0.86,2,0,2.85
5|AP-UN.TO|2022-06-30,5,Development,true,,AP-UN.TO,2022-06-30,2022-07-08,^GSPTSE,5,58.7,1.02,0.86,0.17,-0.18,2.74
5|FNV.TO|2022-07-04,5,Development,true,,FNV.TO,2022-07-04,2022-07-11,^GSPTSE,1,76.2,-2.98,-1.11,-1.87,-3.16,-2.15
5|SII.TO|2022-07-04,5,Development,true,,SII.TO,2022-07-04,2022-07-11,^GSPTSE,2,66.8,-0.85,-1.11,0.27,-4.98,1.5
5|EFN.TO|2022-07-04,5,Development,true,,EFN.TO,2022-07-04,2022-07-11,^GSPTSE,3,66.4,2.83,-1.11,3.95,0.45,3.58
5|NTR.TO|2022-07-04,5,Development,true,,NTR.TO,2022-07-04,2022-07-11,^GSPTSE,5,64.2,-3.78,-1.11,-2.67,-5.51,-2.4
5|T.TO|2022-07-05,5,Development,true,,T.TO,2022-07-05,2022-07-12,^GSPTSE,2,65.2,-0.1,-0.83,0.72,-0.21,0.45
5|AGI.TO|2022-07-06,5,Development,true,,AGI.TO,2022-07-06,2022-07-13,^GSPTSE,1,78.7,4.57,-0.61,5.18,0.44,4.57
5|IAG.TO|2022-07-06,5,Development,true,,IAG.TO,2022-07-06,2022-07-13,^GSPTSE,2,73.7,1.99,-0.61,2.6,1.99,2.9
5|MFC.TO|2022-07-06,5,Development,true,,MFC.TO,2022-07-06,2022-07-13,^GSPTSE,3,63.9,1.77,-0.61,2.38,1.77,3.27
5|ATD.TO|2022-07-06,5,Development,true,,ATD.TO,2022-07-06,2022-07-13,^GSPTSE,5,62.2,3.89,-0.61,4.5,1.32,4.52
5|SLF.TO|2022-07-06,5,Development,true,,SLF.TO,2022-07-06,2022-07-13,^GSPTSE,6,61.3,-0.14,-0.61,0.47,-0.14,1.72
5|GIL.TO|2022-07-07,5,Development,true,,GIL.TO,2022-07-07,2022-07-14,^GSPTSE,2,73.3,-5.11,-3.85,-1.26,-5.22,-0.05
5|ARE.TO|2022-07-07,5,Development,true,,ARE.TO,2022-07-07,2022-07-14,^GSPTSE,3,70.6,-11.97,-3.85,-8.12,-11.97,1.84
5|PSK.TO|2022-07-07,5,Development,true,,PSK.TO,2022-07-07,2022-07-14,^GSPTSE,6,60.9,-2.16,-3.85,1.69,-4.13,-1.11
5|NTR.TO|2022-07-08,5,Development,true,,NTR.TO,2022-07-08,2022-07-15,^GSPTSE,2,63.3,-3.48,-3.3,-0.18,-4.65,-0.35
5|GFL.TO|2022-07-12,5,Development,true,,GFL.TO,2022-07-12,2022-07-19,^GSPTSE,1,70.9,2.82,1.39,1.43,-1.51,2.82
5|GIL.TO|2022-07-12,5,Development,true,,GIL.TO,2022-07-12,2022-07-19,^GSPTSE,2,60.2,5.32,1.39,3.93,-0.83,5.32
5|GRT-UN.TO|2022-07-12,5,Development,true,,GRT-UN.TO,2022-07-12,2022-07-19,^GSPTSE,3,58.8,-0.07,1.39,-1.45,-3.72,-0.05
5|TRP.TO|2022-07-13,5,Development,true,,TRP.TO,2022-07-13,2022-07-20,^GSPTSE,2,59.8,2.85,2.18,0.67,0.33,3.19
5|ERO.TO|2022-07-14,5,Development,true,,ERO.TO,2022-07-14,2022-07-21,^GSPTSE,3,61.2,3.6,4,-0.4,-0.72,3.69
5|EQB.TO|2022-07-15,5,Development,true,,EQB.TO,2022-07-15,2022-07-22,^GSPTSE,1,81.5,3.42,3.2,0.22,0.77,4.11
5|PMZ-UN.TO|2022-07-15,5,Development,true,,PMZ-UN.TO,2022-07-15,2022-07-22,^GSPTSE,4,75.9,5.9,3.2,2.7,1.97,5.9
5|REI-UN.TO|2022-07-15,5,Development,true,,REI-UN.TO,2022-07-15,2022-07-22,^GSPTSE,5,71,4.64,3.2,1.44,1.55,4.64
5|GOOS.TO|2022-07-15,5,Development,true,,GOOS.TO,2022-07-15,2022-07-22,^GSPTSE,6,66.6,8.34,3.2,5.14,4.76,9.91
5|BEI-UN.TO|2022-07-18,5,Development,true,,BEI-UN.TO,2022-07-18,2022-07-25,^GSPTSE,1,67.9,11.57,2.74,8.83,3.43,11.57
5|NA.TO|2022-07-18,5,Development,true,,NA.TO,2022-07-18,2022-07-25,^GSPTSE,2,67.7,5.63,2.74,2.89,3.23,5.63
5|AP-UN.TO|2022-07-18,5,Development,true,,AP-UN.TO,2022-07-18,2022-07-25,^GSPTSE,4,62.8,2.5,2.74,-0.24,0.7,2.96
5|BN.TO|2022-07-18,5,Development,true,,BN.TO,2022-07-18,2022-07-25,^GSPTSE,5,62,6.21,2.74,3.47,3.38,6.28
5|BMO.TO|2022-07-19,5,Development,true,,BMO.TO,2022-07-19,2022-07-26,^GSPTSE,1,63.3,1.51,0.18,1.32,0.72,1.96
5|CM.TO|2022-07-19,5,Development,true,,CM.TO,2022-07-19,2022-07-26,^GSPTSE,2,62.3,1.46,0.18,1.28,0.42,1.85
5|GRT-UN.TO|2022-07-19,5,Development,true,,GRT-UN.TO,2022-07-19,2022-07-26,^GSPTSE,4,60.2,2.47,0.18,2.28,-1.27,4.7
5|PAAS.TO|2022-07-26,5,Development,true,,PAAS.TO,2022-07-26,2022-08-03,^GSPTSE,1,62.3,4.27,3.02,1.25,2.82,7.95
5|CSH-UN.TO|2022-07-27,5,Development,true,,CSH-UN.TO,2022-07-27,2022-08-04,^GSPTSE,1,65.4,3.63,1.67,1.95,1.09,3.63
5|AGI.TO|2022-07-27,5,Development,true,,AGI.TO,2022-07-27,2022-08-04,^GSPTSE,2,58.9,11.78,1.67,10.11,6.28,11.78
5|RCI-B.TO|2022-07-29,5,Development,true,,RCI-B.TO,2022-07-29,2022-08-08,^GSPTSE,1,65.6,-2.65,-0.12,-2.53,-4.99,-2.14
5|CCA.TO|2022-08-04,5,Development,true,,CCA.TO,2022-08-04,2022-08-11,^GSPTSE,1,62.3,0.77,2.12,-1.35,-1.74,0.77
5|TRP.TO|2022-08-11,5,Development,true,,TRP.TO,2022-08-11,2022-08-18,^GSPTSE,1,69.1,-0.52,1.37,-1.89,-1.14,0.86
5|PXT.TO|2022-08-17,5,Development,true,,PXT.TO,2022-08-17,2022-08-24,^GSPTSE,1,58.5,6.15,-0.79,6.94,0.16,6.15
5|WPM.TO|2022-08-18,5,Development,true,,WPM.TO,2022-08-18,2022-08-25,^GSPTSE,1,64.5,1.34,-0.46,1.8,-1.5,1.34
5|PAAS.TO|2022-08-18,5,Development,true,,PAAS.TO,2022-08-18,2022-08-25,^GSPTSE,2,60.7,-0.22,-0.46,0.24,-3.28,-0.22
5|PEY.TO|2022-08-22,5,Development,true,,PEY.TO,2022-08-22,2022-08-29,^GSPTSE,1,67,1.27,-0.69,1.96,-1.03,2.77
5|PXT.TO|2022-08-22,5,Development,true,,PXT.TO,2022-08-22,2022-08-29,^GSPTSE,2,59.8,10.52,-0.69,11.21,3.52,10.52
5|WDO.TO|2022-08-23,5,Development,true,,WDO.TO,2022-08-23,2022-08-30,^GSPTSE,1,58.9,-9.21,-2.36,-6.84,-9.21,-0.23
5|DCBO.TO|2022-08-29,5,Development,true,,DCBO.TO,2022-08-29,2022-09-06,^GSPTSE,1,62.5,2.23,-3.77,6,2.23,5.87
5|BB.TO|2022-08-29,5,Development,true,,BB.TO,2022-08-29,2022-09-06,^GSPTSE,2,61.8,-7.8,-3.77,-4.03,-7.8,-0.25
5|FFH.TO|2022-08-30,5,Development,true,,FFH.TO,2022-08-30,2022-09-07,^GSPTSE,1,59.5,-0.46,-1.39,0.93,-2.56,0.03
5|WPM.TO|2022-09-02,5,Development,true,,WPM.TO,2022-09-02,2022-09-12,^GSPTSE,1,68.3,6.96,3.72,3.24,-1.05,6.96
5|TRP.TO|2022-09-02,5,Development,true,,TRP.TO,2022-09-02,2022-09-12,^GSPTSE,2,67.5,1.43,3.72,-2.29,-1.87,1.43
5|CCA.TO|2022-09-02,5,Development,true,,CCA.TO,2022-09-02,2022-09-12,^GSPTSE,3,66.2,-0.53,3.72,-4.25,-3.9,-0.14
5|FNV.TO|2022-09-02,5,Development,true,,FNV.TO,2022-09-02,2022-09-12,^GSPTSE,4,64.5,2.62,3.72,-1.09,-1.45,2.7
5|ABX.TO|2022-09-02,5,Development,true,,ABX.TO,2022-09-02,2022-09-12,^GSPTSE,5,61.6,5.77,3.72,2.05,-0.46,5.87
5|AC.TO|2022-09-02,5,Development,true,,AC.TO,2022-09-02,2022-09-12,^GSPTSE,6,58.7,7.33,3.72,3.61,-1.82,7.33
5|ARE.TO|2022-09-06,5,Development,true,,ARE.TO,2022-09-06,2022-09-13,^GSPTSE,1,64.3,9.55,2.92,6.63,4.68,10.93
5|RUS.TO|2022-09-07,5,Development,true,,RUS.TO,2022-09-07,2022-09-14,^GSPTSE,1,81,0.39,2.52,-2.13,0.39,4.05
5|IVN.TO|2022-09-07,5,Development,true,,IVN.TO,2022-09-07,2022-09-14,^GSPTSE,2,65.9,10.81,2.52,8.29,5.04,15.36
5|FSV.TO|2022-09-07,5,Development,true,,FSV.TO,2022-09-07,2022-09-14,^GSPTSE,3,65,1.93,2.52,-0.59,1.93,5.38
5|CCA.TO|2022-09-07,5,Development,true,,CCA.TO,2022-09-07,2022-09-14,^GSPTSE,4,64.9,0.4,2.52,-2.12,-1.14,1.75
5|FNV.TO|2022-09-07,5,Development,true,,FNV.TO,2022-09-07,2022-09-14,^GSPTSE,5,62,0.59,2.52,-1.93,-0.16,2.02
5|BNS.TO|2022-09-07,5,Development,true,,BNS.TO,2022-09-07,2022-09-14,^GSPTSE,6,58.5,1.23,2.52,-1.29,1.23,3.81
5|MX.TO|2022-09-08,5,Development,true,,MX.TO,2022-09-08,2022-09-15,^GSPTSE,1,72,-2.66,0.76,-3.42,-2.66,2.5
5|TRP.TO|2022-09-08,5,Development,true,,TRP.TO,2022-09-08,2022-09-15,^GSPTSE,2,68.1,1.27,0.76,0.51,1.27,2.6
5|PPL.TO|2022-09-08,5,Development,true,,PPL.TO,2022-09-08,2022-09-15,^GSPTSE,3,66.4,3.82,0.76,3.07,2.81,4.55
5|TA.TO|2022-09-08,5,Development,true,,TA.TO,2022-09-08,2022-09-15,^GSPTSE,5,62.6,-0.82,0.76,-1.58,-0.82,1.73
5|WFG.TO|2022-09-09,5,Development,true,,WFG.TO,2022-09-09,2022-09-16,^GSPTSE,1,61.9,-4.21,-1.96,-2.25,-4.21,2.48
5|TVE.TO|2022-09-13,5,Development,true,,TVE.TO,2022-09-13,2022-09-20,^GSPTSE,1,62.3,5.37,-1.41,6.78,1.02,5.63
5|SDE.TO|2022-09-13,5,Development,true,,SDE.TO,2022-09-13,2022-09-20,^GSPTSE,2,59.5,1.44,-1.41,2.85,-1.53,4.41
5|CG.TO|2022-09-14,5,Development,true,,CG.TO,2022-09-14,2022-09-21,^GSPTSE,1,69.1,1.38,-2.75,4.13,-5.18,1.38
5|MX.TO|2022-09-14,5,Development,true,,MX.TO,2022-09-14,2022-09-21,^GSPTSE,2,68.1,-9.23,-2.75,-6.49,-9.23,-2.48
5|GRT-UN.TO|2022-09-14,5,Development,true,,GRT-UN.TO,2022-09-14,2022-09-21,^GSPTSE,3,60.8,-2.31,-2.75,0.43,-2.31,0.3
5|CSU.TO|2022-09-14,5,Development,true,,CSU.TO,2022-09-14,2022-09-21,^GSPTSE,4,60.3,-3.55,-2.75,-0.8,-3.55,-1.23
5|CAR-UN.TO|2022-09-14,5,Development,true,,CAR-UN.TO,2022-09-14,2022-09-21,^GSPTSE,5,59.2,-2.62,-2.75,0.13,-4.37,0.18
5|HR-UN.TO|2022-09-14,5,Development,true,,HR-UN.TO,2022-09-14,2022-09-21,^GSPTSE,6,58.8,-4.31,-2.75,-1.56,-4.31,-0.08
5|AP-UN.TO|2022-09-15,5,Development,true,,AP-UN.TO,2022-09-15,2022-09-22,^GSPTSE,3,61.9,-8.91,-2.85,-6.06,-8.91,-0.77
5|CSH-UN.TO|2022-09-16,5,Development,true,,CSH-UN.TO,2022-09-16,2022-09-23,^GSPTSE,2,65.6,-6.07,-4.67,-1.4,-6.07,-0.2
5|CAE.TO|2022-09-16,5,Development,true,,CAE.TO,2022-09-16,2022-09-23,^GSPTSE,4,62.6,-8.83,-4.67,-4.16,-8.83,0.34
5|AIF.TO|2022-09-16,5,Development,true,,AIF.TO,2022-09-16,2022-09-23,^GSPTSE,5,59.3,-5.43,-4.67,-0.76,-5.43,-0.51
5|NTR.TO|2022-09-19,5,Development,true,,NTR.TO,2022-09-19,2022-09-26,^GSPTSE,1,73.5,-5.58,-6.32,0.73,-5.58,1
5|VET.TO|2022-09-19,5,Development,true,,VET.TO,2022-09-19,2022-09-26,^GSPTSE,2,70.1,-16.57,-6.32,-10.26,-16.57,-0.56
5|GOOS.TO|2022-09-19,5,Development,true,,GOOS.TO,2022-09-19,2022-09-26,^GSPTSE,3,62.7,-5.17,-6.32,1.14,-5.17,1.62
5|BB.TO|2022-09-19,5,Development,true,,BB.TO,2022-09-19,2022-09-26,^GSPTSE,5,59.7,-10.22,-6.32,-3.91,-10.22,-2.1
5|CG.TO|2022-09-20,5,Development,true,,CG.TO,2022-09-20,2022-09-27,^GSPTSE,1,69,-2.98,-5.48,2.5,-8.58,2.8
5|EIF.TO|2022-09-20,5,Development,true,,EIF.TO,2022-09-20,2022-09-27,^GSPTSE,3,66,-10.43,-5.48,-4.95,-10.43,-2.54
5|CTC-A.TO|2022-09-21,5,Development,true,,CTC-A.TO,2022-09-21,2022-09-28,^GSPTSE,1,66.8,-2.87,-2.79,-0.08,-4.93,-0.81
5|MFC.TO|2022-09-21,5,Development,true,,MFC.TO,2022-09-21,2022-09-28,^GSPTSE,2,65.8,-2.89,-2.79,-0.1,-4.58,-1.87
5|DIR-UN.TO|2022-09-21,5,Development,true,,DIR-UN.TO,2022-09-21,2022-09-28,^GSPTSE,3,65.7,-5.95,-2.79,-3.15,-8.39,-2.19
5|REI-UN.TO|2022-09-21,5,Development,true,,REI-UN.TO,2022-09-21,2022-09-28,^GSPTSE,4,64.9,-5.04,-2.79,-2.25,-7.49,-1.85
5|FSV.TO|2022-09-21,5,Development,true,,FSV.TO,2022-09-21,2022-09-28,^GSPTSE,5,62.1,1.92,-2.79,4.72,-2.68,1.92
5|CAR-UN.TO|2022-09-21,5,Development,true,,CAR-UN.TO,2022-09-21,2022-09-28,^GSPTSE,6,61.2,-3.59,-2.79,-0.8,-5.14,-1.73
5|TECK-B.TO|2022-09-22,5,Development,true,,TECK-B.TO,2022-09-22,2022-09-29,^GSPTSE,1,70.2,-0.99,-2.95,1.96,-7.34,-0.99
5|L.TO|2022-09-22,5,Development,true,,L.TO,2022-09-22,2022-09-29,^GSPTSE,3,66.8,-1.14,-2.95,1.81,-1.14,0.09
5|CM.TO|2022-09-22,5,Development,true,,CM.TO,2022-09-22,2022-09-29,^GSPTSE,4,64,-1.45,-2.95,1.51,-2.39,-0.52
5|FTS.TO|2022-09-22,5,Development,true,,FTS.TO,2022-09-22,2022-09-29,^GSPTSE,5,63.5,-5.78,-2.95,-2.82,-5.78,-0.14
5|LSPD.TO|2022-09-23,5,Development,true,,LSPD.TO,2022-09-23,2022-09-30,^GSPTSE,2,63.3,6.44,-0.2,6.64,-2.19,11.16
5|DIR-UN.TO|2022-09-23,5,Development,true,,DIR-UN.TO,2022-09-23,2022-09-30,^GSPTSE,3,59.9,-1.28,-0.2,-1.08,-4.12,-1.28
5|CAR-UN.TO|2022-09-23,5,Development,true,,CAR-UN.TO,2022-09-23,2022-09-30,^GSPTSE,4,59.2,1.97,-0.2,2.17,-2.03,1.97
5|DSG.TO|2022-09-23,5,Development,true,,DSG.TO,2022-09-23,2022-09-30,^GSPTSE,5,58.6,3.77,-0.2,3.97,2.84,5.21
5|CM.TO|2022-09-26,5,Development,true,,CM.TO,2022-09-26,2022-10-03,^GSPTSE,1,72.5,1.85,3.02,-1.17,-0.91,1.85
5|AEM.TO|2022-09-26,5,Development,true,,AEM.TO,2022-09-26,2022-10-03,^GSPTSE,2,68.2,16.53,3.02,13.51,0.29,16.53
5|FSV.TO|2022-09-26,5,Development,true,,FSV.TO,2022-09-26,2022-10-03,^GSPTSE,3,67.5,2.69,3.02,-0.33,1.72,3.43
5|GOOS.TO|2022-09-26,5,Development,true,,GOOS.TO,2022-09-26,2022-10-03,^GSPTSE,6,59.7,-1.62,3.02,-4.65,-5.23,3.83
5|CTC-A.TO|2022-09-27,5,Development,true,,CTC-A.TO,2022-09-27,2022-10-04,^GSPTSE,2,70.8,3.49,5.81,-2.31,-0.47,3.49
5|LSPD.TO|2022-09-27,5,Development,true,,LSPD.TO,2022-09-27,2022-10-04,^GSPTSE,4,69.3,15.16,5.81,9.36,3.53,15.16
5|ABX.TO|2022-09-27,5,Development,true,,ABX.TO,2022-09-27,2022-10-04,^GSPTSE,5,68.3,12.08,5.81,6.27,5.16,12.08
5|T.TO|2022-09-27,5,Development,true,,T.TO,2022-09-27,2022-10-04,^GSPTSE,6,63.1,1.93,5.81,-3.88,-2.07,1.93
5|DOO.TO|2022-09-28,5,Development,true,,DOO.TO,2022-09-28,2022-10-05,^GSPTSE,2,67.6,1.67,3.14,-1.47,-3.96,1.85
5|CAR-UN.TO|2022-09-28,5,Development,true,,CAR-UN.TO,2022-09-28,2022-10-05,^GSPTSE,3,62.5,3.58,3.14,0.43,-1.17,4.6
5|FTT.TO|2022-09-28,5,Development,true,,FTT.TO,2022-09-28,2022-10-05,^GSPTSE,4,61.2,4.27,3.14,1.13,-2.42,6.33
5|GOOS.TO|2022-09-28,5,Development,true,,GOOS.TO,2022-09-28,2022-10-05,^GSPTSE,5,59.4,2.39,3.14,-0.76,-8.73,2.39
5|REI-UN.TO|2022-09-28,5,Development,true,,REI-UN.TO,2022-09-28,2022-10-05,^GSPTSE,6,59.4,3.42,3.14,0.28,-1.52,4.94
5|PPL.TO|2022-09-29,5,Development,true,,PPL.TO,2022-09-29,2022-10-06,^GSPTSE,2,63.1,2.79,2.91,-0.12,-0.78,5.2
5|EIF.TO|2022-09-29,5,Development,true,,EIF.TO,2022-09-29,2022-10-06,^GSPTSE,3,60.7,8.21,2.91,5.3,-0.5,8.62
5|TIH.TO|2022-09-29,5,Development,true,,TIH.TO,2022-09-29,2022-10-06,^GSPTSE,4,59.5,5.71,2.91,2.79,-0.05,6.03
5|IGM.TO|2022-09-30,5,Development,true,,IGM.TO,2022-09-30,2022-10-07,^GSPTSE,1,71.6,1.71,0.75,0.96,1.71,6.28
5|CTC-A.TO|2022-09-30,5,Development,true,,CTC-A.TO,2022-09-30,2022-10-07,^GSPTSE,2,69.1,0.67,0.75,-0.08,0.67,3.99
5|TSLA.TO|2022-09-30,5,Development,true,,TSLA.TO,2022-09-30,2022-10-07,^IXIC,3,68,-15.79,0.73,-16.52,-15.79,-6.02
5|BYD.TO|2022-09-30,5,Development,true,,BYD.TO,2022-09-30,2022-10-07,^GSPTSE,4,66,4.6,0.75,3.85,-2.28,6.8
5|ATS.TO|2022-09-30,5,Development,true,,ATS.TO,2022-09-30,2022-10-07,^GSPTSE,5,62.8,17.5,0.75,16.75,9.38,18.92
5|CHP-UN.TO|2022-09-30,5,Development,true,,CHP-UN.TO,2022-09-30,2022-10-07,^GSPTSE,6,62.6,-1.27,0.75,-2.02,-1.43,2.78
5|DOO.TO|2022-10-03,5,Development,true,,DOO.TO,2022-10-03,2022-10-11,^GSPTSE,1,69.3,-3.47,-3.52,0.05,-3.47,3.45
5|GIL.TO|2022-10-03,5,Development,true,,GIL.TO,2022-10-03,2022-10-11,^GSPTSE,2,69,0.71,-3.52,4.23,0.71,5.22
5|CRR-UN.TO|2022-10-03,5,Development,true,,CRR-UN.TO,2022-10-03,2022-10-11,^GSPTSE,3,62.1,-5.02,-3.52,-1.5,-5.02,1.79
5|KMP-UN.TO|2022-10-03,5,Development,true,,KMP-UN.TO,2022-10-03,2022-10-11,^GSPTSE,5,61.5,-4.86,-3.52,-1.34,-4.86,3.45
5|BEPC.TO|2022-10-03,5,Development,true,,BEPC.TO,2022-10-03,2022-10-11,^GSPTSE,6,61.1,-8.55,-3.52,-5.03,-8.55,0.17
5|L.TO|2022-10-07,5,Development,true,,L.TO,2022-10-07,2022-10-17,^GSPTSE,1,65.6,1.92,0.2,1.72,-0.27,1.92
5|BNS.TO|2022-10-07,5,Development,true,,BNS.TO,2022-10-07,2022-10-17,^GSPTSE,2,64.8,2.02,0.2,1.82,-1.28,2.02
5|TA.TO|2022-10-07,5,Development,true,,TA.TO,2022-10-07,2022-10-17,^GSPTSE,3,64.1,-0.61,0.2,-0.82,-5.95,-0.61
5|KEY.TO|2022-10-07,5,Development,true,,KEY.TO,2022-10-07,2022-10-17,^GSPTSE,4,62.6,-1.81,0.2,-2.02,-3.83,-1.81
5|CHP-UN.TO|2022-10-07,5,Development,true,,CHP-UN.TO,2022-10-07,2022-10-17,^GSPTSE,5,62,3.3,0.2,3.09,-0.97,3.3
5|GEI.TO|2022-10-07,5,Development,true,,GEI.TO,2022-10-07,2022-10-17,^GSPTSE,6,61.2,-0.5,0.2,-0.7,-2.76,0.41
5|NTR.TO|2022-10-11,5,Development,true,,NTR.TO,2022-10-11,2022-10-18,^GSPTSE,1,67,-1.2,3.19,-4.4,-4.99,4.5
5|CIGI.TO|2022-10-11,5,Development,true,,CIGI.TO,2022-10-11,2022-10-18,^GSPTSE,2,62.1,5.91,3.19,2.72,1.55,5.91
5|CTC-A.TO|2022-10-12,5,Development,true,,CTC-A.TO,2022-10-12,2022-10-19,^GSPTSE,1,67.6,1.48,2.57,-1.09,0.39,2.94
5|MFI.TO|2022-10-12,5,Development,true,,MFI.TO,2022-10-12,2022-10-19,^GSPTSE,2,65.3,0.29,2.57,-2.28,0.29,3.44
5|TRP.TO|2022-10-13,5,Development,true,,TRP.TO,2022-10-13,2022-10-20,^GSPTSE,3,65.2,1.47,-0.18,1.66,-1.37,2.58
5|BNS.TO|2022-10-13,5,Development,true,,BNS.TO,2022-10-13,2022-10-20,^GSPTSE,4,62.5,-2.91,-0.18,-2.73,-2.91,1.02
5|KEY.TO|2022-10-13,5,Development,true,,KEY.TO,2022-10-13,2022-10-20,^GSPTSE,5,59.3,0.57,-0.18,0.75,-1.14,1.49
5|ATRL.TO|2022-10-13,5,Development,true,,ATRL.TO,2022-10-13,2022-10-20,^GSPTSE,6,58.9,-0.88,-0.18,-0.7,-1.72,1.01
5|AIF.TO|2022-10-14,5,Development,true,,AIF.TO,2022-10-14,2022-10-21,^GSPTSE,2,67.6,4.33,2.92,1.41,2.88,6.26
5|BMO.TO|2022-10-14,5,Development,true,,BMO.TO,2022-10-14,2022-10-21,^GSPTSE,3,62.2,2.67,2.92,-0.24,0.76,3.24
5|PPL.TO|2022-10-17,5,Development,true,,PPL.TO,2022-10-17,2022-10-24,^GSPTSE,1,62.4,1.31,1.6,-0.29,0.58,2.34
5|ENB.TO|2022-10-17,5,Development,true,,ENB.TO,2022-10-17,2022-10-24,^GSPTSE,2,60.5,1.67,1.6,0.07,0.71,1.67
5|LIF.TO|2022-10-17,5,Development,true,,LIF.TO,2022-10-17,2022-10-24,^GSPTSE,3,59.1,6.58,1.6,4.98,1.75,6.58
5|KNT.TO|2022-10-18,5,Development,true,,KNT.TO,2022-10-18,2022-10-25,^GSPTSE,1,61.6,0.87,1.59,-0.72,-5.52,0.87
5|CAR-UN.TO|2022-10-20,5,Development,true,,CAR-UN.TO,2022-10-20,2022-10-27,^GSPTSE,1,63.7,7.34,4.16,3.18,2.8,7.59
5|SSRM.TO|2022-10-20,5,Development,true,,SSRM.TO,2022-10-20,2022-10-27,^GSPTSE,2,59.9,4.19,4.16,0.03,1.74,5.28
5|RCH.TO|2022-10-21,5,Development,true,,RCH.TO,2022-10-21,2022-10-28,^GSPTSE,1,82.4,3.49,3.24,0.25,0.76,3.68
5|CTC-A.TO|2022-10-21,5,Development,true,,CTC-A.TO,2022-10-21,2022-10-28,^GSPTSE,2,72.6,4.11,3.24,0.87,0.72,4.11
5|DOO.TO|2022-10-21,5,Development,true,,DOO.TO,2022-10-21,2022-10-28,^GSPTSE,3,61.6,12.99,3.24,9.76,2.06,12.99
5|MFI.TO|2022-10-21,5,Development,true,,MFI.TO,2022-10-21,2022-10-28,^GSPTSE,4,60.5,5.22,3.24,1.99,-1,5.22
5|CAR-UN.TO|2022-10-24,5,Development,true,,CAR-UN.TO,2022-10-24,2022-10-31,^GSPTSE,1,60.4,3.55,2.68,0.87,1.79,4.65
5|KNT.TO|2022-10-24,5,Development,true,,KNT.TO,2022-10-24,2022-10-31,^GSPTSE,2,59.7,-8.84,2.68,-11.52,-8.84,3.09
5|CS.TO|2022-10-25,5,Development,true,,CS.TO,2022-10-25,2022-11-01,^GSPTSE,1,62,17.33,2.2,15.13,4.67,17.33
5|MFI.TO|2022-10-26,5,Development,true,,MFI.TO,2022-10-26,2022-11-02,^GSPTSE,1,63.2,-0.98,-0.01,-0.96,-1.27,2.49
5|PBH.TO|2022-10-27,5,Development,true,,PBH.TO,2022-10-27,2022-11-03,^GSPTSE,1,60.6,-3.19,-0.57,-2.62,-3.19,2.18
5|ARE.TO|2022-10-31,5,Development,true,,ARE.TO,2022-10-31,2022-11-07,^GSPTSE,1,76,-0.83,0.62,-1.44,-4.04,0.31
5|NFI.TO|2022-11-03,5,Development,true,,NFI.TO,2022-11-03,2022-11-10,^GSPTSE,1,61,9.23,3.89,5.34,0.23,9.23
5|MFI.TO|2022-11-03,5,Development,true,,MFI.TO,2022-11-03,2022-11-10,^GSPTSE,2,60.1,16.07,3.89,12.18,-2.88,16.07
5|BHC.TO|2022-11-03,5,Development,true,,BHC.TO,2022-11-03,2022-11-10,^GSPTSE,3,59.8,10.71,3.89,6.82,0,12.74
5|AP-UN.TO|2022-11-04,5,Development,true,,AP-UN.TO,2022-11-04,2022-11-11,^GSPTSE,1,62.9,2.73,3.4,-0.68,-3.88,2.73
5|PBH.TO|2022-11-04,5,Development,true,,PBH.TO,2022-11-04,2022-11-11,^GSPTSE,3,60,5.08,3.4,1.67,-1.21,5.08
5|ALA.TO|2022-11-08,5,Development,true,,ALA.TO,2022-11-08,2022-11-15,^GSPTSE,2,59.1,-0.6,1.7,-2.3,-2.63,2.5
5|AP-UN.TO|2022-11-10,5,Development,true,,AP-UN.TO,2022-11-10,2022-11-17,^GSPTSE,1,65.7,-1.35,-0.53,-0.82,-1.81,2.92
5|GIL.TO|2022-11-10,5,Development,true,,GIL.TO,2022-11-10,2022-11-17,^GSPTSE,2,59.9,-0.43,-0.53,0.1,-0.43,3.38
5|GIL.TO|2022-11-15,5,Development,true,,GIL.TO,2022-11-15,2022-11-22,^GSPTSE,1,59.2,1.13,1.13,0,-2.85,1.13
5|SPB.TO|2022-11-17,5,Development,true,,SPB.TO,2022-11-17,2022-11-24,^GSPTSE,1,58.9,2.63,2.31,0.32,2.02,2.73
5|BEP-UN.TO|2022-11-21,5,Development,true,,BEP-UN.TO,2022-11-21,2022-11-28,^GSPTSE,1,64.9,1.93,1.22,0.71,-0.08,3.18
5|SIA.TO|2022-11-21,5,Development,true,,SIA.TO,2022-11-21,2022-11-28,^GSPTSE,2,64.1,0.52,1.22,-0.69,0.52,1.84
5|CTC-A.TO|2022-11-21,5,Development,true,,CTC-A.TO,2022-11-21,2022-11-28,^GSPTSE,3,59.2,0.71,1.22,-0.5,-0.11,2.19
5|ATS.TO|2022-11-22,5,Development,true,,ATS.TO,2022-11-22,2022-11-29,^GSPTSE,1,61.6,6.47,0.28,6.19,2.52,6.47
5|BHC.TO|2022-11-23,5,Development,true,,BHC.TO,2022-11-23,2022-11-30,^GSPTSE,1,59.1,4.43,0.84,3.59,-0.33,4.43
5|NPI.TO|2022-12-02,5,Development,true,,NPI.TO,2022-12-02,2022-12-09,^GSPTSE,1,64,0.48,-2.63,3.11,-0.93,1.41
5|WDO.TO|2022-12-05,5,Development,true,,WDO.TO,2022-12-05,2022-12-12,^GSPTSE,1,60,-4.21,-1.1,-3.11,-4.21,1.2
5|NTR.TO|2022-12-06,5,Development,true,,NTR.TO,2022-12-06,2022-12-13,^GSPTSE,1,60.3,-1.11,0.17,-1.27,-1.74,0.08
5|BIP-UN.TO|2022-12-08,5,Development,true,,BIP-UN.TO,2022-12-08,2022-12-15,^GSPTSE,1,60.3,-5.17,-1.85,-3.32,-5.17,-0.34
5|NXE.TO|2022-12-12,5,Development,true,,NXE.TO,2022-12-12,2022-12-19,^GSPTSE,1,58.8,-4.4,-4.09,-0.31,-4.4,0.35
5|WDO.TO|2022-12-13,5,Development,true,,WDO.TO,2022-12-13,2022-12-20,^GSPTSE,1,64.2,-8.56,-3.58,-4.98,-9.8,-5.21
5|DPM.TO|2022-12-15,5,Development,true,,DPM.TO,2022-12-15,2022-12-22,^GSPTSE,1,71.6,10.24,-1.28,11.52,1.95,11.71
5|NXE.TO|2022-12-16,5,Development,true,,NXE.TO,2022-12-16,2022-12-23,^GSPTSE,1,82.5,6.1,0.33,5.78,-2.51,6.1
5|CIGI.TO|2022-12-16,5,Development,true,,CIGI.TO,2022-12-16,2022-12-23,^GSPTSE,3,73.2,0.23,0.33,-0.1,-2.13,0.66
5|BEPC.TO|2022-12-16,5,Development,true,,BEPC.TO,2022-12-16,2022-12-23,^GSPTSE,4,66.4,-8.43,0.33,-8.76,-8.43,-4.65
5|ONEX.TO|2022-12-16,5,Development,true,,ONEX.TO,2022-12-16,2022-12-23,^GSPTSE,5,65.4,-2.1,0.33,-2.43,-2.51,-1.32
5|ARX.TO|2022-12-19,5,Development,true,,ARX.TO,2022-12-19,2022-12-28,^GSPTSE,1,61.9,2.47,0.43,2.04,2.01,6.61
5|CVE.TO|2022-12-19,5,Development,true,,CVE.TO,2022-12-19,2022-12-28,^GSPTSE,2,59.9,4.97,0.43,4.53,2.59,7.72
5|FRU.TO|2022-12-19,5,Development,true,,FRU.TO,2022-12-19,2022-12-28,^GSPTSE,3,59.2,2.75,0.43,2.32,1.18,5.7
5|CCO.TO|2022-12-20,5,Development,true,,CCO.TO,2022-12-20,2022-12-29,^GSPTSE,1,74.1,3.17,0.93,2.24,1.35,3.17
5|LUG.TO|2022-12-20,5,Development,true,,LUG.TO,2022-12-20,2022-12-29,^GSPTSE,2,72.6,4.74,0.93,3.81,2.41,5.38
5|NXE.TO|2022-12-20,5,Development,true,,NXE.TO,2022-12-20,2022-12-29,^GSPTSE,4,65.6,7.3,0.93,6.37,4.74,7.85
5|ONEX.TO|2022-12-20,5,Development,true,,ONEX.TO,2022-12-20,2022-12-29,^GSPTSE,5,62.4,4.2,0.93,3.27,-0.38,4.2
5|CCL-B.TO|2022-12-20,5,Development,true,,CCL-B.TO,2022-12-20,2022-12-29,^GSPTSE,6,59.4,1.02,0.93,0.09,-0.17,1.02
5|CIGI.TO|2022-12-21,5,Development,true,,CIGI.TO,2022-12-21,2022-12-30,^GSPTSE,2,73.1,1.42,-0.95,2.37,-2.04,1.74
5|CSH-UN.TO|2022-12-21,5,Development,true,,CSH-UN.TO,2022-12-21,2022-12-30,^GSPTSE,3,69.9,6.18,-0.95,7.13,0,6.18
5|SIA.TO|2022-12-21,5,Development,true,,SIA.TO,2022-12-21,2022-12-30,^GSPTSE,4,67.1,1.29,-0.95,2.25,-1.66,1.29
5|SHOP.TO|2022-12-21,5,Development,true,,SHOP.TO,2022-12-21,2022-12-30,^GSPTSE,6,65.8,-4.57,-0.95,-3.62,-9.87,-3.45
5|IVN.TO|2022-12-22,5,Development,true,,IVN.TO,2022-12-22,2023-01-03,^GSPTSE,1,65.3,5.31,0.49,4.82,0.68,5.31
5|GIL.TO|2022-12-22,5,Development,true,,GIL.TO,2022-12-22,2023-01-03,^GSPTSE,2,62.7,2.12,0.49,1.63,-2.14,2.12
5|SII.TO|2022-12-22,5,Development,true,,SII.TO,2022-12-22,2023-01-03,^GSPTSE,4,59.9,5.45,0.49,4.97,-0.71,5.45
5|WFG.TO|2022-12-23,5,Development,true,,WFG.TO,2022-12-23,2023-01-04,^GSPTSE,1,59.6,5.73,0.42,5.31,1.79,5.73
5|GRT-UN.TO|2022-12-23,5,Development,true,,GRT-UN.TO,2022-12-23,2023-01-04,^GSPTSE,2,58.9,2.48,0.42,2.06,-3.76,2.48
5|IMO.TO|2022-12-28,5,Development,true,,IMO.TO,2022-12-28,2023-01-05,^GSPTSE,1,60.1,-2.51,1.15,-3.67,-4.34,1.57
5|GEI.TO|2022-12-29,5,Development,true,,GEI.TO,2022-12-29,2023-01-06,^GSPTSE,1,63.7,-0.85,1.69,-2.53,-2.33,0.21
5|GIL.TO|2022-12-29,5,Development,true,,GIL.TO,2022-12-29,2023-01-06,^GSPTSE,2,58.9,5.95,1.69,4.26,0.68,5.95
5|ATZ.TO|2023-01-04,5,Development,true,,ATZ.TO,2023-01-04,2023-01-11,^GSPTSE,1,59.5,8.89,2.23,6.66,1.57,8.89
5|FRU.TO|2023-01-06,5,Development,true,,FRU.TO,2023-01-06,2023-01-13,^GSPTSE,1,60.6,4,2.75,1.25,-0.93,4
5|ARX.TO|2023-01-11,5,Development,true,,ARX.TO,2023-01-11,2023-01-18,^GSPTSE,1,59.7,5.15,1.75,3.39,2.01,6.91
5|ATZ.TO|2023-01-19,5,Development,true,,ATZ.TO,2023-01-19,2023-01-26,^GSPTSE,1,75.5,3.02,1.77,1.26,0.26,3.91
5|CJT.TO|2023-01-20,5,Development,true,,CJT.TO,2023-01-20,2023-01-27,^GSPTSE,2,64.6,7.02,1.03,5.99,1.69,7.02
5|WCN.TO|2023-01-23,5,Development,true,,WCN.TO,2023-01-23,2023-01-30,^GSPTSE,1,58.7,1.51,-0.29,1.8,0.45,1.94
5|CJT.TO|2023-01-25,5,Development,true,,CJT.TO,2023-01-25,2023-02-01,^GSPTSE,1,58.8,8.45,0.74,7.72,2.26,8.45
5|KNT.TO|2023-01-30,5,Development,true,,KNT.TO,2023-01-30,2023-02-06,^GSPTSE,1,59.7,-7.16,0.28,-7.44,-7.16,3.18
5|AAV.TO|2023-01-31,5,Development,true,,AAV.TO,2023-01-31,2023-02-07,^GSPTSE,1,61.7,-0.24,-0.2,-0.04,-3.86,-0.24
5|BIR.TO|2023-02-01,5,Development,true,,BIR.TO,2023-02-01,2023-02-08,^GSPTSE,1,61.3,1.67,-0.35,2.02,-0.6,2.51
5|MRU.TO|2023-02-09,5,Development,true,,MRU.TO,2023-02-09,2023-02-16,^GSPTSE,1,61.8,1.22,0.04,1.18,0.25,1.37
5|OGC.TO|2023-02-14,5,Development,true,,OGC.TO,2023-02-14,2023-02-22,^GSPTSE,1,62.9,-5.24,-2.47,-2.77,-5.24,-2.62
5|ATZ.TO|2023-02-14,5,Development,true,,ATZ.TO,2023-02-14,2023-02-22,^GSPTSE,2,62.8,-1.13,-2.47,1.34,-1.17,4.03
5|BEPC.TO|2023-02-22,5,Development,true,,BEPC.TO,2023-02-22,2023-03-01,^GSPTSE,1,65.9,-2.22,0.33,-2.55,-2.96,-1.62
5|WDO.TO|2023-02-23,5,Development,true,,WDO.TO,2023-02-23,2023-03-02,^GSPTSE,1,64,6.01,0.74,5.27,3.57,8.6
5|TPZ.TO|2023-02-23,5,Development,true,,TPZ.TO,2023-02-23,2023-03-02,^GSPTSE,2,60.9,0.77,0.74,0.03,-0.67,1.44
5|PPL.TO|2023-02-27,5,Development,true,,PPL.TO,2023-02-27,2023-03-06,^GSPTSE,1,65,2.17,1.26,0.92,-1.62,2.17
5|BEPC.TO|2023-03-01,5,Development,true,,BEPC.TO,2023-03-01,2023-03-08,^GSPTSE,1,59.6,8.49,0.43,8.06,2.86,8.49
5|TRP.TO|2023-03-02,5,Development,true,,TRP.TO,2023-03-02,2023-03-09,^GSPTSE,1,67.6,-1.35,-1.23,-0.12,-1.35,1.26
5|CSH-UN.TO|2023-03-03,5,Development,true,,CSH-UN.TO,2023-03-03,2023-03-10,^GSPTSE,1,64.4,-4.03,-3.92,-0.11,-4.03,2.29
5|SIA.TO|2023-03-07,5,Development,true,,SIA.TO,2023-03-07,2023-03-14,^GSPTSE,1,65.5,-2.15,-2.87,0.72,-2.96,-1.16
5|TPZ.TO|2023-03-08,5,Development,true,,TPZ.TO,2023-03-08,2023-03-15,^GSPTSE,1,70.2,-4.45,-4.76,0.31,-4.45,-0.26
5|REI-UN.TO|2023-03-09,5,Development,true,,REI-UN.TO,2023-03-09,2023-03-16,^GSPTSE,1,67.2,-4.48,-2.73,-1.75,-4.48,-1.54
5|VET.TO|2023-03-09,5,Development,true,,VET.TO,2023-03-09,2023-03-16,^GSPTSE,2,62.9,-8,-2.73,-5.27,-8,1.67
5|DFY.TO|2023-03-10,5,Development,true,,DFY.TO,2023-03-10,2023-03-17,^GSPTSE,1,73.7,1.22,-1.96,3.18,-1.93,1.22
5|CPX.TO|2023-03-13,5,Development,true,,CPX.TO,2023-03-13,2023-03-20,^GSPTSE,1,66.9,-0.36,-0.35,-0.01,-1.14,0.34
5|SIA.TO|2023-03-13,5,Development,true,,SIA.TO,2023-03-13,2023-03-20,^GSPTSE,2,64.7,-3.49,-0.35,-3.14,-3.49,0.37
5|REI-UN.TO|2023-03-14,5,Development,true,,REI-UN.TO,2023-03-14,2023-03-21,^GSPTSE,2,69.4,-4.41,-0.2,-4.21,-4.84,-2.09
5|QSR.TO|2023-03-14,5,Development,true,,QSR.TO,2023-03-14,2023-03-21,^GSPTSE,4,63.2,2.54,-0.2,2.74,0.13,2.54
5|HBM.TO|2023-03-14,5,Development,true,,HBM.TO,2023-03-14,2023-03-21,^GSPTSE,5,61.6,5.18,-0.2,5.38,-5.34,5.18
5|FTT.TO|2023-03-14,5,Development,true,,FTT.TO,2023-03-14,2023-03-21,^GSPTSE,6,59.6,-2.09,-0.2,-1.89,-3.92,-2.09
5|FM.TO|2023-03-16,5,Development,true,,FM.TO,2023-03-16,2023-03-23,^GSPTSE,1,76.7,8.87,-0.4,9.27,0.89,9.06
5|CPX.TO|2023-03-16,5,Development,true,,CPX.TO,2023-03-16,2023-03-23,^GSPTSE,2,72.7,-2.63,-0.4,-2.23,-2.63,-0.53
5|DFY.TO|2023-03-16,5,Development,true,,DFY.TO,2023-03-16,2023-03-23,^GSPTSE,3,70.9,0.55,-0.4,0.96,0.55,1.54
5|TPZ.TO|2023-03-16,5,Development,true,,TPZ.TO,2023-03-16,2023-03-23,^GSPTSE,4,69.5,0.21,-0.4,0.62,-0.37,2.5
5|CS.TO|2023-03-16,5,Development,true,,CS.TO,2023-03-16,2023-03-23,^GSPTSE,5,64.6,-3.3,-0.4,-2.9,-3.3,6.26
5|RCI-B.TO|2023-03-16,5,Development,true,,RCI-B.TO,2023-03-16,2023-03-23,^GSPTSE,6,62.1,2.46,-0.4,2.86,0.79,2.46
5|EFX.TO|2023-03-17,5,Development,true,,EFX.TO,2023-03-17,2023-03-24,^GSPTSE,1,66,-5.45,0.59,-6.04,-5.45,-1.9
5|TSU.TO|2023-03-17,5,Development,true,,TSU.TO,2023-03-17,2023-03-24,^GSPTSE,2,62.9,-1.21,0.59,-1.8,-3.64,-1.21
5|PSK.TO|2023-03-17,5,Development,true,,PSK.TO,2023-03-17,2023-03-24,^GSPTSE,3,59.8,1.8,0.59,1.21,1.8,4.47
5|LNR.TO|2023-03-17,5,Development,true,,LNR.TO,2023-03-17,2023-03-24,^GSPTSE,4,59.6,1.06,0.59,0.47,-1.62,2.25
5|CM.TO|2023-03-17,5,Development,true,,CM.TO,2023-03-17,2023-03-24,^GSPTSE,5,59.3,-0.63,0.59,-1.22,-0.63,1.14
5|MX.TO|2023-03-17,5,Development,true,,MX.TO,2023-03-17,2023-03-24,^GSPTSE,6,59.3,0.05,0.59,-0.54,0.05,5.94
5|ONEX.TO|2023-03-20,5,Development,true,,ONEX.TO,2023-03-20,2023-03-27,^GSPTSE,1,74.2,-6.28,0.54,-6.82,-6.28,0.8
5|BBD-B.TO|2023-03-20,5,Development,true,,BBD-B.TO,2023-03-20,2023-03-27,^GSPTSE,2,69,15.43,0.54,14.89,3.71,15.43
5|VET.TO|2023-03-20,5,Development,true,,VET.TO,2023-03-20,2023-03-27,^GSPTSE,3,66.7,2.58,0.54,2.04,-0.23,3.17
5|IMO.TO|2023-03-20,5,Development,true,,IMO.TO,2023-03-20,2023-03-27,^GSPTSE,5,63.8,1.89,0.54,1.35,-0.16,2.97
5|MG.TO|2023-03-20,5,Development,true,,MG.TO,2023-03-20,2023-03-27,^GSPTSE,6,62.7,0.62,0.54,0.09,0.2,2.6
5|EFX.TO|2023-03-21,5,Development,true,,EFX.TO,2023-03-21,2023-03-28,^GSPTSE,2,65,-1.16,0.01,-1.18,-3.62,-0.9
5|PPL.TO|2023-03-21,5,Development,true,,PPL.TO,2023-03-21,2023-03-28,^GSPTSE,4,63.1,-0.44,0.01,-0.46,-2.36,-0.44
5|ALA.TO|2023-03-21,5,Development,true,,ALA.TO,2023-03-21,2023-03-28,^GSPTSE,5,62.8,-1.79,0.01,-1.81,-3.86,-1.39
5|TSU.TO|2023-03-21,5,Development,true,,TSU.TO,2023-03-21,2023-03-28,^GSPTSE,6,62.2,-0.98,0.01,-0.99,-2.46,0
5|TFPM.TO|2023-03-22,5,Development,true,,TFPM.TO,2023-03-22,2023-03-29,^GSPTSE,2,65.5,14.06,1.56,12.5,3.91,14.06
5|FRU.TO|2023-03-22,5,Development,true,,FRU.TO,2023-03-22,2023-03-29,^GSPTSE,4,60.6,2.51,1.56,0.95,-1.54,2.51
5|NA.TO|2023-03-22,5,Development,true,,NA.TO,2023-03-22,2023-03-29,^GSPTSE,5,60.6,0.57,1.56,-0.99,-1.94,0.57
5|BIR.TO|2023-03-23,5,Development,true,,BIR.TO,2023-03-23,2023-03-30,^GSPTSE,1,75.8,-3.21,2.47,-5.68,-3.21,0.13
5|TSU.TO|2023-03-23,5,Development,true,,TSU.TO,2023-03-23,2023-03-30,^GSPTSE,3,66.2,1.35,2.47,-1.13,0.1,1.63
5|MG.TO|2023-03-23,5,Development,true,,MG.TO,2023-03-23,2023-03-30,^GSPTSE,4,64.6,0.43,2.47,-2.04,-1.54,0.43
5|CAR-UN.TO|2023-03-23,5,Development,true,,CAR-UN.TO,2023-03-23,2023-03-30,^GSPTSE,5,62.9,3.73,2.47,1.26,1.22,3.73
5|RY.TO|2023-03-23,5,Development,true,,RY.TO,2023-03-23,2023-03-30,^GSPTSE,6,62.4,1.09,2.47,-1.38,-0.2,1.09
5|CS.TO|2023-03-24,5,Development,true,,CS.TO,2023-03-24,2023-03-31,^GSPTSE,1,79,7.96,3.07,4.9,-0.35,7.96
5|NA.TO|2023-03-24,5,Development,true,,NA.TO,2023-03-24,2023-03-31,^GSPTSE,3,60.8,4.32,3.07,1.25,0.58,4.32
5|AAV.TO|2023-03-24,5,Development,true,,AAV.TO,2023-03-24,2023-03-31,^GSPTSE,4,60.5,-1.01,3.07,-4.08,-1.52,-0.38
5|IPCO.TO|2023-03-27,5,Development,true,,IPCO.TO,2023-03-27,2023-04-03,^GSPTSE,5,58.7,9.25,3.33,5.92,0.08,9.25
5|GOOS.TO|2023-03-29,5,Development,true,,GOOS.TO,2023-03-29,2023-04-05,^GSPTSE,1,59.3,1.27,1.62,-0.36,1.06,6.21
5|ONEX.TO|2023-03-29,5,Development,true,,ONEX.TO,2023-03-29,2023-04-05,^GSPTSE,2,59.1,-1.71,1.62,-3.33,-1.71,0.54
5|SIA.TO|2023-04-05,5,Development,true,,SIA.TO,2023-04-05,2023-04-13,^GSPTSE,1,68.1,1.97,2.01,-0.04,0.56,3
5|MX.TO|2023-04-05,5,Development,true,,MX.TO,2023-04-05,2023-04-13,^GSPTSE,2,65.5,3.38,2.01,1.37,-0.97,3.38
5|MG.TO|2023-04-06,5,Development,true,,MG.TO,2023-04-06,2023-04-14,^GSPTSE,1,72.2,5.26,1.9,3.37,3.23,5.26
5|MX.TO|2023-04-10,5,Development,true,,MX.TO,2023-04-10,2023-04-17,^GSPTSE,2,64,3.17,1.81,1.37,0.43,3.17
5|TD.TO|2023-04-10,5,Development,true,,TD.TO,2023-04-10,2023-04-17,^GSPTSE,3,63,2.51,1.81,0.71,0.62,2.51
5|LIF.TO|2023-04-10,5,Development,true,,LIF.TO,2023-04-10,2023-04-17,^GSPTSE,4,62.4,2.13,1.81,0.32,2.13,3.53
5|EFN.TO|2023-04-10,5,Development,true,,EFN.TO,2023-04-10,2023-04-17,^GSPTSE,5,59.9,-0.57,1.81,-2.37,-2.39,1.08
5|SSRM.TO|2023-04-25,5,Development,true,,SSRM.TO,2023-04-25,2023-05-02,^GSPTSE,1,62.3,1.34,-0.16,1.5,-4.18,1.34
5|SU.TO|2023-04-27,5,Development,true,,SU.TO,2023-04-27,2023-05-04,^GSPTSE,1,64.6,-6.54,-1.39,-5.15,-6.54,2.74
5|MX.TO|2023-04-27,5,Development,true,,MX.TO,2023-04-27,2023-05-04,^GSPTSE,2,63.7,-2.65,-1.39,-1.27,-2.65,2.48
5|VET.TO|2023-04-27,5,Development,true,,VET.TO,2023-04-27,2023-05-04,^GSPTSE,3,58.9,-2.54,-1.39,-1.16,-5.44,3.75
5|HBM.TO|2023-04-28,5,Development,true,,HBM.TO,2023-04-28,2023-05-05,^GSPTSE,1,62.8,2.5,-0.46,2.96,-3.09,2.5
5|CJT.TO|2023-05-01,5,Development,true,,CJT.TO,2023-05-01,2023-05-08,^GSPTSE,1,65.1,0.33,-0.15,0.48,-1.07,0.72
5|ONEX.TO|2023-05-02,5,Development,true,,ONEX.TO,2023-05-02,2023-05-09,^GSPTSE,1,63.6,-1.74,0.87,-2.61,-3.13,-0.92
5|BN.TO|2023-05-03,5,Development,true,,BN.TO,2023-05-03,2023-05-10,^GSPTSE,1,67.5,-0.93,0.71,-1.64,-2.57,2.47
5|HBM.TO|2023-05-03,5,Development,true,,HBM.TO,2023-05-03,2023-05-10,^GSPTSE,2,60.1,0,0.71,-0.71,-2.08,5.65
5|AP-UN.TO|2023-05-04,5,Development,true,,AP-UN.TO,2023-05-04,2023-05-11,^GSPTSE,2,60.7,4.86,0.89,3.97,2.61,5.08
5|MX.TO|2023-05-04,5,Development,true,,MX.TO,2023-05-04,2023-05-11,^GSPTSE,3,60.6,-2.86,0.89,-3.75,-2.86,1.92
5|ONEX.TO|2023-05-05,5,Development,true,,ONEX.TO,2023-05-05,2023-05-12,^GSPTSE,2,64.2,-0.56,-0.6,0.04,-1.37,2.21
5|TFII.TO|2023-05-09,5,Development,true,,TFII.TO,2023-05-09,2023-05-16,^GSPTSE,1,58.8,0.8,-1.67,2.46,0.8,2.13
5|KNT.TO|2023-05-09,5,Development,true,,KNT.TO,2023-05-09,2023-05-16,^GSPTSE,2,58.6,-5.77,-1.67,-4.1,-5.77,-1.06
5|GIL.TO|2023-05-10,5,Development,true,,GIL.TO,2023-05-10,2023-05-17,^GSPTSE,1,64,-1.73,-0.99,-0.74,-2.15,2.84
5|MG.TO|2023-05-10,5,Development,true,,MG.TO,2023-05-10,2023-05-17,^GSPTSE,2,62.8,-0.23,-0.99,0.76,-0.82,2.24
5|CIGI.TO|2023-05-10,5,Development,true,,CIGI.TO,2023-05-10,2023-05-17,^GSPTSE,4,59.7,2.61,-0.99,3.6,0.19,2.61
5|LB.TO|2023-05-11,5,Development,true,,LB.TO,2023-05-11,2023-05-18,^GSPTSE,1,67.7,-0.06,-0.59,0.53,-0.06,1.13
5|ONEX.TO|2023-05-15,5,Development,true,,ONEX.TO,2023-05-15,2023-05-23,^GSPTSE,1,64.7,2.47,-1.92,4.39,-1.43,2.47
5|FVI.TO|2023-05-16,5,Development,true,,FVI.TO,2023-05-16,2023-05-24,^GSPTSE,1,65,-8.49,-1.55,-6.94,-8.49,-1.86
5|BN.TO|2023-05-16,5,Development,true,,BN.TO,2023-05-16,2023-05-24,^GSPTSE,2,61.3,2.16,-1.55,3.71,1.91,4.12
5|MFI.TO|2023-05-16,5,Development,true,,MFI.TO,2023-05-16,2023-05-24,^GSPTSE,3,60.6,-2.55,-1.55,-1,-2.55,2.86
5|CNQ.TO|2023-05-17,5,Development,true,,CNQ.TO,2023-05-17,2023-05-25,^GSPTSE,2,66.7,-0.23,-2.57,2.35,-0.23,4.13
5|SU.TO|2023-05-17,5,Development,true,,SU.TO,2023-05-17,2023-05-25,^GSPTSE,4,63.2,0.78,-2.57,3.35,-0.05,2.23
5|TXG.TO|2023-05-19,5,Development,true,,TXG.TO,2023-05-19,2023-05-29,^GSPTSE,1,64.8,0.89,-1.88,2.77,-3.37,2.43
5|OGC.TO|2023-05-19,5,Development,true,,OGC.TO,2023-05-19,2023-05-29,^GSPTSE,2,64.1,0.35,-1.88,2.23,-2.81,0.7
5|FVI.TO|2023-05-19,5,Development,true,,FVI.TO,2023-05-19,2023-05-29,^GSPTSE,3,63,-4.52,-1.88,-2.63,-5.16,-0.86
5|OGC.TO|2023-05-24,5,Development,true,,OGC.TO,2023-05-24,2023-05-31,^GSPTSE,1,63.5,5.73,-1.78,7.52,-0.72,5.73
5|PET.TO|2023-05-24,5,Development,true,,PET.TO,2023-05-24,2023-05-31,^GSPTSE,2,60.5,-7.66,-1.78,-5.88,-7.66,-0.83
5|EQX.TO|2023-05-24,5,Development,true,,EQX.TO,2023-05-24,2023-05-31,^GSPTSE,3,59.7,0.31,-1.78,2.1,-5.83,0.31
5|LUG.TO|2023-05-26,5,Development,true,,LUG.TO,2023-05-26,2023-06-02,^GSPTSE,1,77.2,-0.94,0.52,-1.46,-0.94,2.29
5|LSPD.TO|2023-05-26,5,Development,true,,LSPD.TO,2023-05-26,2023-06-02,^GSPTSE,2,76.3,15.42,0.52,14.9,2.06,15.42
5|IMG.TO|2023-05-26,5,Development,true,,IMG.TO,2023-05-26,2023-06-02,^GSPTSE,4,65.4,4.1,0.52,3.57,-1.91,5.74
5|CNQ.TO|2023-05-26,5,Development,true,,CNQ.TO,2023-05-26,2023-06-02,^GSPTSE,5,63,-0.73,0.52,-1.25,-3.55,0.44
5|DPM.TO|2023-05-26,5,Development,true,,DPM.TO,2023-05-26,2023-06-02,^GSPTSE,6,60.5,0.53,0.52,0.01,-1.7,2.02
5|WN.TO|2023-05-29,5,Development,true,,WN.TO,2023-05-29,2023-06-05,^GSPTSE,5,62.4,-4.57,-0.18,-4.39,-4.57,-1.31
5|EQX.TO|2023-05-29,5,Development,true,,EQX.TO,2023-05-29,2023-06-05,^GSPTSE,6,59.3,5.48,-0.18,5.67,-0.65,6.77
5|BTO.TO|2023-05-31,5,Development,true,,BTO.TO,2023-05-31,2023-06-07,^GSPTSE,1,73.1,-0.4,2.1,-2.5,-0.4,2.19
5|CIGI.TO|2023-05-31,5,Development,true,,CIGI.TO,2023-05-31,2023-06-07,^GSPTSE,2,66.2,7.01,2.1,4.9,-1.15,7.01
5|K.TO|2023-05-31,5,Development,true,,K.TO,2023-05-31,2023-06-07,^GSPTSE,3,66,-1.72,2.1,-3.82,-1.72,2.66
5|DPM.TO|2023-05-31,5,Development,true,,DPM.TO,2023-05-31,2023-06-07,^GSPTSE,4,64.2,1.71,2.1,-0.39,1.07,3.64
5|IMO.TO|2023-06-01,5,Development,true,,IMO.TO,2023-06-01,2023-06-08,^GSPTSE,1,86.9,5.71,1.37,4.34,2.47,5.89
5|CNQ.TO|2023-06-01,5,Development,true,,CNQ.TO,2023-06-01,2023-06-08,^GSPTSE,2,69,1.56,1.37,0.18,0.88,1.96
5|BTE.TO|2023-06-01,5,Development,true,,BTE.TO,2023-06-01,2023-06-08,^GSPTSE,3,67.7,4.51,1.37,3.14,4.29,6.32
5|WCP.TO|2023-06-01,5,Development,true,,WCP.TO,2023-06-01,2023-06-08,^GSPTSE,4,66.3,2.36,1.37,0.98,2.36,4.28
5|QBR-B.TO|2023-06-02,5,Development,true,,QBR-B.TO,2023-06-02,2023-06-09,^GSPTSE,2,70.6,0.62,-0.66,1.28,-0.83,1.66
5|LNR.TO|2023-06-02,5,Development,true,,LNR.TO,2023-06-02,2023-06-09,^GSPTSE,3,61.8,7.89,-0.66,8.55,2.18,7.89
5|CTC-A.TO|2023-06-02,5,Development,true,,CTC-A.TO,2023-06-02,2023-06-09,^GSPTSE,4,59.8,-0.49,-0.66,0.17,-0.49,0.39
5|LUG.TO|2023-06-05,5,Development,true,,LUG.TO,2023-06-05,2023-06-12,^GSPTSE,1,77.7,-4.45,-0.05,-4.4,-4.45,1.12
5|WCP.TO|2023-06-05,5,Development,true,,WCP.TO,2023-06-05,2023-06-12,^GSPTSE,2,66.6,-3.01,-0.05,-2.96,-3.01,1.04
5|AGI.TO|2023-06-05,5,Development,true,,AGI.TO,2023-06-05,2023-06-12,^GSPTSE,5,60.3,0.9,-0.05,0.95,-1.32,1.26
5|K.TO|2023-06-05,5,Development,true,,K.TO,2023-06-05,2023-06-12,^GSPTSE,6,60,-0.92,-0.05,-0.87,-3.82,-0.61
5|GRT-UN.TO|2023-06-06,5,Development,true,,GRT-UN.TO,2023-06-06,2023-06-13,^GSPTSE,1,68,-1.56,-0.33,-1.23,-1.56,0.7
5|KNT.TO|2023-06-08,5,Development,true,,KNT.TO,2023-06-08,2023-06-15,^GSPTSE,1,65.5,-2.7,0.42,-3.12,-2.7,-0.51
5|CAE.TO|2023-06-09,5,Development,true,,CAE.TO,2023-06-09,2023-06-16,^GSPTSE,1,70.6,2.16,0.42,1.74,-0.5,2.16
5|WCP.TO|2023-06-09,5,Development,true,,WCP.TO,2023-06-09,2023-06-16,^GSPTSE,2,68.7,-1.36,0.42,-1.77,-2.5,-0.42
5|AGI.TO|2023-06-09,5,Development,true,,AGI.TO,2023-06-09,2023-06-16,^GSPTSE,3,61.2,-1.93,0.42,-2.34,-2.59,1.76
5|ATZ.TO|2023-06-12,5,Development,true,,ATZ.TO,2023-06-12,2023-06-19,^GSPTSE,1,71.8,3.37,0.06,3.3,2.43,4.31
5|POU.TO|2023-06-12,5,Development,true,,POU.TO,2023-06-12,2023-06-19,^GSPTSE,2,62.9,2.21,0.06,2.15,-1.36,2.56
5|PEY.TO|2023-06-13,5,Development,true,,PEY.TO,2023-06-13,2023-06-20,^GSPTSE,1,64.4,-0.46,-1.18,0.72,-1.02,1.86
5|WCP.TO|2023-06-13,5,Development,true,,WCP.TO,2023-06-13,2023-06-20,^GSPTSE,2,61.6,-3.35,-1.18,-2.17,-3.35,-0.42
5|NPI.TO|2023-06-13,5,Development,true,,NPI.TO,2023-06-13,2023-06-20,^GSPTSE,3,61.5,-2.23,-1.18,-1.05,-3.47,-1.95
5|TFII.TO|2023-06-14,5,Development,true,,TFII.TO,2023-06-14,2023-06-21,^GSPTSE,1,64.6,-2.05,-1.54,-0.51,-2.07,-0.7
5|POU.TO|2023-06-15,5,Development,true,,POU.TO,2023-06-15,2023-06-22,^GSPTSE,1,79.1,-1.37,-2.23,0.86,-1.37,1.88
5|TVE.TO|2023-06-15,5,Development,true,,TVE.TO,2023-06-15,2023-06-22,^GSPTSE,2,63.6,-6.08,-2.23,-3.85,-6.08,-1.52
5|PEY.TO|2023-06-15,5,Development,true,,PEY.TO,2023-06-15,2023-06-22,^GSPTSE,3,63.4,-3.28,-2.23,-1.05,-3.28,-0.18
5|PAAS.TO|2023-06-16,5,Development,true,,PAAS.TO,2023-06-16,2023-06-23,^GSPTSE,1,69.3,-6.2,-2.79,-3.41,-6.89,-0.89
5|DPM.TO|2023-06-16,5,Development,true,,DPM.TO,2023-06-16,2023-06-23,^GSPTSE,2,67.7,-2.43,-2.79,0.36,-3.54,-0.44
5|LUG.TO|2023-06-16,5,Development,true,,LUG.TO,2023-06-16,2023-06-23,^GSPTSE,3,67.2,-3.2,-2.79,-0.41,-4.27,-0.75
5|OGC.TO|2023-06-16,5,Development,true,,OGC.TO,2023-06-16,2023-06-23,^GSPTSE,4,64.3,-5.09,-2.79,-2.3,-5.09,-0.36
5|OR.TO|2023-06-16,5,Development,true,,OR.TO,2023-06-16,2023-06-23,^GSPTSE,5,64.1,-3.88,-2.79,-1.09,-4.22,-0.19
5|NPI.TO|2023-06-16,5,Development,true,,NPI.TO,2023-06-16,2023-06-23,^GSPTSE,6,61.3,-2.48,-2.79,0.31,-2.48,0.58
5|CVE.TO|2023-06-19,5,Development,true,,CVE.TO,2023-06-19,2023-06-26,^GSPTSE,1,79.2,-1.18,-1.74,0.56,-3.86,0.68
5|BTE.TO|2023-06-19,5,Development,true,,BTE.TO,2023-06-19,2023-06-26,^GSPTSE,5,62,-8.2,-1.74,-6.46,-11.16,-2.51
5|AGI.TO|2023-06-19,5,Development,true,,AGI.TO,2023-06-19,2023-06-26,^GSPTSE,6,61.9,-5.28,-1.74,-3.54,-5.28,-3.97
5|CU.TO|2023-06-20,5,Development,true,,CU.TO,2023-06-20,2023-06-27,^GSPTSE,1,65.6,-1.57,-0.11,-1.46,-2.14,-0.2
5|SDE.TO|2023-06-20,5,Development,true,,SDE.TO,2023-06-20,2023-06-27,^GSPTSE,2,62.6,-15.3,-0.11,-15.19,-15.3,-2
5|CVE.TO|2023-06-21,5,Development,true,,CVE.TO,2023-06-21,2023-06-28,^GSPTSE,1,76.6,-0.72,0.57,-1.3,-4.51,-0.72
5|OR.TO|2023-06-21,5,Development,true,,OR.TO,2023-06-21,2023-06-28,^GSPTSE,2,68.5,-0.3,0.57,-0.88,-0.3,0.81
5|CNQ.TO|2023-06-21,5,Development,true,,CNQ.TO,2023-06-21,2023-06-28,^GSPTSE,3,66.9,1.22,0.57,0.65,-2.26,1.22
5|WPM.TO|2023-06-21,5,Development,true,,WPM.TO,2023-06-21,2023-06-28,^GSPTSE,5,62.2,0.37,0.57,-0.2,0.05,0.77
5|LUG.TO|2023-06-21,5,Development,true,,LUG.TO,2023-06-21,2023-06-28,^GSPTSE,6,61.6,0.52,0.57,-0.05,-0.91,0.52
5|WN.TO|2023-06-22,5,Development,true,,WN.TO,2023-06-22,2023-06-29,^GSPTSE,3,64,1.41,1.7,-0.28,0.09,1.72
5|PAAS.TO|2023-06-22,5,Development,true,,PAAS.TO,2023-06-22,2023-06-29,^GSPTSE,4,63,-0.16,1.7,-1.86,-0.95,1.75
5|BTO.TO|2023-06-22,5,Development,true,,BTO.TO,2023-06-22,2023-06-29,^GSPTSE,5,62.3,0.43,1.7,-1.26,-1.08,1.95
5|ABX.TO|2023-06-23,5,Development,true,,ABX.TO,2023-06-23,2023-06-30,^GSPTSE,1,64.1,3.32,3.8,-0.48,0.41,3.32
5|MX.TO|2023-06-23,5,Development,true,,MX.TO,2023-06-23,2023-06-30,^GSPTSE,2,63.9,6.44,3.8,2.64,0.54,6.44
5|AEM.TO|2023-06-23,5,Development,true,,AEM.TO,2023-06-23,2023-06-30,^GSPTSE,3,62.3,2.1,3.8,-1.7,-0.86,2.1
5|FNV.TO|2023-06-23,5,Development,true,,FNV.TO,2023-06-23,2023-06-30,^GSPTSE,4,59.2,2.84,3.8,-0.95,-1.28,2.84
5|PET.TO|2023-06-26,5,Development,true,,PET.TO,2023-06-26,2023-07-04,^GSPTSE,1,68,0.1,3.15,-3.05,-0.69,1.38
5|CAE.TO|2023-06-26,5,Development,true,,CAE.TO,2023-06-26,2023-07-04,^GSPTSE,2,65.4,5.35,3.15,2.2,0.5,5.74
5|CVE.TO|2023-06-26,5,Development,true,,CVE.TO,2023-06-26,2023-07-04,^GSPTSE,3,65.4,5.11,3.15,1.95,-0.14,5.11
5|GRT-UN.TO|2023-06-26,5,Development,true,,GRT-UN.TO,2023-06-26,2023-07-04,^GSPTSE,4,64.5,6.7,3.15,3.55,2.61,6.7
5|ATZ.TO|2023-06-27,5,Development,true,,ATZ.TO,2023-06-27,2023-07-05,^GSPTSE,1,65.3,4.63,1.88,2.75,0.73,4.91
5|AIF.TO|2023-06-28,5,Development,true,,AIF.TO,2023-06-28,2023-07-06,^GSPTSE,1,68,-1.39,-0.04,-1.34,-1.39,0.36
5|SAP.TO|2023-06-29,5,Development,true,,SAP.TO,2023-06-29,2023-07-07,^GSPTSE,1,63.5,-4.51,-0.41,-4.1,-4.51,0.68
5|BEPC.TO|2023-06-29,5,Development,true,,BEPC.TO,2023-06-29,2023-07-07,^GSPTSE,2,60.7,0.19,-0.41,0.61,-0.68,2.01
5|KNT.TO|2023-06-30,5,Development,true,,KNT.TO,2023-06-30,2023-07-10,^GSPTSE,1,61,9.74,-1.65,11.39,-4,9.74
5|AGI.TO|2023-07-06,5,Development,true,,AGI.TO,2023-07-06,2023-07-13,^GSPTSE,1,60.5,7.25,2.36,4.9,-0.26,8.16
5|KNT.TO|2023-07-07,5,Development,true,,KNT.TO,2023-07-07,2023-07-14,^GSPTSE,1,65.8,14.01,2.17,11.83,11.35,16.84
5|FNV.TO|2023-07-07,5,Development,true,,FNV.TO,2023-07-07,2023-07-14,^GSPTSE,2,62.8,4.75,2.17,2.58,1.37,4.75
5|WPM.TO|2023-07-10,5,Development,true,,WPM.TO,2023-07-10,2023-07-17,^GSPTSE,1,68.3,4.47,2.04,2.43,-0.8,5.38
5|CJT.TO|2023-07-10,5,Development,true,,CJT.TO,2023-07-10,2023-07-17,^GSPTSE,4,61.2,-1.63,2.04,-3.67,-1.79,-0.24
5|BEPC.TO|2023-07-11,5,Development,true,,BEPC.TO,2023-07-11,2023-07-18,^GSPTSE,3,59.3,0.14,2.51,-2.36,0.14,2.11
5|NPI.TO|2023-07-13,5,Development,true,,NPI.TO,2023-07-13,2023-07-20,^GSPTSE,1,73.6,1.76,0.79,0.97,0.34,1.76
5|JWEL.TO|2023-07-14,5,Development,true,,JWEL.TO,2023-07-14,2023-07-21,^GSPTSE,1,60.2,-0.63,1.41,-2.03,-2.09,-0.63
5|IMO.TO|2023-07-18,5,Development,true,,IMO.TO,2023-07-18,2023-07-25,^GSPTSE,1,70.1,6.01,0.86,5.15,-1.54,6.25
5|RCI-B.TO|2023-07-18,5,Development,true,,RCI-B.TO,2023-07-18,2023-07-25,^GSPTSE,2,64.6,0.19,0.86,-0.67,-0.05,0.68
5|JWEL.TO|2023-07-18,5,Development,true,,JWEL.TO,2023-07-18,2023-07-25,^GSPTSE,3,58.5,1.12,0.86,0.27,-1.09,1.12
5|NWC.TO|2023-07-19,5,Development,true,,NWC.TO,2023-07-19,2023-07-26,^GSPTSE,1,61.1,4.62,0.34,4.28,1.16,5.56
5|BB.TO|2023-07-21,5,Development,true,,BB.TO,2023-07-21,2023-07-28,^GSPTSE,1,60.1,1.62,-0.14,1.75,-0.81,1.62
5|RCI-B.TO|2023-07-28,5,Development,true,,RCI-B.TO,2023-07-28,2023-08-04,^GSPTSE,1,65.7,-3.89,-1.38,-2.51,-4.06,-0.5
5|TSLA.TO|2023-07-28,5,Development,true,,TSLA.TO,2023-07-28,2023-08-04,^IXIC,2,65.3,-4.77,-2.85,-1.93,-4.77,0.24
5|CG.TO|2023-08-02,5,Development,true,,CG.TO,2023-08-02,2023-08-10,^GSPTSE,1,70.4,1.26,0.62,0.64,-0.75,1.26
5|TXG.TO|2023-08-02,5,Development,true,,TXG.TO,2023-08-02,2023-08-10,^GSPTSE,2,60.3,-12.32,0.62,-12.94,-12.32,-2.46
5|K.TO|2023-08-03,5,Development,true,,K.TO,2023-08-03,2023-08-11,^GSPTSE,1,73.6,8.07,1.43,6.64,5.06,8.07
5|RCI-B.TO|2023-08-03,5,Development,true,,RCI-B.TO,2023-08-03,2023-08-11,^GSPTSE,3,61,1.27,1.43,-0.16,-0.91,1.43
5|ELD.TO|2023-08-03,5,Development,true,,ELD.TO,2023-08-03,2023-08-11,^GSPTSE,4,59.9,-0.16,1.43,-1.59,-1.05,0.49
5|AEM.TO|2023-08-03,5,Development,true,,AEM.TO,2023-08-03,2023-08-11,^GSPTSE,5,58.6,2.2,1.43,0.77,0.12,2.2
5|NPI.TO|2023-08-09,5,Development,true,,NPI.TO,2023-08-09,2023-08-16,^GSPTSE,1,64.2,-4.99,-1.86,-3.13,-6.39,0.04
5|AGI.TO|2023-08-09,5,Development,true,,AGI.TO,2023-08-09,2023-08-16,^GSPTSE,2,62.2,-1.61,-1.86,0.25,-1.61,1.16
5|CU.TO|2023-08-09,5,Development,true,,CU.TO,2023-08-09,2023-08-16,^GSPTSE,3,58.5,-0.28,-1.86,1.58,-1.12,-0.06
5|AMD.TO|2023-08-10,5,Development,true,,AMD.TO,2023-08-10,2023-08-17,^IXIC,1,67.8,-5.28,-3.06,-2.22,-5.28,1.59
5|AC.TO|2023-08-11,5,Development,true,,AC.TO,2023-08-11,2023-08-18,^GSPTSE,1,68.2,-3.86,-2.89,-0.97,-3.86,-0.13
5|BBD-B.TO|2023-08-14,5,Development,true,,BBD-B.TO,2023-08-14,2023-08-21,^GSPTSE,1,67.4,-8.04,-2.49,-5.55,-8.75,-2.24
5|BB.TO|2023-08-14,5,Development,true,,BB.TO,2023-08-14,2023-08-21,^GSPTSE,2,62.6,-3.88,-2.49,-1.39,-4.85,-2.26
5|JWEL.TO|2023-08-14,5,Development,true,,JWEL.TO,2023-08-14,2023-08-21,^GSPTSE,4,61.7,-4.84,-2.49,-2.34,-4.87,-2.6
5|AMD.TO|2023-08-15,5,Development,true,,AMD.TO,2023-08-15,2023-08-22,^IXIC,1,76.4,-5,-0.92,-4.08,-6.2,-2.82
5|WELL.TO|2023-08-15,5,Development,true,,WELL.TO,2023-08-15,2023-08-22,^GSPTSE,2,65.1,-3.17,-1.05,-2.12,-4.52,-1.81
5|BEPC.TO|2023-08-16,5,Development,true,,BEPC.TO,2023-08-16,2023-08-23,^GSPTSE,1,59.8,1.13,-0.1,1.23,-1.29,1.13
5|CCL-B.TO|2023-08-16,5,Development,true,,CCL-B.TO,2023-08-16,2023-08-23,^GSPTSE,2,59.2,-1.53,-0.1,-1.44,-2.17,-0.29
5|BIP-UN.TO|2023-08-17,5,Development,true,,BIP-UN.TO,2023-08-17,2023-08-24,^GSPTSE,1,59,0.61,-0.18,0.79,-0.84,1.1
5|WELL.TO|2023-08-18,5,Development,true,,WELL.TO,2023-08-18,2023-08-25,^GSPTSE,1,73.4,1.64,0.09,1.56,0.47,2.58
5|CTC-A.TO|2023-08-18,5,Development,true,,CTC-A.TO,2023-08-18,2023-08-25,^GSPTSE,2,64,-1.89,0.09,-1.98,-1.89,-0.37
5|ERO.TO|2023-08-18,5,Development,true,,ERO.TO,2023-08-18,2023-08-25,^GSPTSE,3,59,4.9,0.09,4.81,4.11,7.51
5|CS.TO|2023-08-21,5,Development,true,,CS.TO,2023-08-21,2023-08-28,^GSPTSE,1,67.3,0.33,1.21,-0.88,-0.17,3.99
5|HBM.TO|2023-08-21,5,Development,true,,HBM.TO,2023-08-21,2023-08-28,^GSPTSE,2,60.9,1.24,1.21,0.02,-1.39,2.16
5|BIP-UN.TO|2023-08-21,5,Development,true,,BIP-UN.TO,2023-08-21,2023-08-28,^GSPTSE,3,59.5,0.89,1.21,-0.33,-0.84,0.93
5|CG.TO|2023-08-22,5,Development,true,,CG.TO,2023-08-22,2023-08-29,^GSPTSE,1,67.2,8.74,3.04,5.7,5.7,8.74
5|AMD.TO|2023-08-25,5,Development,true,,AMD.TO,2023-08-25,2023-09-01,^IXIC,1,63.2,6.96,3.25,3.72,0.35,6.96
5|GFL.TO|2023-08-28,5,Development,true,,GFL.TO,2023-08-28,2023-09-05,^GSPTSE,2,60.9,0.41,1.94,-1.53,-1.02,0.41
5|MSFT.TO|2023-08-30,5,Development,true,,MSFT.TO,2023-08-30,2023-09-07,^IXIC,1,66.3,0.66,-1.93,2.58,0,1.52
5|BEPC.TO|2023-09-01,5,Development,true,,BEPC.TO,2023-09-01,2023-09-11,^GSPTSE,1,62.1,-3.99,-1.76,-2.22,-7.02,-0.85
5|CM.TO|2023-09-05,5,Development,true,,CM.TO,2023-09-05,2023-09-12,^GSPTSE,1,60.5,-0.06,-0.93,0.88,-1.74,-0.06
5|BTO.TO|2023-09-06,5,Development,true,,BTO.TO,2023-09-06,2023-09-13,^GSPTSE,1,76.6,1.2,0.26,0.95,-0.96,1.69
5|KXS.TO|2023-09-07,5,Development,true,,KXS.TO,2023-09-07,2023-09-14,^GSPTSE,2,70.8,2.67,2.16,0.5,0.11,2.67
5|QSR.TO|2023-09-07,5,Development,true,,QSR.TO,2023-09-07,2023-09-14,^GSPTSE,3,66,1.12,2.16,-1.05,-1.8,1.12
5|FM.TO|2023-09-07,5,Development,true,,FM.TO,2023-09-07,2023-09-14,^GSPTSE,4,62.4,2.57,2.16,0.41,-2.14,2.57
5|BEP-UN.TO|2023-09-07,5,Development,true,,BEP-UN.TO,2023-09-07,2023-09-14,^GSPTSE,5,62,5.28,2.16,3.11,0.99,5.28
5|GOOS.TO|2023-09-07,5,Development,true,,GOOS.TO,2023-09-07,2023-09-14,^GSPTSE,6,61.7,0.43,2.16,-1.73,-2.11,0.43
5|FTT.TO|2023-09-08,5,Development,true,,FTT.TO,2023-09-08,2023-09-15,^GSPTSE,3,63.2,-0.33,2.73,-3.06,-0.33,2.67
5|LUG.TO|2023-09-11,5,Development,true,,LUG.TO,2023-09-11,2023-09-18,^GSPTSE,1,63.6,3.73,1.54,2.19,-0.07,3.73
5|BEPC.TO|2023-09-11,5,Development,true,,BEPC.TO,2023-09-11,2023-09-18,^GSPTSE,3,61.1,4.57,1.54,3.03,1.5,5.1
5|PET.TO|2023-09-12,5,Development,true,,PET.TO,2023-09-12,2023-09-19,^GSPTSE,1,65.9,-2,-0.02,-1.98,-2,-0.27
5|HBM.TO|2023-09-12,5,Development,true,,HBM.TO,2023-09-12,2023-09-19,^GSPTSE,3,63.2,0,-0.02,0.02,0,5.27
5|GOOS.TO|2023-09-13,5,Development,true,,GOOS.TO,2023-09-13,2023-09-20,^GSPTSE,1,71.2,-1.94,-0.32,-1.62,-1.94,3.78
5|CTC-A.TO|2023-09-13,5,Development,true,,CTC-A.TO,2023-09-13,2023-09-20,^GSPTSE,3,58.7,-2.34,-0.32,-2.03,-2.34,1.19
5|DPM.TO|2023-09-14,5,Development,true,,DPM.TO,2023-09-14,2023-09-21,^GSPTSE,1,65.6,4.19,-3.77,7.96,1.48,5.05
5|TXG.TO|2023-09-14,5,Development,true,,TXG.TO,2023-09-14,2023-09-21,^GSPTSE,2,65.6,2.91,-3.77,6.68,2.62,6.02
5|EQB.TO|2023-09-14,5,Development,true,,EQB.TO,2023-09-14,2023-09-21,^GSPTSE,3,64.4,0.81,-3.77,4.59,-1.72,0.9
5|LNR.TO|2023-09-14,5,Development,true,,LNR.TO,2023-09-14,2023-09-21,^GSPTSE,4,59.7,-2.87,-3.77,0.91,-2.87,1.38
5|CCL-B.TO|2023-09-14,5,Development,true,,CCL-B.TO,2023-09-14,2023-09-21,^GSPTSE,5,58.5,-1.94,-3.77,1.83,-1.94,0.35
5|ERO.TO|2023-09-15,5,Development,true,,ERO.TO,2023-09-15,2023-09-22,^GSPTSE,3,61.8,-6.57,-4.08,-2.49,-6.57,0.83
5|WELL.TO|2023-09-18,5,Development,true,,WELL.TO,2023-09-18,2023-09-25,^GSPTSE,1,64.7,-1.59,-3.38,1.78,-2.73,0
5|EQB.TO|2023-09-18,5,Development,true,,EQB.TO,2023-09-18,2023-09-25,^GSPTSE,2,63.6,2.77,-3.38,6.15,-0.35,2.77
5|TXG.TO|2023-09-18,5,Development,true,,TXG.TO,2023-09-18,2023-09-25,^GSPTSE,3,63.1,-2.18,-3.38,1.2,-2.45,1.98
5|BBD-B.TO|2023-09-18,5,Development,true,,BBD-B.TO,2023-09-18,2023-09-25,^GSPTSE,6,59.4,-6.26,-3.38,-2.88,-6.26,1.54
5|FM.TO|2023-09-20,5,Development,true,,FM.TO,2023-09-20,2023-09-27,^GSPTSE,1,82.3,-9.88,-3.85,-6.03,-9.88,-3
5|CS.TO|2023-09-20,5,Development,true,,CS.TO,2023-09-20,2023-09-27,^GSPTSE,2,70.4,-7.5,-3.85,-3.64,-7.5,-1.87
5|OR.TO|2023-09-20,5,Development,true,,OR.TO,2023-09-20,2023-09-27,^GSPTSE,3,67.5,-8.76,-3.85,-4.91,-8.76,-1.45
5|NPI.TO|2023-09-20,5,Development,true,,NPI.TO,2023-09-20,2023-09-27,^GSPTSE,4,65.5,-4.62,-3.85,-0.76,-4.62,-0.47
5|CG.TO|2023-09-20,5,Development,true,,CG.TO,2023-09-20,2023-09-27,^GSPTSE,5,63.9,-8.52,-3.85,-4.66,-8.52,-1.37
5|AAPL.TO|2023-09-22,5,Development,true,,AAPL.TO,2023-09-22,2023-09-29,^IXIC,1,70.4,-2.03,0.06,-2.09,-2.53,0.69
5|NA.TO|2023-09-22,5,Development,true,,NA.TO,2023-09-22,2023-09-29,^GSPTSE,2,65.5,-1.64,-1.21,-0.43,-3.23,-0.59
5|LNR.TO|2023-09-22,5,Development,true,,LNR.TO,2023-09-22,2023-09-29,^GSPTSE,3,61.5,0.89,-1.21,2.1,-1.08,1.23
5|LUN.TO|2023-09-25,5,Development,true,,LUN.TO,2023-09-25,2023-10-02,^GSPTSE,2,59.5,-3.76,-3.15,-0.61,-5.45,0.3
5|TA.TO|2023-09-25,5,Development,true,,TA.TO,2023-09-25,2023-10-02,^GSPTSE,3,58.9,-7.53,-3.15,-4.38,-7.53,1.54
5|BIP-UN.TO|2023-09-26,5,Development,true,,BIP-UN.TO,2023-09-26,2023-10-03,^GSPTSE,1,61.2,-11.12,-2.74,-8.38,-11.12,-1.68
5|WFG.TO|2023-09-26,5,Development,true,,WFG.TO,2023-09-26,2023-10-03,^GSPTSE,2,58.8,-2.61,-2.74,0.13,-2.61,0.95
5|MSFT.TO|2023-09-27,5,Development,true,,MSFT.TO,2023-09-27,2023-10-04,^IXIC,1,68.3,2.11,1.09,1.02,0.13,2.97
5|PBH.TO|2023-09-27,5,Development,true,,PBH.TO,2023-09-27,2023-10-04,^GSPTSE,2,62.6,0.01,-2.06,2.07,-0.83,1.24
5|MG.TO|2023-09-27,5,Development,true,,MG.TO,2023-09-27,2023-10-04,^GSPTSE,4,59.2,1.97,-2.06,4.04,0.63,2.67
5|CJT.TO|2023-09-28,5,Development,true,,CJT.TO,2023-09-28,2023-10-05,^GSPTSE,2,67.8,-1,-2.31,1.31,-3.92,-1
5|FTT.TO|2023-09-28,5,Development,true,,FTT.TO,2023-09-28,2023-10-05,^GSPTSE,3,67,-2.51,-2.31,-0.2,-2.78,-0.52
5|IVN.TO|2023-09-28,5,Development,true,,IVN.TO,2023-09-28,2023-10-05,^GSPTSE,4,66.7,-4.21,-2.31,-1.9,-4.56,2.11
5|GFL.TO|2023-09-28,5,Development,true,,GFL.TO,2023-09-28,2023-10-05,^GSPTSE,6,64.8,3.18,-2.31,5.49,-1.23,3.18
5|ELD.TO|2023-09-29,5,Development,true,,ELD.TO,2023-09-29,2023-10-06,^GSPTSE,3,66,0.74,-1.51,2.25,-5.12,0.74
5|OR.TO|2023-09-29,5,Development,true,,OR.TO,2023-09-29,2023-10-06,^GSPTSE,6,62.6,0.56,-1.51,2.07,-1.94,0.56
5|LNR.TO|2023-10-02,5,Development,true,,LNR.TO,2023-10-02,2023-10-10,^GSPTSE,1,66,2.53,1.69,0.84,-1.47,2.53
5|MTL.TO|2023-10-02,5,Development,true,,MTL.TO,2023-10-02,2023-10-10,^GSPTSE,2,65,3.98,1.69,2.29,-0.3,3.98
5|AP-UN.TO|2023-10-02,5,Development,true,,AP-UN.TO,2023-10-02,2023-10-10,^GSPTSE,4,62.3,-1.19,1.69,-2.88,-3.68,-1.19
5|CJT.TO|2023-10-02,5,Development,true,,CJT.TO,2023-10-02,2023-10-10,^GSPTSE,6,60.6,5.62,1.69,3.93,-0.84,5.62
5|BTO.TO|2023-10-03,5,Development,true,,BTO.TO,2023-10-03,2023-10-11,^GSPTSE,1,71.9,9.82,3.38,6.44,0.26,9.82
5|DPM.TO|2023-10-03,5,Development,true,,DPM.TO,2023-10-03,2023-10-11,^GSPTSE,2,71,4.77,3.38,1.39,-2.08,4.77
5|KXS.TO|2023-10-03,5,Development,true,,KXS.TO,2023-10-03,2023-10-11,^GSPTSE,4,69.3,-2.31,3.38,-5.69,-2.31,1.38
5|SSRM.TO|2023-10-03,5,Development,true,,SSRM.TO,2023-10-03,2023-10-11,^GSPTSE,5,68.2,3.39,3.38,0.01,-0.8,3.39
5|RCI-B.TO|2023-10-03,5,Development,true,,RCI-B.TO,2023-10-03,2023-10-11,^GSPTSE,6,67.9,6.77,3.38,3.39,0.89,6.77
5|H.TO|2023-10-04,5,Development,true,,H.TO,2023-10-04,2023-10-12,^GSPTSE,1,72.8,5.3,2.44,2.86,1.88,6.24
5|ABX.TO|2023-10-04,5,Development,true,,ABX.TO,2023-10-04,2023-10-12,^GSPTSE,6,67.6,6.15,2.44,3.71,1.03,6.15
5|TSU.TO|2023-10-05,5,Development,true,,TSU.TO,2023-10-05,2023-10-13,^GSPTSE,3,69.8,1.44,1.7,-0.26,0.87,3.41
5|SSRM.TO|2023-10-05,5,Development,true,,SSRM.TO,2023-10-05,2023-10-13,^GSPTSE,5,65.9,8.19,1.7,6.5,0.58,8.19
5|ATZ.TO|2023-10-05,5,Development,true,,ATZ.TO,2023-10-05,2023-10-13,^GSPTSE,6,65.3,6.86,1.7,5.16,3.43,11.33
5|LUG.TO|2023-10-06,5,Development,true,,LUG.TO,2023-10-06,2023-10-16,^GSPTSE,1,72.7,12.88,1.95,10.94,1.27,12.88
5|EQB.TO|2023-10-06,5,Development,true,,EQB.TO,2023-10-06,2023-10-16,^GSPTSE,5,63.4,0.16,1.95,-1.78,-3.19,0.16
5|BEPC.TO|2023-10-06,5,Development,true,,BEPC.TO,2023-10-06,2023-10-16,^GSPTSE,6,61.2,0.92,1.95,-1.02,-0.48,4.17
5|RY.TO|2023-10-10,5,Development,true,,RY.TO,2023-10-10,2023-10-17,^GSPTSE,1,60.9,0.02,0.98,-0.97,-0.84,0.75
5|EQB.TO|2023-10-11,5,Development,true,,EQB.TO,2023-10-11,2023-10-18,^GSPTSE,1,60.5,-0.74,-1.08,0.34,-1.76,2.2
5|MG.TO|2023-10-13,5,Development,true,,MG.TO,2023-10-13,2023-10-20,^GSPTSE,1,69.8,-2.05,-1.78,-0.26,-2.92,2.09
5|CTC-A.TO|2023-10-13,5,Development,true,,CTC-A.TO,2023-10-13,2023-10-20,^GSPTSE,2,65.1,-2.68,-1.78,-0.89,-2.68,0.97
5|CU.TO|2023-10-13,5,Development,true,,CU.TO,2023-10-13,2023-10-20,^GSPTSE,3,65.1,-2.82,-1.78,-1.03,-2.82,1.66
5|CS.TO|2023-10-13,5,Development,true,,CS.TO,2023-10-13,2023-10-20,^GSPTSE,4,62.5,-5.98,-1.78,-4.2,-5.98,1.35
5|EQB.TO|2023-10-13,5,Development,true,,EQB.TO,2023-10-13,2023-10-20,^GSPTSE,5,60.9,-4.26,-1.78,-2.48,-4.26,2.71
5|POU.TO|2023-10-13,5,Development,true,,POU.TO,2023-10-13,2023-10-20,^GSPTSE,6,60.2,7.26,-1.78,9.05,0.13,7.86
5|BEP-UN.TO|2023-10-16,5,Development,true,,BEP-UN.TO,2023-10-16,2023-10-23,^GSPTSE,4,58.7,6.57,-2.93,9.49,0.87,6.57
5|TA.TO|2023-10-16,5,Development,true,,TA.TO,2023-10-16,2023-10-23,^GSPTSE,5,58.6,-5.16,-2.93,-2.24,-5.7,-1.78
5|CCA.TO|2023-10-17,5,Development,true,,CCA.TO,2023-10-17,2023-10-24,^GSPTSE,2,64.4,-6,-3.59,-2.42,-6.81,-1.7
5|CJT.TO|2023-10-17,5,Development,true,,CJT.TO,2023-10-17,2023-10-24,^GSPTSE,3,61.2,-5.43,-3.59,-1.84,-5.43,-2.26
5|RY.TO|2023-10-19,5,Development,true,,RY.TO,2023-10-19,2023-10-26,^GSPTSE,1,68.6,-1.29,-2.45,1.16,-2.34,-1.29
5|MG.TO|2023-10-19,5,Development,true,,MG.TO,2023-10-19,2023-10-26,^GSPTSE,2,62.7,-1.2,-2.45,1.25,-1.2,0.9
5|CCL-B.TO|2023-10-19,5,Development,true,,CCL-B.TO,2023-10-19,2023-10-26,^GSPTSE,3,61.9,-2.07,-2.45,0.37,-2.07,0.07
5|SHOP.TO|2023-10-19,5,Development,true,,SHOP.TO,2023-10-19,2023-10-26,^GSPTSE,4,61.6,-9.24,-2.45,-6.79,-9.24,1.08
5|IVN.TO|2023-10-19,5,Development,true,,IVN.TO,2023-10-19,2023-10-26,^GSPTSE,5,59.7,-5.24,-2.45,-2.79,-5.51,-1.56
5|CURA.TO|2023-10-19,5,Development,true,,CURA.TO,2023-10-19,2023-10-26,^GSPTSE,6,58.8,-18.63,-2.45,-16.18,-18.63,-1.96
5|LNR.TO|2023-10-20,5,Development,true,,LNR.TO,2023-10-20,2023-10-27,^GSPTSE,2,62.9,-5.24,-1.98,-3.26,-5.24,-0.38
5|PBH.TO|2023-10-20,5,Development,true,,PBH.TO,2023-10-20,2023-10-27,^GSPTSE,4,58.9,-2.61,-1.98,-0.63,-2.61,0.5
5|SHOP.TO|2023-10-23,5,Development,true,,SHOP.TO,2023-10-23,2023-10-30,^GSPTSE,1,71.9,-7.16,-1,-6.16,-7.89,2.88
5|AMZN.TO|2023-10-23,5,Development,true,,AMZN.TO,2023-10-23,2023-10-30,^IXIC,3,67.8,4.77,-1.76,6.53,-5.62,4.77
5|TECK-B.TO|2023-10-23,5,Development,true,,TECK-B.TO,2023-10-23,2023-10-30,^GSPTSE,4,66.1,-8.02,-1,-7.02,-8.9,-5.79
5|EMA.TO|2023-10-23,5,Development,true,,EMA.TO,2023-10-23,2023-10-30,^GSPTSE,5,62.6,2.28,-1,3.28,0.58,2.28
5|CU.TO|2023-10-23,5,Development,true,,CU.TO,2023-10-23,2023-10-30,^GSPTSE,6,60.7,3.29,-1,4.29,-0.38,3.29
5|KXS.TO|2023-10-24,5,Development,true,,KXS.TO,2023-10-24,2023-10-31,^GSPTSE,5,62,-0.46,-0.6,0.14,-3.62,-0.46
5|IAG.TO|2023-10-25,5,Development,true,,IAG.TO,2023-10-25,2023-11-01,^GSPTSE,1,66.7,2.79,0.69,2.1,-1.73,2.79
5|FTT.TO|2023-10-25,5,Development,true,,FTT.TO,2023-10-25,2023-11-01,^GSPTSE,2,66,-1.9,0.69,-2.59,-2,-0.13
5|MFC.TO|2023-10-25,5,Development,true,,MFC.TO,2023-10-25,2023-11-01,^GSPTSE,3,65.6,2.68,0.69,1.99,-0.38,2.68
5|RY.TO|2023-10-25,5,Development,true,,RY.TO,2023-10-25,2023-11-01,^GSPTSE,4,64.2,1.98,0.69,1.29,-0.59,1.98
5|CM.TO|2023-10-25,5,Development,true,,CM.TO,2023-10-25,2023-11-01,^GSPTSE,6,60.4,2.14,0.69,1.45,-0.08,2.14
5|LIF.TO|2023-10-26,5,Development,true,,LIF.TO,2023-10-26,2023-11-02,^GSPTSE,1,70.1,2.64,3.98,-1.34,0.73,2.64
5|SLF.TO|2023-10-26,5,Development,true,,SLF.TO,2023-10-26,2023-11-02,^GSPTSE,4,66.8,3.9,3.98,-0.08,-1.19,3.9
5|FTT.TO|2023-10-27,5,Development,true,,FTT.TO,2023-10-27,2023-11-03,^GSPTSE,1,71.8,3.63,5.8,-2.17,-0.75,3.63
5|AAPL.TO|2023-10-27,5,Development,true,,AAPL.TO,2023-10-27,2023-11-03,^IXIC,2,70.5,4.91,6.61,-1.69,1.12,5.63
5|NVDA.TO|2023-10-27,5,Development,true,,NVDA.TO,2023-10-27,2023-11-03,^IXIC,3,64.9,11.04,6.61,4.43,0.81,11.04
5|SRU-UN.TO|2023-10-27,5,Development,true,,SRU-UN.TO,2023-10-27,2023-11-03,^GSPTSE,4,62,11.9,5.8,6.1,1.06,11.9
5|IAG.TO|2023-10-30,5,Development,true,,IAG.TO,2023-10-30,2023-11-06,^GSPTSE,2,68,5.36,4.7,0.66,1.13,6.19
5|LSPD.TO|2023-10-30,5,Development,true,,LSPD.TO,2023-10-30,2023-11-06,^GSPTSE,5,62.8,17.14,4.7,12.44,-1.14,17.14
5|CAE.TO|2023-10-31,5,Development,true,,CAE.TO,2023-10-31,2023-11-07,^GSPTSE,3,68,-0.45,3.72,-4.17,-0.45,1.93
5|LIF.TO|2023-10-31,5,Development,true,,LIF.TO,2023-10-31,2023-11-07,^GSPTSE,4,64.7,-1.61,3.72,-5.33,-1.61,1.9
5|BMO.TO|2023-10-31,5,Development,true,,BMO.TO,2023-10-31,2023-11-07,^GSPTSE,6,60.6,2.72,3.72,-1,0.02,4.49
5|FTT.TO|2023-11-01,5,Development,true,,FTT.TO,2023-11-01,2023-11-08,^GSPTSE,1,65.1,-4.97,2.36,-7.34,-5.54,4.3
5|NTR.TO|2023-11-01,5,Development,true,,NTR.TO,2023-11-01,2023-11-08,^GSPTSE,2,60.9,-2.21,2.36,-4.58,-2.68,2.41
5|CCA.TO|2023-11-01,5,Development,true,,CCA.TO,2023-11-01,2023-11-08,^GSPTSE,4,58.5,-0.71,2.36,-3.07,-0.87,2.83
5|ATZ.TO|2023-11-02,5,Development,true,,ATZ.TO,2023-11-02,2023-11-09,^GSPTSE,1,68.2,13.97,-0.2,14.16,10,17
5|ERO.TO|2023-11-02,5,Development,true,,ERO.TO,2023-11-02,2023-11-09,^GSPTSE,2,64.8,-13.23,-0.2,-13.03,-13.23,-0.54
5|MG.TO|2023-11-02,5,Development,true,,MG.TO,2023-11-02,2023-11-09,^GSPTSE,3,62.6,6.34,-0.2,6.54,6.07,8.55
5|LNR.TO|2023-11-02,5,Development,true,,LNR.TO,2023-11-02,2023-11-09,^GSPTSE,4,59.7,-1.33,-0.2,-1.14,-1.33,5.75
5|NTR.TO|2023-11-03,5,Development,true,,NTR.TO,2023-11-03,2023-11-10,^GSPTSE,1,59.4,-3.93,-0.86,-3.07,-4.97,-2.47
5|PAAS.TO|2023-11-09,5,Development,true,,PAAS.TO,2023-11-09,2023-11-16,^GSPTSE,1,62.3,4.55,2.38,2.17,-3.91,4.55
5|FNV.TO|2023-11-09,5,Development,true,,FNV.TO,2023-11-09,2023-11-16,^GSPTSE,2,59.2,0.43,2.38,-1.95,-1.82,0.43
5|POU.TO|2023-11-14,5,Development,true,,POU.TO,2023-11-14,2023-11-21,^GSPTSE,1,69.4,-3.31,0.43,-3.74,-3.77,-1.28
5|PBH.TO|2023-11-14,5,Development,true,,PBH.TO,2023-11-14,2023-11-21,^GSPTSE,2,59.4,-0.42,0.43,-0.85,-0.42,2.21
5|CAE.TO|2023-11-15,5,Development,true,,CAE.TO,2023-11-15,2023-11-22,^GSPTSE,1,62,0.53,0.28,0.25,0.53,1.3
5|KEL.TO|2023-11-16,5,Development,true,,KEL.TO,2023-11-16,2023-11-23,^GSPTSE,2,71.3,1.4,0.32,1.09,0.84,3.65
5|LNR.TO|2023-11-17,5,Development,true,,LNR.TO,2023-11-17,2023-11-24,^GSPTSE,1,59.6,-2.37,-0.36,-2.01,-2.56,0.42
5|TECK-B.TO|2023-11-21,5,Development,true,,TECK-B.TO,2023-11-21,2023-11-28,^GSPTSE,1,62.3,0.5,-0.36,0.87,-2.22,1.01
5|WELL.TO|2023-11-22,5,Development,true,,WELL.TO,2023-11-22,2023-11-29,^GSPTSE,1,64.3,0.79,0.01,0.78,-0.53,2.12
5|FTT.TO|2023-11-22,5,Development,true,,FTT.TO,2023-11-22,2023-11-29,^GSPTSE,2,63.6,-3.25,0.01,-3.26,-3.39,-0.03
5|BHC.TO|2023-11-22,5,Development,true,,BHC.TO,2023-11-22,2023-11-29,^GSPTSE,3,62.5,2.13,0.01,2.12,-0.85,2.13
5|FTT.TO|2023-11-30,5,Development,true,,FTT.TO,2023-11-30,2023-12-07,^GSPTSE,1,59.3,0.26,0.21,0.05,0.17,1.59
5|NTR.TO|2023-12-04,5,Development,true,,NTR.TO,2023-12-04,2023-12-11,^GSPTSE,1,64,0.78,-0.45,1.23,-1.31,0.78
5|DCBO.TO|2023-12-05,5,Development,true,,DCBO.TO,2023-12-05,2023-12-12,^GSPTSE,2,59.9,4.23,-0.7,4.93,-0.93,4.23
5|TFII.TO|2023-12-13,5,Development,true,,TFII.TO,2023-12-13,2023-12-20,^GSPTSE,1,77.1,4.38,-0.14,4.52,1.93,4.98
5|CVE.TO|2023-12-13,5,Development,true,,CVE.TO,2023-12-13,2023-12-20,^GSPTSE,2,60.6,1.66,-0.14,1.8,0.05,3.4
5|TA.TO|2023-12-13,5,Development,true,,TA.TO,2023-12-13,2023-12-20,^GSPTSE,3,59.7,0.09,-0.14,0.23,-0.93,1.77
5|NTR.TO|2023-12-14,5,Development,true,,NTR.TO,2023-12-14,2023-12-21,^GSPTSE,1,67.8,1.26,-0.06,1.33,-1.12,2.23
5|SSRM.TO|2023-12-21,5,Development,true,,SSRM.TO,2023-12-21,2024-01-02,^GSPTSE,1,61.3,-2.74,0.51,-3.25,-2.74,0.27
5|GIL.TO|2023-12-21,5,Development,true,,GIL.TO,2023-12-21,2024-01-02,^GSPTSE,2,59.5,-1.91,0.51,-2.42,-1.91,-0.45
5|EFR.TO|2023-12-29,5,Development,true,,EFR.TO,2023-12-29,2024-01-08,^GSPTSE,1,59.3,-4.63,0.56,-5.19,-4.95,-2.74
5|BIR.TO|2024-01-11,5,Development,true,,BIR.TO,2024-01-11,2024-01-18,^GSPTSE,1,68.3,-10.31,-0.77,-9.54,-10.31,4.47
5|HWX.TO|2024-01-12,5,Development,true,,HWX.TO,2024-01-12,2024-01-19,^GSPTSE,1,64.1,-1.64,-0.4,-1.24,-1.64,1.31
5|WCP.TO|2024-01-12,5,Development,true,,WCP.TO,2024-01-12,2024-01-19,^GSPTSE,2,62,-4.18,-0.4,-3.78,-4.29,1.02
5|PXT.TO|2024-01-17,5,Development,true,,PXT.TO,2024-01-17,2024-01-24,^GSPTSE,1,60.6,1.4,1.6,-0.2,-1.49,2.3
5|POU.TO|2024-01-18,5,Development,true,,POU.TO,2024-01-18,2024-01-25,^GSPTSE,1,67.2,5.67,1.66,4.01,-0.39,5.67
5|CAR-UN.TO|2024-01-18,5,Development,true,,CAR-UN.TO,2024-01-18,2024-01-25,^GSPTSE,2,64.6,0.65,1.66,-1.01,0.65,3.21
5|WCP.TO|2024-01-18,5,Development,true,,WCP.TO,2024-01-18,2024-01-25,^GSPTSE,3,59,5.55,1.66,3.89,0.12,5.55
5|TA.TO|2024-01-19,5,Development,true,,TA.TO,2024-01-19,2024-01-26,^GSPTSE,1,60.7,-0.39,1.05,-1.44,-2.56,0.2
5|CAR-UN.TO|2024-01-22,5,Development,true,,CAR-UN.TO,2024-01-22,2024-01-29,^GSPTSE,1,64.4,-0.54,1.32,-1.86,-2.26,0.23
5|HWX.TO|2024-01-22,5,Development,true,,HWX.TO,2024-01-22,2024-01-29,^GSPTSE,2,62.3,2.93,1.32,1.61,0.98,5.21
5|TVE.TO|2024-01-22,5,Development,true,,TVE.TO,2024-01-22,2024-01-29,^GSPTSE,3,61.8,2.93,1.32,1.61,1.63,5.21
5|TOU.TO|2024-01-23,5,Development,true,,TOU.TO,2024-01-23,2024-01-30,^GSPTSE,1,66.6,0.82,0.92,-0.1,0.82,2.9
5|BTO.TO|2024-01-23,5,Development,true,,BTO.TO,2024-01-23,2024-01-30,^GSPTSE,3,65.1,-5.97,0.92,-6.89,-10.45,-5.97
5|K.TO|2024-01-23,5,Development,true,,K.TO,2024-01-23,2024-01-30,^GSPTSE,4,61.4,-1.07,0.92,-1.99,-2.14,-0.13
5|TA.TO|2024-01-25,5,Development,true,,TA.TO,2024-01-25,2024-02-01,^GSPTSE,1,60.3,-2.01,0.08,-2.09,-2.21,1.61
5|BB.TO|2024-01-31,5,Development,true,,BB.TO,2024-01-31,2024-02-07,^GSPTSE,1,62,-1.86,-0.25,-1.61,-4.24,-1.33
5|FNV.TO|2024-02-06,5,Development,true,,FNV.TO,2024-02-06,2024-02-13,^GSPTSE,1,83.1,0.34,-1.78,2.12,0.34,1.96
5|FM.TO|2024-02-12,5,Development,true,,FM.TO,2024-02-12,2024-02-20,^GSPTSE,1,65.6,-4.05,0.71,-4.76,-4.05,0.17
5|EMA.TO|2024-02-12,5,Development,true,,EMA.TO,2024-02-12,2024-02-20,^GSPTSE,2,60.1,2.02,0.71,1.3,-1.7,2.67
5|TXG.TO|2024-02-14,5,Development,true,,TXG.TO,2024-02-14,2024-02-22,^GSPTSE,1,68.4,5.38,2.05,3.33,3.64,7.2
5|CNQ.TO|2024-02-14,5,Development,true,,CNQ.TO,2024-02-14,2024-02-22,^GSPTSE,2,65.8,9.79,2.05,7.74,4.12,9.79
5|FM.TO|2024-02-14,5,Development,true,,FM.TO,2024-02-14,2024-02-22,^GSPTSE,3,63.9,6.83,2.05,4.78,-0.85,6.83
5|FNV.TO|2024-02-14,5,Development,true,,FNV.TO,2024-02-14,2024-02-22,^GSPTSE,4,62,-0.39,2.05,-2.44,-0.39,3.17
5|K.TO|2024-02-15,5,Development,true,,K.TO,2024-02-15,2024-02-23,^GSPTSE,2,59.1,-2.6,0.9,-3.5,-3.91,-0.72
5|DPM.TO|2024-02-16,5,Development,true,,DPM.TO,2024-02-16,2024-02-26,^GSPTSE,1,67.7,8.13,0.32,7.81,4.13,8.13
5|AGI.TO|2024-02-16,5,Development,true,,AGI.TO,2024-02-16,2024-02-26,^GSPTSE,2,59.3,0.76,0.32,0.44,-2.09,1.9
5|SHOP.TO|2024-02-22,5,Development,true,,SHOP.TO,2024-02-22,2024-02-29,^GSPTSE,1,62.5,2.48,0.21,2.27,1.39,3.56
5|FTT.TO|2024-02-23,5,Development,true,,FTT.TO,2024-02-23,2024-03-01,^GSPTSE,1,59,3.01,0.65,2.36,-1.35,3.01
5|CURA.TO|2024-02-28,5,Development,true,,CURA.TO,2024-02-28,2024-03-06,^GSPTSE,1,63.9,-8.95,1.65,-10.6,-8.95,0.46
5|AQN.TO|2024-02-28,5,Development,true,,AQN.TO,2024-02-28,2024-03-06,^GSPTSE,2,61.1,3.06,1.65,1.41,0.64,3.06
5|PAAS.TO|2024-02-29,5,Development,true,,PAAS.TO,2024-02-29,2024-03-07,^GSPTSE,1,62.8,12.91,2.02,10.89,4.59,12.91
5|TA.TO|2024-02-29,5,Development,true,,TA.TO,2024-02-29,2024-03-07,^GSPTSE,2,62.6,-0.43,2.02,-2.45,-0.64,-0.43
5|AYA.TO|2024-02-29,5,Development,true,,AYA.TO,2024-02-29,2024-03-07,^GSPTSE,3,61.3,7.89,2.02,5.87,2.46,7.89
5|CAE.TO|2024-03-01,5,Development,true,,CAE.TO,2024-03-01,2024-03-08,^GSPTSE,1,70.7,3.9,0.86,3.05,0.66,3.9
5|TA.TO|2024-03-04,5,Development,true,,TA.TO,2024-03-04,2024-03-11,^GSPTSE,1,72.8,0.11,1.11,-1,-0.22,0.86
5|PXT.TO|2024-03-04,5,Development,true,,PXT.TO,2024-03-04,2024-03-11,^GSPTSE,2,59.5,1.39,1.11,0.28,-3.16,1.39
5|BTE.TO|2024-03-07,5,Development,true,,BTE.TO,2024-03-07,2024-03-14,^GSPTSE,1,71.2,4.02,0.16,3.85,-1.16,4.02
5|FTT.TO|2024-03-12,5,Development,true,,FTT.TO,2024-03-12,2024-03-19,^GSPTSE,1,68.7,6.59,0.14,6.46,1.62,6.59
5|POU.TO|2024-03-13,5,Development,true,,POU.TO,2024-03-13,2024-03-20,^GSPTSE,1,68.6,-0.02,0.34,-0.36,-0.7,0.24
5|BEP-UN.TO|2024-03-13,5,Development,true,,BEP-UN.TO,2024-03-13,2024-03-20,^GSPTSE,2,62.4,-1.84,0.34,-2.19,-3.65,-0.45
5|CCO.TO|2024-03-15,5,Development,true,,CCO.TO,2024-03-15,2024-03-22,^GSPTSE,1,72.7,5.64,0.62,5.03,0.36,5.64
5|BEPC.TO|2024-03-20,5,Development,true,,BEPC.TO,2024-03-20,2024-03-27,^GSPTSE,1,71,2.29,0.28,2.01,0.37,2.29
5|BEP-UN.TO|2024-03-20,5,Development,true,,BEP-UN.TO,2024-03-20,2024-03-27,^GSPTSE,2,66.2,3.42,0.28,3.15,0.59,3.42
5|AMD.TO|2024-03-21,5,Development,true,,AMD.TO,2024-03-21,2024-03-28,^IXIC,1,65.4,0.96,-0.14,1.1,-0.52,0.96
5|AAPL.TO|2024-03-22,5,Development,true,,AAPL.TO,2024-03-22,2024-04-01,^IXIC,1,67.3,-1.37,-0.19,-1.18,-1.45,0.51
5|MFI.TO|2024-03-27,5,Development,true,,MFI.TO,2024-03-27,2024-04-04,^GSPTSE,1,74.7,1.53,-0.25,1.78,-2.8,1.53
5|DOO.TO|2024-03-27,5,Development,true,,DOO.TO,2024-03-27,2024-04-04,^GSPTSE,2,64.6,12.73,-0.25,12.98,5.35,17.41
5|MFI.TO|2024-04-02,5,Development,true,,MFI.TO,2024-04-02,2024-04-09,^GSPTSE,1,65,6.82,1.3,5.53,3.39,6.82
5|BIR.TO|2024-04-08,5,Development,true,,BIR.TO,2024-04-08,2024-04-15,^GSPTSE,1,61.8,0,-2.34,2.34,0,4.28
5|BEP-UN.TO|2024-04-11,5,Development,true,,BEP-UN.TO,2024-04-11,2024-04-18,^GSPTSE,1,63.4,-5,-1.82,-3.18,-7.35,-2.69
5|BHC.TO|2024-04-16,5,Development,true,,BHC.TO,2024-04-16,2024-04-23,^GSPTSE,1,62.9,-3.4,1.7,-5.1,-4.06,-1.08
5|BEP-UN.TO|2024-04-17,5,Development,true,,BEP-UN.TO,2024-04-17,2024-04-24,^GSPTSE,1,59.3,6.46,1,5.45,1.51,6.46
5|SHOP.TO|2024-04-19,5,Development,true,,SHOP.TO,2024-04-19,2024-04-26,^GSPTSE,1,58.7,1.72,0.74,0.98,0.53,5.51
5|AP-UN.TO|2024-04-22,5,Development,true,,AP-UN.TO,2024-04-22,2024-04-29,^GSPTSE,1,71,-0.34,0.64,-0.98,-1.16,0.46
5|TRP.TO|2024-04-22,5,Development,true,,TRP.TO,2024-04-22,2024-04-29,^GSPTSE,2,58.9,-0.08,0.64,-0.72,-0.08,0.28
5|QBR-B.TO|2024-04-22,5,Development,true,,QBR-B.TO,2024-04-22,2024-04-29,^GSPTSE,3,58.6,-0.1,0.64,-0.74,-0.45,1.19
5|RCI-B.TO|2024-04-25,5,Development,true,,RCI-B.TO,2024-04-25,2024-05-02,^GSPTSE,1,58.9,-0.29,-0.28,0,-0.92,0.33
5|MSFT.TO|2024-04-26,5,Development,true,,MSFT.TO,2024-04-26,2024-05-03,^IXIC,1,66.3,0.03,1.43,-1.4,-4.13,0.03
5|ATZ.TO|2024-04-26,5,Development,true,,ATZ.TO,2024-04-26,2024-05-03,^GSPTSE,3,59.7,6.89,-0.1,6.99,5.34,7.82
5|WFG.TO|2024-05-01,5,Development,true,,WFG.TO,2024-05-01,2024-05-08,^GSPTSE,1,70.7,3.31,2.44,0.87,0.25,3.31
5|SHOP.TO|2024-05-01,5,Development,true,,SHOP.TO,2024-05-01,2024-05-08,^GSPTSE,2,69.2,-11.04,2.44,-13.48,-11.04,9.19
5|WSP.TO|2024-05-02,5,Development,true,,WSP.TO,2024-05-02,2024-05-09,^GSPTSE,1,77.4,0.76,2.53,-1.78,0.13,2.28
5|MG.TO|2024-05-02,5,Development,true,,MG.TO,2024-05-02,2024-05-09,^GSPTSE,2,67,-4.15,2.53,-6.69,-4.15,-2.36
5|MSFT.TO|2024-05-02,5,Development,true,,MSFT.TO,2024-05-02,2024-05-09,^IXIC,3,63.7,3.4,3.19,0.21,2.07,3.78
5|BAM.TO|2024-05-02,5,Development,true,,BAM.TO,2024-05-02,2024-05-09,^GSPTSE,4,62.7,3.66,2.53,1.12,1.38,3.66
5|AC.TO|2024-05-09,5,Development,true,,AC.TO,2024-05-09,2024-05-16,^GSPTSE,1,58.5,0.16,-0.34,0.5,0.16,2.25
5|EQB.TO|2024-05-10,5,Development,true,,EQB.TO,2024-05-10,2024-05-17,^GSPTSE,1,61.2,-1.53,0.7,-2.23,-1.53,0.29
5|AIF.TO|2024-05-13,5,Development,true,,AIF.TO,2024-05-13,2024-05-21,^GSPTSE,1,65.5,0.71,0.94,-0.23,-0.5,0.71
5|MG.TO|2024-05-22,5,Development,true,,MG.TO,2024-05-22,2024-05-29,^GSPTSE,1,60.9,-4.02,-2.01,-2.02,-4.02,-0.78
5|ATS.TO|2024-05-23,5,Development,true,,ATS.TO,2024-05-23,2024-05-30,^GSPTSE,1,65.4,-2.4,-0.58,-1.81,-2.81,0.3
5|MG.TO|2024-05-27,5,Development,true,,MG.TO,2024-05-27,2024-06-03,^GSPTSE,1,68.4,-1.68,-1.15,-0.53,-3.27,-1.26
5|FSV.TO|2024-05-27,5,Development,true,,FSV.TO,2024-05-27,2024-06-03,^GSPTSE,2,59.2,2.84,-1.15,3.98,-2.08,2.84
5|ATS.TO|2024-05-30,5,Development,true,,ATS.TO,2024-05-30,2024-06-06,^GSPTSE,1,69.1,5.85,0.71,5.14,2.17,5.85
5|CP.TO|2024-05-30,5,Development,true,,CP.TO,2024-05-30,2024-06-06,^GSPTSE,2,67,1.08,0.71,0.37,-0.46,2.23
5|PXT.TO|2024-05-30,5,Development,true,,PXT.TO,2024-05-30,2024-06-06,^GSPTSE,3,60.4,0,0.71,-0.71,-5.52,0
5|TD.TO|2024-05-30,5,Development,true,,TD.TO,2024-05-30,2024-06-06,^GSPTSE,4,58.8,1.9,0.71,1.19,0.33,1.93
5|OTEX.TO|2024-05-31,5,Development,true,,OTEX.TO,2024-05-31,2024-06-07,^GSPTSE,3,60.6,-4.44,-1.18,-3.26,-4.59,-1.15
5|TIH.TO|2024-05-31,5,Development,true,,TIH.TO,2024-05-31,2024-06-07,^GSPTSE,4,60.1,1.4,-1.18,2.57,-0.59,1.4
5|BEI-UN.TO|2024-06-03,5,Development,true,,BEI-UN.TO,2024-06-03,2024-06-10,^GSPTSE,3,59.8,-0.97,-0.21,-0.76,-1.1,1.92
5|TVE.TO|2024-06-04,5,Development,true,,TVE.TO,2024-06-04,2024-06-11,^GSPTSE,1,68.4,4.84,-0.41,5.26,0.57,4.84
5|GIB-A.TO|2024-06-04,5,Development,true,,GIB-A.TO,2024-06-04,2024-06-11,^GSPTSE,2,66.9,2.05,-0.41,2.47,1.6,2.88
5|CP.TO|2024-06-04,5,Development,true,,CP.TO,2024-06-04,2024-06-11,^GSPTSE,3,65,-0.17,-0.41,0.24,-0.17,1.55
5|IMG.TO|2024-06-05,5,Development,true,,IMG.TO,2024-06-05,2024-06-12,^GSPTSE,1,69.2,-4.58,-0.83,-3.75,-5.92,4.01
5|OTEX.TO|2024-06-05,5,Development,true,,OTEX.TO,2024-06-05,2024-06-12,^GSPTSE,3,59.4,2.94,-0.83,3.77,-0.91,2.94
5|EQX.TO|2024-06-10,5,Development,true,,EQX.TO,2024-06-10,2024-06-17,^GSPTSE,1,63,0.83,-2.18,3.01,-3.05,0.83
5|BEI-UN.TO|2024-06-10,5,Development,true,,BEI-UN.TO,2024-06-10,2024-06-17,^GSPTSE,2,60.9,-1.37,-2.18,0.81,-1.98,0.2
5|LUN.TO|2024-06-10,5,Development,true,,LUN.TO,2024-06-10,2024-06-17,^GSPTSE,3,59.1,-5.91,-2.18,-3.72,-5.91,-2.99
5|PAAS.TO|2024-06-11,5,Development,true,,PAAS.TO,2024-06-11,2024-06-18,^GSPTSE,1,74.5,-0.94,-1.26,0.32,-2.43,0.94
5|RUS.TO|2024-06-11,5,Development,true,,RUS.TO,2024-06-11,2024-06-18,^GSPTSE,3,59.4,-2.47,-1.26,-1.2,-2.47,1.13
5|BTE.TO|2024-06-12,5,Development,true,,BTE.TO,2024-06-12,2024-06-19,^GSPTSE,1,71.8,-1.66,-2.02,0.37,-4.71,-1.66
5|FVI.TO|2024-06-12,5,Development,true,,FVI.TO,2024-06-12,2024-06-19,^GSPTSE,2,69.1,-1.16,-2.02,0.86,-2.76,-0.73
5|EQX.TO|2024-06-12,5,Development,true,,EQX.TO,2024-06-12,2024-06-19,^GSPTSE,3,62.4,3.35,-2.02,5.38,-2.23,3.35
5|LUN.TO|2024-06-13,5,Development,true,,LUN.TO,2024-06-13,2024-06-20,^GSPTSE,2,61.1,0.67,-0.54,1.21,-2.43,0.67
5|DML.TO|2024-06-14,5,Development,true,,DML.TO,2024-06-14,2024-06-21,^GSPTSE,1,68.5,-2.11,-0.39,-1.72,-2.11,1.4
5|MDA.TO|2024-06-14,5,Development,true,,MDA.TO,2024-06-14,2024-06-21,^GSPTSE,2,67.3,-0.33,-0.39,0.06,-2.56,-0.33
5|AEM.TO|2024-06-14,5,Development,true,,AEM.TO,2024-06-14,2024-06-21,^GSPTSE,3,66.4,1.13,-0.39,1.52,-0.03,2.45
5|BIP-UN.TO|2024-06-14,5,Development,true,,BIP-UN.TO,2024-06-14,2024-06-21,^GSPTSE,5,63.5,-2.17,-0.39,-1.78,-2.17,-1.46
5|BTE.TO|2024-06-14,5,Development,true,,BTE.TO,2024-06-14,2024-06-21,^GSPTSE,6,59.7,2.05,-0.39,2.44,1.37,3.65
5|BTE.TO|2024-06-18,5,Development,true,,BTE.TO,2024-06-18,2024-06-25,^GSPTSE,1,69,3.54,0.82,2.72,-1.11,3.76
5|HWX.TO|2024-06-18,5,Development,true,,HWX.TO,2024-06-18,2024-06-25,^GSPTSE,2,64.7,4.44,0.82,3.62,0,4.44
5|EIF.TO|2024-06-18,5,Development,true,,EIF.TO,2024-06-18,2024-06-25,^GSPTSE,4,62.4,2.67,0.82,1.85,-0.66,2.67
5|BN.TO|2024-06-18,5,Development,true,,BN.TO,2024-06-18,2024-06-25,^GSPTSE,5,60.4,-0.48,0.82,-1.3,-2.56,-0.19
5|BTO.TO|2024-06-19,5,Development,true,,BTO.TO,2024-06-19,2024-06-26,^GSPTSE,1,68.5,2.27,1.29,0.98,0.28,2.83
5|NA.TO|2024-06-19,5,Development,true,,NA.TO,2024-06-19,2024-06-26,^GSPTSE,3,61.6,2.43,1.29,1.15,-0.51,2.58
5|FNV.TO|2024-06-19,5,Development,true,,FNV.TO,2024-06-19,2024-06-26,^GSPTSE,4,60.3,2.16,1.29,0.87,0.43,2.16
5|BEI-UN.TO|2024-06-20,5,Development,true,,BEI-UN.TO,2024-06-20,2024-06-27,^GSPTSE,1,76.3,0.41,1.67,-1.27,-0.78,2.11
5|VET.TO|2024-06-20,5,Development,true,,VET.TO,2024-06-20,2024-06-27,^GSPTSE,2,62.1,-0.65,1.67,-2.32,-2.65,1.03
5|MDA.TO|2024-06-20,5,Development,true,,MDA.TO,2024-06-20,2024-06-27,^GSPTSE,3,61.3,14.05,1.67,12.38,0.5,14.05
5|ATS.TO|2024-06-21,5,Development,true,,ATS.TO,2024-06-21,2024-06-28,^GSPTSE,1,66.1,5.4,1.49,3.92,-1.07,5.79
5|BN.TO|2024-06-21,5,Development,true,,BN.TO,2024-06-21,2024-06-28,^GSPTSE,2,60.7,2.3,1.49,0.81,0.72,2.39
5|TOU.TO|2024-06-24,5,Development,true,,TOU.TO,2024-06-24,2024-07-02,^GSPTSE,1,61.1,-0.68,0.48,-1.17,-1.73,-0.25
5|EQX.TO|2024-06-24,5,Development,true,,EQX.TO,2024-06-24,2024-07-02,^GSPTSE,2,59.4,-1.38,0.48,-1.86,-1.52,0
5|WFG.TO|2024-06-25,5,Development,true,,WFG.TO,2024-06-25,2024-07-03,^GSPTSE,1,75,-1.98,2,-3.97,-2.08,0.46
5|ATS.TO|2024-06-25,5,Development,true,,ATS.TO,2024-06-25,2024-07-03,^GSPTSE,2,69.1,3.74,2,1.74,2.88,6.43
5|ABX.TO|2024-06-25,5,Development,true,,ABX.TO,2024-06-25,2024-07-03,^GSPTSE,3,65.8,4.68,2,2.68,0.22,4.68
5|LIF.TO|2024-06-25,5,Development,true,,LIF.TO,2024-06-25,2024-07-03,^GSPTSE,4,64.9,2.8,2,0.8,0.27,2.8
5|ELD.TO|2024-06-25,5,Development,true,,ELD.TO,2024-06-25,2024-07-03,^GSPTSE,5,58.5,3.41,2,1.42,-1.41,3.41
5|MX.TO|2024-06-26,5,Development,true,,MX.TO,2024-06-26,2024-07-04,^GSPTSE,1,71.2,1.01,2.07,-1.05,-0.53,1.24
5|MG.TO|2024-06-26,5,Development,true,,MG.TO,2024-06-26,2024-07-04,^GSPTSE,2,66.6,2.32,2.07,0.25,-0.02,2.32
5|DOO.TO|2024-06-26,5,Development,true,,DOO.TO,2024-06-26,2024-07-04,^GSPTSE,3,64.7,3.31,2.07,1.25,1.13,3.31
5|CCA.TO|2024-06-26,5,Development,true,,CCA.TO,2024-06-26,2024-07-04,^GSPTSE,4,60.9,1.9,2.07,-0.17,0.51,1.9
5|ONEX.TO|2024-06-27,5,Development,true,,ONEX.TO,2024-06-27,2024-07-05,^GSPTSE,2,61.4,6.02,0.53,5.49,0.62,7.92
5|AAV.TO|2024-06-28,5,Development,true,,AAV.TO,2024-06-28,2024-07-08,^GSPTSE,1,68.9,-1.35,1.14,-2.49,-2.79,0.39
5|DML.TO|2024-07-05,5,Development,true,,DML.TO,2024-07-05,2024-07-12,^GSPTSE,1,60.5,7.04,2.79,4.26,-2.46,8.45
5|VET.TO|2024-07-08,5,Development,true,,VET.TO,2024-07-08,2024-07-15,^GSPTSE,1,74.1,2.18,2.83,-0.64,-2.84,2.18
5|LNR.TO|2024-07-08,5,Development,true,,LNR.TO,2024-07-08,2024-07-15,^GSPTSE,2,68.2,3.53,2.83,0.7,-0.58,3.53
5|MX.TO|2024-07-08,5,Development,true,,MX.TO,2024-07-08,2024-07-15,^GSPTSE,3,63.1,8.66,2.83,5.83,-0.97,8.66
5|TECK-B.TO|2024-07-09,5,Development,true,,TECK-B.TO,2024-07-09,2024-07-16,^GSPTSE,1,66.3,3.43,4.32,-0.89,2.52,5.15
5|ARE.TO|2024-07-09,5,Development,true,,ARE.TO,2024-07-09,2024-07-16,^GSPTSE,2,62,2.34,4.32,-1.98,1.1,2.48
5|PXT.TO|2024-07-10,5,Development,true,,PXT.TO,2024-07-10,2024-07-17,^GSPTSE,1,71.7,1.8,2.24,-0.44,1.8,2.99
5|TOU.TO|2024-07-18,5,Development,true,,TOU.TO,2024-07-18,2024-07-25,^GSPTSE,1,60.5,-1.66,-0.52,-1.13,-1.66,1.52
5|SHOP.TO|2024-07-18,5,Development,true,,SHOP.TO,2024-07-18,2024-07-25,^GSPTSE,2,58.6,-5.04,-0.52,-4.51,-5.42,0.23
5|LSPD.TO|2024-07-19,5,Development,true,,LSPD.TO,2024-07-19,2024-07-26,^GSPTSE,1,65.3,-1.02,0.55,-1.57,-3.11,1.93
5|TOU.TO|2024-07-25,5,Development,true,,TOU.TO,2024-07-25,2024-08-01,^GSPTSE,1,62.5,-1.26,0.51,-1.77,-1.26,2.26
5|HPS-A.TO|2024-07-25,5,Development,true,,HPS-A.TO,2024-07-25,2024-08-01,^GSPTSE,2,61.5,13.07,0.51,12.56,4.84,15.14
5|LSPD.TO|2024-07-25,5,Development,true,,LSPD.TO,2024-07-25,2024-08-01,^GSPTSE,3,60,1.27,0.51,0.76,1.27,3.38
5|META.TO|2024-07-26,5,Development,true,,META.TO,2024-07-26,2024-08-02,^IXIC,3,58.9,4.65,-3.35,8,-0.46,6.57
5|BEPC.TO|2024-07-31,5,Development,true,,BEPC.TO,2024-07-31,2024-08-08,^GSPTSE,1,74.2,-1.13,-3.83,2.7,-3.09,-0.49
5|BEP-UN.TO|2024-07-31,5,Development,true,,BEP-UN.TO,2024-07-31,2024-08-08,^GSPTSE,2,66.9,0.18,-3.83,4.01,-1.16,2.59
5|BEPC.TO|2024-08-02,5,Development,true,,BEPC.TO,2024-08-02,2024-08-12,^GSPTSE,1,66.8,-1.94,0.77,-2.71,-2.62,-0.65
5|BEP-UN.TO|2024-08-06,5,Development,true,,BEP-UN.TO,2024-08-06,2024-08-13,^GSPTSE,1,69.5,-0.54,2.91,-3.44,-0.54,2.65
5|ARX.TO|2024-08-07,5,Development,true,,ARX.TO,2024-08-07,2024-08-14,^GSPTSE,1,71.2,12.61,4.02,8.59,2,12.61
5|BMO.TO|2024-08-07,5,Development,true,,BMO.TO,2024-08-07,2024-08-14,^GSPTSE,2,66.6,3.66,4.02,-0.35,1.21,3.66
5|BEP-UN.TO|2024-08-13,5,Development,true,,BEP-UN.TO,2024-08-13,2024-08-20,^GSPTSE,1,65.8,-2.51,1.85,-4.37,-2.51,1.47
5|MG.TO|2024-08-13,5,Development,true,,MG.TO,2024-08-13,2024-08-20,^GSPTSE,2,59.1,3.11,1.85,1.26,-0.39,4.9
5|BEP-UN.TO|2024-08-23,5,Development,true,,BEP-UN.TO,2024-08-23,2024-08-30,^GSPTSE,1,71.8,1.5,0.26,1.24,1.5,2.64
5|BEPC.TO|2024-08-23,5,Development,true,,BEPC.TO,2024-08-23,2024-08-30,^GSPTSE,2,69.3,1.52,0.26,1.26,0.63,1.52
5|SPB.TO|2024-08-23,5,Development,true,,SPB.TO,2024-08-23,2024-08-30,^GSPTSE,3,58.8,-0.13,0.26,-0.39,-2.2,-0.13
5|TFII.TO|2024-08-30,5,Development,true,,TFII.TO,2024-08-30,2024-09-09,^GSPTSE,1,65.2,-4.72,-1.37,-3.36,-4.83,-0.65
5|PBH.TO|2024-09-04,5,Development,true,,PBH.TO,2024-09-04,2024-09-11,^GSPTSE,1,71.7,1.27,0.74,0.53,0.38,1.27
5|GOOG.TO|2024-09-04,5,Development,true,,GOOG.TO,2024-09-04,2024-09-11,^IXIC,2,68.2,-3.32,1.82,-5.15,-5.11,0.38
5|BDGI.TO|2024-09-04,5,Development,true,,BDGI.TO,2024-09-04,2024-09-11,^GSPTSE,3,66.6,2.66,0.74,1.92,-0.39,2.66
5|NTR.TO|2024-09-04,5,Development,true,,NTR.TO,2024-09-04,2024-09-11,^GSPTSE,4,64.2,-2.38,0.74,-3.12,-3.01,-0.98
5|LSPD.TO|2024-09-04,5,Development,true,,LSPD.TO,2024-09-04,2024-09-11,^GSPTSE,5,63.8,0.06,0.74,-0.68,-4.5,0.06
5|CLS.TO|2024-09-04,5,Development,true,,CLS.TO,2024-09-04,2024-09-11,^GSPTSE,6,62.7,-2.48,0.74,-3.21,-11.71,-1.63
5|FVI.TO|2024-09-05,5,Development,true,,FVI.TO,2024-09-05,2024-09-12,^GSPTSE,1,66.4,10.15,2.12,8.04,-2.75,10.15
5|HWX.TO|2024-09-05,5,Development,true,,HWX.TO,2024-09-05,2024-09-12,^GSPTSE,5,64.5,-4.22,2.12,-6.34,-4.52,-1.06
5|BB.TO|2024-09-05,5,Development,true,,BB.TO,2024-09-05,2024-09-12,^GSPTSE,6,63,8.71,2.12,6.59,-1.29,8.71
5|NTR.TO|2024-09-06,5,Development,true,,NTR.TO,2024-09-06,2024-09-13,^GSPTSE,2,66.7,1.05,3.46,-2.41,-2.05,1.05
5|NVDA.TO|2024-09-06,5,Development,true,,NVDA.TO,2024-09-06,2024-09-13,^IXIC,3,62.2,15.52,5.95,9.57,3.39,15.65
5|BDGI.TO|2024-09-09,5,Development,true,,BDGI.TO,2024-09-09,2024-09-16,^GSPTSE,3,60.4,0.89,2.93,-2.04,0.67,2.4
5|LSPD.TO|2024-09-09,5,Development,true,,LSPD.TO,2024-09-09,2024-09-16,^GSPTSE,4,58.6,4.8,2.93,1.87,0.3,4.8
5|BBD-B.TO|2024-09-10,5,Development,true,,BBD-B.TO,2024-09-10,2024-09-17,^GSPTSE,1,68.5,13.41,2.93,10.48,1.97,13.41
5|DML.TO|2024-09-10,5,Development,true,,DML.TO,2024-09-10,2024-09-17,^GSPTSE,2,67.8,4.46,2.93,1.52,4.46,8.91
5|CS.TO|2024-09-10,5,Development,true,,CS.TO,2024-09-10,2024-09-17,^GSPTSE,3,63.8,14.42,2.93,11.49,1.92,14.42
5|AYA.TO|2024-09-10,5,Development,true,,AYA.TO,2024-09-10,2024-09-17,^GSPTSE,4,62.9,16.49,2.93,13.56,4.51,20.71
5|IVN.TO|2024-09-10,5,Development,true,,IVN.TO,2024-09-10,2024-09-17,^GSPTSE,5,62.9,12.7,2.93,9.77,0.69,12.7
5|TOU.TO|2024-09-10,5,Development,true,,TOU.TO,2024-09-10,2024-09-17,^GSPTSE,6,59.9,3.09,2.93,0.16,1.01,3.09
5|MFI.TO|2024-09-11,5,Development,true,,MFI.TO,2024-09-11,2024-09-18,^GSPTSE,2,69.2,1.05,1.64,-0.59,-0.27,1.19
5|NTR.TO|2024-09-11,5,Development,true,,NTR.TO,2024-09-11,2024-09-18,^GSPTSE,4,63.5,2.95,1.64,1.31,1.23,2.95
5|LUN.TO|2024-09-11,5,Development,true,,LUN.TO,2024-09-11,2024-09-18,^GSPTSE,5,60.7,8.94,1.64,7.3,4.21,8.94
5|GOOG.TO|2024-09-11,5,Development,true,,GOOG.TO,2024-09-11,2024-09-18,^IXIC,6,59.1,5.54,1.02,4.51,2.16,5.54
5|ATD.TO|2024-09-25,5,Validation,true,,ATD.TO,2024-09-25,2024-10-02,^GSPTSE,1,66.9,-2.38,0.4,-2.78,-2.38,0.52
5|BIR.TO|2024-09-27,5,Validation,true,,BIR.TO,2024-09-27,2024-10-04,^GSPTSE,1,65.9,6.49,0.86,5.63,2.7,7.57
5|ARX.TO|2024-09-27,5,Validation,true,,ARX.TO,2024-09-27,2024-10-04,^GSPTSE,2,64.8,11.36,0.86,10.5,1.42,11.36
5|PXT.TO|2024-09-27,5,Validation,true,,PXT.TO,2024-09-27,2024-10-04,^GSPTSE,3,61.7,9.54,0.86,8.68,0.42,9.54
5|RBA.TO|2024-10-02,5,Validation,true,,RBA.TO,2024-10-02,2024-10-09,^GSPTSE,1,59.1,2.66,0.93,1.73,0.51,2.87
5|DOO.TO|2024-10-03,5,Validation,true,,DOO.TO,2024-10-03,2024-10-10,^GSPTSE,1,67.3,0.82,1.39,-0.57,0.71,1.88
5|SPB.TO|2024-10-09,5,Validation,true,,SPB.TO,2024-10-09,2024-10-17,^GSPTSE,1,60.9,0.14,1.92,-1.79,-1.36,0.81
5|AQN.TO|2024-10-15,5,Validation,true,,AQN.TO,2024-10-15,2024-10-22,^GSPTSE,1,60.4,-0.28,1.03,-1.31,-0.28,1.56
5|DOO.TO|2024-10-16,5,Validation,true,,DOO.TO,2024-10-16,2024-10-23,^GSPTSE,1,61.4,-9.8,0.05,-9.86,-9.8,1.13
5|NFI.TO|2024-10-16,5,Validation,true,,NFI.TO,2024-10-16,2024-10-23,^GSPTSE,2,59.6,-5.69,0.05,-5.74,-5.69,-2.33
5|KMP-UN.TO|2024-10-22,5,Validation,true,,KMP-UN.TO,2024-10-22,2024-10-29,^GSPTSE,1,62,-3.37,-0.51,-2.85,-3.37,-0.8
5|CVE.TO|2024-10-24,5,Validation,true,,CVE.TO,2024-10-24,2024-10-31,^GSPTSE,1,59,-3.37,-1.61,-1.76,-3.37,1.34
5|ATD.TO|2024-10-28,5,Validation,true,,ATD.TO,2024-10-28,2024-11-04,^GSPTSE,1,67.4,-2.16,-1.26,-0.9,-2.16,-0.01
5|DIR-UN.TO|2024-10-30,5,Validation,true,,DIR-UN.TO,2024-10-30,2024-11-06,^GSPTSE,1,59.5,-3.15,0.53,-3.68,-3.15,-0.16
5|IVN.TO|2024-11-01,5,Validation,true,,IVN.TO,2024-11-01,2024-11-08,^GSPTSE,1,64.9,-0.8,2.08,-2.88,-0.8,6.46
5|BTE.TO|2024-11-01,5,Validation,true,,BTE.TO,2024-11-01,2024-11-08,^GSPTSE,2,64.6,1.47,2.08,-0.61,1.47,7.58
5|CS.TO|2024-11-01,5,Validation,true,,CS.TO,2024-11-01,2024-11-08,^GSPTSE,3,59.1,6.26,2.08,4.18,-0.92,8.52
5|NPI.TO|2024-11-04,5,Validation,true,,NPI.TO,2024-11-04,2024-11-11,^GSPTSE,1,65.1,-5.21,2.2,-7.4,-7.22,0.8
5|AAV.TO|2024-11-06,5,Validation,true,,AAV.TO,2024-11-06,2024-11-13,^GSPTSE,1,65.2,4.31,1.43,2.88,2.04,4.31
5|GRT-UN.TO|2024-11-07,5,Validation,true,,GRT-UN.TO,2024-11-07,2024-11-14,^GSPTSE,1,67.7,0.24,0.82,-0.58,-0.4,1.53
5|DIR-UN.TO|2024-11-07,5,Validation,true,,DIR-UN.TO,2024-11-07,2024-11-14,^GSPTSE,2,63.4,-2.19,0.82,-3.01,-3.25,-1.82
5|AP-UN.TO|2024-11-07,5,Validation,true,,AP-UN.TO,2024-11-07,2024-11-14,^GSPTSE,3,59.1,-1.82,0.82,-2.64,-2.51,-1.76
5|IVN.TO|2024-11-11,5,Validation,true,,IVN.TO,2024-11-11,2024-11-18,^GSPTSE,1,59.2,0.05,0.76,-0.7,-4.36,0.05
5|IMG.TO|2024-11-12,5,Validation,true,,IMG.TO,2024-11-12,2024-11-19,^GSPTSE,1,77.6,9.97,0.35,9.62,-0.85,9.97
5|BTE.TO|2024-11-12,5,Validation,true,,BTE.TO,2024-11-12,2024-11-19,^GSPTSE,2,64.3,1.98,0.35,1.62,-0.49,3.7
5|BEPC.TO|2024-11-13,5,Validation,true,,BEPC.TO,2024-11-13,2024-11-20,^GSPTSE,2,61.7,4.61,0.19,4.42,0.57,4.61
5|CVE.TO|2024-11-14,5,Validation,true,,CVE.TO,2024-11-14,2024-11-21,^GSPTSE,2,60.5,1.84,1.36,0.48,-0.85,1.84
5|TECK-B.TO|2024-11-18,5,Validation,true,,TECK-B.TO,2024-11-18,2024-11-25,^GSPTSE,1,60.4,1.78,1.74,0.04,0.82,1.93
5|BIR.TO|2024-11-18,5,Validation,true,,BIR.TO,2024-11-18,2024-11-25,^GSPTSE,2,58.6,6.48,1.74,4.75,-1.77,8.45
5|TOI.V|2024-11-20,5,Validation,true,,TOI.V,2024-11-20,2024-11-27,^GSPTSE,1,62.5,1.12,1.8,-0.69,-1.57,1.12
5|TSU.TO|2024-11-20,5,Validation,true,,TSU.TO,2024-11-20,2024-11-27,^GSPTSE,2,59.9,2.43,1.8,0.63,-0.94,2.43
5|OTEX.TO|2024-11-21,5,Validation,true,,OTEX.TO,2024-11-21,2024-11-28,^GSPTSE,2,61,5.39,0.6,4.79,0.96,5.39
5|BB.TO|2024-11-22,5,Validation,true,,BB.TO,2024-11-22,2024-11-29,^GSPTSE,1,69.8,11.85,0.8,11.05,10.33,12.77
5|TSU.TO|2024-11-25,5,Validation,true,,TSU.TO,2024-11-25,2024-12-02,^GSPTSE,1,61.8,4.95,0.71,4.24,0.33,4.95
5|CAR-UN.TO|2024-11-27,5,Validation,true,,CAR-UN.TO,2024-11-27,2024-12-04,^GSPTSE,1,65.4,0.67,0.6,0.07,0.57,1.96
5|DOO.TO|2024-11-28,5,Validation,true,,DOO.TO,2024-11-28,2024-12-05,^GSPTSE,1,65,0.64,0.53,0.1,0.64,3.12
5|BDGI.TO|2024-11-29,5,Validation,true,,BDGI.TO,2024-11-29,2024-12-06,^GSPTSE,1,73.3,3.12,0.17,2.95,-0.85,3.15
5|CVE.TO|2024-12-02,5,Validation,true,,CVE.TO,2024-12-02,2024-12-09,^GSPTSE,1,63.8,-2.62,0.14,-2.76,-3.89,1.31
5|GOOS.TO|2024-12-05,5,Validation,true,,GOOS.TO,2024-12-05,2024-12-12,^GSPTSE,1,65.6,6.03,-1.05,7.08,0.3,6.03
5|CVE.TO|2024-12-05,5,Validation,true,,CVE.TO,2024-12-05,2024-12-12,^GSPTSE,2,62.2,-2.14,-1.05,-1.09,-3.23,-1.14
5|NFI.TO|2024-12-06,5,Validation,true,,NFI.TO,2024-12-06,2024-12-13,^GSPTSE,2,59,-1.29,-1.63,0.33,-1.36,0.72
5|ABX.TO|2024-12-09,5,Validation,true,,ABX.TO,2024-12-09,2024-12-16,^GSPTSE,2,59.7,-3.8,-1.87,-1.93,-3.8,3.14
5|BEP-UN.TO|2024-12-11,5,Validation,true,,BEP-UN.TO,2024-12-11,2024-12-18,^GSPTSE,1,60.9,-4.27,-4.29,0.02,-4.27,-0.5
5|CVE.TO|2024-12-11,5,Validation,true,,CVE.TO,2024-12-11,2024-12-18,^GSPTSE,2,60.6,-2.82,-4.29,1.46,-2.82,0.84
5|TSU.TO|2024-12-11,5,Validation,true,,TSU.TO,2024-12-11,2024-12-18,^GSPTSE,3,58.8,-1.56,-4.29,2.73,-1.56,3.35
5|AYA.TO|2024-12-12,5,Validation,true,,AYA.TO,2024-12-12,2024-12-19,^GSPTSE,1,63,-13.32,-3.92,-9.4,-13.32,-3.39
5|BCE.TO|2024-12-12,5,Validation,true,,BCE.TO,2024-12-12,2024-12-19,^GSPTSE,2,61.9,-6.83,-3.92,-2.91,-6.83,-1.14
5|AQN.TO|2024-12-12,5,Validation,true,,AQN.TO,2024-12-12,2024-12-19,^GSPTSE,3,59.4,-3.89,-3.92,0.03,-3.89,-0.16
5|TXG.TO|2024-12-13,5,Validation,true,,TXG.TO,2024-12-13,2024-12-20,^GSPTSE,1,71.5,3.98,-2.67,6.65,-1.03,7.12
5|HPS-A.TO|2024-12-13,5,Validation,true,,HPS-A.TO,2024-12-13,2024-12-20,^GSPTSE,2,68.3,-0.72,-2.67,1.95,-4.6,1.42
5|CNQ.TO|2024-12-13,5,Validation,true,,CNQ.TO,2024-12-13,2024-12-20,^GSPTSE,3,60.7,-5.09,-2.67,-2.42,-5.14,-1.85
5|AG.TO|2024-12-13,5,Validation,true,,AG.TO,2024-12-13,2024-12-20,^GSPTSE,4,60.6,-8.72,-2.67,-6.05,-8.72,-1.86
5|TXG.TO|2024-12-17,5,Validation,true,,TXG.TO,2024-12-17,2024-12-24,^GSPTSE,1,64,3.61,-1.09,4.7,3.61,7.16
5|AQN.TO|2024-12-17,5,Validation,true,,AQN.TO,2024-12-17,2024-12-24,^GSPTSE,2,60.1,0.31,-1.09,1.4,-3.44,0.47
5|CVE.TO|2024-12-17,5,Validation,true,,CVE.TO,2024-12-17,2024-12-24,^GSPTSE,3,60.1,-0.09,-1.09,0.99,-2.22,-0.09
5|BCE.TO|2024-12-18,5,Validation,true,,BCE.TO,2024-12-18,2024-12-27,^GSPTSE,1,58.6,-3.43,0.97,-4.41,-3.43,-1.54
5|SAP.TO|2024-12-19,5,Validation,true,,SAP.TO,2024-12-19,2024-12-30,^GSPTSE,1,65.8,-1.83,0.85,-2.67,-1.83,0
5|PBH.TO|2024-12-19,5,Validation,true,,PBH.TO,2024-12-19,2024-12-30,^GSPTSE,2,65,0.14,0.85,-0.71,0.14,1.53
5|LUN.TO|2024-12-19,5,Validation,true,,LUN.TO,2024-12-19,2024-12-30,^GSPTSE,3,63,2.35,0.85,1.5,2.35,4.86
5|CG.TO|2024-12-19,5,Validation,true,,CG.TO,2024-12-19,2024-12-30,^GSPTSE,4,62.9,-2.21,0.85,-3.05,-2.21,0.25
5|CVE.TO|2024-12-19,5,Validation,true,,CVE.TO,2024-12-19,2024-12-30,^GSPTSE,6,58.7,3.1,0.85,2.25,0.24,3.1
5|LUG.TO|2024-12-20,5,Validation,true,,LUG.TO,2024-12-20,2024-12-31,^GSPTSE,2,77.8,-1.7,0.52,-2.22,-2.31,0.77
5|ENGH.TO|2024-12-20,5,Validation,true,,ENGH.TO,2024-12-20,2024-12-31,^GSPTSE,3,70.1,-1.28,0.52,-1.8,-1.38,-0.55
5|CRR-UN.TO|2024-12-20,5,Validation,true,,CRR-UN.TO,2024-12-20,2024-12-31,^GSPTSE,4,69.4,-3.74,0.52,-4.26,-4.13,-2.17
5|PXT.TO|2024-12-20,5,Validation,true,,PXT.TO,2024-12-20,2024-12-31,^GSPTSE,5,69.4,7.92,0.52,7.4,-2.07,7.92
5|ELD.TO|2024-12-20,5,Validation,true,,ELD.TO,2024-12-20,2024-12-31,^GSPTSE,6,69.3,-2.15,0.52,-2.67,-3.52,-0.14
5|FTT.TO|2024-12-23,5,Validation,true,,FTT.TO,2024-12-23,2025-01-02,^GSPTSE,1,75.3,1.8,0.6,1.2,0.11,2.61
5|IMG.TO|2024-12-23,5,Validation,true,,IMG.TO,2024-12-23,2025-01-02,^GSPTSE,2,71.6,7.51,0.6,6.9,-2.55,7.51
5|FNV.TO|2024-12-23,5,Validation,true,,FNV.TO,2024-12-23,2025-01-02,^GSPTSE,4,70.2,3.33,0.6,2.73,-0.58,3.33
5|REI-UN.TO|2024-12-23,5,Validation,true,,REI-UN.TO,2024-12-23,2025-01-02,^GSPTSE,5,70.2,1.51,0.6,0.9,-1.04,1.51
5|SPB.TO|2024-12-24,5,Validation,true,,SPB.TO,2024-12-24,2025-01-03,^GSPTSE,2,70.9,-0.55,0.91,-1.46,-1.27,1.84
5|ENGH.TO|2024-12-24,5,Validation,true,,ENGH.TO,2024-12-24,2025-01-03,^GSPTSE,3,69.2,0.88,0.91,-0.03,-0.84,0.88
5|EQX.TO|2024-12-24,5,Validation,true,,EQX.TO,2024-12-24,2025-01-03,^GSPTSE,4,68.8,2.73,0.91,1.82,-2.46,4.5
5|HBM.TO|2024-12-24,5,Validation,true,,HBM.TO,2024-12-24,2025-01-03,^GSPTSE,5,67.8,3.12,0.91,2.2,-3.03,3.29
5|CG.TO|2024-12-24,5,Validation,true,,CG.TO,2024-12-24,2025-01-03,^GSPTSE,6,67,3.71,0.91,2.8,-1.36,4.94
5|WDO.TO|2024-12-27,5,Validation,true,,WDO.TO,2024-12-27,2025-01-06,^GSPTSE,1,76,2.29,0.82,1.47,-0.16,6.24
5|ELD.TO|2024-12-27,5,Validation,true,,ELD.TO,2024-12-27,2025-01-06,^GSPTSE,2,75,1.39,0.82,0.57,-2.41,4.77
5|KNT.TO|2024-12-27,5,Validation,true,,KNT.TO,2024-12-27,2025-01-06,^GSPTSE,3,71.8,0.59,0.82,-0.23,-0.47,5.52
5|T.TO|2024-12-27,5,Validation,true,,T.TO,2024-12-27,2025-01-06,^GSPTSE,5,66.8,2.72,0.82,1.9,-0.77,2.72
5|ELD.TO|2024-12-31,5,Validation,true,,ELD.TO,2024-12-31,2025-01-08,^GSPTSE,1,67.5,7.95,1.31,6.64,2.43,7.95
5|OR.TO|2024-12-31,5,Validation,true,,OR.TO,2024-12-31,2025-01-08,^GSPTSE,2,61,2.8,1.31,1.5,0.12,3.15
5|CG.TO|2024-12-31,5,Validation,true,,CG.TO,2024-12-31,2025-01-08,^GSPTSE,3,60.5,2.81,1.31,1.5,0.24,3.79
5|GRT-UN.TO|2024-12-31,5,Validation,true,,GRT-UN.TO,2024-12-31,2025-01-08,^GSPTSE,4,60,-0.01,1.31,-1.32,-0.01,1.65
5|IMG.TO|2024-12-31,5,Validation,true,,IMG.TO,2024-12-31,2025-01-08,^GSPTSE,5,59,9.56,1.31,8.25,4.04,9.56
5|GWO.TO|2025-01-06,5,Validation,true,,GWO.TO,2025-01-06,2025-01-13,^GSPTSE,1,62.9,-2.44,-1.85,-0.59,-2.44,-0.36
5|ABX.TO|2025-01-07,5,Validation,true,,ABX.TO,2025-01-07,2025-01-14,^GSPTSE,1,68.7,0,-1.37,1.37,-0.45,3.44
5|KMP-UN.TO|2025-01-08,5,Validation,true,,KMP-UN.TO,2025-01-08,2025-01-15,^GSPTSE,1,74.4,-0.59,-1.05,0.46,-1.65,-0.35
5|CSU.TO|2025-01-08,5,Validation,true,,CSU.TO,2025-01-08,2025-01-15,^GSPTSE,2,61.4,0.37,-1.05,1.41,-1.4,0.37
5|CCO.TO|2025-01-08,5,Validation,true,,CCO.TO,2025-01-08,2025-01-15,^GSPTSE,3,59,-3.63,-1.05,-2.58,-4.91,-0.93
5|NWC.TO|2025-01-09,5,Validation,true,,NWC.TO,2025-01-09,2025-01-16,^GSPTSE,2,63,-3.25,-0.91,-2.34,-4.02,-0.9
5|BEP-UN.TO|2025-01-09,5,Validation,true,,BEP-UN.TO,2025-01-09,2025-01-16,^GSPTSE,3,62.7,-6.2,-0.91,-5.29,-6.67,1.87
5|WFG.TO|2025-01-09,5,Validation,true,,WFG.TO,2025-01-09,2025-01-16,^GSPTSE,4,61.9,4.19,-0.91,5.09,-0.06,4.19
5|BEPC.TO|2025-01-09,5,Validation,true,,BEPC.TO,2025-01-09,2025-01-16,^GSPTSE,6,60.6,-3.58,-0.91,-2.67,-5.97,0.08
5|ABX.TO|2025-01-10,5,Validation,true,,ABX.TO,2025-01-10,2025-01-17,^GSPTSE,2,66,1.94,1.21,0.73,-1.94,1.94
5|KMP-UN.TO|2025-01-13,5,Validation,true,,KMP-UN.TO,2025-01-13,2025-01-20,^GSPTSE,1,69.7,1.02,2.42,-1.41,0.3,1.2
5|QBR-B.TO|2025-01-13,5,Validation,true,,QBR-B.TO,2025-01-13,2025-01-20,^GSPTSE,3,64.9,-4.03,2.42,-6.45,-4.66,-0.91
5|FTS.TO|2025-01-13,5,Validation,true,,FTS.TO,2025-01-13,2025-01-20,^GSPTSE,4,64.4,3.31,2.42,0.89,-0.8,3.53
5|CSU.TO|2025-01-13,5,Validation,true,,CSU.TO,2025-01-13,2025-01-20,^GSPTSE,5,63.2,1.47,2.42,-0.95,-0.78,2.39
5|LUN.TO|2025-01-13,5,Validation,true,,LUN.TO,2025-01-13,2025-01-20,^GSPTSE,6,62.3,5.11,2.42,2.69,0.74,5.11
5|ABX.TO|2025-01-14,5,Validation,true,,ABX.TO,2025-01-14,2025-01-21,^GSPTSE,1,74.6,2.42,2.82,-0.4,1.25,3.8
5|OTEX.TO|2025-01-14,5,Validation,true,,OTEX.TO,2025-01-14,2025-01-21,^GSPTSE,2,66.3,2.76,2.82,-0.06,1.57,2.76
5|WFG.TO|2025-01-14,5,Validation,true,,WFG.TO,2025-01-14,2025-01-21,^GSPTSE,3,65.5,6.57,2.82,3.76,2.36,6.57
5|DIR-UN.TO|2025-01-14,5,Validation,true,,DIR-UN.TO,2025-01-14,2025-01-21,^GSPTSE,5,61.4,3.01,2.82,0.19,0.43,3.01
5|WPM.TO|2025-01-14,5,Validation,true,,WPM.TO,2025-01-14,2025-01-21,^GSPTSE,6,60.6,4.38,2.82,1.56,1.25,4.38
5|CPX.TO|2025-01-15,5,Validation,true,,CPX.TO,2025-01-15,2025-01-22,^GSPTSE,2,71.8,2.85,2.11,0.74,2.85,5.41
5|NWC.TO|2025-01-15,5,Validation,true,,NWC.TO,2025-01-15,2025-01-22,^GSPTSE,3,67.1,0.41,2.11,-1.69,-1,0.41
5|AMD.TO|2025-01-15,5,Validation,true,,AMD.TO,2025-01-15,2025-01-22,^IXIC,4,65.2,2.95,2.55,0.39,-1.36,2.95
5|DFY.TO|2025-01-15,5,Validation,true,,DFY.TO,2025-01-15,2025-01-22,^GSPTSE,6,58.9,4.67,2.11,2.56,0.11,4.67
5|IVN.TO|2025-01-16,5,Validation,true,,IVN.TO,2025-01-16,2025-01-23,^GSPTSE,2,61.3,1.34,2.37,-1.02,0.12,3.66
5|NWC.TO|2025-01-17,5,Validation,true,,NWC.TO,2025-01-17,2025-01-24,^GSPTSE,2,63.7,3.36,1.6,1.76,-0.37,3.36
5|DML.TO|2025-01-17,5,Validation,true,,DML.TO,2025-01-17,2025-01-24,^GSPTSE,3,61.4,6.25,1.6,4.65,1.1,7.72
5|DFY.TO|2025-01-17,5,Validation,true,,DFY.TO,2025-01-17,2025-01-24,^GSPTSE,4,59.6,5.16,1.6,3.56,0.39,5.21
5|ELD.TO|2025-01-20,5,Validation,true,,ELD.TO,2025-01-20,2025-01-27,^GSPTSE,1,62.5,1.68,0.63,1.05,-0.89,3.97
5|BTO.TO|2025-01-20,5,Validation,true,,BTO.TO,2025-01-20,2025-01-27,^GSPTSE,2,61.1,-4.58,0.63,-5.21,-4.58,-0.29
5|BBD-B.TO|2025-01-22,5,Validation,true,,BBD-B.TO,2025-01-22,2025-01-29,^GSPTSE,1,65.8,-3.31,0.64,-3.95,-4.67,1.26
5|IVN.TO|2025-01-23,5,Validation,true,,IVN.TO,2025-01-23,2025-01-30,^GSPTSE,2,59.2,-2.17,1.47,-3.64,-6.86,2.23
5|MG.TO|2025-01-24,5,Validation,true,,MG.TO,2025-01-24,2025-01-31,^GSPTSE,1,58.6,-2.34,0.25,-2.59,-2.34,1.83
5|LSPD.TO|2025-01-28,5,Validation,true,,LSPD.TO,2025-01-28,2025-02-04,^GSPTSE,1,66.9,-1.43,-0.55,-0.88,-3.96,1.53
5|HBM.TO|2025-01-29,5,Validation,true,,HBM.TO,2025-01-29,2025-02-05,^GSPTSE,1,64.7,5.96,0.38,5.58,0.42,5.96
5|TSLA.TO|2025-01-30,5,Validation,true,,TSLA.TO,2025-01-30,2025-02-06,^IXIC,1,80,-6.68,0.56,-7.24,-6.68,1.05
5|BBD-B.TO|2025-01-30,5,Validation,true,,BBD-B.TO,2025-01-30,2025-02-06,^GSPTSE,2,59.6,-8.43,-1.06,-7.37,-8.43,-1.83
5|BEI-UN.TO|2025-01-31,5,Validation,true,,BEI-UN.TO,2025-01-31,2025-02-07,^GSPTSE,1,65.9,2.71,-0.35,3.07,0.06,4.34
5|NWC.TO|2025-02-03,5,Validation,true,,NWC.TO,2025-02-03,2025-02-10,^GSPTSE,2,60.7,0.04,1.65,-1.61,0.04,2.58
5|TSLA.TO|2025-02-04,5,Validation,true,,TSLA.TO,2025-02-04,2025-02-11,^IXIC,1,65.9,-16.34,-0.05,-16.29,-16.34,-3.68
5|SAP.TO|2025-02-04,5,Validation,true,,SAP.TO,2025-02-04,2025-02-11,^GSPTSE,2,63.3,1.78,1.39,0.39,0.25,2.29
5|PPL.TO|2025-02-04,5,Validation,true,,PPL.TO,2025-02-04,2025-02-11,^GSPTSE,3,62.2,1.17,1.39,-0.22,0.36,1.17
5|DIR-UN.TO|2025-02-07,5,Validation,true,,DIR-UN.TO,2025-02-07,2025-02-14,^GSPTSE,1,65.6,1.38,0.16,1.22,0.26,1.38
5|TFII.TO|2025-02-07,5,Validation,true,,TFII.TO,2025-02-07,2025-02-14,^GSPTSE,2,63.3,-1.18,0.16,-1.34,-1.18,0.55
5|ERO.TO|2025-02-07,5,Validation,true,,ERO.TO,2025-02-07,2025-02-14,^GSPTSE,3,63.1,7.44,0.16,7.28,-2.36,7.44
5|LNR.TO|2025-02-07,5,Validation,true,,LNR.TO,2025-02-07,2025-02-14,^GSPTSE,4,61.3,0.59,0.16,0.43,0.34,2.24
5|PPL.TO|2025-02-07,5,Validation,true,,PPL.TO,2025-02-07,2025-02-14,^GSPTSE,5,59.1,-1.97,0.16,-2.12,-1.97,0.59
5|HPS-A.TO|2025-02-12,5,Validation,true,,HPS-A.TO,2025-02-12,2025-02-20,^GSPTSE,1,62.3,-0.3,-0.19,-0.11,-0.3,4.43
5|ERO.TO|2025-02-12,5,Validation,true,,ERO.TO,2025-02-12,2025-02-20,^GSPTSE,2,60.4,2.34,-0.19,2.53,2.18,8.93
5|NXE.TO|2025-02-12,5,Validation,true,,NXE.TO,2025-02-12,2025-02-20,^GSPTSE,3,58.9,-9.33,-0.19,-9.14,-9.33,-0.22
5|GOOS.TO|2025-02-13,5,Validation,true,,GOOS.TO,2025-02-13,2025-02-21,^GSPTSE,2,60.4,3.72,-2.15,5.87,0.35,5.4
5|CIGI.TO|2025-02-14,5,Validation,true,,CIGI.TO,2025-02-14,2025-02-24,^GSPTSE,1,59.8,-4.8,-1.3,-3.49,-4.8,0.54
5|PPL.TO|2025-02-18,5,Validation,true,,PPL.TO,2025-02-18,2025-02-25,^GSPTSE,1,65.7,0.64,-1.73,2.37,-0.31,0.64
5|VNP.TO|2025-02-19,5,Validation,true,,VNP.TO,2025-02-19,2025-02-26,^GSPTSE,2,59.5,-7.98,-1.16,-6.82,-7.98,-2.75
5|KMP-UN.TO|2025-02-20,5,Validation,true,,KMP-UN.TO,2025-02-20,2025-02-27,^GSPTSE,1,67,0.8,-1.51,2.31,-0.55,2.4
5|EFX.TO|2025-02-20,5,Validation,true,,EFX.TO,2025-02-20,2025-02-27,^GSPTSE,2,59.1,-12.97,-1.51,-11.46,-12.97,-2
5|PSK.TO|2025-02-24,5,Validation,true,,PSK.TO,2025-02-24,2025-03-03,^GSPTSE,1,79.3,-2.68,-0.6,-2.08,-3.16,-1.08
5|BTE.TO|2025-02-24,5,Validation,true,,BTE.TO,2025-02-24,2025-03-03,^GSPTSE,2,60.8,-11.24,-0.6,-10.65,-11.24,-2.96
5|CS.TO|2025-02-25,5,Validation,true,,CS.TO,2025-02-25,2025-03-04,^GSPTSE,1,71.1,-5.22,-2.51,-2.72,-5.47,3.4
5|OTEX.TO|2025-02-25,5,Validation,true,,OTEX.TO,2025-02-25,2025-03-04,^GSPTSE,2,62.4,-3.27,-2.51,-0.76,-3.48,-0.52
5|SLF.TO|2025-02-25,5,Validation,true,,SLF.TO,2025-02-25,2025-03-04,^GSPTSE,3,60.2,1.99,-2.51,4.5,-0.06,3.5
5|SKE.TO|2025-02-26,5,Validation,true,,SKE.TO,2025-02-26,2025-03-05,^GSPTSE,1,69.7,-3.3,-1.81,-1.49,-5.91,-1.86
5|ATRL.TO|2025-02-27,5,Validation,true,,ATRL.TO,2025-02-27,2025-03-06,^GSPTSE,1,63.5,-9.87,-2.17,-7.7,-9.87,2.03
5|LUN.TO|2025-02-28,5,Validation,true,,LUN.TO,2025-02-28,2025-03-07,^GSPTSE,1,77.8,9.06,-2.5,11.56,-2.76,9.06
5|TECK-B.TO|2025-02-28,5,Validation,true,,TECK-B.TO,2025-02-28,2025-03-07,^GSPTSE,2,74.7,-1.73,-2.5,0.76,-3.98,2.39
5|AG.TO|2025-02-28,5,Validation,true,,AG.TO,2025-02-28,2025-03-07,^GSPTSE,3,72.5,9.55,-2.5,12.05,0.26,9.55
5|EDR.TO|2025-02-28,5,Validation,true,,EDR.TO,2025-02-28,2025-03-07,^GSPTSE,4,69.5,7.53,-2.5,10.03,-1.88,8.1
5|K.TO|2025-02-28,5,Validation,true,,K.TO,2025-02-28,2025-03-07,^GSPTSE,5,66.9,3.89,-2.5,6.39,0.65,6.22
5|MG.TO|2025-02-28,5,Validation,true,,MG.TO,2025-02-28,2025-03-07,^GSPTSE,6,64,3.72,-2.5,6.22,-6.15,3.72
5|CG.TO|2025-03-03,5,Validation,true,,CG.TO,2025-03-03,2025-03-10,^GSPTSE,3,63.1,-3.88,-2.48,-1.4,-3.88,2.91
5|NA.TO|2025-03-03,5,Validation,true,,NA.TO,2025-03-03,2025-03-10,^GSPTSE,4,59.1,-1.51,-2.48,0.97,-2.29,-0.9
5|LUN.TO|2025-03-04,5,Validation,true,,LUN.TO,2025-03-04,2025-03-11,^GSPTSE,1,78.8,10.56,-1.32,11.88,6.43,11.27
5|NVDA.TO|2025-03-04,5,Validation,true,,NVDA.TO,2025-03-04,2025-03-11,^IXIC,2,73.7,-6.18,-4.64,-1.54,-7.78,1.3
5|ATD.TO|2025-03-04,5,Validation,true,,ATD.TO,2025-03-04,2025-03-11,^GSPTSE,3,72.2,-1.49,-1.32,-0.17,-1.49,4.84
5|BIR.TO|2025-03-04,5,Validation,true,,BIR.TO,2025-03-04,2025-03-11,^GSPTSE,5,69.2,-7.31,-1.32,-5.99,-9.87,-1.46
5|WFG.TO|2025-03-05,5,Validation,true,,WFG.TO,2025-03-05,2025-03-12,^GSPTSE,1,69.8,-2.68,-1.8,-0.88,-2.68,0.32
5|ATZ.TO|2025-03-05,5,Validation,true,,ATZ.TO,2025-03-05,2025-03-12,^GSPTSE,2,66.8,-20.17,-1.8,-18.37,-20.8,-5.34
5|BAM.TO|2025-03-05,5,Validation,true,,BAM.TO,2025-03-05,2025-03-12,^GSPTSE,4,65.8,-11.7,-1.8,-9.9,-12.94,-7.03
5|CTC-A.TO|2025-03-05,5,Validation,true,,CTC-A.TO,2025-03-05,2025-03-12,^GSPTSE,5,64,2.3,-1.8,4.1,0.47,2.69
5|ATRL.TO|2025-03-05,5,Validation,true,,ATRL.TO,2025-03-05,2025-03-12,^GSPTSE,6,63.1,-4.41,-1.8,-2.61,-7.21,-4.41
5|PSK.TO|2025-03-06,5,Validation,true,,PSK.TO,2025-03-06,2025-03-13,^GSPTSE,1,68,-0.27,-1.55,1.28,-0.31,1.36
5|GOOG.TO|2025-03-06,5,Validation,true,,GOOG.TO,2025-03-06,2025-03-13,^IXIC,3,64.9,-5.41,-4.24,-1.17,-5.41,0.97
5|NVDA.TO|2025-03-06,5,Validation,true,,NVDA.TO,2025-03-06,2025-03-13,^IXIC,4,59.5,4.53,-4.24,8.77,-3.39,4.73
5|CM.TO|2025-03-06,5,Validation,true,,CM.TO,2025-03-06,2025-03-13,^GSPTSE,5,58.6,-2.12,-1.55,-0.57,-2.12,0.36
5|MSFT.TO|2025-03-07,5,Validation,true,,MSFT.TO,2025-03-07,2025-03-14,^IXIC,1,69.9,-1.36,-2.43,1.07,-3.74,-1.36
5|BIR.TO|2025-03-07,5,Validation,true,,BIR.TO,2025-03-07,2025-03-14,^GSPTSE,5,59.7,10.97,-0.83,11.8,-5.19,10.97
5|HWX.TO|2025-03-07,5,Validation,true,,HWX.TO,2025-03-07,2025-03-14,^GSPTSE,6,58.6,3.48,-0.83,4.31,-3.15,3.48
5|GEI.TO|2025-03-10,5,Validation,true,,GEI.TO,2025-03-10,2025-03-17,^GSPTSE,1,65.9,1.31,1.66,-0.35,0.61,2.57
5|ATS.TO|2025-03-10,5,Validation,true,,ATS.TO,2025-03-10,2025-03-17,^GSPTSE,2,62.7,3.23,1.66,1.57,-3.54,3.23
5|PXT.TO|2025-03-10,5,Validation,true,,PXT.TO,2025-03-10,2025-03-17,^GSPTSE,3,59,9.85,1.66,8.19,3.23,9.85
5|BBD-B.TO|2025-03-11,5,Validation,true,,BBD-B.TO,2025-03-11,2025-03-18,^GSPTSE,1,66.6,5.46,1.89,3.57,1.62,6.34
5|RUS.TO|2025-03-11,5,Validation,true,,RUS.TO,2025-03-11,2025-03-18,^GSPTSE,2,66,-1.88,1.89,-3.77,-3.11,-0.33
5|MSFT.TO|2025-03-11,5,Validation,true,,MSFT.TO,2025-03-11,2025-03-18,^IXIC,3,65.5,0.9,0.39,0.51,-0.36,2.28
5|SU.TO|2025-03-11,5,Validation,true,,SU.TO,2025-03-11,2025-03-18,^GSPTSE,4,58.7,5.35,1.89,3.46,0.73,5.39
5|CM.TO|2025-03-11,5,Validation,true,,CM.TO,2025-03-11,2025-03-18,^GSPTSE,5,58.6,1.73,1.89,-0.16,-0.36,2.39
5|ATD.TO|2025-03-12,5,Validation,true,,ATD.TO,2025-03-12,2025-03-19,^GSPTSE,2,74,1.61,2.64,-1.04,-4.42,1.61
5|LB.TO|2025-03-12,5,Validation,true,,LB.TO,2025-03-12,2025-03-19,^GSPTSE,3,72.3,2.88,2.64,0.23,-0.3,2.88
5|GOOG.TO|2025-03-12,5,Validation,true,,GOOG.TO,2025-03-12,2025-03-19,^IXIC,4,65.2,-1.65,0.58,-2.23,-3.76,-0.79
5|MTL.TO|2025-03-12,5,Validation,true,,MTL.TO,2025-03-12,2025-03-19,^GSPTSE,5,61.4,1.01,2.64,-1.64,-0.7,1.01
5|TSU.TO|2025-03-13,5,Validation,true,,TSU.TO,2025-03-13,2025-03-20,^GSPTSE,2,62.5,1.87,3.54,-1.67,-0.41,3.37
5|ATS.TO|2025-03-13,5,Validation,true,,ATS.TO,2025-03-13,2025-03-20,^GSPTSE,4,61,5.93,3.54,2.39,3.58,7.36
5|ATRL.TO|2025-03-13,5,Validation,true,,ATRL.TO,2025-03-13,2025-03-20,^GSPTSE,5,59.9,8.93,3.54,5.39,0.85,8.93
5|OTEX.TO|2025-03-13,5,Validation,true,,OTEX.TO,2025-03-13,2025-03-20,^GSPTSE,6,59.8,4.25,3.54,0.71,2.48,4.25
5|DCBO.TO|2025-03-14,5,Validation,true,,DCBO.TO,2025-03-14,2025-03-21,^GSPTSE,2,63,1.91,1.69,0.22,-0.28,2.71
5|PSK.TO|2025-03-14,5,Validation,true,,PSK.TO,2025-03-14,2025-03-21,^GSPTSE,4,60.4,1.78,1.69,0.09,0.54,2.55
5|MTL.TO|2025-03-14,5,Validation,true,,MTL.TO,2025-03-14,2025-03-21,^GSPTSE,5,60.1,-0.85,1.69,-2.54,-0.85,0.62
5|META.TO|2025-03-14,5,Validation,true,,META.TO,2025-03-14,2025-03-21,^IXIC,6,58.5,-2.06,0.17,-2.22,-4.35,-0.66
5|FSV.TO|2025-03-17,5,Validation,true,,FSV.TO,2025-03-17,2025-03-24,^GSPTSE,1,66.7,3.23,2.09,1.14,-0.22,3.23
5|GEI.TO|2025-03-18,5,Validation,true,,GEI.TO,2025-03-18,2025-03-25,^GSPTSE,1,70.7,3.96,2.56,1.4,0.55,4.42
5|GIL.TO|2025-03-18,5,Validation,true,,GIL.TO,2025-03-18,2025-03-25,^GSPTSE,2,68.6,-2.76,2.56,-5.32,-2.76,1.06
5|AMZN.TO|2025-03-19,5,Validation,true,,AMZN.TO,2025-03-19,2025-03-26,^IXIC,2,68.1,2.77,0.84,1.93,-0.35,5.1
5|GOOG.TO|2025-03-19,5,Validation,true,,GOOG.TO,2025-03-19,2025-03-26,^IXIC,3,64.4,0.51,0.84,-0.33,-0.76,3.86
5|CSU.TO|2025-03-21,5,Validation,true,,CSU.TO,2025-03-21,2025-03-28,^GSPTSE,1,69.1,-1.31,-0.84,-0.47,-1.31,2.22
5|META.TO|2025-03-21,5,Validation,true,,META.TO,2025-03-21,2025-03-28,^IXIC,2,58.7,-3.32,-2.59,-0.72,-3.32,4.93
5|ONEX.TO|2025-03-24,5,Validation,true,,ONEX.TO,2025-03-24,2025-03-31,^GSPTSE,1,66.8,-3.59,-1.53,-2.07,-4.74,-1.19
5|DOO.TO|2025-03-24,5,Validation,true,,DOO.TO,2025-03-24,2025-03-31,^GSPTSE,2,64,-10.89,-1.53,-9.37,-10.89,0.04
5|RUS.TO|2025-03-24,5,Validation,true,,RUS.TO,2025-03-24,2025-03-31,^GSPTSE,3,62.7,-0.35,-1.53,1.17,-0.51,1.42
5|ONEX.TO|2025-03-27,5,Validation,true,,ONEX.TO,2025-03-27,2025-04-03,^GSPTSE,1,62.9,-1.98,-3.28,1.3,-2.46,2.62
5|EFR.TO|2025-03-31,5,Validation,true,,EFR.TO,2025-03-31,2025-04-07,^GSPTSE,1,59.2,-7.88,-8.26,0.38,-8.26,1.13
5|GOOG.TO|2025-03-31,5,Validation,true,,GOOG.TO,2025-03-31,2025-04-07,^IXIC,2,58.7,-4.42,-9.8,5.39,-5.43,1.67
5|BMO.TO|2025-04-01,5,Validation,true,,BMO.TO,2025-04-01,2025-04-08,^GSPTSE,1,65.6,-9.6,-10.09,0.49,-9.6,1.25
5|MTL.TO|2025-04-01,5,Validation,true,,MTL.TO,2025-04-01,2025-04-08,^GSPTSE,2,65.1,-4.27,-10.09,5.82,-4.27,1.27
5|DSG.TO|2025-04-04,5,Validation,true,,DSG.TO,2025-04-04,2025-04-11,^GSPTSE,1,70.4,3.51,1.7,1.81,-1.82,6.26
5|TIH.TO|2025-04-04,5,Validation,true,,TIH.TO,2025-04-04,2025-04-11,^GSPTSE,2,70.2,1.8,1.7,0.1,-1.8,3.74
5|WFG.TO|2025-04-04,5,Validation,true,,WFG.TO,2025-04-04,2025-04-11,^GSPTSE,3,65.1,0.17,1.7,-1.53,-3.96,2.1
5|AIF.TO|2025-04-04,5,Validation,true,,AIF.TO,2025-04-04,2025-04-11,^GSPTSE,4,62.2,-3.24,1.7,-4.94,-3.62,-0.06
5|MTL.TO|2025-04-04,5,Validation,true,,MTL.TO,2025-04-04,2025-04-11,^GSPTSE,5,61.5,1.72,1.7,0.02,-0.74,3.94
5|BAM.TO|2025-04-04,5,Validation,true,,BAM.TO,2025-04-04,2025-04-11,^GSPTSE,6,61.3,4.37,1.7,2.67,-3,5.94
5|FSV.TO|2025-04-07,5,Validation,true,,FSV.TO,2025-04-07,2025-04-14,^GSPTSE,1,73.4,1.66,4.41,-2.75,-1.63,3.16
5|GIB-A.TO|2025-04-07,5,Validation,true,,GIB-A.TO,2025-04-07,2025-04-14,^GSPTSE,3,67.7,3.4,4.41,-1.01,-0.82,3.93
5|FM.TO|2025-04-07,5,Validation,true,,FM.TO,2025-04-07,2025-04-14,^GSPTSE,4,64.9,5.64,4.41,1.24,-3.46,8.72
5|EIF.TO|2025-04-07,5,Validation,true,,EIF.TO,2025-04-07,2025-04-14,^GSPTSE,5,64,4.74,4.41,0.34,-1.06,6.28
5|CP.TO|2025-04-07,5,Validation,true,,CP.TO,2025-04-07,2025-04-14,^GSPTSE,6,62.8,5.05,4.41,0.64,-2.03,5.7
5|BBD-B.TO|2025-04-08,5,Validation,true,,BBD-B.TO,2025-04-08,2025-04-15,^GSPTSE,1,70,13.31,6.94,6.37,4.85,13.59
5|BAM.TO|2025-04-08,5,Validation,true,,BAM.TO,2025-04-08,2025-04-15,^GSPTSE,5,60.8,11.38,6.94,4.44,5.45,11.38
5|MSFT.TO|2025-04-08,5,Validation,true,,MSFT.TO,2025-04-08,2025-04-15,^IXIC,6,60,8.17,10.19,-2.02,7.01,9.87
5|T.TO|2025-04-09,5,Validation,true,,T.TO,2025-04-09,2025-04-16,^GSPTSE,1,66.6,3.17,1.6,1.57,1.51,3.47
5|WFG.TO|2025-04-10,5,Validation,true,,WFG.TO,2025-04-10,2025-04-17,^GSPTSE,2,65.8,-2.31,5.12,-7.43,-2.31,0.77
5|EQB.TO|2025-04-10,5,Validation,true,,EQB.TO,2025-04-10,2025-04-17,^GSPTSE,3,61.4,3.49,5.12,-1.63,1.79,4.29
5|CM.TO|2025-04-11,5,Validation,true,,CM.TO,2025-04-11,2025-04-21,^GSPTSE,1,66.5,1.99,1.79,0.21,1.78,2.91
5|TD.TO|2025-04-11,5,Validation,true,,TD.TO,2025-04-11,2025-04-21,^GSPTSE,3,63.7,3.86,1.79,2.08,2.64,3.86
5|FSV.TO|2025-04-11,5,Validation,true,,FSV.TO,2025-04-11,2025-04-21,^GSPTSE,4,63.2,2.23,1.79,0.44,1.15,3.15
5|CCL-B.TO|2025-04-11,5,Validation,true,,CCL-B.TO,2025-04-11,2025-04-21,^GSPTSE,5,60.4,1.31,1.79,-0.47,0.62,1.65
5|IMO.TO|2025-04-11,5,Validation,true,,IMO.TO,2025-04-11,2025-04-21,^GSPTSE,6,60.3,3.27,1.79,1.49,-2.02,3.27
5|WFG.TO|2025-04-14,5,Validation,true,,WFG.TO,2025-04-14,2025-04-22,^GSPTSE,2,61,-0.43,1.84,-2.27,-2.92,-0.43
5|AIF.TO|2025-04-14,5,Validation,true,,AIF.TO,2025-04-14,2025-04-22,^GSPTSE,3,60.8,0.74,1.84,-1.11,0.35,1.47
5|EFX.TO|2025-04-14,5,Validation,true,,EFX.TO,2025-04-14,2025-04-22,^GSPTSE,4,60.8,-1.43,1.84,-3.28,-1.88,4.3
5|HR-UN.TO|2025-04-14,5,Validation,true,,HR-UN.TO,2025-04-14,2025-04-22,^GSPTSE,5,59.2,2.55,1.84,0.71,0.42,4.35
5|WFG.TO|2025-04-25,5,Validation,true,,WFG.TO,2025-04-25,2025-05-02,^GSPTSE,1,68.4,1.31,1.3,0.02,-0.52,1.45
5|BYD.TO|2025-04-28,5,Validation,true,,BYD.TO,2025-04-28,2025-05-05,^GSPTSE,1,66,0.6,0.62,-0.02,-0.78,1.07
5|GWO.TO|2025-05-06,5,Validation,true,,GWO.TO,2025-05-06,2025-05-13,^GSPTSE,1,61.6,-3.26,2.57,-5.83,-3.26,-0.59
5|EFX.TO|2025-05-06,5,Validation,true,,EFX.TO,2025-05-06,2025-05-13,^GSPTSE,2,60.7,9.99,2.57,7.42,2.93,9.99
5|GWO.TO|2025-05-08,5,Validation,true,,GWO.TO,2025-05-08,2025-05-15,^GSPTSE,1,72.8,-1.39,2.55,-3.94,-3.38,0.69
5|AP-UN.TO|2025-05-08,5,Validation,true,,AP-UN.TO,2025-05-08,2025-05-15,^GSPTSE,2,71.8,2.44,2.55,-0.11,0.75,3.05
5|AP-UN.TO|2025-05-22,5,Validation,true,,AP-UN.TO,2025-05-22,2025-05-29,^GSPTSE,1,59.9,6.66,1.38,5.28,0,6.66
5|DSG.TO|2025-06-12,5,Validation,true,,DSG.TO,2025-06-12,2025-06-19,^GSPTSE,1,58.7,-0.05,-0.42,0.37,-2.93,-0.05
5|AAPL.TO|2025-06-16,5,Validation,true,,AAPL.TO,2025-06-16,2025-06-23,^IXIC,1,61.7,1.46,-0.36,1.82,-1.36,1.46
5|GMIN.TO|2025-06-17,5,Validation,true,,GMIN.TO,2025-06-17,2025-06-24,^GSPTSE,1,59.1,-5.75,0.67,-6.42,-5.75,-1.08
5|BAM.TO|2025-06-18,5,Validation,true,,BAM.TO,2025-06-18,2025-06-25,^GSPTSE,1,59.5,-0.32,0.02,-0.34,-0.92,2.12
5|EQX.TO|2025-06-19,5,Validation,true,,EQX.TO,2025-06-19,2025-06-26,^GSPTSE,1,59.8,-4.84,0.94,-5.78,-5.43,-0.71
5|PPL.TO|2025-06-25,5,Validation,true,,PPL.TO,2025-06-25,2025-07-03,^GSPTSE,1,61.4,0.28,1.76,-1.48,0.28,2.6
5|IMG.TO|2025-06-27,5,Validation,true,,IMG.TO,2025-06-27,2025-07-07,^GSPTSE,1,67.7,5.46,1.23,4.23,3.3,5.46
5|VZLA.TO|2025-06-30,5,Validation,true,,VZLA.TO,2025-06-30,2025-07-08,^GSPTSE,1,59.7,-0.25,0.17,-0.42,-0.25,3.48
5|IMG.TO|2025-07-03,5,Validation,true,,IMG.TO,2025-07-03,2025-07-10,^GSPTSE,1,64.4,-6.32,0.18,-6.5,-6.81,1.09
5|GMIN.TO|2025-07-07,5,Validation,true,,GMIN.TO,2025-07-07,2025-07-14,^GSPTSE,1,59,-3.51,0.66,-4.17,-3.51,-0.8
5|AYA.TO|2025-07-10,5,Validation,true,,AYA.TO,2025-07-10,2025-07-17,^GSPTSE,1,64,5.68,1.12,4.56,5.68,10.88
5|NWC.TO|2025-07-10,5,Validation,true,,NWC.TO,2025-07-10,2025-07-17,^GSPTSE,2,62,-0.4,1.12,-1.52,-0.67,0.36
5|ERO.TO|2025-07-16,5,Validation,true,,ERO.TO,2025-07-16,2025-07-23,^GSPTSE,1,62.7,3.58,0.97,2.61,-0.05,3.58
5|FVI.TO|2025-07-16,5,Validation,true,,FVI.TO,2025-07-16,2025-07-23,^GSPTSE,2,58.5,6.88,0.97,5.91,-2.48,7.34
5|BTO.TO|2025-07-21,5,Validation,true,,BTO.TO,2025-07-21,2025-07-28,^GSPTSE,1,62.5,-0.64,0.32,-0.96,-0.64,2.12
5|PEY.TO|2025-07-22,5,Validation,true,,PEY.TO,2025-07-22,2025-07-29,^GSPTSE,1,61.7,5.96,0.64,5.32,0.96,5.96
5|AAV.TO|2025-07-24,5,Validation,true,,AAV.TO,2025-07-24,2025-07-31,^GSPTSE,1,59.2,0.27,-0.41,0.68,0,1.45
5|PEY.TO|2025-07-25,5,Validation,true,,PEY.TO,2025-07-25,2025-08-01,^GSPTSE,1,65.6,-0.22,-1.72,1.5,-0.22,2.84
5|MTL.TO|2025-07-31,5,Validation,true,,MTL.TO,2025-07-31,2025-08-08,^GSPTSE,1,63.1,2.13,1.83,0.3,-0.76,2.13
5|ENGH.TO|2025-08-08,5,Validation,true,,ENGH.TO,2025-08-08,2025-08-15,^GSPTSE,1,63.9,-0.3,0.53,-0.83,-1.91,-0.3
5|TFII.TO|2025-08-08,5,Validation,true,,TFII.TO,2025-08-08,2025-08-15,^GSPTSE,2,61.7,5.76,0.53,5.23,-1.84,8.03
5|TOU.TO|2025-08-08,5,Validation,true,,TOU.TO,2025-08-08,2025-08-15,^GSPTSE,3,60.9,-0.81,0.53,-1.34,-1.17,0.31
5|CG.TO|2025-08-11,5,Validation,true,,CG.TO,2025-08-11,2025-08-18,^GSPTSE,1,66.6,3.6,0.53,3.07,-0.62,3.6
5|ENGH.TO|2025-08-12,5,Validation,true,,ENGH.TO,2025-08-12,2025-08-19,^GSPTSE,1,63.9,1.22,-0.35,1.57,0.13,1.45
5|DSG.TO|2025-08-13,5,Validation,true,,DSG.TO,2025-08-13,2025-08-20,^GSPTSE,2,59.4,-0.53,-0.41,-0.12,-1.19,0.11
5|GIB-A.TO|2025-08-15,5,Validation,true,,GIB-A.TO,2025-08-15,2025-08-22,^GSPTSE,1,63.6,3.31,1.53,1.77,0.11,3.31
5|ENGH.TO|2025-08-15,5,Validation,true,,ENGH.TO,2025-08-15,2025-08-22,^GSPTSE,2,60.5,2.75,1.53,1.22,0.54,2.75
5|ARIS.TO|2025-08-18,5,Validation,true,,ARIS.TO,2025-08-18,2025-08-25,^GSPTSE,1,62.6,6.57,0.88,5.68,-2.5,6.57
5|ARIS.TO|2025-08-20,5,Validation,true,,ARIS.TO,2025-08-20,2025-08-27,^GSPTSE,1,61.2,18.09,1.99,16.1,2.63,18.09
5|AC.TO|2025-08-21,5,Validation,true,,AC.TO,2025-08-21,2025-08-28,^GSPTSE,1,59.5,0.62,1.35,-0.73,0.62,2.38
5|TSU.TO|2025-08-22,5,Validation,true,,TSU.TO,2025-08-22,2025-08-29,^GSPTSE,1,59.6,-2.7,0.82,-3.52,-2.7,-1.7
5|BEPC.TO|2025-08-26,5,Validation,true,,BEPC.TO,2025-08-26,2025-09-03,^GSPTSE,1,59,-2.38,1.45,-3.84,-2.38,0.59
5|CSU.TO|2025-08-28,5,Validation,true,,CSU.TO,2025-08-28,2025-09-05,^GSPTSE,1,61.3,4.02,2.17,1.85,2.9,4.15
5|PEY.TO|2025-09-04,5,Validation,true,,PEY.TO,2025-09-04,2025-09-11,^GSPTSE,1,58.7,-2.04,1.7,-3.74,-2.04,-1.13
5|VET.TO|2025-09-08,5,Validation,true,,VET.TO,2025-09-08,2025-09-15,^GSPTSE,1,60.5,2.06,1.39,0.67,0.29,4.22
5|TRI.TO|2025-09-09,5,Validation,true,,TRI.TO,2025-09-09,2025-09-16,^GSPTSE,1,60.5,-4.13,0.87,-4.99,-4.13,-1.39
5|LAC.TO|2025-09-10,5,Validation,true,,LAC.TO,2025-09-10,2025-09-17,^GSPTSE,1,65,15.64,0.49,15.15,1.03,15.64
5|BIR.TO|2025-09-10,5,Validation,true,,BIR.TO,2025-09-10,2025-09-17,^GSPTSE,2,62.7,-2.77,0.49,-3.26,-4.08,-1.79
5|LSPD.TO|2025-09-11,5,Validation,true,,LSPD.TO,2025-09-11,2025-09-18,^GSPTSE,1,67.5,6.68,0.16,6.53,0.67,6.74
5|BIR.TO|2025-09-12,5,Validation,true,,BIR.TO,2025-09-12,2025-09-19,^GSPTSE,1,69.5,-2.66,1.65,-4.32,-2.66,-0.67
5|BIR.TO|2025-09-16,5,Validation,true,,BIR.TO,2025-09-16,2025-09-23,^GSPTSE,1,62.2,-1.17,1.71,-2.88,-2.01,-0.34
5|TOI.V|2025-09-17,5,Validation,true,,TOI.V,2025-09-17,2025-09-24,^GSPTSE,2,59.7,-2.47,1.48,-3.95,-3.72,0.8
5|PPTA.TO|2025-09-18,5,Validation,true,,PPTA.TO,2025-09-18,2025-09-25,^GSPTSE,1,65.7,10.5,0.95,9.56,5.5,10.5
5|CSU.TO|2025-09-18,5,Validation,true,,CSU.TO,2025-09-18,2025-09-25,^GSPTSE,2,63.4,-9.7,0.95,-10.65,-9.7,2.5
5|TVK.TO|2025-09-19,5,Validation,true,,TVK.TO,2025-09-19,2025-09-26,^GSPTSE,1,59.3,0.46,-0.02,0.49,-0.36,0.55
5|BIR.TO|2025-09-22,5,Validation,true,,BIR.TO,2025-09-22,2025-09-29,^GSPTSE,2,61.4,0.17,0.04,0.13,-0.17,0.17
5|NWC.TO|2025-09-23,5,Validation,true,,NWC.TO,2025-09-23,2025-09-30,^GSPTSE,1,64.2,-0.12,0.69,-0.82,-0.29,0.97
5|GIB-A.TO|2025-09-24,5,Validation,true,,GIB-A.TO,2025-09-24,2025-10-01,^GSPTSE,1,64.2,-1.65,1.18,-2.83,-3.7,-1.65
5|ENGH.TO|2025-09-25,5,Validation,true,,ENGH.TO,2025-09-25,2025-10-02,^GSPTSE,1,71.7,0.72,1.44,-0.73,-0.96,0.72
5|ATS.TO|2025-10-01,5,Validation,true,,ATS.TO,2025-10-01,2025-10-08,^GSPTSE,1,68.2,0.71,1.31,-0.6,-0.11,2.12
5|DFY.TO|2025-10-03,5,Validation,true,,DFY.TO,2025-10-03,2025-10-10,^GSPTSE,1,63.4,-2.08,-2.04,-0.05,-2.35,-0.67
5|BIR.TO|2025-10-03,5,Validation,true,,BIR.TO,2025-10-03,2025-10-10,^GSPTSE,2,62.2,-1.2,-2.04,0.84,-1.2,3.6
5|MRU.TO|2025-10-07,5,Validation,true,,MRU.TO,2025-10-07,2025-10-15,^GSPTSE,1,68.9,2.65,0.94,1.71,0.15,2.85
5|RCH.TO|2025-10-09,5,Validation,true,,RCH.TO,2025-10-09,2025-10-17,^GSPTSE,1,63.4,5.95,-0.53,6.48,3.56,7.58
5|AMZN.TO|2025-10-14,5,Validation,true,,AMZN.TO,2025-10-14,2025-10-21,^IXIC,1,66.2,2.49,1.92,0.57,-1.66,2.49
5|ATS.TO|2025-10-14,5,Validation,true,,ATS.TO,2025-10-14,2025-10-21,^GSPTSE,2,62.1,1.18,-1.53,2.71,-2.25,1.18
5|LSPD.TO|2025-10-14,5,Validation,true,,LSPD.TO,2025-10-14,2025-10-21,^GSPTSE,3,60.8,1.91,-1.53,3.44,-3.33,1.91
5|WELL.TO|2025-10-20,5,Validation,true,,WELL.TO,2025-10-20,2025-10-27,^GSPTSE,1,65.6,4.23,-0.46,4.69,-1.41,4.63
5|BTE.TO|2025-10-22,5,Validation,true,,BTE.TO,2025-10-22,2025-10-29,^GSPTSE,1,60.2,1.88,0.54,1.34,0,5.02
5|CS.TO|2025-10-23,5,Validation,true,,CS.TO,2025-10-23,2025-10-30,^GSPTSE,1,64.7,4.05,-0.02,4.07,0.18,8.44
5|WFG.TO|2025-10-24,5,Validation,true,,WFG.TO,2025-10-24,2025-10-31,^GSPTSE,1,59.4,-6.99,-0.3,-6.68,-6.99,1.06
5|CS.TO|2025-10-27,5,Validation,true,,CS.TO,2025-10-27,2025-11-03,^GSPTSE,1,64.1,7.9,0,7.9,2.81,9.92
5|FFH.TO|2025-10-27,5,Validation,true,,FFH.TO,2025-10-27,2025-11-03,^GSPTSE,2,60.8,-3.75,0,-3.75,-3.75,-0.07
5|NG.TO|2025-10-28,5,Validation,true,,NG.TO,2025-10-28,2025-11-04,^GSPTSE,1,65.3,-4.23,-2.11,-2.12,-4.23,2.55
5|DPM.TO|2025-10-28,5,Validation,true,,DPM.TO,2025-10-28,2025-11-04,^GSPTSE,2,64.3,-5.3,-2.11,-3.19,-5.3,-1.72
5|ARIS.TO|2025-10-28,5,Validation,true,,ARIS.TO,2025-10-28,2025-11-04,^GSPTSE,3,64.2,5.47,-2.11,7.58,1.8,11.49
5|OGC.TO|2025-10-28,5,Validation,true,,OGC.TO,2025-10-28,2025-11-04,^GSPTSE,4,62.7,-2.43,-2.11,-0.32,-2.43,2.85
5|IVN.TO|2025-10-28,5,Validation,true,,IVN.TO,2025-10-28,2025-11-04,^GSPTSE,5,60.2,-10.48,-2.11,-8.37,-10.48,0.48
5|AEM.TO|2025-10-28,5,Validation,true,,AEM.TO,2025-10-28,2025-11-04,^GSPTSE,6,59.9,0.58,-2.11,2.69,0.18,4.52
5|ABX.TO|2025-10-29,5,Validation,true,,ABX.TO,2025-10-29,2025-11-05,^GSPTSE,2,65.7,3.47,-0.14,3.6,-0.18,3.91
5|MDA.TO|2025-10-29,5,Validation,true,,MDA.TO,2025-10-29,2025-11-05,^GSPTSE,3,64.7,-25.66,-0.14,-25.52,-25.66,-15.8
5|TXG.TO|2025-10-29,5,Validation,true,,TXG.TO,2025-10-29,2025-11-05,^GSPTSE,5,61.7,1.89,-0.14,2.03,-2.3,3.95
5|GIB-A.TO|2025-10-30,5,Validation,true,,GIB-A.TO,2025-10-30,2025-11-06,^GSPTSE,1,67.7,-1.77,-1.03,-0.74,-1.77,3.61
5|EMP-A.TO|2025-10-31,5,Validation,true,,EMP-A.TO,2025-10-31,2025-11-07,^GSPTSE,1,65,3.61,-1.15,4.76,1.15,4.81
5|AGI.TO|2025-10-31,5,Validation,true,,AGI.TO,2025-10-31,2025-11-07,^GSPTSE,2,61,0.53,-1.15,1.68,-2.2,1.62
5|USA.TO|2025-11-03,5,Validation,true,,USA.TO,2025-11-03,2025-11-10,^GSPTSE,1,66.5,10.35,0.14,10.21,-6.1,10.35
5|DPM.TO|2025-11-05,5,Validation,true,,DPM.TO,2025-11-05,2025-11-12,^GSPTSE,1,67.4,8.96,2.41,6.55,-0.44,8.96
5|OGC.TO|2025-11-05,5,Validation,true,,OGC.TO,2025-11-05,2025-11-12,^GSPTSE,2,65.1,18.28,2.41,15.88,2.49,18.28
5|TOI.V|2025-11-05,5,Validation,true,,TOI.V,2025-11-05,2025-11-12,^GSPTSE,3,64.3,-2.3,2.41,-4.71,-5.59,-2.3
5|TRI.TO|2025-11-05,5,Validation,true,,TRI.TO,2025-11-05,2025-11-12,^GSPTSE,4,63.8,-4.81,2.41,-7.21,-6.65,-3.58
5|ATD.TO|2025-11-05,5,Validation,true,,ATD.TO,2025-11-05,2025-11-12,^GSPTSE,5,62.5,1.4,2.41,-1.01,-2.46,1.4
5|WPM.TO|2025-11-05,5,Validation,true,,WPM.TO,2025-11-05,2025-11-12,^GSPTSE,6,60.4,10.74,2.41,8.33,-0.26,10.74
5|GEI.TO|2025-11-06,5,Validation,true,,GEI.TO,2025-11-06,2025-11-13,^GSPTSE,2,61.3,1.3,1.29,0.01,0.61,3.12
5|TFPM.TO|2025-11-06,5,Validation,true,,TFPM.TO,2025-11-06,2025-11-13,^GSPTSE,3,61,10.49,1.29,9.2,2.22,12.99
5|PPL.TO|2025-11-10,5,Validation,true,,PPL.TO,2025-11-10,2025-11-17,^GSPTSE,1,66.7,2.78,-0.79,3.57,0.84,3.37
5|GFL.TO|2025-11-10,5,Validation,true,,GFL.TO,2025-11-10,2025-11-17,^GSPTSE,2,66,1.26,-0.79,2.05,-0.93,1.37
5|GEI.TO|2025-11-10,5,Validation,true,,GEI.TO,2025-11-10,2025-11-17,^GSPTSE,3,59,1.11,-0.79,1.9,-0.04,1.97
5|PPL.TO|2025-11-12,5,Validation,true,,PPL.TO,2025-11-12,2025-11-19,^GSPTSE,1,62,2.29,-1.78,4.07,-0.66,2.29
5|ATRL.TO|2025-11-13,5,Validation,true,,ATRL.TO,2025-11-13,2025-11-20,^GSPTSE,2,62.3,-5.37,-1.15,-4.22,-8.11,-1.12
5|RUS.TO|2025-11-14,5,Validation,true,,RUS.TO,2025-11-14,2025-11-21,^GSPTSE,1,67.8,0.53,-0.55,1.07,-1.13,0.65
5|BAM.TO|2025-11-14,5,Validation,true,,BAM.TO,2025-11-14,2025-11-21,^GSPTSE,2,63.8,-1.78,-0.55,-1.23,-4.14,-1.68
5|TFII.TO|2025-11-17,5,Validation,true,,TFII.TO,2025-11-17,2025-11-24,^GSPTSE,1,60.7,0.3,1.76,-1.46,-3.94,2.26
5|RBA.TO|2025-11-18,5,Validation,true,,RBA.TO,2025-11-18,2025-11-25,^GSPTSE,1,63.8,0.6,2.88,-2.28,-1.33,0.6
5|KMP-UN.TO|2025-11-18,5,Validation,true,,KMP-UN.TO,2025-11-18,2025-11-25,^GSPTSE,2,62,-0.9,2.88,-3.77,-1.31,0.06
5|GIL.TO|2025-11-18,5,Validation,true,,GIL.TO,2025-11-18,2025-11-25,^GSPTSE,3,61.9,1.97,2.88,-0.91,-0.69,1.97
5|CAR-UN.TO|2025-11-18,5,Validation,true,,CAR-UN.TO,2025-11-18,2025-11-25,^GSPTSE,4,58.8,-1.84,2.88,-4.72,-2.49,-1.14
5|EQB.TO|2025-11-18,5,Validation,true,,EQB.TO,2025-11-18,2025-11-25,^GSPTSE,5,58.7,2.56,2.88,-0.32,-0.4,2.56
5|WDO.TO|2025-11-19,5,Validation,true,,WDO.TO,2025-11-19,2025-11-26,^GSPTSE,1,60.6,6.19,2.98,3.21,-4.55,6.19
5|ATRL.TO|2025-11-19,5,Validation,true,,ATRL.TO,2025-11-19,2025-11-26,^GSPTSE,3,58.8,-1.91,2.98,-4.89,-4.78,-1.78
5|FSV.TO|2025-11-20,5,Validation,true,,FSV.TO,2025-11-20,2025-11-27,^GSPTSE,1,60.3,0.66,4.38,-3.72,-0.06,2
5|BAM.TO|2025-11-20,5,Validation,true,,BAM.TO,2025-11-20,2025-11-27,^GSPTSE,2,59,3.93,4.38,-0.45,0.54,3.93
5|USA.TO|2025-11-21,5,Validation,true,,USA.TO,2025-11-21,2025-11-28,^GSPTSE,1,70.2,20.27,4.05,16.22,6.76,20.27
5|WDO.TO|2025-11-21,5,Validation,true,,WDO.TO,2025-11-21,2025-11-28,^GSPTSE,2,60.5,14.04,4.05,9.99,7.5,14.04
5|NVDA.TO|2025-11-24,5,Validation,true,,NVDA.TO,2025-11-24,2025-12-01,^IXIC,1,70.2,-1.71,1.77,-3.47,-3.34,-1.51
5|CP.TO|2025-11-24,5,Validation,true,,CP.TO,2025-11-24,2025-12-01,^GSPTSE,2,64,2.6,1.63,0.98,2.24,2.6
5|TVK.TO|2025-11-24,5,Validation,true,,TVK.TO,2025-11-24,2025-12-01,^GSPTSE,3,58.8,1.62,1.63,-0.01,1.62,4.57
5|CSH-UN.TO|2025-11-27,5,Validation,true,,CSH-UN.TO,2025-11-27,2025-12-04,^GSPTSE,1,67.7,-1.18,0.84,-2.02,-1.92,-0.34
5|PET.TO|2025-12-03,5,Validation,true,,PET.TO,2025-12-03,2025-12-10,^GSPTSE,1,60.5,1.31,1.06,0.25,0.49,2.93
5|MSFT.TO|2025-12-08,5,Validation,true,,MSFT.TO,2025-12-08,2025-12-15,^IXIC,1,62.4,-3.37,-2.07,-1.3,-3.37,0.2
5|SSRM.TO|2025-12-10,5,Validation,true,,SSRM.TO,2025-12-10,2025-12-17,^GSPTSE,1,67.1,3.46,-0.76,4.23,2.14,4.89
5|CIGI.TO|2025-12-11,5,Validation,true,,CIGI.TO,2025-12-11,2025-12-18,^GSPTSE,1,58.7,0.7,-0.69,1.4,-1.44,0.72
5|CPX.TO|2025-12-12,5,Validation,true,,CPX.TO,2025-12-12,2025-12-19,^GSPTSE,2,60.7,-3.03,0.72,-3.75,-3.11,0.83
5|KEL.TO|2025-12-17,5,Validation,true,,KEL.TO,2025-12-17,2025-12-24,^GSPTSE,1,70,2.59,2.4,0.19,-0.95,4.76
5|CSU.TO|2025-12-17,5,Validation,true,,CSU.TO,2025-12-17,2025-12-24,^GSPTSE,2,63.8,0.08,2.4,-2.32,-0.18,1.85
5|CPX.TO|2025-12-19,5,Validation,true,,CPX.TO,2025-12-19,2025-12-30,^GSPTSE,1,61.5,-1.07,0.35,-1.42,-1.07,0
5|IPCO.TO|2025-12-19,5,Validation,true,,IPCO.TO,2025-12-19,2025-12-30,^GSPTSE,2,59.8,2.63,0.35,2.28,1.32,3.37
5|WFG.TO|2025-12-22,5,Validation,true,,WFG.TO,2025-12-22,2025-12-31,^GSPTSE,1,61.5,3.11,-0.9,4.01,0.9,3.11
10|MG.TO|2022-02-18,10,Development,true,,MG.TO,2022-02-18,2022-03-07,^GSPTSE,1,62.1,-25.27,1.41,-26.68,-25.27,-1.56
10|KEL.TO|2022-02-22,10,Development,true,,KEL.TO,2022-02-22,2022-03-08,^GSPTSE,1,79,7.78,1.55,6.23,-0.37,10.37
10|IGM.TO|2022-02-22,10,Development,true,,IGM.TO,2022-02-22,2022-03-08,^GSPTSE,2,59.7,-1.31,1.55,-2.86,-1.6,0.89
10|GRT-UN.TO|2022-02-22,10,Development,true,,GRT-UN.TO,2022-02-22,2022-03-08,^GSPTSE,3,58.6,-2.23,1.55,-3.78,-2.23,2.33
10|TRI.TO|2022-02-24,10,Development,true,,TRI.TO,2022-02-24,2022-03-10,^GSPTSE,1,60.4,2.62,3.95,-1.33,-0.31,5.13
10|ONEX.TO|2022-02-25,10,Development,true,,ONEX.TO,2022-02-25,2022-03-11,^GSPTSE,1,62.4,-0.64,1.69,-2.32,-4.3,-0.6
10|KXS.TO|2022-02-25,10,Development,true,,KXS.TO,2022-02-25,2022-03-11,^GSPTSE,2,60.6,6.98,1.69,5.3,-1.65,8.26
10|MFI.TO|2022-03-03,10,Development,true,,MFI.TO,2022-03-03,2022-03-17,^GSPTSE,1,61.8,9.67,2.45,7.22,1.16,13.3
10|DSG.TO|2022-03-04,10,Development,true,,DSG.TO,2022-03-04,2022-03-18,^GSPTSE,1,62.7,10.85,1.94,8.91,2.44,10.85
10|EFN.TO|2022-03-08,10,Development,true,,EFN.TO,2022-03-08,2022-03-22,^GSPTSE,1,66.7,1.17,3.97,-2.8,0.33,5.83
10|BN.TO|2022-03-08,10,Development,true,,BN.TO,2022-03-08,2022-03-22,^GSPTSE,2,58.9,5.83,3.97,1.86,-0.64,5.83
10|GRT-UN.TO|2022-03-09,10,Development,true,,GRT-UN.TO,2022-03-09,2022-03-23,^GSPTSE,1,60.9,6.75,2.04,4.7,-0.59,7.45
10|GIB-A.TO|2022-03-10,10,Development,true,,GIB-A.TO,2022-03-10,2022-03-24,^GSPTSE,1,59.1,-2.24,1.65,-3.89,-3.48,0.64
10|RUS.TO|2022-03-15,10,Development,true,,RUS.TO,2022-03-15,2022-03-29,^GSPTSE,1,64.4,9.67,4.24,5.42,5.77,11.67
10|SJ.TO|2022-03-15,10,Development,true,,SJ.TO,2022-03-15,2022-03-29,^GSPTSE,2,62.1,-0.74,4.24,-4.98,-3.45,3.42
10|AIF.TO|2022-03-15,10,Development,true,,AIF.TO,2022-03-15,2022-03-29,^GSPTSE,3,59.1,7.71,4.24,3.47,2.03,7.71
10|IVN.TO|2022-03-15,10,Development,true,,IVN.TO,2022-03-15,2022-03-29,^GSPTSE,4,58.5,10.63,4.24,6.38,2.51,15.07
10|ONEX.TO|2022-03-16,10,Development,true,,ONEX.TO,2022-03-16,2022-03-30,^GSPTSE,1,69.9,0.13,2.83,-2.7,-1.33,2.62
10|ARE.TO|2022-03-16,10,Development,true,,ARE.TO,2022-03-16,2022-03-30,^GSPTSE,2,66.7,8.33,2.83,5.5,1.32,8.33
10|STN.TO|2022-03-16,10,Development,true,,STN.TO,2022-03-16,2022-03-30,^GSPTSE,3,60.4,0.78,2.83,-2.05,0.1,2.15
10|CCL-B.TO|2022-03-17,10,Development,true,,CCL-B.TO,2022-03-17,2022-03-31,^GSPTSE,2,60.6,-3.66,0.55,-4.2,-4.58,1.74
10|ARE.TO|2022-03-18,10,Development,true,,ARE.TO,2022-03-18,2022-04-01,^GSPTSE,2,59.3,6.71,0.62,6.1,1.61,6.71
10|BYD.TO|2022-03-18,10,Development,true,,BYD.TO,2022-03-18,2022-04-01,^GSPTSE,3,59.3,10.95,0.62,10.33,-1.44,12.62
10|ONEX.TO|2022-03-23,10,Development,true,,ONEX.TO,2022-03-23,2022-04-06,^GSPTSE,1,64.7,-2.94,-0.65,-2.29,-2.94,0.74
10|GIL.TO|2022-03-24,10,Development,true,,GIL.TO,2022-03-24,2022-04-07,^GSPTSE,2,63.2,-3.53,-0.47,-3.06,-3.78,5.97
10|OR.TO|2022-03-29,10,Development,true,,OR.TO,2022-03-29,2022-04-12,^GSPTSE,1,69.3,7.69,-1.68,9.38,1.39,7.69
10|EDR.TO|2022-03-29,10,Development,true,,EDR.TO,2022-03-29,2022-04-12,^GSPTSE,2,62.7,12.01,-1.68,13.7,-3.89,12.01
10|OTEX.TO|2022-04-01,10,Development,true,,OTEX.TO,2022-04-01,2022-04-18,^GSPTSE,1,70.2,-2.46,-0.34,-2.12,-2.46,1.28
10|GIL.TO|2022-04-12,10,Development,true,,GIL.TO,2022-04-12,2022-04-27,^GSPTSE,1,64.1,-0.68,-4.47,3.79,-1.24,4.98
10|PXT.TO|2022-04-12,10,Development,true,,PXT.TO,2022-04-12,2022-04-27,^GSPTSE,2,62.4,-1.82,-4.47,2.65,-3.05,5.9
10|TVE.TO|2022-04-12,10,Development,true,,TVE.TO,2022-04-12,2022-04-27,^GSPTSE,3,62,-2.01,-4.47,2.46,-3.62,6.24
10|ATZ.TO|2022-04-12,10,Development,true,,ATZ.TO,2022-04-12,2022-04-27,^GSPTSE,4,60.9,-3.42,-4.47,1.05,-4.65,4.06
10|ATH.TO|2022-04-12,10,Development,true,,ATH.TO,2022-04-12,2022-04-27,^GSPTSE,5,60.8,22.17,-4.47,26.64,2.96,30.54
10|HBM.TO|2022-04-12,10,Development,true,,HBM.TO,2022-04-12,2022-04-27,^GSPTSE,6,58.9,-13.35,-4.47,-8.88,-17.55,4.09
10|ATS.TO|2022-04-13,10,Development,true,,ATS.TO,2022-04-13,2022-04-28,^GSPTSE,2,59.5,-7.53,-3.28,-4.25,-8.25,0.53
10|WSP.TO|2022-04-13,10,Development,true,,WSP.TO,2022-04-13,2022-04-28,^GSPTSE,3,58.9,-4.54,-3.28,-1.25,-6.7,3.24
10|PXT.TO|2022-04-14,10,Development,true,,PXT.TO,2022-04-14,2022-04-29,^GSPTSE,1,60.8,-3.36,-5,1.65,-5.48,3.24
10|NFI.TO|2022-04-18,10,Development,true,,NFI.TO,2022-04-18,2022-05-02,^GSPTSE,1,68.2,-25.92,-5.42,-20.5,-25.92,3.55
10|HBM.TO|2022-04-18,10,Development,true,,HBM.TO,2022-04-18,2022-05-02,^GSPTSE,2,59.6,-14.3,-5.42,-8.88,-19.45,-0.95
10|BB.TO|2022-04-19,10,Development,true,,BB.TO,2022-04-19,2022-05-03,^GSPTSE,1,68.2,-9.46,-5.06,-4.4,-14.01,-4.07
10|TSLA.TO|2022-04-21,10,Development,true,,TSLA.TO,2022-04-21,2022-05-05,^IXIC,1,73,-13.19,-6.5,-6.69,-13.6,0.65
10|TOI.V|2022-04-22,10,Development,true,,TOI.V,2022-04-22,2022-05-06,^GSPTSE,1,73.5,-8.51,-2.61,-5.9,-8.51,6.91
10|X.TO|2022-04-25,10,Development,true,,X.TO,2022-04-25,2022-05-09,^GSPTSE,2,70.3,0.94,-4.82,5.76,-2.75,2.3
10|ENGH.TO|2022-04-25,10,Development,true,,ENGH.TO,2022-04-25,2022-05-09,^GSPTSE,3,68.7,-10.13,-4.82,-5.31,-10.13,-0.06
10|DCBO.TO|2022-04-25,10,Development,true,,DCBO.TO,2022-04-25,2022-05-09,^GSPTSE,4,66.2,-18.08,-4.82,-13.26,-18.08,3.06
10|STN.TO|2022-04-25,10,Development,true,,STN.TO,2022-04-25,2022-05-09,^GSPTSE,5,65.6,-6.22,-4.82,-1.41,-6.22,-1.29
10|ATZ.TO|2022-04-25,10,Development,true,,ATZ.TO,2022-04-25,2022-05-09,^GSPTSE,6,65,-18.74,-4.82,-13.92,-18.74,0.26
10|CCL-B.TO|2022-04-26,10,Development,true,,CCL-B.TO,2022-04-26,2022-05-10,^GSPTSE,1,68.3,-2.95,-3.87,0.92,-2.95,3.97
10|TOI.V|2022-04-27,10,Development,true,,TOI.V,2022-04-27,2022-05-11,^GSPTSE,1,69.8,-11.26,-4.37,-6.89,-11.26,-2.18
10|CAR-UN.TO|2022-04-27,10,Development,true,,CAR-UN.TO,2022-04-27,2022-05-11,^GSPTSE,2,63.5,-8.3,-4.37,-3.93,-8.3,3
10|IMG.TO|2022-04-27,10,Development,true,,IMG.TO,2022-04-27,2022-05-11,^GSPTSE,3,58.5,-23.81,-4.37,-19.44,-25.49,3.64
10|OTEX.TO|2022-04-28,10,Development,true,,OTEX.TO,2022-04-28,2022-05-12,^GSPTSE,1,72.1,-11.36,-6.73,-4.63,-11.36,-0.08
10|SII.TO|2022-04-28,10,Development,true,,SII.TO,2022-04-28,2022-05-12,^GSPTSE,2,71.7,-23.49,-6.73,-16.75,-23.49,-1.38
10|ENGH.TO|2022-04-28,10,Development,true,,ENGH.TO,2022-04-28,2022-05-12,^GSPTSE,3,61.7,-12.79,-6.73,-6.05,-12.79,-0.22
10|HWX.TO|2022-04-29,10,Development,true,,HWX.TO,2022-04-29,2022-05-13,^GSPTSE,1,74,7.54,-3.19,10.73,-4.52,7.54
10|MG.TO|2022-04-29,10,Development,true,,MG.TO,2022-04-29,2022-05-13,^GSPTSE,3,67.8,1.94,-3.19,5.13,-5.28,3.32
10|PXT.TO|2022-04-29,10,Development,true,,PXT.TO,2022-04-29,2022-05-13,^GSPTSE,4,67.4,0.72,-3.19,3.91,-6.59,3.27
10|FVI.TO|2022-04-29,10,Development,true,,FVI.TO,2022-04-29,2022-05-13,^GSPTSE,5,66.3,-12.92,-3.19,-9.73,-20.94,3.56
10|PAAS.TO|2022-04-29,10,Development,true,,PAAS.TO,2022-04-29,2022-05-13,^GSPTSE,6,66.1,-12.21,-3.19,-9.02,-14.03,3.49
10|SJ.TO|2022-05-02,10,Development,true,,SJ.TO,2022-05-02,2022-05-16,^GSPTSE,3,65.1,-0.34,-2.35,2.01,-3.46,2.66
10|CCL-B.TO|2022-05-02,10,Development,true,,CCL-B.TO,2022-05-02,2022-05-16,^GSPTSE,4,64,8.02,-2.35,10.36,-3.58,8.02
10|BN.TO|2022-05-02,10,Development,true,,BN.TO,2022-05-02,2022-05-16,^GSPTSE,5,63.6,-4.97,-2.35,-2.62,-8.39,2.28
10|IAG.TO|2022-05-02,10,Development,true,,IAG.TO,2022-05-02,2022-05-16,^GSPTSE,6,63.5,-2.98,-2.35,-0.63,-10.53,1.76
10|DCBO.TO|2022-05-03,10,Development,true,,DCBO.TO,2022-05-03,2022-05-17,^GSPTSE,3,63.9,-25.47,-1.98,-23.49,-32.27,5.24
10|RBA.TO|2022-05-03,10,Development,true,,RBA.TO,2022-05-03,2022-05-17,^GSPTSE,5,63.5,15.56,-1.98,17.54,-3.13,16.82
10|CNR.TO|2022-05-03,10,Development,true,,CNR.TO,2022-05-03,2022-05-17,^GSPTSE,6,59.5,-2.68,-1.98,-0.7,-5.74,3.05
10|ENGH.TO|2022-05-04,10,Development,true,,ENGH.TO,2022-05-04,2022-05-18,^GSPTSE,1,68.6,-7.17,-5.11,-2.06,-12.55,-6.56
10|BYD.TO|2022-05-04,10,Development,true,,BYD.TO,2022-05-04,2022-05-18,^GSPTSE,2,65.4,-6.53,-5.11,-1.41,-16.13,-3.84
10|CG.TO|2022-05-04,10,Development,true,,CG.TO,2022-05-04,2022-05-18,^GSPTSE,4,63.5,-10.17,-5.11,-5.05,-12.7,-1.49
10|WSP.TO|2022-05-04,10,Development,true,,WSP.TO,2022-05-04,2022-05-18,^GSPTSE,5,62.9,-8.2,-5.11,-3.09,-10.5,-1.78
10|REI-UN.TO|2022-05-04,10,Development,true,,REI-UN.TO,2022-05-04,2022-05-18,^GSPTSE,6,62.6,-5.38,-5.11,-0.27,-10.3,-1.45
10|CIGI.TO|2022-05-05,10,Development,true,,CIGI.TO,2022-05-05,2022-05-19,^GSPTSE,1,60.6,-0.01,-2.48,2.48,-4.09,2.2
10|EFN.TO|2022-05-06,10,Development,true,,EFN.TO,2022-05-06,2022-05-20,^GSPTSE,1,70.6,22.01,-2.11,24.13,-1.96,22.46
10|BBD-B.TO|2022-05-06,10,Development,true,,BBD-B.TO,2022-05-06,2022-05-20,^GSPTSE,2,70.3,-10.24,-2.11,-8.12,-14.17,-1.57
10|AIF.TO|2022-05-06,10,Development,true,,AIF.TO,2022-05-06,2022-05-20,^GSPTSE,3,70.1,-3.55,-2.11,-1.44,-5.48,-0.65
10|MG.TO|2022-05-06,10,Development,true,,MG.TO,2022-05-06,2022-05-20,^GSPTSE,4,68,3.21,-2.11,5.32,-4.79,6.14
10|STN.TO|2022-05-06,10,Development,true,,STN.TO,2022-05-06,2022-05-20,^GSPTSE,5,66.9,-2.2,-2.11,-0.09,-8.2,-2.2
10|CNR.TO|2022-05-06,10,Development,true,,CNR.TO,2022-05-06,2022-05-20,^GSPTSE,6,65.8,-4.44,-2.11,-2.32,-5.2,-1.55
10|MFI.TO|2022-05-09,10,Development,true,,MFI.TO,2022-05-09,2022-05-24,^GSPTSE,1,70.2,-0.63,1.43,-2.06,-2.11,4.15
10|FFH.TO|2022-05-09,10,Development,true,,FFH.TO,2022-05-09,2022-05-24,^GSPTSE,2,65.6,1.13,1.43,-0.3,-1.24,4.28
10|CSH-UN.TO|2022-05-09,10,Development,true,,CSH-UN.TO,2022-05-09,2022-05-24,^GSPTSE,3,63.6,2.57,1.43,1.14,-2.57,4.15
10|TRI.TO|2022-05-09,10,Development,true,,TRI.TO,2022-05-09,2022-05-24,^GSPTSE,4,60.7,0.91,1.43,-0.52,-1.81,1.29
10|HWX.TO|2022-05-10,10,Development,true,,HWX.TO,2022-05-10,2022-05-25,^GSPTSE,1,73.1,11.51,2.48,9.03,-0.16,14.2
10|MFC.TO|2022-05-10,10,Development,true,,MFC.TO,2022-05-10,2022-05-25,^GSPTSE,2,71.8,-6.65,2.48,-9.13,-11.43,-1.34
10|CJT.TO|2022-05-10,10,Development,true,,CJT.TO,2022-05-10,2022-05-25,^GSPTSE,4,70.1,-2.82,2.48,-5.3,-6.42,1.87
10|BIP-UN.TO|2022-05-10,10,Development,true,,BIP-UN.TO,2022-05-10,2022-05-25,^GSPTSE,5,66.2,2.18,2.48,-0.3,-0.16,3.45
10|CRR-UN.TO|2022-05-10,10,Development,true,,CRR-UN.TO,2022-05-10,2022-05-25,^GSPTSE,6,65.3,4.03,2.48,1.55,-0.43,4.95
10|IFC.TO|2022-05-11,10,Development,true,,IFC.TO,2022-05-11,2022-05-26,^GSPTSE,1,71.1,3.51,3.5,0.01,0.57,3.51
10|BEP-UN.TO|2022-05-11,10,Development,true,,BEP-UN.TO,2022-05-11,2022-05-26,^GSPTSE,3,65.2,6.14,3.5,2.64,-3.25,6.14
10|CSH-UN.TO|2022-05-11,10,Development,true,,CSH-UN.TO,2022-05-11,2022-05-26,^GSPTSE,4,63.4,5.17,3.5,1.67,-0.25,6.27
10|TSU.TO|2022-05-11,10,Development,true,,TSU.TO,2022-05-11,2022-05-26,^GSPTSE,5,59.4,8.64,3.5,5.13,2.99,11.27
10|DSG.TO|2022-05-11,10,Development,true,,DSG.TO,2022-05-11,2022-05-26,^GSPTSE,6,58.9,3.13,3.5,-0.37,0.09,5.04
10|MG.TO|2022-05-12,10,Development,true,,MG.TO,2022-05-12,2022-05-27,^GSPTSE,1,81,9.94,5.33,4.62,4.01,9.94
10|DOL.TO|2022-05-12,10,Development,true,,DOL.TO,2022-05-12,2022-05-27,^GSPTSE,2,76,1.23,5.33,-4.09,-6.55,2.03
10|CLS.TO|2022-05-12,10,Development,true,,CLS.TO,2022-05-12,2022-05-27,^GSPTSE,4,71.9,6.26,5.33,0.94,0.46,11.23
10|PBH.TO|2022-05-12,10,Development,true,,PBH.TO,2022-05-12,2022-05-27,^GSPTSE,5,65.1,5.03,5.33,-0.29,2.6,7.64
10|NWC.TO|2022-05-13,10,Development,true,,NWC.TO,2022-05-13,2022-05-30,^GSPTSE,1,77.4,1.94,4.08,-2.14,-2.91,3.11
10|EMP-A.TO|2022-05-13,10,Development,true,,EMP-A.TO,2022-05-13,2022-05-30,^GSPTSE,2,71.1,-1.42,4.08,-5.49,-4.03,0.94
10|CRR-UN.TO|2022-05-13,10,Development,true,,CRR-UN.TO,2022-05-13,2022-05-30,^GSPTSE,3,68.3,3.43,4.08,-0.65,0.66,3.43
10|QSR.TO|2022-05-13,10,Development,true,,QSR.TO,2022-05-13,2022-05-30,^GSPTSE,5,64.7,-0.21,4.08,-4.29,-4.01,-0.21
10|RCI-B.TO|2022-05-13,10,Development,true,,RCI-B.TO,2022-05-13,2022-05-30,^GSPTSE,6,64.1,1.09,4.08,-2.99,0.26,2.8
10|RUS.TO|2022-05-16,10,Development,true,,RUS.TO,2022-05-16,2022-05-31,^GSPTSE,2,61.6,3.11,2.59,0.52,-0.45,3.57
10|BEP-UN.TO|2022-05-17,10,Development,true,,BEP-UN.TO,2022-05-17,2022-06-01,^GSPTSE,1,64.4,-0.38,1.09,-1.46,-0.38,6.6
10|FNV.TO|2022-05-17,10,Development,true,,FNV.TO,2022-05-17,2022-06-01,^GSPTSE,2,61.7,2.47,1.09,1.38,-2.11,3.39
10|NWC.TO|2022-05-19,10,Development,true,,NWC.TO,2022-05-19,2022-06-03,^GSPTSE,1,74.2,3.45,3.02,0.43,-0.38,6.17
10|ABX.TO|2022-05-19,10,Development,true,,ABX.TO,2022-05-19,2022-06-03,^GSPTSE,2,64.1,-1.03,3.02,-4.04,-2.09,2.79
10|MFI.TO|2022-05-19,10,Development,true,,MFI.TO,2022-05-19,2022-06-03,^GSPTSE,3,62.5,2.83,3.02,-0.18,0.11,4.1
10|BN.TO|2022-05-19,10,Development,true,,BN.TO,2022-05-19,2022-06-03,^GSPTSE,4,62,6.93,3.02,3.92,1.11,10.13
10|FSV.TO|2022-05-19,10,Development,true,,FSV.TO,2022-05-19,2022-06-03,^GSPTSE,5,59.3,2.03,3.02,-0.98,-1.96,5.26
10|CNR.TO|2022-05-20,10,Development,true,,CNR.TO,2022-05-20,2022-06-06,^GSPTSE,2,69.7,3.34,3.08,0.27,-1.5,3.79
10|T.TO|2022-05-20,10,Development,true,,T.TO,2022-05-20,2022-06-06,^GSPTSE,4,62.8,1.86,3.08,-1.21,0.64,2.41
10|BCE.TO|2022-05-20,10,Development,true,,BCE.TO,2022-05-20,2022-06-06,^GSPTSE,5,62,1.01,3.08,-2.07,1.01,2.27
10|WFG.TO|2022-05-24,10,Development,true,,WFG.TO,2022-05-24,2022-06-07,^GSPTSE,3,60,5.23,3.16,2.07,1.91,8.25
10|IGM.TO|2022-05-24,10,Development,true,,IGM.TO,2022-05-24,2022-06-07,^GSPTSE,4,58.6,3.89,3.16,0.73,1.01,6.37
10|MX.TO|2022-05-25,10,Development,true,,MX.TO,2022-05-25,2022-06-08,^GSPTSE,1,71,7.69,2,5.68,0.51,7.69
10|FSV.TO|2022-05-25,10,Development,true,,FSV.TO,2022-05-25,2022-06-08,^GSPTSE,2,68.4,6.84,2,4.83,1.9,7.34
10|GOOS.TO|2022-05-25,10,Development,true,,GOOS.TO,2022-05-25,2022-06-08,^GSPTSE,3,65.8,8.79,2,6.79,3.38,9.89
10|SJ.TO|2022-05-25,10,Development,true,,SJ.TO,2022-05-25,2022-06-08,^GSPTSE,4,65,2.45,2,0.44,1.45,4.16
10|FNV.TO|2022-05-25,10,Development,true,,FNV.TO,2022-05-25,2022-06-08,^GSPTSE,5,62.2,0.63,2,-1.38,-0.62,2.82
10|GIL.TO|2022-05-26,10,Development,true,,GIL.TO,2022-05-26,2022-06-09,^GSPTSE,2,62.2,0.75,0.15,0.59,0.75,4.32
10|DSG.TO|2022-05-26,10,Development,true,,DSG.TO,2022-05-26,2022-06-09,^GSPTSE,3,61.7,3.19,0.15,3.04,-2.16,4.72
10|CTC-A.TO|2022-05-26,10,Development,true,,CTC-A.TO,2022-05-26,2022-06-09,^GSPTSE,4,60.9,1.69,0.15,1.54,1.51,3.62
10|NTR.TO|2022-05-26,10,Development,true,,NTR.TO,2022-05-26,2022-06-09,^GSPTSE,5,59.7,-7.52,0.15,-7.68,-9.5,0.88
10|SSRM.TO|2022-05-31,10,Development,true,,SSRM.TO,2022-05-31,2022-06-14,^GSPTSE,1,61.8,-3.01,-5.7,2.69,-3.01,9.35
10|NTR.TO|2022-05-31,10,Development,true,,NTR.TO,2022-05-31,2022-06-14,^GSPTSE,2,59.2,-8.58,-5.7,-2.89,-12.13,-2.44
10|BTO.TO|2022-06-01,10,Development,true,,BTO.TO,2022-06-01,2022-06-15,^GSPTSE,1,58.6,-5.3,-5.32,0.02,-5.3,5.7
10|SLF.TO|2022-06-02,10,Development,true,,SLF.TO,2022-06-02,2022-06-16,^GSPTSE,1,65.5,-8.32,-9.64,1.32,-8.32,0.61
10|AEM.TO|2022-06-08,10,Development,true,,AEM.TO,2022-06-08,2022-06-22,^GSPTSE,1,64.4,-1.89,-8.6,6.71,-5.61,3.53
10|QBR-B.TO|2022-06-10,10,Development,true,,QBR-B.TO,2022-06-10,2022-06-24,^GSPTSE,1,61.6,5.45,-5.98,11.42,0,7.73
10|BYD.TO|2022-06-10,10,Development,true,,BYD.TO,2022-06-10,2022-06-24,^GSPTSE,2,59,4.48,-5.98,10.45,-4.9,4.48
10|CSU.TO|2022-06-13,10,Development,true,,CSU.TO,2022-06-13,2022-06-27,^GSPTSE,1,68.2,3.16,-2.45,5.62,-3.79,3.3
10|QBR-B.TO|2022-06-14,10,Development,true,,QBR-B.TO,2022-06-14,2022-06-28,^GSPTSE,1,72.8,2.22,-1.67,3.89,0.15,6.51
10|KMP-UN.TO|2022-06-14,10,Development,true,,KMP-UN.TO,2022-06-14,2022-06-28,^GSPTSE,3,60.4,0.35,-1.67,2.02,-2.47,1.94
10|CJT.TO|2022-06-15,10,Development,true,,CJT.TO,2022-06-15,2022-06-29,^GSPTSE,1,81.4,-3.02,-2.72,-0.3,-19.27,2.88
10|EMP-A.TO|2022-06-15,10,Development,true,,EMP-A.TO,2022-06-15,2022-06-29,^GSPTSE,2,79.8,-3.03,-2.72,-0.32,-8.19,0.91
10|TFII.TO|2022-06-15,10,Development,true,,TFII.TO,2022-06-15,2022-06-29,^GSPTSE,3,70.7,1.88,-2.72,4.59,-4.27,3.72
10|ABX.TO|2022-06-15,10,Development,true,,ABX.TO,2022-06-15,2022-06-29,^GSPTSE,4,66.9,-5.91,-2.72,-3.19,-5.91,2.66
10|GRT-UN.TO|2022-06-15,10,Development,true,,GRT-UN.TO,2022-06-15,2022-06-29,^GSPTSE,6,64.1,-3.2,-2.72,-0.48,-5.1,-1.39
10|WPM.TO|2022-06-16,10,Development,true,,WPM.TO,2022-06-16,2022-06-30,^GSPTSE,1,66,-7.88,-0.75,-7.13,-7.88,0.48
10|K.TO|2022-06-16,10,Development,true,,K.TO,2022-06-16,2022-06-30,^GSPTSE,2,65.7,-14.71,-0.75,-13.96,-14.71,1.3
10|AG.TO|2022-06-16,10,Development,true,,AG.TO,2022-06-16,2022-06-30,^GSPTSE,3,61.6,-10.82,-0.75,-10.07,-10.82,0.97
10|PAAS.TO|2022-06-16,10,Development,true,,PAAS.TO,2022-06-16,2022-06-30,^GSPTSE,4,61.4,-9.68,-0.75,-8.93,-9.68,-0.75
10|SSRM.TO|2022-06-16,10,Development,true,,SSRM.TO,2022-06-16,2022-06-30,^GSPTSE,5,61.3,-11.45,-0.75,-10.7,-11.45,1.28
10|CTC-A.TO|2022-06-17,10,Development,true,,CTC-A.TO,2022-06-17,2022-07-04,^GSPTSE,1,80.7,1.38,0.52,0.86,-0.07,3.44
10|STN.TO|2022-06-17,10,Development,true,,STN.TO,2022-06-17,2022-07-04,^GSPTSE,2,76.8,3.71,0.52,3.19,-0.16,3.71
10|SLF.TO|2022-06-17,10,Development,true,,SLF.TO,2022-06-17,2022-07-04,^GSPTSE,3,76.7,2.49,0.52,1.97,-0.58,2.49
10|CSU.TO|2022-06-17,10,Development,true,,CSU.TO,2022-06-17,2022-07-04,^GSPTSE,4,74.4,5.36,0.52,4.84,0.18,6.38
10|GIL.TO|2022-06-17,10,Development,true,,GIL.TO,2022-06-17,2022-07-04,^GSPTSE,5,69.9,2.2,0.52,1.68,-1.48,3.88
10|BNS.TO|2022-06-17,10,Development,true,,BNS.TO,2022-06-17,2022-07-04,^GSPTSE,6,69.3,-4,0.52,-4.52,-4.7,1.14
10|ATS.TO|2022-06-20,10,Development,true,,ATS.TO,2022-06-20,2022-07-05,^GSPTSE,1,79.9,-1.95,-1.82,-0.13,-3.85,2.97
10|IAG.TO|2022-06-20,10,Development,true,,IAG.TO,2022-06-20,2022-07-05,^GSPTSE,5,73.9,0.79,-1.82,2.61,-3.84,3.7
10|TFII.TO|2022-06-20,10,Development,true,,TFII.TO,2022-06-20,2022-07-05,^GSPTSE,6,72.7,7.34,-1.82,9.17,-2.24,7.34
10|CAE.TO|2022-06-21,10,Development,true,,CAE.TO,2022-06-21,2022-07-06,^GSPTSE,2,75.9,4.01,-2.74,6.75,-1.35,5.62
10|OTEX.TO|2022-06-21,10,Development,true,,OTEX.TO,2022-06-21,2022-07-06,^GSPTSE,3,72.7,5.97,-2.74,8.71,1.19,6.66
10|WN.TO|2022-06-21,10,Development,true,,WN.TO,2022-06-21,2022-07-06,^GSPTSE,6,69.8,3.12,-2.74,5.86,-1.4,5.39
10|HR-UN.TO|2022-06-22,10,Development,true,,HR-UN.TO,2022-06-22,2022-07-07,^GSPTSE,6,69.5,2.85,0.31,2.53,-0.16,2.85
10|ACO-X.TO|2022-06-23,10,Development,true,,ACO-X.TO,2022-06-23,2022-07-08,^GSPTSE,2,70,4.16,1.63,2.52,1.09,4.18
10|NWC.TO|2022-06-23,10,Development,true,,NWC.TO,2022-06-23,2022-07-08,^GSPTSE,3,66.9,2.95,1.63,1.32,-0.24,2.95
10|RCH.TO|2022-06-23,10,Development,true,,RCH.TO,2022-06-23,2022-07-08,^GSPTSE,4,65.6,7.23,1.63,5.6,-4.13,7.23
10|GIL.TO|2022-06-23,10,Development,true,,GIL.TO,2022-06-23,2022-07-08,^GSPTSE,5,65.5,0.61,1.63,-1.03,-1.52,3.04
10|CCO.TO|2022-06-23,10,Development,true,,CCO.TO,2022-06-23,2022-07-08,^GSPTSE,6,60.3,5.14,1.63,3.5,-1.42,7.72
10|AGI.TO|2022-06-24,10,Development,true,,AGI.TO,2022-06-24,2022-07-11,^GSPTSE,1,80,1.42,-1.29,2.71,-2.4,4.68
10|SSRM.TO|2022-06-24,10,Development,true,,SSRM.TO,2022-06-24,2022-07-11,^GSPTSE,2,74.5,-10.35,-1.29,-9.06,-13.44,-4.74
10|NFI.TO|2022-06-24,10,Development,true,,NFI.TO,2022-06-24,2022-07-11,^GSPTSE,3,67.5,0.89,-1.29,2.18,-0.72,7.81
10|ATS.TO|2022-06-24,10,Development,true,,ATS.TO,2022-06-24,2022-07-11,^GSPTSE,5,66.5,4.22,-1.29,5.51,-1.28,8.27
10|PAAS.TO|2022-06-24,10,Development,true,,PAAS.TO,2022-06-24,2022-07-11,^GSPTSE,6,65.5,-10.82,-1.29,-9.53,-10.82,1.51
10|AEM.TO|2022-06-27,10,Development,true,,AEM.TO,2022-06-27,2022-07-12,^GSPTSE,3,66.3,-11.38,-3.01,-8.37,-11.38,-3.05
10|PMZ-UN.TO|2022-06-27,10,Development,true,,PMZ-UN.TO,2022-06-27,2022-07-12,^GSPTSE,4,65.9,0.14,-3.01,3.15,-1.39,1.35
10|NWC.TO|2022-06-27,10,Development,true,,NWC.TO,2022-06-27,2022-07-12,^GSPTSE,5,63.9,0.94,-3.01,3.95,-2.07,1.06
10|POW.TO|2022-06-27,10,Development,true,,POW.TO,2022-06-27,2022-07-12,^GSPTSE,6,63.9,1.28,-3.01,4.29,-1.25,1.28
10|CP.TO|2022-06-28,10,Development,true,,CP.TO,2022-06-28,2022-07-13,^GSPTSE,1,79,1.12,-3.16,4.28,-0.39,3.65
10|ONEX.TO|2022-06-28,10,Development,true,,ONEX.TO,2022-06-28,2022-07-13,^GSPTSE,3,64.6,-2.72,-3.16,0.44,-3.27,-1.07
10|AGI.TO|2022-06-29,10,Development,true,,AGI.TO,2022-06-29,2022-07-14,^GSPTSE,1,74.9,0.11,-3.93,4.04,-3.42,2.78
10|OR.TO|2022-06-29,10,Development,true,,OR.TO,2022-06-29,2022-07-14,^GSPTSE,2,72.6,-5.43,-3.93,-1.5,-6.46,-1.39
10|SII.TO|2022-06-29,10,Development,true,,SII.TO,2022-06-29,2022-07-14,^GSPTSE,3,62.8,-3.73,-3.93,0.2,-7.11,-0.79
10|IMO.TO|2022-06-29,10,Development,true,,IMO.TO,2022-06-29,2022-07-14,^GSPTSE,4,62,-13.17,-3.93,-9.25,-13.17,-0.15
10|WDO.TO|2022-06-29,10,Development,true,,WDO.TO,2022-06-29,2022-07-14,^GSPTSE,5,59.5,-7.72,-3.93,-3.79,-9.67,1.27
10|NTR.TO|2022-06-29,10,Development,true,,NTR.TO,2022-06-29,2022-07-14,^GSPTSE,6,59.4,-11.24,-3.93,-7.31,-11.24,-3.44
10|ONEX.TO|2022-06-30,10,Development,true,,ONEX.TO,2022-06-30,2022-07-15,^GSPTSE,1,65,-0.64,-2.48,1.84,-2.15,1
10|CCA.TO|2022-06-30,10,Development,true,,CCA.TO,2022-06-30,2022-07-15,^GSPTSE,3,61,-5.63,-2.48,-3.15,-5.63,2.81
10|NWC.TO|2022-06-30,10,Development,true,,NWC.TO,2022-06-30,2022-07-15,^GSPTSE,4,59.7,0.57,-2.48,3.05,0,4.03
10|AP-UN.TO|2022-06-30,10,Development,true,,AP-UN.TO,2022-06-30,2022-07-15,^GSPTSE,5,58.7,-3.01,-2.48,-0.54,-3.01,2.74
10|FNV.TO|2022-07-04,10,Development,true,,FNV.TO,2022-07-04,2022-07-18,^GSPTSE,1,76.2,-7.44,-2.28,-5.16,-7.44,-2.15
10|SII.TO|2022-07-04,10,Development,true,,SII.TO,2022-07-04,2022-07-18,^GSPTSE,2,66.8,1.34,-2.28,3.62,-4.98,1.5
10|EFN.TO|2022-07-04,10,Development,true,,EFN.TO,2022-07-04,2022-07-18,^GSPTSE,3,66.4,4.1,-2.28,6.38,0.45,4.1
10|NTR.TO|2022-07-04,10,Development,true,,NTR.TO,2022-07-04,2022-07-18,^GSPTSE,5,64.2,-5.01,-2.28,-2.74,-7.93,-2.4
10|T.TO|2022-07-05,10,Development,true,,T.TO,2022-07-05,2022-07-19,^GSPTSE,2,65.2,-0.17,0.55,-0.72,-1.07,0.45
10|AGI.TO|2022-07-06,10,Development,true,,AGI.TO,2022-07-06,2022-07-20,^GSPTSE,1,78.7,0.54,1.55,-1.01,0,4.57
10|IAG.TO|2022-07-06,10,Development,true,,IAG.TO,2022-07-06,2022-07-20,^GSPTSE,2,73.7,2.39,1.55,0.84,-0.98,2.9
10|MFC.TO|2022-07-06,10,Development,true,,MFC.TO,2022-07-06,2022-07-20,^GSPTSE,3,63.9,2.5,1.55,0.94,-0.59,3.27
10|ATD.TO|2022-07-06,10,Development,true,,ATD.TO,2022-07-06,2022-07-20,^GSPTSE,5,62.2,3.36,1.55,1.81,1.06,4.52
10|SLF.TO|2022-07-06,10,Development,true,,SLF.TO,2022-07-06,2022-07-20,^GSPTSE,6,61.3,-1.24,1.55,-2.79,-3.2,1.72
10|GIL.TO|2022-07-07,10,Development,true,,GIL.TO,2022-07-07,2022-07-21,^GSPTSE,2,73.3,2.66,0,2.67,-5.22,3.08
10|ARE.TO|2022-07-07,10,Development,true,,ARE.TO,2022-07-07,2022-07-21,^GSPTSE,3,70.6,-3.3,0,-3.3,-11.97,1.84
10|PSK.TO|2022-07-07,10,Development,true,,PSK.TO,2022-07-07,2022-07-21,^GSPTSE,6,60.9,12.08,0,12.09,-4.13,13.01
10|NTR.TO|2022-07-08,10,Development,true,,NTR.TO,2022-07-08,2022-07-22,^GSPTSE,2,63.3,2.37,-0.21,2.58,-4.65,4.11
10|GFL.TO|2022-07-12,10,Development,true,,GFL.TO,2022-07-12,2022-07-26,^GSPTSE,1,70.9,5.44,1.57,3.86,-1.51,8.17
10|GIL.TO|2022-07-12,10,Development,true,,GIL.TO,2022-07-12,2022-07-26,^GSPTSE,2,60.2,-0.06,1.57,-1.63,-0.83,7.85
10|GRT-UN.TO|2022-07-12,10,Development,true,,GRT-UN.TO,2022-07-12,2022-07-26,^GSPTSE,3,58.8,2.4,1.57,0.83,-3.72,4.63
10|TRP.TO|2022-07-13,10,Development,true,,TRP.TO,2022-07-13,2022-07-27,^GSPTSE,2,59.8,6.75,3.43,3.32,0.33,7.05
10|ERO.TO|2022-07-14,10,Development,true,,ERO.TO,2022-07-14,2022-07-28,^GSPTSE,3,61.2,4.59,6.15,-1.56,-0.99,4.59
10|EQB.TO|2022-07-15,10,Development,true,,EQB.TO,2022-07-15,2022-07-29,^GSPTSE,1,81.5,4.41,7.06,-2.64,0.13,6.31
10|PMZ-UN.TO|2022-07-15,10,Development,true,,PMZ-UN.TO,2022-07-15,2022-07-29,^GSPTSE,4,75.9,9.08,7.06,2.03,1.97,9.08
10|REI-UN.TO|2022-07-15,10,Development,true,,REI-UN.TO,2022-07-15,2022-07-29,^GSPTSE,5,71,6.43,7.06,-0.63,1.55,6.43
10|GOOS.TO|2022-07-15,10,Development,true,,GOOS.TO,2022-07-15,2022-07-29,^GSPTSE,6,66.6,9.56,7.06,2.5,-1,9.91
10|BEI-UN.TO|2022-07-18,10,Development,true,,BEI-UN.TO,2022-07-18,2022-08-02,^GSPTSE,1,67.9,12.42,4.89,7.53,3.43,15.08
10|NA.TO|2022-07-18,10,Development,true,,NA.TO,2022-07-18,2022-08-02,^GSPTSE,2,67.7,6.44,4.89,1.55,3.09,6.44
10|AP-UN.TO|2022-07-18,10,Development,true,,AP-UN.TO,2022-07-18,2022-08-02,^GSPTSE,4,62.8,2.34,4.89,-2.55,0.46,4.67
10|BN.TO|2022-07-18,10,Development,true,,BN.TO,2022-07-18,2022-08-02,^GSPTSE,5,62,8.04,4.89,3.15,3.38,8.95
10|BMO.TO|2022-07-19,10,Development,true,,BMO.TO,2022-07-19,2022-08-03,^GSPTSE,1,63.3,4.02,3.21,0.81,0.72,4.11
10|CM.TO|2022-07-19,10,Development,true,,CM.TO,2022-07-19,2022-08-03,^GSPTSE,2,62.3,4.49,3.21,1.28,0.42,4.49
10|GRT-UN.TO|2022-07-19,10,Development,true,,GRT-UN.TO,2022-07-19,2022-08-03,^GSPTSE,4,60.2,4.47,3.21,1.26,-1.27,5.78
10|PAAS.TO|2022-07-26,10,Development,true,,PAAS.TO,2022-07-26,2022-08-10,^GSPTSE,1,62.3,11.85,4.81,7.03,2.82,11.85
10|CSH-UN.TO|2022-07-27,10,Development,true,,CSH-UN.TO,2022-07-27,2022-08-11,^GSPTSE,1,65.4,1.64,3.83,-2.19,1.09,3.63
10|AGI.TO|2022-07-27,10,Development,true,,AGI.TO,2022-07-27,2022-08-11,^GSPTSE,2,58.9,11.23,3.83,7.4,6.28,13.66
10|RCI-B.TO|2022-07-29,10,Development,true,,RCI-B.TO,2022-07-29,2022-08-15,^GSPTSE,1,65.6,-0.17,2.48,-2.65,-4.99,0.66
10|CCA.TO|2022-08-04,10,Development,true,,CCA.TO,2022-08-04,2022-08-18,^GSPTSE,1,62.3,1.59,3.52,-1.92,-1.74,3.32
10|TRP.TO|2022-08-11,10,Development,true,,TRP.TO,2022-08-11,2022-08-25,^GSPTSE,1,69.1,1.76,0.9,0.86,-1.14,2.49
10|PXT.TO|2022-08-17,10,Development,true,,PXT.TO,2022-08-17,2022-08-31,^GSPTSE,1,58.5,9.43,-4.21,13.64,0.16,12.76
10|WPM.TO|2022-08-18,10,Development,true,,WPM.TO,2022-08-18,2022-09-01,^GSPTSE,1,64.5,-6.74,-5.54,-1.2,-6.74,1.34
10|PAAS.TO|2022-08-18,10,Development,true,,PAAS.TO,2022-08-18,2022-09-01,^GSPTSE,2,60.7,-11.62,-5.54,-6.08,-11.62,-0.22
10|PEY.TO|2022-08-22,10,Development,true,,PEY.TO,2022-08-22,2022-09-06,^GSPTSE,1,67,-4.45,-4.44,-0.01,-5.25,2.77
10|PXT.TO|2022-08-22,10,Development,true,,PXT.TO,2022-08-22,2022-09-06,^GSPTSE,2,59.8,7.61,-4.44,12.04,3.52,10.52
10|WDO.TO|2022-08-23,10,Development,true,,WDO.TO,2022-08-23,2022-09-07,^GSPTSE,1,58.9,-3.85,-3.72,-0.12,-10.49,-0.23
10|DCBO.TO|2022-08-29,10,Development,true,,DCBO.TO,2022-08-29,2022-09-13,^GSPTSE,1,62.5,9.06,-0.96,10.02,2.23,9.96
10|BB.TO|2022-08-29,10,Development,true,,BB.TO,2022-08-29,2022-09-13,^GSPTSE,2,61.8,-1.89,-0.96,-0.93,-7.8,1.13
10|FFH.TO|2022-08-30,10,Development,true,,FFH.TO,2022-08-30,2022-09-14,^GSPTSE,1,59.5,-0.86,1.09,-1.95,-2.56,0.69
10|WPM.TO|2022-09-02,10,Development,true,,WPM.TO,2022-09-02,2022-09-19,^GSPTSE,1,68.3,4.93,1.51,3.42,-1.05,6.96
10|TRP.TO|2022-09-02,10,Development,true,,TRP.TO,2022-09-02,2022-09-19,^GSPTSE,2,67.5,-0.1,1.51,-1.61,-1.87,1.43
10|CCA.TO|2022-09-02,10,Development,true,,CCA.TO,2022-09-02,2022-09-19,^GSPTSE,3,66.2,-2.95,1.51,-4.46,-3.9,-0.14
10|FNV.TO|2022-09-02,10,Development,true,,FNV.TO,2022-09-02,2022-09-19,^GSPTSE,4,64.5,0.32,1.51,-1.19,-2.26,2.7
10|ABX.TO|2022-09-02,10,Development,true,,ABX.TO,2022-09-02,2022-09-19,^GSPTSE,5,61.6,4.95,1.51,3.44,-0.46,5.87
10|AC.TO|2022-09-02,10,Development,true,,AC.TO,2022-09-02,2022-09-19,^GSPTSE,6,58.7,8.63,1.51,7.12,-1.82,8.63
10|ARE.TO|2022-09-06,10,Development,true,,ARE.TO,2022-09-06,2022-09-20,^GSPTSE,1,64.3,-0.55,1.47,-2.02,-0.55,10.93
10|RUS.TO|2022-09-07,10,Development,true,,RUS.TO,2022-09-07,2022-09-21,^GSPTSE,1,81,-1,-0.3,-0.71,-1,4.05
10|IVN.TO|2022-09-07,10,Development,true,,IVN.TO,2022-09-07,2022-09-21,^GSPTSE,2,65.9,8.23,-0.3,8.53,5.04,15.36
10|FSV.TO|2022-09-07,10,Development,true,,FSV.TO,2022-09-07,2022-09-21,^GSPTSE,3,65,-0.88,-0.3,-0.58,-3.21,5.38
10|CCA.TO|2022-09-07,10,Development,true,,CCA.TO,2022-09-07,2022-09-21,^GSPTSE,4,64.9,-2.27,-0.3,-1.97,-2.27,1.75
10|FNV.TO|2022-09-07,10,Development,true,,FNV.TO,2022-09-07,2022-09-21,^GSPTSE,5,62,-0.35,-0.3,-0.06,-2.9,2.02
10|BNS.TO|2022-09-07,10,Development,true,,BNS.TO,2022-09-07,2022-09-21,^GSPTSE,6,58.5,-0.97,-0.3,-0.68,-0.97,3.81
10|MX.TO|2022-09-08,10,Development,true,,MX.TO,2022-09-08,2022-09-22,^GSPTSE,1,72,-9.73,-2.11,-7.62,-9.73,2.5
10|TRP.TO|2022-09-08,10,Development,true,,TRP.TO,2022-09-08,2022-09-22,^GSPTSE,2,68.1,0.19,-2.11,2.31,0,2.6
10|PPL.TO|2022-09-08,10,Development,true,,PPL.TO,2022-09-08,2022-09-22,^GSPTSE,3,66.4,-0.12,-2.11,1.99,-0.12,4.55
10|TA.TO|2022-09-08,10,Development,true,,TA.TO,2022-09-08,2022-09-22,^GSPTSE,5,62.6,5.02,-2.11,7.13,-0.82,5.02
10|WFG.TO|2022-09-09,10,Development,true,,WFG.TO,2022-09-09,2022-09-23,^GSPTSE,1,61.9,-12.57,-6.54,-6.03,-12.57,2.48
10|TVE.TO|2022-09-13,10,Development,true,,TVE.TO,2022-09-13,2022-09-27,^GSPTSE,1,62.3,-11,-6.81,-4.19,-15.86,5.63
10|SDE.TO|2022-09-13,10,Development,true,,SDE.TO,2022-09-13,2022-09-27,^GSPTSE,2,59.5,-15.59,-6.81,-8.79,-19.66,4.41
10|CG.TO|2022-09-14,10,Development,true,,CG.TO,2022-09-14,2022-09-28,^GSPTSE,1,69.1,0.69,-5.46,6.15,-9.84,1.38
10|MX.TO|2022-09-14,10,Development,true,,MX.TO,2022-09-14,2022-09-28,^GSPTSE,2,68.1,-4.26,-5.46,1.2,-15.26,-2.48
10|GRT-UN.TO|2022-09-14,10,Development,true,,GRT-UN.TO,2022-09-14,2022-09-28,^GSPTSE,3,60.8,-8.89,-5.46,-3.43,-10.1,0.3
10|CSU.TO|2022-09-14,10,Development,true,,CSU.TO,2022-09-14,2022-09-28,^GSPTSE,4,60.3,-3.12,-5.46,2.34,-4.94,-1.23
10|CAR-UN.TO|2022-09-14,10,Development,true,,CAR-UN.TO,2022-09-14,2022-09-28,^GSPTSE,5,59.2,-6.12,-5.46,-0.66,-7.63,0.18
10|HR-UN.TO|2022-09-14,10,Development,true,,HR-UN.TO,2022-09-14,2022-09-28,^GSPTSE,6,58.8,-12.89,-5.46,-7.43,-14.63,-0.08
10|AP-UN.TO|2022-09-15,10,Development,true,,AP-UN.TO,2022-09-15,2022-09-29,^GSPTSE,3,61.9,-12.83,-5.72,-7.11,-14.23,-0.77
10|CSH-UN.TO|2022-09-16,10,Development,true,,CSH-UN.TO,2022-09-16,2022-09-30,^GSPTSE,2,65.6,-8.59,-4.86,-3.73,-10.56,-0.2
10|CAE.TO|2022-09-16,10,Development,true,,CAE.TO,2022-09-16,2022-09-30,^GSPTSE,4,62.6,-8.7,-4.86,-3.85,-8.83,0.34
10|AIF.TO|2022-09-16,10,Development,true,,AIF.TO,2022-09-16,2022-09-30,^GSPTSE,5,59.3,-8.92,-4.86,-4.07,-9.17,-0.51
10|NTR.TO|2022-09-19,10,Development,true,,NTR.TO,2022-09-19,2022-10-03,^GSPTSE,1,73.5,-2.35,-3.48,1.14,-5.58,1
10|VET.TO|2022-09-19,10,Development,true,,VET.TO,2022-09-19,2022-10-03,^GSPTSE,2,70.1,2.63,-3.48,6.12,-16.57,2.63
10|GOOS.TO|2022-09-19,10,Development,true,,GOOS.TO,2022-09-19,2022-10-03,^GSPTSE,3,62.7,-6.71,-3.48,-3.23,-10.13,1.62
10|BB.TO|2022-09-19,10,Development,true,,BB.TO,2022-09-19,2022-10-03,^GSPTSE,5,59.7,-14.42,-3.48,-10.93,-14.68,-2.1
10|CG.TO|2022-09-20,10,Development,true,,CG.TO,2022-09-20,2022-10-04,^GSPTSE,1,69,20.67,0.01,20.65,-8.58,20.67
10|EIF.TO|2022-09-20,10,Development,true,,EIF.TO,2022-09-20,2022-10-04,^GSPTSE,3,66,-3.86,0.01,-3.87,-11.93,-2.54
10|CTC-A.TO|2022-09-21,10,Development,true,,CTC-A.TO,2022-09-21,2022-10-05,^GSPTSE,1,66.8,-1.86,0.26,-2.13,-5.14,-0.81
10|MFC.TO|2022-09-21,10,Development,true,,MFC.TO,2022-09-21,2022-10-05,^GSPTSE,2,65.8,-0.49,0.26,-0.75,-4.58,1.42
10|DIR-UN.TO|2022-09-21,10,Development,true,,DIR-UN.TO,2022-09-21,2022-10-05,^GSPTSE,3,65.7,-3.13,0.26,-3.4,-8.39,-1.73
10|REI-UN.TO|2022-09-21,10,Development,true,,REI-UN.TO,2022-09-21,2022-10-05,^GSPTSE,4,64.9,-1.79,0.26,-2.06,-7.49,-0.35
10|FSV.TO|2022-09-21,10,Development,true,,FSV.TO,2022-09-21,2022-10-05,^GSPTSE,5,62.1,8.17,0.26,7.9,-2.68,9.1
10|CAR-UN.TO|2022-09-21,10,Development,true,,CAR-UN.TO,2022-09-21,2022-10-05,^GSPTSE,6,61.2,-0.15,0.26,-0.41,-5.14,0.84
10|TECK-B.TO|2022-09-22,10,Development,true,,TECK-B.TO,2022-09-22,2022-10-06,^GSPTSE,1,70.2,4.67,-0.12,4.8,-7.34,5.4
10|L.TO|2022-09-22,10,Development,true,,L.TO,2022-09-22,2022-10-06,^GSPTSE,3,66.8,-5.22,-0.12,-5.09,-5.22,0.09
10|CM.TO|2022-09-22,10,Development,true,,CM.TO,2022-09-22,2022-10-06,^GSPTSE,4,64,-2.73,-0.12,-2.61,-2.73,1.5
10|FTS.TO|2022-09-22,10,Development,true,,FTS.TO,2022-09-22,2022-10-06,^GSPTSE,5,63.5,-9.45,-0.12,-9.33,-9.45,-0.14
10|LSPD.TO|2022-09-23,10,Development,true,,LSPD.TO,2022-09-23,2022-10-07,^GSPTSE,2,63.3,7.49,0.55,6.93,-2.19,18.56
10|DIR-UN.TO|2022-09-23,10,Development,true,,DIR-UN.TO,2022-09-23,2022-10-07,^GSPTSE,3,59.9,-3.67,0.55,-4.22,-4.12,2.86
10|CAR-UN.TO|2022-09-23,10,Development,true,,CAR-UN.TO,2022-09-23,2022-10-07,^GSPTSE,4,59.2,-1.78,0.55,-2.34,-2.03,4.15
10|DSG.TO|2022-09-23,10,Development,true,,DSG.TO,2022-09-23,2022-10-07,^GSPTSE,5,58.6,11.75,0.55,11.2,2.84,14.03
10|CM.TO|2022-09-26,10,Development,true,,CM.TO,2022-09-26,2022-10-11,^GSPTSE,1,72.5,-7.3,-0.6,-6.69,-7.3,3.04
10|AEM.TO|2022-09-26,10,Development,true,,AEM.TO,2022-09-26,2022-10-11,^GSPTSE,2,68.2,11.14,-0.6,11.74,0.29,20.51
10|FSV.TO|2022-09-26,10,Development,true,,FSV.TO,2022-09-26,2022-10-11,^GSPTSE,3,67.5,3.15,-0.6,3.75,1.72,12.93
10|GOOS.TO|2022-09-26,10,Development,true,,GOOS.TO,2022-09-26,2022-10-11,^GSPTSE,6,59.7,2.16,-0.6,2.77,-5.23,8.88
10|CTC-A.TO|2022-09-27,10,Development,true,,CTC-A.TO,2022-09-27,2022-10-12,^GSPTSE,2,70.8,0.16,-0.55,0.71,-1.75,3.49
10|LSPD.TO|2022-09-27,10,Development,true,,LSPD.TO,2022-09-27,2022-10-12,^GSPTSE,4,69.3,0.3,-0.55,0.85,0.3,15.33
10|ABX.TO|2022-09-27,10,Development,true,,ABX.TO,2022-09-27,2022-10-12,^GSPTSE,5,68.3,7.59,-0.55,8.14,5.16,14.61
10|T.TO|2022-09-27,10,Development,true,,T.TO,2022-09-27,2022-10-12,^GSPTSE,6,63.1,-4.93,-0.55,-4.37,-4.93,1.93
10|DOO.TO|2022-09-28,10,Development,true,,DOO.TO,2022-09-28,2022-10-13,^GSPTSE,2,67.6,-3.85,-0.19,-3.66,-4.97,1.85
10|CAR-UN.TO|2022-09-28,10,Development,true,,CAR-UN.TO,2022-09-28,2022-10-13,^GSPTSE,3,62.5,-0.58,-0.19,-0.39,-2.82,4.6
10|FTT.TO|2022-09-28,10,Development,true,,FTT.TO,2022-09-28,2022-10-13,^GSPTSE,4,61.2,2.5,-0.19,2.69,-2.42,6.33
10|GOOS.TO|2022-09-28,10,Development,true,,GOOS.TO,2022-09-28,2022-10-13,^GSPTSE,5,59.4,-1.09,-0.19,-0.9,-8.73,4.86
10|REI-UN.TO|2022-09-28,10,Development,true,,REI-UN.TO,2022-09-28,2022-10-13,^GSPTSE,6,59.4,1.68,-0.19,1.87,-1.52,4.94
10|PPL.TO|2022-09-29,10,Development,true,,PPL.TO,2022-09-29,2022-10-14,^GSPTSE,2,63.1,0.02,-0.63,0.65,-1.16,5.2
10|EIF.TO|2022-09-29,10,Development,true,,EIF.TO,2022-09-29,2022-10-14,^GSPTSE,3,60.7,5.5,-0.63,6.12,-0.5,8.62
10|TIH.TO|2022-09-29,10,Development,true,,TIH.TO,2022-09-29,2022-10-14,^GSPTSE,4,59.5,0.9,-0.63,1.53,-0.05,6.03
10|IGM.TO|2022-09-30,10,Development,true,,IGM.TO,2022-09-30,2022-10-17,^GSPTSE,1,71.6,5.58,0.96,4.62,-0.58,6.28
10|CTC-A.TO|2022-09-30,10,Development,true,,CTC-A.TO,2022-09-30,2022-10-17,^GSPTSE,2,69.1,3.08,0.96,2.12,-1.29,3.99
10|TSLA.TO|2022-09-30,10,Development,true,,TSLA.TO,2022-09-30,2022-10-17,^IXIC,3,68,-17.69,0.95,-18.64,-22.83,-6.02
10|BYD.TO|2022-09-30,10,Development,true,,BYD.TO,2022-09-30,2022-10-17,^GSPTSE,4,66,9.14,0.96,8.18,-2.28,9.14
10|ATS.TO|2022-09-30,10,Development,true,,ATS.TO,2022-09-30,2022-10-17,^GSPTSE,5,62.8,26.33,0.96,25.37,9.38,26.33
10|CHP-UN.TO|2022-09-30,10,Development,true,,CHP-UN.TO,2022-09-30,2022-10-17,^GSPTSE,6,62.6,1.99,0.96,1.03,-2.22,2.78
10|DOO.TO|2022-10-03,10,Development,true,,DOO.TO,2022-10-03,2022-10-18,^GSPTSE,1,69.3,0.87,-0.44,1.31,-3.47,3.45
10|GIL.TO|2022-10-03,10,Development,true,,GIL.TO,2022-10-03,2022-10-18,^GSPTSE,2,69,9.46,-0.44,9.9,0.71,9.46
10|CRR-UN.TO|2022-10-03,10,Development,true,,CRR-UN.TO,2022-10-03,2022-10-18,^GSPTSE,3,62.1,0.96,-0.44,1.4,-5.02,1.79
10|KMP-UN.TO|2022-10-03,10,Development,true,,KMP-UN.TO,2022-10-03,2022-10-18,^GSPTSE,5,61.5,-1.73,-0.44,-1.29,-4.86,3.45
10|BEPC.TO|2022-10-03,10,Development,true,,BEPC.TO,2022-10-03,2022-10-18,^GSPTSE,6,61.1,-7.13,-0.44,-6.69,-11.46,0.17
10|L.TO|2022-10-07,10,Development,true,,L.TO,2022-10-07,2022-10-24,^GSPTSE,1,65.6,3.07,1.8,1.27,-0.27,3.2
10|BNS.TO|2022-10-07,10,Development,true,,BNS.TO,2022-10-07,2022-10-24,^GSPTSE,2,64.8,-0.32,1.8,-2.13,-1.4,2.59
10|TA.TO|2022-10-07,10,Development,true,,TA.TO,2022-10-07,2022-10-24,^GSPTSE,3,64.1,3.15,1.8,1.35,-5.95,3.15
10|KEY.TO|2022-10-07,10,Development,true,,KEY.TO,2022-10-07,2022-10-24,^GSPTSE,4,62.6,0.29,1.8,-1.52,-3.83,0.29
10|CHP-UN.TO|2022-10-07,10,Development,true,,CHP-UN.TO,2022-10-07,2022-10-24,^GSPTSE,5,62,2.25,1.8,0.45,-0.97,3.3
10|GEI.TO|2022-10-07,10,Development,true,,GEI.TO,2022-10-07,2022-10-24,^GSPTSE,6,61.2,2.36,1.8,0.55,-2.76,2.36
10|NTR.TO|2022-10-11,10,Development,true,,NTR.TO,2022-10-11,2022-10-25,^GSPTSE,1,67,-0.65,4.83,-5.48,-4.99,4.5
10|CIGI.TO|2022-10-11,10,Development,true,,CIGI.TO,2022-10-11,2022-10-25,^GSPTSE,2,62.1,6.59,4.83,1.76,1.55,6.59
10|CTC-A.TO|2022-10-12,10,Development,true,,CTC-A.TO,2022-10-12,2022-10-26,^GSPTSE,1,67.6,4.24,5.9,-1.65,-0.72,4.24
10|MFI.TO|2022-10-12,10,Development,true,,MFI.TO,2022-10-12,2022-10-26,^GSPTSE,2,65.3,0.39,5.9,-5.5,-3.19,3.44
10|TRP.TO|2022-10-13,10,Development,true,,TRP.TO,2022-10-13,2022-10-27,^GSPTSE,3,65.2,5.72,3.97,1.75,-1.37,5.72
10|BNS.TO|2022-10-13,10,Development,true,,BNS.TO,2022-10-13,2022-10-27,^GSPTSE,4,62.5,-0.2,3.97,-4.16,-2.91,1.02
10|KEY.TO|2022-10-13,10,Development,true,,KEY.TO,2022-10-13,2022-10-27,^GSPTSE,5,59.3,4.32,3.97,0.35,-1.14,4.32
10|ATRL.TO|2022-10-13,10,Development,true,,ATRL.TO,2022-10-13,2022-10-27,^GSPTSE,6,58.9,3,3.97,-0.97,-1.72,3
10|AIF.TO|2022-10-14,10,Development,true,,AIF.TO,2022-10-14,2022-10-28,^GSPTSE,2,67.6,5.49,6.25,-0.76,2.88,6.26
10|BMO.TO|2022-10-14,10,Development,true,,BMO.TO,2022-10-14,2022-10-28,^GSPTSE,3,62.2,7.06,6.25,0.82,0.76,7.06
10|PPL.TO|2022-10-17,10,Development,true,,PPL.TO,2022-10-17,2022-10-31,^GSPTSE,1,62.4,4.61,4.32,0.29,0.58,4.61
10|ENB.TO|2022-10-17,10,Development,true,,ENB.TO,2022-10-17,2022-10-31,^GSPTSE,2,60.5,4.41,4.32,0.08,0.71,4.5
10|LIF.TO|2022-10-17,10,Development,true,,LIF.TO,2022-10-17,2022-10-31,^GSPTSE,3,59.1,2.69,4.32,-1.63,1.75,7.13
10|KNT.TO|2022-10-18,10,Development,true,,KNT.TO,2022-10-18,2022-11-01,^GSPTSE,1,61.6,-6.83,3.83,-10.66,-10.03,1.74
10|CAR-UN.TO|2022-10-20,10,Development,true,,CAR-UN.TO,2022-10-20,2022-11-03,^GSPTSE,1,63.7,4.38,3.56,0.82,2.8,7.87
10|SSRM.TO|2022-10-20,10,Development,true,,SSRM.TO,2022-10-20,2022-11-03,^GSPTSE,2,59.9,-3.32,3.56,-6.88,-3.32,5.28
10|RCH.TO|2022-10-21,10,Development,true,,RCH.TO,2022-10-21,2022-11-04,^GSPTSE,1,82.4,2.36,3.12,-0.76,-1.52,3.68
10|CTC-A.TO|2022-10-21,10,Development,true,,CTC-A.TO,2022-10-21,2022-11-04,^GSPTSE,2,72.6,2.99,3.12,-0.13,0.72,4.11
10|DOO.TO|2022-10-21,10,Development,true,,DOO.TO,2022-10-21,2022-11-04,^GSPTSE,3,61.6,7.8,3.12,4.68,2.06,12.99
10|MFI.TO|2022-10-21,10,Development,true,,MFI.TO,2022-10-21,2022-11-04,^GSPTSE,4,60.5,-0.7,3.12,-3.82,-1,5.22
10|CAR-UN.TO|2022-10-24,10,Development,true,,CAR-UN.TO,2022-10-24,2022-11-07,^GSPTSE,1,60.4,4.87,3.32,1.56,1.27,4.87
10|KNT.TO|2022-10-24,10,Development,true,,KNT.TO,2022-10-24,2022-11-07,^GSPTSE,2,59.7,-0.74,3.32,-4.05,-10.01,3.09
10|CS.TO|2022-10-25,10,Development,true,,CS.TO,2022-10-25,2022-11-08,^GSPTSE,1,62,36.33,2.95,33.38,4.67,36.33
10|MFI.TO|2022-10-26,10,Development,true,,MFI.TO,2022-10-26,2022-11-09,^GSPTSE,1,63.2,10.32,0.33,9.98,-4.25,10.32
10|PBH.TO|2022-10-27,10,Development,true,,PBH.TO,2022-10-27,2022-11-10,^GSPTSE,1,60.6,0.49,3.3,-2.8,-3.67,2.18
10|ARE.TO|2022-10-31,10,Development,true,,ARE.TO,2022-10-31,2022-11-14,^GSPTSE,1,76,1.66,2.55,-0.9,-4.04,5.8
10|NFI.TO|2022-11-03,10,Development,true,,NFI.TO,2022-11-03,2022-11-17,^GSPTSE,1,61,15.99,3.34,12.65,0.23,15.99
10|MFI.TO|2022-11-03,10,Development,true,,MFI.TO,2022-11-03,2022-11-17,^GSPTSE,2,60.1,18.65,3.34,15.31,-2.88,20.19
10|BHC.TO|2022-11-03,10,Development,true,,BHC.TO,2022-11-03,2022-11-17,^GSPTSE,3,59.8,14.09,3.34,10.75,0,14.09
10|AP-UN.TO|2022-11-04,10,Development,true,,AP-UN.TO,2022-11-04,2022-11-18,^GSPTSE,1,62.9,-0.46,2.73,-3.19,-3.88,2.73
10|PBH.TO|2022-11-04,10,Development,true,,PBH.TO,2022-11-04,2022-11-18,^GSPTSE,3,60,1.74,2.73,-0.99,-1.21,5.08
10|ALA.TO|2022-11-08,10,Development,true,,ALA.TO,2022-11-08,2022-11-22,^GSPTSE,2,59.1,-3.01,2.85,-5.86,-3.92,2.5
10|AP-UN.TO|2022-11-10,10,Development,true,,AP-UN.TO,2022-11-10,2022-11-24,^GSPTSE,1,65.7,3.46,1.77,1.69,-1.81,3.46
10|GIL.TO|2022-11-10,10,Development,true,,GIL.TO,2022-11-10,2022-11-24,^GSPTSE,2,59.9,4.52,1.77,2.75,-0.43,4.52
10|GIL.TO|2022-11-15,10,Development,true,,GIL.TO,2022-11-15,2022-11-29,^GSPTSE,1,59.2,0.55,1.41,-0.86,-2.85,2.55
10|SPB.TO|2022-11-17,10,Development,true,,SPB.TO,2022-11-17,2022-12-01,^GSPTSE,1,58.9,1.41,3.22,-1.81,1.41,3.86
10|BEP-UN.TO|2022-11-21,10,Development,true,,BEP-UN.TO,2022-11-21,2022-12-05,^GSPTSE,1,64.9,3.43,1.33,2.1,-0.09,3.43
10|SIA.TO|2022-11-21,10,Development,true,,SIA.TO,2022-11-21,2022-12-05,^GSPTSE,2,64.1,-0.81,1.33,-2.14,-0.81,3.5
10|CTC-A.TO|2022-11-21,10,Development,true,,CTC-A.TO,2022-11-21,2022-12-05,^GSPTSE,3,59.2,3.05,1.33,1.72,-0.11,5.65
10|ATS.TO|2022-11-22,10,Development,true,,ATS.TO,2022-11-22,2022-12-06,^GSPTSE,1,61.6,2.97,-1.14,4.11,2.52,11.14
10|BHC.TO|2022-11-23,10,Development,true,,BHC.TO,2022-11-23,2022-12-07,^GSPTSE,1,59.1,8.75,-1.52,10.27,-0.33,18.27
10|NPI.TO|2022-12-02,10,Development,true,,NPI.TO,2022-12-02,2022-12-16,^GSPTSE,1,64,3.34,-5.09,8.43,-0.93,5.73
10|WDO.TO|2022-12-05,10,Development,true,,WDO.TO,2022-12-05,2022-12-19,^GSPTSE,1,60,-12.62,-5.15,-7.48,-12.62,1.2
10|NTR.TO|2022-12-06,10,Development,true,,NTR.TO,2022-12-06,2022-12-20,^GSPTSE,1,60.3,-5.49,-3.42,-2.07,-5.83,0.08
10|BIP-UN.TO|2022-12-08,10,Development,true,,BIP-UN.TO,2022-12-08,2022-12-22,^GSPTSE,1,60.3,-11.2,-3.1,-8.1,-11.45,-0.34
10|NXE.TO|2022-12-12,10,Development,true,,NXE.TO,2022-12-12,2022-12-28,^GSPTSE,1,58.8,1.94,-3.67,5.61,-4.4,4.05
10|WDO.TO|2022-12-13,10,Development,true,,WDO.TO,2022-12-13,2022-12-29,^GSPTSE,1,64.2,-6.33,-2.68,-3.64,-9.8,-5.21
10|DPM.TO|2022-12-15,10,Development,true,,DPM.TO,2022-12-15,2023-01-03,^GSPTSE,1,71.6,10.5,-0.8,11.3,1.95,11.71
10|NXE.TO|2022-12-16,10,Development,true,,NXE.TO,2022-12-16,2023-01-04,^GSPTSE,1,82.5,1.08,0.75,0.33,-2.51,7.54
10|CIGI.TO|2022-12-16,10,Development,true,,CIGI.TO,2022-12-16,2023-01-04,^GSPTSE,3,73.2,4.43,0.75,3.68,-2.13,4.43
10|BEPC.TO|2022-12-16,10,Development,true,,BEPC.TO,2022-12-16,2023-01-04,^GSPTSE,4,66.4,-6.75,0.75,-7.5,-11.31,-4.65
10|ONEX.TO|2022-12-16,10,Development,true,,ONEX.TO,2022-12-16,2023-01-04,^GSPTSE,5,65.4,2.38,0.75,1.63,-2.88,2.38
10|ARX.TO|2022-12-19,10,Development,true,,ARX.TO,2022-12-19,2023-01-05,^GSPTSE,1,61.9,-7.44,1.59,-9.03,-7.44,6.61
10|CVE.TO|2022-12-19,10,Development,true,,CVE.TO,2022-12-19,2023-01-05,^GSPTSE,2,59.9,2.55,1.59,0.95,0.29,7.84
10|FRU.TO|2022-12-19,10,Development,true,,FRU.TO,2022-12-19,2023-01-05,^GSPTSE,3,59.2,-1.99,1.59,-3.59,-1.99,5.7
10|CCO.TO|2022-12-20,10,Development,true,,CCO.TO,2022-12-20,2023-01-06,^GSPTSE,1,74.1,10.76,2.63,8.13,1.35,10.76
10|LUG.TO|2022-12-20,10,Development,true,,LUG.TO,2022-12-20,2023-01-06,^GSPTSE,2,72.6,13.73,2.63,11.11,2.41,15.18
10|NXE.TO|2022-12-20,10,Development,true,,NXE.TO,2022-12-20,2023-01-06,^GSPTSE,4,65.6,8.21,2.63,5.58,2.74,9.31
10|ONEX.TO|2022-12-20,10,Development,true,,ONEX.TO,2022-12-20,2023-01-06,^GSPTSE,5,62.4,1.54,2.63,-1.09,-0.38,5.02
10|CCL-B.TO|2022-12-20,10,Development,true,,CCL-B.TO,2022-12-20,2023-01-06,^GSPTSE,6,59.4,2.16,2.63,-0.47,-0.22,2.16
10|CIGI.TO|2022-12-21,10,Development,true,,CIGI.TO,2022-12-21,2023-01-09,^GSPTSE,2,73.1,3.8,1.46,2.34,-2.04,3.8
10|CSH-UN.TO|2022-12-21,10,Development,true,,CSH-UN.TO,2022-12-21,2023-01-09,^GSPTSE,3,69.9,10.33,1.46,8.87,0,10.33
10|SIA.TO|2022-12-21,10,Development,true,,SIA.TO,2022-12-21,2023-01-09,^GSPTSE,4,67.1,6.03,1.46,4.57,-1.66,6.03
10|SHOP.TO|2022-12-21,10,Development,true,,SHOP.TO,2022-12-21,2023-01-09,^GSPTSE,6,65.8,1.12,1.46,-0.34,-9.87,2.74
10|IVN.TO|2022-12-22,10,Development,true,,IVN.TO,2022-12-22,2023-01-10,^GSPTSE,1,65.3,16.22,2.84,13.38,0.68,16.22
10|GIL.TO|2022-12-22,10,Development,true,,GIL.TO,2022-12-22,2023-01-10,^GSPTSE,2,62.7,6.16,2.84,3.32,-2.14,6.64
10|SII.TO|2022-12-22,10,Development,true,,SII.TO,2022-12-22,2023-01-10,^GSPTSE,4,59.9,17.97,2.84,15.13,-0.71,17.97
10|WFG.TO|2022-12-23,10,Development,true,,WFG.TO,2022-12-23,2023-01-11,^GSPTSE,1,59.6,3.4,2.66,0.74,1.65,5.97
10|GRT-UN.TO|2022-12-23,10,Development,true,,GRT-UN.TO,2022-12-23,2023-01-11,^GSPTSE,2,58.9,4.68,2.66,2.02,-3.76,4.68
10|IMO.TO|2022-12-28,10,Development,true,,IMO.TO,2022-12-28,2023-01-12,^GSPTSE,1,60.1,-0.68,4.81,-5.49,-4.34,1.57
10|GEI.TO|2022-12-29,10,Development,true,,GEI.TO,2022-12-29,2023-01-13,^GSPTSE,1,63.7,4.79,4.49,0.3,-2.33,4.79
10|GIL.TO|2022-12-29,10,Development,true,,GIL.TO,2022-12-29,2023-01-13,^GSPTSE,2,58.9,12.92,4.49,8.44,0.68,12.92
10|ATZ.TO|2023-01-04,10,Development,true,,ATZ.TO,2023-01-04,2023-01-18,^GSPTSE,1,59.5,-4.44,4.02,-8.46,-4.44,8.89
10|FRU.TO|2023-01-06,10,Development,true,,FRU.TO,2023-01-06,2023-01-20,^GSPTSE,1,60.6,5.27,3.48,1.79,-0.93,5.27
10|ARX.TO|2023-01-11,10,Development,true,,ARX.TO,2023-01-11,2023-01-25,^GSPTSE,1,59.7,1.13,2.87,-1.74,1.13,6.91
10|ATZ.TO|2023-01-19,10,Development,true,,ATZ.TO,2023-01-19,2023-02-02,^GSPTSE,1,75.5,3.07,1.96,1.11,0.26,4.41
10|CJT.TO|2023-01-20,10,Development,true,,CJT.TO,2023-01-20,2023-02-03,^GSPTSE,2,64.6,13.75,1.24,12.51,1.69,13.88
10|WCN.TO|2023-01-23,10,Development,true,,WCN.TO,2023-01-23,2023-02-06,^GSPTSE,1,58.7,3.36,-0.01,3.37,0.45,3.36
10|CJT.TO|2023-01-25,10,Development,true,,CJT.TO,2023-01-25,2023-02-08,^GSPTSE,1,58.8,11.37,0.39,10.98,2.26,11.98
10|KNT.TO|2023-01-30,10,Development,true,,KNT.TO,2023-01-30,2023-02-13,^GSPTSE,1,59.7,-9.02,0.63,-9.65,-9.02,3.18
10|AAV.TO|2023-01-31,10,Development,true,,AAV.TO,2023-01-31,2023-02-14,^GSPTSE,1,61.7,3.86,-0.3,4.16,-3.86,3.86
10|BIR.TO|2023-02-01,10,Development,true,,BIR.TO,2023-02-01,2023-02-15,^GSPTSE,1,61.3,3.11,-0.15,3.26,-0.6,5.38
10|MRU.TO|2023-02-09,10,Development,true,,MRU.TO,2023-02-09,2023-02-24,^GSPTSE,1,61.8,1.08,-1.84,2.91,0.25,1.75
10|OGC.TO|2023-02-14,10,Development,true,,OGC.TO,2023-02-14,2023-03-01,^GSPTSE,1,62.9,4.87,-2.15,7.02,-5.24,4.87
10|ATZ.TO|2023-02-14,10,Development,true,,ATZ.TO,2023-02-14,2023-03-01,^GSPTSE,2,62.8,-4.67,-2.15,-2.52,-4.67,4.03
10|BEPC.TO|2023-02-22,10,Development,true,,BEPC.TO,2023-02-22,2023-03-08,^GSPTSE,1,65.9,6.08,0.76,5.32,-2.96,6.08
10|WDO.TO|2023-02-23,10,Development,true,,WDO.TO,2023-02-23,2023-03-09,^GSPTSE,1,64,1.46,-0.5,1.96,0.81,8.6
10|TPZ.TO|2023-02-23,10,Development,true,,TPZ.TO,2023-02-23,2023-03-09,^GSPTSE,2,60.9,-0.92,-0.5,-0.42,-0.92,1.64
10|PPL.TO|2023-02-27,10,Development,true,,PPL.TO,2023-02-27,2023-03-13,^GSPTSE,1,65,-2.57,-3.31,0.74,-2.57,2.17
10|BEPC.TO|2023-03-01,10,Development,true,,BEPC.TO,2023-03-01,2023-03-15,^GSPTSE,1,59.6,10.46,-4.35,14.81,2.86,10.46
10|TRP.TO|2023-03-02,10,Development,true,,TRP.TO,2023-03-02,2023-03-16,^GSPTSE,1,67.6,-7.26,-3.92,-3.34,-7.26,1.26
10|CSH-UN.TO|2023-03-03,10,Development,true,,CSH-UN.TO,2023-03-03,2023-03-17,^GSPTSE,1,64.4,-9.25,-5.8,-3.45,-9.25,2.29
10|SIA.TO|2023-03-07,10,Development,true,,SIA.TO,2023-03-07,2023-03-21,^GSPTSE,1,65.5,-4.48,-3.06,-1.42,-5.91,-1.16
10|TPZ.TO|2023-03-08,10,Development,true,,TPZ.TO,2023-03-08,2023-03-22,^GSPTSE,1,70.2,-0.82,-4,3.18,-4.45,1.07
10|REI-UN.TO|2023-03-09,10,Development,true,,REI-UN.TO,2023-03-09,2023-03-23,^GSPTSE,1,67.2,-8.21,-3.12,-5.09,-8.21,-1.54
10|VET.TO|2023-03-09,10,Development,true,,VET.TO,2023-03-09,2023-03-23,^GSPTSE,2,62.9,-7.4,-3.12,-4.28,-10.48,1.67
10|DFY.TO|2023-03-10,10,Development,true,,DFY.TO,2023-03-10,2023-03-24,^GSPTSE,1,73.7,0.9,-1.38,2.28,-1.93,1.45
10|CPX.TO|2023-03-13,10,Development,true,,CPX.TO,2023-03-13,2023-03-27,^GSPTSE,1,66.9,0.8,0.18,0.62,-2.47,0.8
10|SIA.TO|2023-03-13,10,Development,true,,SIA.TO,2023-03-13,2023-03-27,^GSPTSE,2,64.7,-2.11,0.18,-2.3,-4.5,0.37
10|REI-UN.TO|2023-03-14,10,Development,true,,REI-UN.TO,2023-03-14,2023-03-28,^GSPTSE,2,69.4,-5.69,-0.19,-5.5,-6.73,-2.09
10|QSR.TO|2023-03-14,10,Development,true,,QSR.TO,2023-03-14,2023-03-28,^GSPTSE,4,63.2,6.11,-0.19,6.29,0.13,6.11
10|HBM.TO|2023-03-14,10,Development,true,,HBM.TO,2023-03-14,2023-03-28,^GSPTSE,5,61.6,7.22,-0.19,7.41,-5.34,7.22
10|FTT.TO|2023-03-14,10,Development,true,,FTT.TO,2023-03-14,2023-03-28,^GSPTSE,6,59.6,-5.67,-0.19,-5.48,-5.81,-2.09
10|FM.TO|2023-03-16,10,Development,true,,FM.TO,2023-03-16,2023-03-30,^GSPTSE,1,76.7,19.05,2.06,16.99,0.89,19.05
10|CPX.TO|2023-03-16,10,Development,true,,CPX.TO,2023-03-16,2023-03-30,^GSPTSE,2,72.7,1.78,2.06,-0.28,-2.63,1.78
10|DFY.TO|2023-03-16,10,Development,true,,DFY.TO,2023-03-16,2023-03-30,^GSPTSE,3,70.9,1.13,2.06,-0.93,0.29,1.54
10|TPZ.TO|2023-03-16,10,Development,true,,TPZ.TO,2023-03-16,2023-03-30,^GSPTSE,4,69.5,0.05,2.06,-2,-0.69,2.5
10|CS.TO|2023-03-16,10,Development,true,,CS.TO,2023-03-16,2023-03-30,^GSPTSE,5,64.6,5.39,2.06,3.33,-3.3,6.26
10|RCI-B.TO|2023-03-16,10,Development,true,,RCI-B.TO,2023-03-16,2023-03-30,^GSPTSE,6,62.1,5.74,2.06,3.68,0.79,5.74
10|EFX.TO|2023-03-17,10,Development,true,,EFX.TO,2023-03-17,2023-03-31,^GSPTSE,1,66,2.03,3.67,-1.65,-5.45,2.03
10|TSU.TO|2023-03-17,10,Development,true,,TSU.TO,2023-03-17,2023-03-31,^GSPTSE,2,62.9,3.08,3.67,-0.59,-3.64,3.08
10|PSK.TO|2023-03-17,10,Development,true,,PSK.TO,2023-03-17,2023-03-31,^GSPTSE,3,59.8,5.16,3.67,1.49,1.8,5.16
10|LNR.TO|2023-03-17,10,Development,true,,LNR.TO,2023-03-17,2023-03-31,^GSPTSE,4,59.6,6.53,3.67,2.86,-1.62,6.53
10|CM.TO|2023-03-17,10,Development,true,,CM.TO,2023-03-17,2023-03-31,^GSPTSE,5,59.3,2.04,3.67,-1.63,-0.63,2.04
10|MX.TO|2023-03-17,10,Development,true,,MX.TO,2023-03-17,2023-03-31,^GSPTSE,6,59.3,3.8,3.67,0.12,0.05,5.94
10|ONEX.TO|2023-03-20,10,Development,true,,ONEX.TO,2023-03-20,2023-04-03,^GSPTSE,1,74.2,-3.97,3.89,-7.86,-6.86,0.8
10|BBD-B.TO|2023-03-20,10,Development,true,,BBD-B.TO,2023-03-20,2023-04-03,^GSPTSE,2,69,24.79,3.89,20.9,3.71,28.6
10|VET.TO|2023-03-20,10,Development,true,,VET.TO,2023-03-20,2023-04-03,^GSPTSE,3,66.7,7.69,3.89,3.8,-1,7.69
10|IMO.TO|2023-03-20,10,Development,true,,IMO.TO,2023-03-20,2023-04-03,^GSPTSE,5,63.8,14.56,3.89,10.67,-0.16,14.56
10|MG.TO|2023-03-20,10,Development,true,,MG.TO,2023-03-20,2023-04-03,^GSPTSE,6,62.7,4.33,3.89,0.44,0.2,5.19
10|EFX.TO|2023-03-21,10,Development,true,,EFX.TO,2023-03-21,2023-04-04,^GSPTSE,2,65,5.94,3.16,2.78,-3.62,7.49
10|PPL.TO|2023-03-21,10,Development,true,,PPL.TO,2023-03-21,2023-04-04,^GSPTSE,4,63.1,3.13,3.16,-0.03,-2.36,3.5
10|ALA.TO|2023-03-21,10,Development,true,,ALA.TO,2023-03-21,2023-04-04,^GSPTSE,5,62.8,1.88,3.16,-1.28,-3.86,1.88
10|TSU.TO|2023-03-21,10,Development,true,,TSU.TO,2023-03-21,2023-04-04,^GSPTSE,6,62.2,1.64,3.16,-1.52,-2.46,4.35
10|TFPM.TO|2023-03-22,10,Development,true,,TFPM.TO,2023-03-22,2023-04-05,^GSPTSE,2,65.5,18.2,3.21,14.99,3.91,18.2
10|FRU.TO|2023-03-22,10,Development,true,,FRU.TO,2023-03-22,2023-04-05,^GSPTSE,4,60.6,4.06,3.21,0.85,-1.54,6.1
10|NA.TO|2023-03-22,10,Development,true,,NA.TO,2023-03-22,2023-04-05,^GSPTSE,5,60.6,1.88,3.21,-1.33,-1.94,2.99
10|BIR.TO|2023-03-23,10,Development,true,,BIR.TO,2023-03-23,2023-04-06,^GSPTSE,1,75.8,2.44,3.79,-1.35,-3.21,2.44
10|TSU.TO|2023-03-23,10,Development,true,,TSU.TO,2023-03-23,2023-04-06,^GSPTSE,3,66.2,0.77,3.79,-3.02,0.1,6.06
10|MG.TO|2023-03-23,10,Development,true,,MG.TO,2023-03-23,2023-04-06,^GSPTSE,4,64.6,-1.54,3.79,-5.33,-1.56,3.36
10|CAR-UN.TO|2023-03-23,10,Development,true,,CAR-UN.TO,2023-03-23,2023-04-06,^GSPTSE,5,62.9,2.77,3.79,-1.02,1.22,3.73
10|RY.TO|2023-03-23,10,Development,true,,RY.TO,2023-03-23,2023-04-06,^GSPTSE,6,62.4,2.74,3.79,-1.05,-0.2,3.05
10|CS.TO|2023-03-24,10,Development,true,,CS.TO,2023-03-24,2023-04-10,^GSPTSE,1,79,3.72,3.97,-0.25,-0.35,8.14
10|NA.TO|2023-03-24,10,Development,true,,NA.TO,2023-03-24,2023-04-10,^GSPTSE,3,60.8,5.44,3.97,1.47,0.58,5.44
10|AAV.TO|2023-03-24,10,Development,true,,AAV.TO,2023-03-24,2023-04-10,^GSPTSE,4,60.5,-1.39,3.97,-5.36,-4.18,-0.38
10|IPCO.TO|2023-03-27,10,Development,true,,IPCO.TO,2023-03-27,2023-04-11,^GSPTSE,5,58.7,6.09,4.06,2.03,0.08,9.64
10|GOOS.TO|2023-03-29,10,Development,true,,GOOS.TO,2023-03-29,2023-04-13,^GSPTSE,1,59.3,1.47,3.66,-2.19,0.2,6.21
10|ONEX.TO|2023-03-29,10,Development,true,,ONEX.TO,2023-03-29,2023-04-13,^GSPTSE,2,59.1,-1.54,3.66,-5.2,-2.68,0.54
10|SIA.TO|2023-04-05,10,Development,true,,SIA.TO,2023-04-05,2023-04-20,^GSPTSE,1,68.1,3.09,2.34,0.75,0.56,3.09
10|MX.TO|2023-04-05,10,Development,true,,MX.TO,2023-04-05,2023-04-20,^GSPTSE,2,65.5,0.88,2.34,-1.45,-0.97,5.69
10|MG.TO|2023-04-06,10,Development,true,,MG.TO,2023-04-06,2023-04-21,^GSPTSE,1,72.2,3.18,2.46,0.72,3.18,6.28
10|MX.TO|2023-04-10,10,Development,true,,MX.TO,2023-04-10,2023-04-24,^GSPTSE,2,64,2.48,1.98,0.5,0.43,5.47
10|TD.TO|2023-04-10,10,Development,true,,TD.TO,2023-04-10,2023-04-24,^GSPTSE,3,63,3.41,1.98,1.44,0.62,4.44
10|LIF.TO|2023-04-10,10,Development,true,,LIF.TO,2023-04-10,2023-04-24,^GSPTSE,4,62.4,-0.95,1.98,-2.93,-0.99,3.94
10|EFN.TO|2023-04-10,10,Development,true,,EFN.TO,2023-04-10,2023-04-24,^GSPTSE,5,59.9,-2.9,1.98,-4.87,-2.9,1.08
10|SSRM.TO|2023-04-25,10,Development,true,,SSRM.TO,2023-04-25,2023-05-09,^GSPTSE,1,62.3,14.28,0.71,13.57,-4.18,14.28
10|SU.TO|2023-04-27,10,Development,true,,SU.TO,2023-04-27,2023-05-11,^GSPTSE,1,64.6,-5.86,-0.51,-5.35,-6.54,2.74
10|MX.TO|2023-04-27,10,Development,true,,MX.TO,2023-04-27,2023-05-11,^GSPTSE,2,63.7,-5.44,-0.51,-4.92,-5.44,2.48
10|VET.TO|2023-04-27,10,Development,true,,VET.TO,2023-04-27,2023-05-11,^GSPTSE,3,58.9,-3.93,-0.51,-3.42,-5.44,3.75
10|HBM.TO|2023-04-28,10,Development,true,,HBM.TO,2023-04-28,2023-05-12,^GSPTSE,1,62.8,-7.22,-1.05,-6.17,-9.72,4.57
10|CJT.TO|2023-05-01,10,Development,true,,CJT.TO,2023-05-01,2023-05-15,^GSPTSE,1,65.1,4.23,-0.36,4.6,-1.07,4.23
10|ONEX.TO|2023-05-02,10,Development,true,,ONEX.TO,2023-05-02,2023-05-16,^GSPTSE,1,63.6,-3.15,-0.81,-2.33,-3.15,0.82
10|BN.TO|2023-05-03,10,Development,true,,BN.TO,2023-05-03,2023-05-17,^GSPTSE,1,67.5,-0.64,-0.29,-0.36,-3.07,2.47
10|HBM.TO|2023-05-03,10,Development,true,,HBM.TO,2023-05-03,2023-05-17,^GSPTSE,2,60.1,-3.12,-0.29,-2.84,-8.78,5.65
10|AP-UN.TO|2023-05-04,10,Development,true,,AP-UN.TO,2023-05-04,2023-05-18,^GSPTSE,2,60.7,3.3,0.29,3.01,2.38,5.08
10|MX.TO|2023-05-04,10,Development,true,,MX.TO,2023-05-04,2023-05-18,^GSPTSE,3,60.6,-1.71,0.29,-2,-3.72,1.92
10|ONEX.TO|2023-05-05,10,Development,true,,ONEX.TO,2023-05-05,2023-05-19,^GSPTSE,2,64.2,-2.94,-0.93,-2.01,-2.94,2.21
10|TFII.TO|2023-05-09,10,Development,true,,TFII.TO,2023-05-09,2023-05-24,^GSPTSE,1,58.8,1.37,-3.2,4.56,0.8,4.42
10|KNT.TO|2023-05-09,10,Development,true,,KNT.TO,2023-05-09,2023-05-24,^GSPTSE,2,58.6,-8.65,-3.2,-5.45,-8.65,-1.06
10|GIL.TO|2023-05-10,10,Development,true,,GIL.TO,2023-05-10,2023-05-25,^GSPTSE,1,64,-5.71,-3.54,-2.17,-5.71,2.84
10|MG.TO|2023-05-10,10,Development,true,,MG.TO,2023-05-10,2023-05-25,^GSPTSE,2,62.8,-1.03,-3.54,2.51,-1.03,2.24
10|CIGI.TO|2023-05-10,10,Development,true,,CIGI.TO,2023-05-10,2023-05-25,^GSPTSE,4,59.7,3.98,-3.54,7.52,0.19,4.48
10|LB.TO|2023-05-11,10,Development,true,,LB.TO,2023-05-11,2023-05-26,^GSPTSE,1,67.7,-2.36,-2.44,0.07,-2.36,1.13
10|ONEX.TO|2023-05-15,10,Development,true,,ONEX.TO,2023-05-15,2023-05-30,^GSPTSE,1,64.7,3.94,-3.9,7.83,-1.43,5.35
10|FVI.TO|2023-05-16,10,Development,true,,FVI.TO,2023-05-16,2023-05-31,^GSPTSE,1,65,-6.83,-3.31,-3.52,-8.9,-1.86
10|BN.TO|2023-05-16,10,Development,true,,BN.TO,2023-05-16,2023-05-31,^GSPTSE,2,61.3,0.3,-3.31,3.61,0.3,5.23
10|MFI.TO|2023-05-16,10,Development,true,,MFI.TO,2023-05-16,2023-05-31,^GSPTSE,3,60.6,-4.8,-3.31,-1.49,-6.48,2.86
10|CNQ.TO|2023-05-17,10,Development,true,,CNQ.TO,2023-05-17,2023-06-01,^GSPTSE,2,66.7,-2.02,-3.07,1.06,-2.93,4.13
10|SU.TO|2023-05-17,10,Development,true,,SU.TO,2023-05-17,2023-06-01,^GSPTSE,4,63.2,0.13,-3.07,3.2,-1.2,2.23
10|TXG.TO|2023-05-19,10,Development,true,,TXG.TO,2023-05-19,2023-06-05,^GSPTSE,1,64.8,6.64,-2.06,8.7,-3.37,6.79
10|OGC.TO|2023-05-19,10,Development,true,,OGC.TO,2023-05-19,2023-06-05,^GSPTSE,2,64.1,2.11,-2.06,4.17,-2.81,6.67
10|FVI.TO|2023-05-19,10,Development,true,,FVI.TO,2023-05-19,2023-06-05,^GSPTSE,3,63,1.94,-2.06,4,-5.38,1.94
10|OGC.TO|2023-05-24,10,Development,true,,OGC.TO,2023-05-24,2023-06-07,^GSPTSE,1,63.5,3.94,0.28,3.66,-0.72,8.96
10|PET.TO|2023-05-24,10,Development,true,,PET.TO,2023-05-24,2023-06-07,^GSPTSE,2,60.5,-6.47,0.28,-6.75,-8.26,-0.83
10|EQX.TO|2023-05-24,10,Development,true,,EQX.TO,2023-05-24,2023-06-07,^GSPTSE,3,59.7,-0.16,0.28,-0.44,-5.83,4.25
10|LUG.TO|2023-05-26,10,Development,true,,LUG.TO,2023-05-26,2023-06-09,^GSPTSE,1,77.2,-4.17,-0.14,-4.03,-4.17,2.29
10|LSPD.TO|2023-05-26,10,Development,true,,LSPD.TO,2023-05-26,2023-06-09,^GSPTSE,2,76.3,15.08,-0.14,15.22,2.06,16.86
10|IMG.TO|2023-05-26,10,Development,true,,IMG.TO,2023-05-26,2023-06-09,^GSPTSE,4,65.4,7.38,-0.14,7.52,-1.91,10.38
10|CNQ.TO|2023-05-26,10,Development,true,,CNQ.TO,2023-05-26,2023-06-09,^GSPTSE,5,63,-0.73,-0.14,-0.58,-3.55,0.44
10|DPM.TO|2023-05-26,10,Development,true,,DPM.TO,2023-05-26,2023-06-09,^GSPTSE,6,60.5,1.06,-0.14,1.21,-1.7,3.09
10|WN.TO|2023-05-29,10,Development,true,,WN.TO,2023-05-29,2023-06-12,^GSPTSE,5,62.4,-6.09,-0.23,-5.85,-6.46,-1.31
10|EQX.TO|2023-05-29,10,Development,true,,EQX.TO,2023-05-29,2023-06-12,^GSPTSE,6,59.3,2.42,-0.23,2.65,-0.65,6.77
10|BTO.TO|2023-05-31,10,Development,true,,BTO.TO,2023-05-31,2023-06-14,^GSPTSE,1,73.1,-2.58,2.26,-4.85,-2.58,2.19
10|CIGI.TO|2023-05-31,10,Development,true,,CIGI.TO,2023-05-31,2023-06-14,^GSPTSE,2,66.2,4.26,2.26,2,-1.15,7.01
10|K.TO|2023-05-31,10,Development,true,,K.TO,2023-05-31,2023-06-14,^GSPTSE,3,66,1.25,2.26,-1.01,-1.72,2.66
10|DPM.TO|2023-05-31,10,Development,true,,DPM.TO,2023-05-31,2023-06-14,^GSPTSE,4,64.2,-0.86,2.26,-3.12,-0.86,3.64
10|IMO.TO|2023-06-01,10,Development,true,,IMO.TO,2023-06-01,2023-06-15,^GSPTSE,1,86.9,5.62,1.81,3.81,2.47,6.94
10|CNQ.TO|2023-06-01,10,Development,true,,CNQ.TO,2023-06-01,2023-06-15,^GSPTSE,2,69,0.82,1.81,-0.98,-0.47,1.96
10|BTE.TO|2023-06-01,10,Development,true,,BTE.TO,2023-06-01,2023-06-15,^GSPTSE,3,67.7,-0.23,1.81,-2.03,-1.13,6.32
10|WCP.TO|2023-06-01,10,Development,true,,WCP.TO,2023-06-01,2023-06-15,^GSPTSE,4,66.3,1.82,1.81,0.02,0.11,4.28
10|QBR-B.TO|2023-06-02,10,Development,true,,QBR-B.TO,2023-06-02,2023-06-16,^GSPTSE,2,70.6,2.49,-0.25,2.74,-0.83,3.02
10|LNR.TO|2023-06-02,10,Development,true,,LNR.TO,2023-06-02,2023-06-16,^GSPTSE,3,61.8,13.1,-0.25,13.35,2.18,14.18
10|CTC-A.TO|2023-06-02,10,Development,true,,CTC-A.TO,2023-06-02,2023-06-16,^GSPTSE,4,59.8,2.8,-0.25,3.04,-0.56,2.8
10|LUG.TO|2023-06-05,10,Development,true,,LUG.TO,2023-06-05,2023-06-19,^GSPTSE,1,77.7,-6.17,0.01,-6.19,-7.36,1.12
10|WCP.TO|2023-06-05,10,Development,true,,WCP.TO,2023-06-05,2023-06-19,^GSPTSE,2,66.6,-3.01,0.01,-3.02,-3.01,1.04
10|AGI.TO|2023-06-05,10,Development,true,,AGI.TO,2023-06-05,2023-06-19,^GSPTSE,5,60.3,-2.99,0.01,-3,-3.41,1.26
10|K.TO|2023-06-05,10,Development,true,,K.TO,2023-06-05,2023-06-19,^GSPTSE,6,60,-2.75,0.01,-2.77,-3.82,-0.61
10|GRT-UN.TO|2023-06-06,10,Development,true,,GRT-UN.TO,2023-06-06,2023-06-20,^GSPTSE,1,68,-8.91,-1.5,-7.41,-8.91,0.7
10|KNT.TO|2023-06-08,10,Development,true,,KNT.TO,2023-06-08,2023-06-22,^GSPTSE,1,65.5,-3.04,-1.81,-1.22,-3.04,2.36
10|CAE.TO|2023-06-09,10,Development,true,,CAE.TO,2023-06-09,2023-06-23,^GSPTSE,1,70.6,0.61,-2.38,2.99,-0.5,4.17
10|WCP.TO|2023-06-09,10,Development,true,,WCP.TO,2023-06-09,2023-06-23,^GSPTSE,2,68.7,-6.67,-2.38,-4.29,-6.67,-0.42
10|AGI.TO|2023-06-09,10,Development,true,,AGI.TO,2023-06-09,2023-06-23,^GSPTSE,3,61.2,-6.05,-2.38,-3.67,-6.9,1.76
10|ATZ.TO|2023-06-12,10,Development,true,,ATZ.TO,2023-06-12,2023-06-26,^GSPTSE,1,71.8,-2.03,-1.68,-0.35,-2.03,4.31
10|POU.TO|2023-06-12,10,Development,true,,POU.TO,2023-06-12,2023-06-26,^GSPTSE,2,62.9,-0.37,-1.68,1.31,-1.36,2.56
10|PEY.TO|2023-06-13,10,Development,true,,PEY.TO,2023-06-13,2023-06-27,^GSPTSE,1,64.4,0.19,-1.29,1.47,-1.48,1.86
10|WCP.TO|2023-06-13,10,Development,true,,WCP.TO,2023-06-13,2023-06-27,^GSPTSE,2,61.6,-5.45,-1.29,-4.16,-6.28,-0.42
10|NPI.TO|2023-06-13,10,Development,true,,NPI.TO,2023-06-13,2023-06-27,^GSPTSE,3,61.5,-3.44,-1.29,-2.15,-5.03,-1.95
10|TFII.TO|2023-06-14,10,Development,true,,TFII.TO,2023-06-14,2023-06-28,^GSPTSE,1,64.6,7.35,-0.98,8.33,-2.07,7.35
10|POU.TO|2023-06-15,10,Development,true,,POU.TO,2023-06-15,2023-06-29,^GSPTSE,1,79.1,-3.04,-0.57,-2.47,-3.04,1.88
10|TVE.TO|2023-06-15,10,Development,true,,TVE.TO,2023-06-15,2023-06-29,^GSPTSE,2,63.6,-2.64,-0.57,-2.07,-7.6,-1.52
10|PEY.TO|2023-06-15,10,Development,true,,PEY.TO,2023-06-15,2023-06-29,^GSPTSE,3,63.4,1.12,-0.57,1.69,-3.28,1.12
10|PAAS.TO|2023-06-16,10,Development,true,,PAAS.TO,2023-06-16,2023-06-30,^GSPTSE,1,69.3,-4.97,0.9,-5.87,-7.78,-0.89
10|DPM.TO|2023-06-16,10,Development,true,,DPM.TO,2023-06-16,2023-06-30,^GSPTSE,2,67.7,-2.61,0.9,-3.51,-4.65,-0.44
10|LUG.TO|2023-06-16,10,Development,true,,LUG.TO,2023-06-16,2023-06-30,^GSPTSE,3,67.2,-0.5,0.9,-1.4,-4.27,-0.5
10|OGC.TO|2023-06-16,10,Development,true,,OGC.TO,2023-06-16,2023-06-30,^GSPTSE,4,64.3,-5.09,0.9,-5.99,-8,-0.36
10|OR.TO|2023-06-16,10,Development,true,,OR.TO,2023-06-16,2023-06-30,^GSPTSE,5,64.1,-1.06,0.9,-1.96,-4.22,-0.19
10|NPI.TO|2023-06-16,10,Development,true,,NPI.TO,2023-06-16,2023-06-30,^GSPTSE,6,61.3,0.95,0.9,0.05,-2.48,0.95
10|CVE.TO|2023-06-19,10,Development,true,,CVE.TO,2023-06-19,2023-07-04,^GSPTSE,1,79.2,3.86,1.36,2.51,-3.86,3.86
10|BTE.TO|2023-06-19,10,Development,true,,BTE.TO,2023-06-19,2023-07-04,^GSPTSE,5,62,-0.91,1.36,-2.27,-11.16,-0.91
10|AGI.TO|2023-06-19,10,Development,true,,AGI.TO,2023-06-19,2023-07-04,^GSPTSE,6,61.9,-1.3,1.36,-2.66,-5.83,-1.3
10|CU.TO|2023-06-20,10,Development,true,,CU.TO,2023-06-20,2023-07-05,^GSPTSE,1,65.6,-2.25,1.77,-4.02,-2.34,-0.2
10|SDE.TO|2023-06-20,10,Development,true,,SDE.TO,2023-06-20,2023-07-05,^GSPTSE,2,62.6,-13.11,1.77,-14.89,-16.39,-2
10|CVE.TO|2023-06-21,10,Development,true,,CVE.TO,2023-06-21,2023-07-06,^GSPTSE,1,76.6,1.35,0.53,0.82,-4.51,3.16
10|OR.TO|2023-06-21,10,Development,true,,OR.TO,2023-06-21,2023-07-06,^GSPTSE,2,68.5,-4.2,0.53,-4.73,-6.73,3.44
10|CNQ.TO|2023-06-21,10,Development,true,,CNQ.TO,2023-06-21,2023-07-06,^GSPTSE,3,66.9,0.33,0.53,-0.2,-2.26,3.47
10|WPM.TO|2023-06-21,10,Development,true,,WPM.TO,2023-06-21,2023-07-06,^GSPTSE,5,62.2,-1.48,0.53,-2.01,-1.48,4.38
10|LUG.TO|2023-06-21,10,Development,true,,LUG.TO,2023-06-21,2023-07-06,^GSPTSE,6,61.6,1.23,0.53,0.7,-0.91,4.61
10|WN.TO|2023-06-22,10,Development,true,,WN.TO,2023-06-22,2023-07-07,^GSPTSE,3,64,0.53,1.28,-0.75,0.09,2.9
10|PAAS.TO|2023-06-22,10,Development,true,,PAAS.TO,2023-06-22,2023-07-07,^GSPTSE,4,63,1.11,1.28,-0.17,-0.95,3.97
10|BTO.TO|2023-06-22,10,Development,true,,BTO.TO,2023-06-22,2023-07-07,^GSPTSE,5,62.3,0.65,1.28,-0.63,-1.08,3.04
10|ABX.TO|2023-06-23,10,Development,true,,ABX.TO,2023-06-23,2023-07-10,^GSPTSE,1,64.1,1.24,2.08,-0.84,0.05,3.6
10|MX.TO|2023-06-23,10,Development,true,,MX.TO,2023-06-23,2023-07-10,^GSPTSE,2,63.9,9.14,2.08,7.06,0.54,10.58
10|AEM.TO|2023-06-23,10,Development,true,,AEM.TO,2023-06-23,2023-07-10,^GSPTSE,3,62.3,1.33,2.08,-0.75,-0.86,2.1
10|FNV.TO|2023-06-23,10,Development,true,,FNV.TO,2023-06-23,2023-07-10,^GSPTSE,4,59.2,1.78,2.08,-0.3,-1.28,2.84
10|PET.TO|2023-06-26,10,Development,true,,PET.TO,2023-06-26,2023-07-11,^GSPTSE,1,68,0.33,1.49,-1.16,-0.69,1.67
10|CAE.TO|2023-06-26,10,Development,true,,CAE.TO,2023-06-26,2023-07-11,^GSPTSE,2,65.4,3.71,1.49,2.22,0.5,6.7
10|CVE.TO|2023-06-26,10,Development,true,,CVE.TO,2023-06-26,2023-07-11,^GSPTSE,3,65.4,7.77,1.49,6.29,-0.14,7.77
10|GRT-UN.TO|2023-06-26,10,Development,true,,GRT-UN.TO,2023-06-26,2023-07-11,^GSPTSE,4,64.5,4.41,1.49,2.92,2.61,7.54
10|ATZ.TO|2023-06-27,10,Development,true,,ATZ.TO,2023-06-27,2023-07-12,^GSPTSE,1,65.3,-27.76,1.71,-29.47,-27.76,4.91
10|AIF.TO|2023-06-28,10,Development,true,,AIF.TO,2023-06-28,2023-07-13,^GSPTSE,1,68,1.27,2.31,-1.04,-1.39,1.75
10|SAP.TO|2023-06-29,10,Development,true,,SAP.TO,2023-06-29,2023-07-14,^GSPTSE,1,63.5,-2.78,1.75,-4.53,-4.75,0.68
10|BEPC.TO|2023-06-29,10,Development,true,,BEPC.TO,2023-06-29,2023-07-14,^GSPTSE,2,60.7,2.49,1.75,0.74,-0.68,2.76
10|KNT.TO|2023-06-30,10,Development,true,,KNT.TO,2023-06-30,2023-07-17,^GSPTSE,1,61,10.78,0.35,10.43,-4,14.61
10|AGI.TO|2023-07-06,10,Development,true,,AGI.TO,2023-07-06,2023-07-20,^GSPTSE,1,60.5,6.15,3.16,2.99,-0.26,10.49
10|KNT.TO|2023-07-07,10,Development,true,,KNT.TO,2023-07-07,2023-07-21,^GSPTSE,1,65.8,9.57,3.61,5.96,9.22,16.84
10|FNV.TO|2023-07-07,10,Development,true,,FNV.TO,2023-07-07,2023-07-21,^GSPTSE,2,62.8,5.03,3.61,1.41,1.37,6.05
10|WPM.TO|2023-07-10,10,Development,true,,WPM.TO,2023-07-10,2023-07-24,^GSPTSE,1,68.3,4.51,3.83,0.68,-0.8,5.49
10|CJT.TO|2023-07-10,10,Development,true,,CJT.TO,2023-07-10,2023-07-24,^GSPTSE,4,61.2,-1.97,3.83,-5.8,-2.1,-0.24
10|BEPC.TO|2023-07-11,10,Development,true,,BEPC.TO,2023-07-11,2023-07-25,^GSPTSE,3,59.3,1.01,3.39,-2.38,0.14,3.29
10|NPI.TO|2023-07-13,10,Development,true,,NPI.TO,2023-07-13,2023-07-27,^GSPTSE,1,73.6,-1.65,0.53,-2.18,-1.65,2.13
10|JWEL.TO|2023-07-14,10,Development,true,,JWEL.TO,2023-07-14,2023-07-28,^GSPTSE,1,60.2,4.83,1.27,3.56,-2.09,4.83
10|IMO.TO|2023-07-18,10,Development,true,,IMO.TO,2023-07-18,2023-08-01,^GSPTSE,1,70.1,9.46,0.77,8.69,-1.54,10.34
10|RCI-B.TO|2023-07-18,10,Development,true,,RCI-B.TO,2023-07-18,2023-08-01,^GSPTSE,2,64.6,-1.64,0.77,-2.41,-2.64,3.01
10|JWEL.TO|2023-07-18,10,Development,true,,JWEL.TO,2023-07-18,2023-08-01,^GSPTSE,3,58.5,7.94,0.77,7.17,-1.09,7.94
10|NWC.TO|2023-07-19,10,Development,true,,NWC.TO,2023-07-19,2023-08-02,^GSPTSE,1,61.1,1.93,-1.33,3.26,1.16,5.56
10|BB.TO|2023-07-21,10,Development,true,,BB.TO,2023-07-21,2023-08-04,^GSPTSE,1,60.1,3.07,-1.52,4.59,-0.81,9.22
10|RCI-B.TO|2023-07-28,10,Development,true,,RCI-B.TO,2023-07-28,2023-08-14,^GSPTSE,1,65.7,-3.74,-1.12,-2.62,-4.93,-0.5
10|TSLA.TO|2023-07-28,10,Development,true,,TSLA.TO,2023-07-28,2023-08-14,^IXIC,2,65.3,-10.19,-3.69,-6.5,-10.19,0.24
10|CG.TO|2023-08-02,10,Development,true,,CG.TO,2023-08-02,2023-08-17,^GSPTSE,1,70.4,-5.35,-2.01,-3.34,-5.35,2.76
10|TXG.TO|2023-08-02,10,Development,true,,TXG.TO,2023-08-02,2023-08-17,^GSPTSE,2,60.3,-17.99,-2.01,-15.99,-18.34,-2.46
10|K.TO|2023-08-03,10,Development,true,,K.TO,2023-08-03,2023-08-18,^GSPTSE,1,73.6,-0.95,-1.5,0.55,-0.95,8.07
10|RCI-B.TO|2023-08-03,10,Development,true,,RCI-B.TO,2023-08-03,2023-08-18,^GSPTSE,3,61,-4.36,-1.5,-2.86,-4.36,1.43
10|ELD.TO|2023-08-03,10,Development,true,,ELD.TO,2023-08-03,2023-08-18,^GSPTSE,4,59.9,-4.79,-1.5,-3.28,-4.79,0.49
10|AEM.TO|2023-08-03,10,Development,true,,AEM.TO,2023-08-03,2023-08-18,^GSPTSE,5,58.6,-3.02,-1.5,-1.52,-3.72,2.2
10|NPI.TO|2023-08-09,10,Development,true,,NPI.TO,2023-08-09,2023-08-23,^GSPTSE,1,64.2,6.92,-1.95,8.88,-6.39,6.92
10|AGI.TO|2023-08-09,10,Development,true,,AGI.TO,2023-08-09,2023-08-23,^GSPTSE,2,62.2,5.28,-1.95,7.23,-3.73,5.28
10|CU.TO|2023-08-09,10,Development,true,,CU.TO,2023-08-09,2023-08-23,^GSPTSE,3,58.5,0.09,-1.95,2.04,-1.12,0.28
10|AMD.TO|2023-08-10,10,Development,true,,AMD.TO,2023-08-10,2023-08-24,^IXIC,1,67.8,-7.67,-1.99,-5.67,-7.67,1.59
10|AC.TO|2023-08-11,10,Development,true,,AC.TO,2023-08-11,2023-08-25,^GSPTSE,1,68.2,-5.42,-2.8,-2.62,-5.42,-0.13
10|BBD-B.TO|2023-08-14,10,Development,true,,BBD-B.TO,2023-08-14,2023-08-28,^GSPTSE,1,67.4,-4.13,-1.31,-2.82,-8.75,-2.24
10|BB.TO|2023-08-14,10,Development,true,,BB.TO,2023-08-14,2023-08-28,^GSPTSE,2,62.6,17.29,-1.31,18.59,-4.85,17.29
10|JWEL.TO|2023-08-14,10,Development,true,,JWEL.TO,2023-08-14,2023-08-28,^GSPTSE,4,61.7,-3.09,-1.31,-1.78,-5.54,-2.6
10|AMD.TO|2023-08-15,10,Development,true,,AMD.TO,2023-08-15,2023-08-29,^IXIC,1,76.4,-5.05,2.29,-7.34,-8.56,-1.81
10|WELL.TO|2023-08-15,10,Development,true,,WELL.TO,2023-08-15,2023-08-29,^GSPTSE,2,65.1,2.26,1.96,0.3,-4.52,2.26
10|BEPC.TO|2023-08-16,10,Development,true,,BEPC.TO,2023-08-16,2023-08-30,^GSPTSE,1,59.8,2.41,2.17,0.25,-1.29,4.6
10|CCL-B.TO|2023-08-16,10,Development,true,,CCL-B.TO,2023-08-16,2023-08-30,^GSPTSE,2,59.2,-1.08,2.17,-3.24,-2.17,-0.2
10|BIP-UN.TO|2023-08-17,10,Development,true,,BIP-UN.TO,2023-08-17,2023-08-31,^GSPTSE,1,59,1.16,2.42,-1.26,-0.84,2.12
10|WELL.TO|2023-08-18,10,Development,true,,WELL.TO,2023-08-18,2023-09-01,^GSPTSE,1,73.4,11.74,3.67,8.07,0.47,11.74
10|CTC-A.TO|2023-08-18,10,Development,true,,CTC-A.TO,2023-08-18,2023-09-01,^GSPTSE,2,64,2.51,3.67,-1.15,-1.89,3.04
10|ERO.TO|2023-08-18,10,Development,true,,ERO.TO,2023-08-18,2023-09-01,^GSPTSE,3,59,3.48,3.67,-0.19,3.48,9.04
10|CS.TO|2023-08-21,10,Development,true,,CS.TO,2023-08-21,2023-09-05,^GSPTSE,1,67.3,2.66,3.18,-0.52,-0.17,7.49
10|HBM.TO|2023-08-21,10,Development,true,,HBM.TO,2023-08-21,2023-09-05,^GSPTSE,2,60.9,2.63,3.18,-0.55,-1.39,5.26
10|BIP-UN.TO|2023-08-21,10,Development,true,,BIP-UN.TO,2023-08-21,2023-09-05,^GSPTSE,3,59.5,1.54,3.18,-1.64,-0.84,3.19
10|CG.TO|2023-08-22,10,Development,true,,CG.TO,2023-08-22,2023-09-06,^GSPTSE,1,67.2,1.99,2.72,-0.73,1.99,8.74
10|AMD.TO|2023-08-25,10,Development,true,,AMD.TO,2023-08-25,2023-09-11,^IXIC,1,63.2,3.03,2.41,0.62,0.35,8.43
10|GFL.TO|2023-08-28,10,Development,true,,GFL.TO,2023-08-28,2023-09-12,^GSPTSE,2,60.9,1.65,0.99,0.66,-1.02,1.65
10|MSFT.TO|2023-08-30,10,Development,true,,MSFT.TO,2023-08-30,2023-09-14,^IXIC,1,66.3,3.15,-0.67,3.82,0,3.15
10|BEPC.TO|2023-09-01,10,Development,true,,BEPC.TO,2023-09-01,2023-09-18,^GSPTSE,1,62.1,0.4,-0.26,0.65,-7.02,0.9
10|CM.TO|2023-09-05,10,Development,true,,CM.TO,2023-09-05,2023-09-19,^GSPTSE,1,60.5,1.59,-0.95,2.54,-1.74,2.64
10|BTO.TO|2023-09-06,10,Development,true,,BTO.TO,2023-09-06,2023-09-20,^GSPTSE,1,76.6,3.24,-0.06,3.3,-0.96,4.82
10|KXS.TO|2023-09-07,10,Development,true,,KXS.TO,2023-09-07,2023-09-21,^GSPTSE,2,70.8,-4.43,-1.69,-2.73,-4.43,2.67
10|QSR.TO|2023-09-07,10,Development,true,,QSR.TO,2023-09-07,2023-09-21,^GSPTSE,3,66,-1.13,-1.69,0.56,-1.8,2.12
10|FM.TO|2023-09-07,10,Development,true,,FM.TO,2023-09-07,2023-09-21,^GSPTSE,4,62.4,-5.44,-1.69,-3.75,-5.44,3.62
10|BEP-UN.TO|2023-09-07,10,Development,true,,BEP-UN.TO,2023-09-07,2023-09-21,^GSPTSE,5,62,2.04,-1.69,3.73,0.99,6.87
10|GOOS.TO|2023-09-07,10,Development,true,,GOOS.TO,2023-09-07,2023-09-21,^GSPTSE,6,61.7,-6.37,-1.69,-4.68,-6.37,2.39
10|FTT.TO|2023-09-08,10,Development,true,,FTT.TO,2023-09-08,2023-09-22,^GSPTSE,3,63.2,-4.83,-1.47,-3.37,-4.83,2.67
10|LUG.TO|2023-09-11,10,Development,true,,LUG.TO,2023-09-11,2023-09-25,^GSPTSE,1,63.6,7.32,-1.89,9.21,-0.07,8.12
10|BEPC.TO|2023-09-11,10,Development,true,,BEPC.TO,2023-09-11,2023-09-25,^GSPTSE,3,61.1,2.63,-1.89,4.52,0.39,5.1
10|PET.TO|2023-09-12,10,Development,true,,PET.TO,2023-09-12,2023-09-26,^GSPTSE,1,65.9,-7.5,-3.3,-4.2,-7.5,-0.27
10|HBM.TO|2023-09-12,10,Development,true,,HBM.TO,2023-09-12,2023-09-26,^GSPTSE,3,63.2,-3.41,-3.3,-0.11,-3.41,5.27
10|GOOS.TO|2023-09-13,10,Development,true,,GOOS.TO,2023-09-13,2023-09-27,^GSPTSE,1,71.2,-4.17,-4.16,-0.02,-5.53,3.78
10|CTC-A.TO|2023-09-13,10,Development,true,,CTC-A.TO,2023-09-13,2023-09-27,^GSPTSE,3,58.7,-5.91,-4.16,-1.75,-5.91,1.19
10|DPM.TO|2023-09-14,10,Development,true,,DPM.TO,2023-09-14,2023-09-28,^GSPTSE,1,65.6,3.39,-4.75,8.14,1.35,5.05
10|TXG.TO|2023-09-14,10,Development,true,,TXG.TO,2023-09-14,2023-09-28,^GSPTSE,2,65.6,-0.57,-4.75,4.18,-1.42,6.02
10|EQB.TO|2023-09-14,10,Development,true,,EQB.TO,2023-09-14,2023-09-28,^GSPTSE,3,64.4,0.9,-4.75,5.66,-1.72,1.52
10|LNR.TO|2023-09-14,10,Development,true,,LNR.TO,2023-09-14,2023-09-28,^GSPTSE,4,59.7,-2.57,-4.75,2.18,-3.71,1.38
10|CCL-B.TO|2023-09-14,10,Development,true,,CCL-B.TO,2023-09-14,2023-09-28,^GSPTSE,5,58.5,-0.62,-4.75,4.13,-3.06,0.35
10|ERO.TO|2023-09-15,10,Development,true,,ERO.TO,2023-09-15,2023-09-29,^GSPTSE,3,61.8,-7.87,-5.24,-2.63,-10.62,0.83
10|WELL.TO|2023-09-18,10,Development,true,,WELL.TO,2023-09-18,2023-10-02,^GSPTSE,1,64.7,-9.34,-6.42,-2.92,-9.34,0
10|EQB.TO|2023-09-18,10,Development,true,,EQB.TO,2023-09-18,2023-10-02,^GSPTSE,2,63.6,1.28,-6.42,7.7,-0.38,2.77
10|TXG.TO|2023-09-18,10,Development,true,,TXG.TO,2023-09-18,2023-10-02,^GSPTSE,3,63.1,-8.32,-6.42,-1.9,-8.32,1.98
10|BBD-B.TO|2023-09-18,10,Development,true,,BBD-B.TO,2023-09-18,2023-10-02,^GSPTSE,6,59.4,-7.35,-6.42,-0.93,-9.5,1.54
10|FM.TO|2023-09-20,10,Development,true,,FM.TO,2023-09-20,2023-10-04,^GSPTSE,1,82.3,-11.81,-5.84,-5.97,-11.81,-3
10|CS.TO|2023-09-20,10,Development,true,,CS.TO,2023-09-20,2023-10-04,^GSPTSE,2,70.4,-11.75,-5.84,-5.92,-11.75,-1.87
10|OR.TO|2023-09-20,10,Development,true,,OR.TO,2023-09-20,2023-10-04,^GSPTSE,3,67.5,-8.29,-5.84,-2.46,-8.93,-1.45
10|NPI.TO|2023-09-20,10,Development,true,,NPI.TO,2023-09-20,2023-10-04,^GSPTSE,4,65.5,-9.51,-5.84,-3.67,-9.51,-0.47
10|CG.TO|2023-09-20,10,Development,true,,CG.TO,2023-09-20,2023-10-04,^GSPTSE,5,63.9,-13.05,-5.84,-7.21,-13.05,-1.37
10|AAPL.TO|2023-09-22,10,Development,true,,AAPL.TO,2023-09-22,2023-10-06,^IXIC,1,70.4,1.5,1.66,-0.16,-2.53,1.5
10|NA.TO|2023-09-22,10,Development,true,,NA.TO,2023-09-22,2023-10-06,^GSPTSE,2,65.5,-3.31,-2.7,-0.61,-4.62,-0.59
10|LNR.TO|2023-09-22,10,Development,true,,LNR.TO,2023-09-22,2023-10-06,^GSPTSE,3,61.5,1.03,-2.7,3.73,-1.08,1.23
10|LUN.TO|2023-09-25,10,Development,true,,LUN.TO,2023-09-25,2023-10-10,^GSPTSE,2,59.5,-1.68,-1.51,-0.17,-11.49,0.3
10|TA.TO|2023-09-25,10,Development,true,,TA.TO,2023-09-25,2023-10-10,^GSPTSE,3,58.9,-4.94,-1.51,-3.43,-10.45,1.54
10|BIP-UN.TO|2023-09-26,10,Development,true,,BIP-UN.TO,2023-09-26,2023-10-11,^GSPTSE,1,61.2,-2.9,0.55,-3.45,-11.12,-1.68
10|WFG.TO|2023-09-26,10,Development,true,,WFG.TO,2023-09-26,2023-10-11,^GSPTSE,2,58.8,-4.89,0.55,-5.44,-5.58,0.95
10|MSFT.TO|2023-09-27,10,Development,true,,MSFT.TO,2023-09-27,2023-10-12,^IXIC,1,68.3,5.99,3.68,2.31,0.13,6.34
10|PBH.TO|2023-09-27,10,Development,true,,PBH.TO,2023-09-27,2023-10-12,^GSPTSE,2,62.6,0.15,0.33,-0.18,-0.83,1.24
10|MG.TO|2023-09-27,10,Development,true,,MG.TO,2023-09-27,2023-10-12,^GSPTSE,4,59.2,1.96,0.33,1.63,0.63,4.74
10|CJT.TO|2023-09-28,10,Development,true,,CJT.TO,2023-09-28,2023-10-13,^GSPTSE,2,67.8,-3.01,-0.65,-2.36,-3.92,2.34
10|FTT.TO|2023-09-28,10,Development,true,,FTT.TO,2023-09-28,2023-10-13,^GSPTSE,3,67,0.1,-0.65,0.75,-2.78,1.24
10|IVN.TO|2023-09-28,10,Development,true,,IVN.TO,2023-09-28,2023-10-13,^GSPTSE,4,66.7,-3.95,-0.65,-3.3,-4.56,2.11
10|GFL.TO|2023-09-28,10,Development,true,,GFL.TO,2023-09-28,2023-10-13,^GSPTSE,6,64.8,-3.81,-0.65,-3.16,-3.81,4.27
10|ELD.TO|2023-09-29,10,Development,true,,ELD.TO,2023-09-29,2023-10-16,^GSPTSE,3,66,9.49,0.41,9.08,-5.12,10.48
10|OR.TO|2023-09-29,10,Development,true,,OR.TO,2023-09-29,2023-10-16,^GSPTSE,6,62.6,1.38,0.41,0.97,-1.94,2.7
10|LNR.TO|2023-10-02,10,Development,true,,LNR.TO,2023-10-02,2023-10-17,^GSPTSE,1,66,-0.05,2.69,-2.73,-1.47,3.37
10|MTL.TO|2023-10-02,10,Development,true,,MTL.TO,2023-10-02,2023-10-17,^GSPTSE,2,65,3.23,2.69,0.54,-0.3,3.98
10|AP-UN.TO|2023-10-02,10,Development,true,,AP-UN.TO,2023-10-02,2023-10-17,^GSPTSE,4,62.3,2.15,2.69,-0.54,-3.68,2.55
10|CJT.TO|2023-10-02,10,Development,true,,CJT.TO,2023-10-02,2023-10-17,^GSPTSE,6,60.6,-2.06,2.69,-4.75,-2.06,5.62
10|BTO.TO|2023-10-03,10,Development,true,,BTO.TO,2023-10-03,2023-10-18,^GSPTSE,1,71.9,18.6,2.26,16.35,0.26,18.6
10|DPM.TO|2023-10-03,10,Development,true,,DPM.TO,2023-10-03,2023-10-18,^GSPTSE,2,71,5.26,2.26,3,-2.08,6.11
10|KXS.TO|2023-10-03,10,Development,true,,KXS.TO,2023-10-03,2023-10-18,^GSPTSE,4,69.3,-7.11,2.26,-9.37,-8.44,1.38
10|SSRM.TO|2023-10-03,10,Development,true,,SSRM.TO,2023-10-03,2023-10-18,^GSPTSE,5,68.2,9.99,2.26,7.73,-0.8,9.99
10|RCI-B.TO|2023-10-03,10,Development,true,,RCI-B.TO,2023-10-03,2023-10-18,^GSPTSE,6,67.9,2.22,2.26,-0.04,0.89,6.77
10|H.TO|2023-10-04,10,Development,true,,H.TO,2023-10-04,2023-10-19,^GSPTSE,1,72.8,2.23,1.65,0.58,1.88,6.24
10|ABX.TO|2023-10-04,10,Development,true,,ABX.TO,2023-10-04,2023-10-19,^GSPTSE,6,67.6,16.56,1.65,14.91,1.03,16.56
10|TSU.TO|2023-10-05,10,Development,true,,TSU.TO,2023-10-05,2023-10-20,^GSPTSE,3,69.8,1.84,-0.12,1.96,0.87,4.78
10|SSRM.TO|2023-10-05,10,Development,true,,SSRM.TO,2023-10-05,2023-10-20,^GSPTSE,5,65.9,11.89,-0.12,12,0.58,11.89
10|ATZ.TO|2023-10-05,10,Development,true,,ATZ.TO,2023-10-05,2023-10-20,^GSPTSE,6,65.3,11.06,-0.12,11.18,3.43,11.33
10|LUG.TO|2023-10-06,10,Development,true,,LUG.TO,2023-10-06,2023-10-23,^GSPTSE,1,72.7,19.96,-1.04,21,1.27,19.96
10|EQB.TO|2023-10-06,10,Development,true,,EQB.TO,2023-10-06,2023-10-23,^GSPTSE,5,63.4,-6.78,-1.04,-5.74,-6.78,0.72
10|BEPC.TO|2023-10-06,10,Development,true,,BEPC.TO,2023-10-06,2023-10-23,^GSPTSE,6,61.2,4.08,-1.04,5.11,-0.73,4.17
10|RY.TO|2023-10-10,10,Development,true,,RY.TO,2023-10-10,2023-10-24,^GSPTSE,1,60.9,-4.44,-2.64,-1.8,-4.44,0.75
10|EQB.TO|2023-10-11,10,Development,true,,EQB.TO,2023-10-11,2023-10-25,^GSPTSE,1,60.5,-7.23,-3.64,-3.59,-7.23,2.2
10|MG.TO|2023-10-13,10,Development,true,,MG.TO,2023-10-13,2023-10-27,^GSPTSE,1,69.8,-7.29,-3.73,-3.56,-7.29,2.09
10|CTC-A.TO|2023-10-13,10,Development,true,,CTC-A.TO,2023-10-13,2023-10-27,^GSPTSE,2,65.1,-3.39,-3.73,0.34,-3.39,0.97
10|CU.TO|2023-10-13,10,Development,true,,CU.TO,2023-10-13,2023-10-27,^GSPTSE,3,65.1,-1.39,-3.73,2.34,-2.82,1.66
10|CS.TO|2023-10-13,10,Development,true,,CS.TO,2023-10-13,2023-10-27,^GSPTSE,4,62.5,-9.27,-3.73,-5.54,-10.81,1.35
10|EQB.TO|2023-10-13,10,Development,true,,EQB.TO,2023-10-13,2023-10-27,^GSPTSE,5,60.9,-7.89,-3.73,-4.16,-7.89,2.71
10|POU.TO|2023-10-13,10,Development,true,,POU.TO,2023-10-13,2023-10-27,^GSPTSE,6,60.2,10.35,-3.73,14.08,0.13,10.35
10|BEP-UN.TO|2023-10-16,10,Development,true,,BEP-UN.TO,2023-10-16,2023-10-30,^GSPTSE,4,58.7,5.7,-3.89,9.59,0.87,9.71
10|TA.TO|2023-10-16,10,Development,true,,TA.TO,2023-10-16,2023-10-30,^GSPTSE,5,58.6,-6.95,-3.89,-3.05,-9.26,-1.78
10|CCA.TO|2023-10-17,10,Development,true,,CCA.TO,2023-10-17,2023-10-31,^GSPTSE,2,64.4,-9.94,-4.16,-5.78,-9.94,-1.7
10|CJT.TO|2023-10-17,10,Development,true,,CJT.TO,2023-10-17,2023-10-31,^GSPTSE,3,61.2,-8.62,-4.16,-4.46,-8.98,-2.26
10|RY.TO|2023-10-19,10,Development,true,,RY.TO,2023-10-19,2023-11-02,^GSPTSE,1,68.6,2.81,1.43,1.38,-2.85,2.81
10|MG.TO|2023-10-19,10,Development,true,,MG.TO,2023-10-19,2023-11-02,^GSPTSE,2,62.7,-2.69,1.43,-4.12,-4.51,0.9
10|CCL-B.TO|2023-10-19,10,Development,true,,CCL-B.TO,2023-10-19,2023-11-02,^GSPTSE,3,61.9,-0.52,1.43,-1.96,-2.81,0.07
10|SHOP.TO|2023-10-19,10,Development,true,,SHOP.TO,2023-10-19,2023-11-02,^GSPTSE,4,61.6,15.44,1.43,14.01,-9.49,15.44
10|IVN.TO|2023-10-19,10,Development,true,,IVN.TO,2023-10-19,2023-11-02,^GSPTSE,5,59.7,-5.42,1.43,-6.86,-7.54,-1.56
10|CURA.TO|2023-10-19,10,Development,true,,CURA.TO,2023-10-19,2023-11-02,^GSPTSE,6,58.8,-20,1.43,-21.43,-29.61,-1.96
10|LNR.TO|2023-10-20,10,Development,true,,LNR.TO,2023-10-20,2023-11-03,^GSPTSE,2,62.9,0.65,3.71,-3.07,-5.62,0.65
10|PBH.TO|2023-10-20,10,Development,true,,PBH.TO,2023-10-20,2023-11-03,^GSPTSE,4,58.9,1.07,3.71,-2.64,-2.9,1.07
10|SHOP.TO|2023-10-23,10,Development,true,,SHOP.TO,2023-10-23,2023-11-06,^GSPTSE,1,71.9,18.51,3.66,14.85,-7.89,20.33
10|AMZN.TO|2023-10-23,10,Development,true,,AMZN.TO,2023-10-23,2023-11-06,^IXIC,3,67.8,10.12,3.84,6.28,-5.62,10.12
10|TECK-B.TO|2023-10-23,10,Development,true,,TECK-B.TO,2023-10-23,2023-11-06,^GSPTSE,4,66.1,-5.19,3.66,-8.85,-8.9,-4.3
10|EMA.TO|2023-10-23,10,Development,true,,EMA.TO,2023-10-23,2023-11-06,^GSPTSE,5,62.6,9.04,3.66,5.38,0.58,9.04
10|CU.TO|2023-10-23,10,Development,true,,CU.TO,2023-10-23,2023-11-06,^GSPTSE,6,60.7,10.11,3.66,6.45,-0.38,10.14
10|KXS.TO|2023-10-24,10,Development,true,,KXS.TO,2023-10-24,2023-11-07,^GSPTSE,5,62,10.15,3.1,7.05,-3.62,10.15
10|IAG.TO|2023-10-25,10,Development,true,,IAG.TO,2023-10-25,2023-11-08,^GSPTSE,1,66.7,5.68,3.07,2.6,-1.73,6.87
10|FTT.TO|2023-10-25,10,Development,true,,FTT.TO,2023-10-25,2023-11-08,^GSPTSE,2,66,-6.78,3.07,-9.85,-7.33,2.32
10|MFC.TO|2023-10-25,10,Development,true,,MFC.TO,2023-10-25,2023-11-08,^GSPTSE,3,65.6,4.36,3.07,1.28,-0.38,6.7
10|RY.TO|2023-10-25,10,Development,true,,RY.TO,2023-10-25,2023-11-08,^GSPTSE,4,64.2,6.31,3.07,3.24,-0.59,6.52
10|CM.TO|2023-10-25,10,Development,true,,CM.TO,2023-10-25,2023-11-08,^GSPTSE,6,60.4,7.22,3.07,4.15,-0.08,7.74
10|LIF.TO|2023-10-26,10,Development,true,,LIF.TO,2023-10-26,2023-11-09,^GSPTSE,1,70.1,0.73,3.77,-3.05,-0.89,2.64
10|SLF.TO|2023-10-26,10,Development,true,,SLF.TO,2023-10-26,2023-11-09,^GSPTSE,4,66.8,4.3,3.77,0.53,-1.19,4.6
10|FTT.TO|2023-10-27,10,Development,true,,FTT.TO,2023-10-27,2023-11-10,^GSPTSE,1,71.8,-6.17,4.89,-11.06,-6.33,3.63
10|AAPL.TO|2023-10-27,10,Development,true,,AAPL.TO,2023-10-27,2023-11-10,^IXIC,2,70.5,10.89,9.14,1.75,1.12,10.89
10|NVDA.TO|2023-10-27,10,Development,true,,NVDA.TO,2023-10-27,2023-11-10,^IXIC,3,64.9,19.4,9.14,10.27,0.81,19.4
10|SRU-UN.TO|2023-10-27,10,Development,true,,SRU-UN.TO,2023-10-27,2023-11-10,^GSPTSE,4,62,8.49,4.89,3.6,1.06,11.9
10|IAG.TO|2023-10-30,10,Development,true,,IAG.TO,2023-10-30,2023-11-13,^GSPTSE,2,68,5.18,4.52,0.66,1.13,6.63
10|LSPD.TO|2023-10-30,10,Development,true,,LSPD.TO,2023-10-30,2023-11-13,^GSPTSE,5,62.8,21.89,4.52,17.37,-1.14,22.57
10|CAE.TO|2023-10-31,10,Development,true,,CAE.TO,2023-10-31,2023-11-14,^GSPTSE,3,68,-0.31,6.09,-6.41,-0.45,4.32
10|LIF.TO|2023-10-31,10,Development,true,,LIF.TO,2023-10-31,2023-11-14,^GSPTSE,4,64.7,1.9,6.09,-4.19,-1.61,1.9
10|BMO.TO|2023-10-31,10,Development,true,,BMO.TO,2023-10-31,2023-11-14,^GSPTSE,6,60.6,5.16,6.09,-0.93,0.02,5.16
10|FTT.TO|2023-11-01,10,Development,true,,FTT.TO,2023-11-01,2023-11-15,^GSPTSE,1,65.1,-2.69,5.13,-7.82,-5.73,4.3
10|NTR.TO|2023-11-01,10,Development,true,,NTR.TO,2023-11-01,2023-11-15,^GSPTSE,2,60.9,6.18,5.13,1.05,-2.68,6.18
10|CCA.TO|2023-11-01,10,Development,true,,CCA.TO,2023-11-01,2023-11-15,^GSPTSE,4,58.5,-5,5.13,-10.13,-6.23,2.83
10|ATZ.TO|2023-11-02,10,Development,true,,ATZ.TO,2023-11-02,2023-11-16,^GSPTSE,1,68.2,11.12,2.17,8.94,10,17
10|ERO.TO|2023-11-02,10,Development,true,,ERO.TO,2023-11-02,2023-11-16,^GSPTSE,2,64.8,-13.66,2.17,-15.83,-13.76,-0.54
10|MG.TO|2023-11-02,10,Development,true,,MG.TO,2023-11-02,2023-11-16,^GSPTSE,3,62.6,12.46,2.17,10.28,6.07,13.55
10|LNR.TO|2023-11-02,10,Development,true,,LNR.TO,2023-11-02,2023-11-16,^GSPTSE,4,59.7,-2.03,2.17,-4.2,-6.42,5.75
10|NTR.TO|2023-11-03,10,Development,true,,NTR.TO,2023-11-03,2023-11-17,^GSPTSE,1,59.4,0.91,1.77,-0.86,-4.97,3.68
10|PAAS.TO|2023-11-09,10,Development,true,,PAAS.TO,2023-11-09,2023-11-23,^GSPTSE,1,62.3,4.75,2.7,2.05,-3.91,6.45
10|FNV.TO|2023-11-09,10,Development,true,,FNV.TO,2023-11-09,2023-11-23,^GSPTSE,2,59.2,-3.03,2.7,-5.73,-3.44,0.43
10|POU.TO|2023-11-14,10,Development,true,,POU.TO,2023-11-14,2023-11-28,^GSPTSE,1,69.4,-4.91,0.07,-4.97,-4.91,-1.28
10|PBH.TO|2023-11-14,10,Development,true,,PBH.TO,2023-11-14,2023-11-28,^GSPTSE,2,59.4,-0.8,0.07,-0.86,-0.8,2.21
10|CAE.TO|2023-11-15,10,Development,true,,CAE.TO,2023-11-15,2023-11-29,^GSPTSE,1,62,-7.16,0.29,-7.45,-7.16,1.3
10|KEL.TO|2023-11-16,10,Development,true,,KEL.TO,2023-11-16,2023-11-30,^GSPTSE,2,71.3,-5.76,0.91,-6.67,-5.76,3.65
10|LNR.TO|2023-11-17,10,Development,true,,LNR.TO,2023-11-17,2023-12-01,^GSPTSE,1,59.6,-0.08,1.37,-1.46,-2.74,0.42
10|TECK-B.TO|2023-11-21,10,Development,true,,TECK-B.TO,2023-11-21,2023-12-05,^GSPTSE,1,62.3,0.3,1.32,-1.02,-2.22,5.68
10|WELL.TO|2023-11-22,10,Development,true,,WELL.TO,2023-11-22,2023-12-06,^GSPTSE,1,64.3,1.06,0.8,0.26,-0.53,4.5
10|FTT.TO|2023-11-22,10,Development,true,,FTT.TO,2023-11-22,2023-12-06,^GSPTSE,2,63.6,-2.15,0.8,-2.94,-3.39,-0.03
10|BHC.TO|2023-11-22,10,Development,true,,BHC.TO,2023-11-22,2023-12-06,^GSPTSE,3,62.5,3.73,0.8,2.93,-0.85,7.88
10|FTT.TO|2023-11-30,10,Development,true,,FTT.TO,2023-11-30,2023-12-14,^GSPTSE,1,59.3,10.32,2.68,7.64,0.17,10.32
10|NTR.TO|2023-12-04,10,Development,true,,NTR.TO,2023-12-04,2023-12-18,^GSPTSE,1,64,0.16,1.04,-0.88,-2.65,1.51
10|DCBO.TO|2023-12-05,10,Development,true,,DCBO.TO,2023-12-05,2023-12-19,^GSPTSE,2,59.9,14.46,2.28,12.18,-0.93,14.46
10|TFII.TO|2023-12-13,10,Development,true,,TFII.TO,2023-12-13,2023-12-29,^GSPTSE,1,77.1,16.74,1.59,15.15,1.93,17.52
10|CVE.TO|2023-12-13,10,Development,true,,CVE.TO,2023-12-13,2023-12-29,^GSPTSE,2,60.6,1.56,1.59,-0.03,0.05,3.4
10|TA.TO|2023-12-13,10,Development,true,,TA.TO,2023-12-13,2023-12-29,^GSPTSE,3,59.7,2.61,1.59,1.01,-0.93,2.61
10|NTR.TO|2023-12-14,10,Development,true,,NTR.TO,2023-12-14,2024-01-02,^GSPTSE,1,67.8,3.18,0.45,2.73,-1.12,3.18
10|SSRM.TO|2023-12-21,10,Development,true,,SSRM.TO,2023-12-21,2024-01-09,^GSPTSE,1,61.3,-4.79,0.99,-5.78,-4.79,0.27
10|GIL.TO|2023-12-21,10,Development,true,,GIL.TO,2023-12-21,2024-01-09,^GSPTSE,2,59.5,-4.42,0.99,-5.41,-4.54,-0.45
10|EFR.TO|2023-12-29,10,Development,true,,EFR.TO,2023-12-29,2024-01-15,^GSPTSE,1,59.3,12.53,0.49,12.03,-4.95,12.53
10|BIR.TO|2024-01-11,10,Development,true,,BIR.TO,2024-01-11,2024-01-25,^GSPTSE,1,68.3,-8.08,0.88,-8.95,-15.12,4.47
10|HWX.TO|2024-01-12,10,Development,true,,HWX.TO,2024-01-12,2024-01-26,^GSPTSE,1,64.1,4.75,0.64,4.11,-1.64,5.9
10|WCP.TO|2024-01-12,10,Development,true,,WCP.TO,2024-01-12,2024-01-26,^GSPTSE,2,62,1.13,0.64,0.49,-4.29,1.13
10|PXT.TO|2024-01-17,10,Development,true,,PXT.TO,2024-01-17,2024-01-31,^GSPTSE,1,60.6,0.27,1.58,-1.31,-1.49,4.14
10|POU.TO|2024-01-18,10,Development,true,,POU.TO,2024-01-18,2024-02-01,^GSPTSE,1,67.2,2.93,1.75,1.19,-0.39,5.67
10|CAR-UN.TO|2024-01-18,10,Development,true,,CAR-UN.TO,2024-01-18,2024-02-01,^GSPTSE,2,64.6,4.02,1.75,2.27,0.65,4.02
10|WCP.TO|2024-01-18,10,Development,true,,WCP.TO,2024-01-18,2024-02-01,^GSPTSE,3,59,1.17,1.75,-0.57,0.12,5.67
10|TA.TO|2024-01-19,10,Development,true,,TA.TO,2024-01-19,2024-02-02,^GSPTSE,1,60.7,-5.12,0.85,-5.97,-5.12,0.2
10|CAR-UN.TO|2024-01-22,10,Development,true,,CAR-UN.TO,2024-01-22,2024-02-05,^GSPTSE,1,64.4,-2.01,-0.25,-1.76,-2.26,1.01
10|HWX.TO|2024-01-22,10,Development,true,,HWX.TO,2024-01-22,2024-02-05,^GSPTSE,2,62.3,-0.98,-0.25,-0.73,-0.98,5.21
10|TVE.TO|2024-01-22,10,Development,true,,TVE.TO,2024-01-22,2024-02-05,^GSPTSE,3,61.8,-4.17,-0.25,-3.92,-4.17,5.21
10|TOU.TO|2024-01-23,10,Development,true,,TOU.TO,2024-01-23,2024-02-06,^GSPTSE,1,66.6,-4.6,-0.37,-4.23,-5.66,2.9
10|BTO.TO|2024-01-23,10,Development,true,,BTO.TO,2024-01-23,2024-02-06,^GSPTSE,3,65.1,-9.7,-0.37,-9.34,-10.45,-5.72
10|K.TO|2024-01-23,10,Development,true,,K.TO,2024-01-23,2024-02-06,^GSPTSE,4,61.4,-2,-0.37,-1.64,-2.54,2.67
10|TA.TO|2024-01-25,10,Development,true,,TA.TO,2024-01-25,2024-02-08,^GSPTSE,1,60.3,-7.63,-0.86,-6.77,-7.63,1.61
10|BB.TO|2024-01-31,10,Development,true,,BB.TO,2024-01-31,2024-02-14,^GSPTSE,1,62,0.27,-0.63,0.9,-4.24,0.53
10|FNV.TO|2024-02-06,10,Development,true,,FNV.TO,2024-02-06,2024-02-21,^GSPTSE,1,83.1,0.49,1.02,-0.54,-0.11,3.05
10|FM.TO|2024-02-12,10,Development,true,,FM.TO,2024-02-12,2024-02-27,^GSPTSE,1,65.6,2.56,1.19,1.37,-4.05,3.39
10|EMA.TO|2024-02-12,10,Development,true,,EMA.TO,2024-02-12,2024-02-27,^GSPTSE,2,60.1,-0.36,1.19,-1.55,-1.7,3.01
10|TXG.TO|2024-02-14,10,Development,true,,TXG.TO,2024-02-14,2024-02-29,^GSPTSE,1,68.4,7.58,2.27,5.31,1.97,7.58
10|CNQ.TO|2024-02-14,10,Development,true,,CNQ.TO,2024-02-14,2024-02-29,^GSPTSE,2,65.8,16.14,2.27,13.87,4.12,16.14
10|FM.TO|2024-02-14,10,Development,true,,FM.TO,2024-02-14,2024-02-29,^GSPTSE,3,63.9,9.74,2.27,7.47,-0.85,9.74
10|FNV.TO|2024-02-14,10,Development,true,,FNV.TO,2024-02-14,2024-02-29,^GSPTSE,4,62,-1.33,2.27,-3.6,-1.33,3.17
10|K.TO|2024-02-15,10,Development,true,,K.TO,2024-02-15,2024-03-01,^GSPTSE,2,59.1,-0.43,1.55,-1.99,-5.93,-0.43
10|DPM.TO|2024-02-16,10,Development,true,,DPM.TO,2024-02-16,2024-03-04,^GSPTSE,1,67.7,18.33,1.3,17.03,4.13,18.33
10|AGI.TO|2024-02-16,10,Development,true,,AGI.TO,2024-02-16,2024-03-04,^GSPTSE,2,59.3,10.47,1.3,9.17,-2.09,10.47
10|SHOP.TO|2024-02-22,10,Development,true,,SHOP.TO,2024-02-22,2024-03-07,^GSPTSE,1,62.5,0.22,2.24,-2.02,-1.29,3.56
10|FTT.TO|2024-02-23,10,Development,true,,FTT.TO,2024-02-23,2024-03-08,^GSPTSE,1,59,3.07,1.51,1.55,-1.35,3.07
10|CURA.TO|2024-02-28,10,Development,true,,CURA.TO,2024-02-28,2024-03-13,^GSPTSE,1,63.9,-17.45,3.42,-20.87,-20.94,0.46
10|AQN.TO|2024-02-28,10,Development,true,,AQN.TO,2024-02-28,2024-03-13,^GSPTSE,2,61.1,5.86,3.42,2.44,0.64,10.32
10|PAAS.TO|2024-02-29,10,Development,true,,PAAS.TO,2024-02-29,2024-03-14,^GSPTSE,1,62.8,14.64,2.18,12.46,4.59,15.3
10|TA.TO|2024-02-29,10,Development,true,,TA.TO,2024-02-29,2024-03-14,^GSPTSE,2,62.6,-5.05,2.18,-7.23,-6.34,0.43
10|AYA.TO|2024-02-29,10,Development,true,,AYA.TO,2024-02-29,2024-03-14,^GSPTSE,3,61.3,13.22,2.18,11.03,2.46,13.63
10|CAE.TO|2024-03-01,10,Development,true,,CAE.TO,2024-03-01,2024-03-15,^GSPTSE,1,70.7,5.35,1.38,3.97,0.66,5.35
10|TA.TO|2024-03-04,10,Development,true,,TA.TO,2024-03-04,2024-03-18,^GSPTSE,1,72.8,-5.18,1.42,-6.6,-7.98,0.86
10|PXT.TO|2024-03-04,10,Development,true,,PXT.TO,2024-03-04,2024-03-18,^GSPTSE,2,59.5,3.53,1.42,2.11,-3.16,3.53
10|BTE.TO|2024-03-07,10,Development,true,,BTE.TO,2024-03-07,2024-03-21,^GSPTSE,1,71.2,11.23,1.34,9.89,-1.16,11.23
10|FTT.TO|2024-03-12,10,Development,true,,FTT.TO,2024-03-12,2024-03-26,^GSPTSE,1,68.7,8.49,0.37,8.12,1.62,8.49
10|POU.TO|2024-03-13,10,Development,true,,POU.TO,2024-03-13,2024-03-27,^GSPTSE,1,68.6,3.14,0.62,2.52,-0.7,3.14
10|BEP-UN.TO|2024-03-13,10,Development,true,,BEP-UN.TO,2024-03-13,2024-03-27,^GSPTSE,2,62.4,1.52,0.62,0.9,-3.65,1.52
10|CCO.TO|2024-03-15,10,Development,true,,CCO.TO,2024-03-15,2024-04-01,^GSPTSE,1,72.7,13.98,1.54,12.44,0.36,13.98
10|BEPC.TO|2024-03-20,10,Development,true,,BEPC.TO,2024-03-20,2024-04-04,^GSPTSE,1,71,1.58,0.03,1.55,0.37,4.08
10|BEP-UN.TO|2024-03-20,10,Development,true,,BEP-UN.TO,2024-03-20,2024-04-04,^GSPTSE,2,66.2,2.07,0.03,2.05,0.59,3.72
10|AMD.TO|2024-03-21,10,Development,true,,AMD.TO,2024-03-21,2024-04-05,^IXIC,1,65.4,-4.68,-0.93,-3.75,-7.33,2.44
10|AAPL.TO|2024-03-22,10,Development,true,,AAPL.TO,2024-03-22,2024-04-08,^IXIC,1,67.3,-2.23,-1.06,-1.17,-2.23,0.51
10|MFI.TO|2024-03-27,10,Development,true,,MFI.TO,2024-03-27,2024-04-11,^GSPTSE,1,74.7,-0.83,0.01,-0.85,-2.8,5.16
10|DOO.TO|2024-03-27,10,Development,true,,DOO.TO,2024-03-27,2024-04-11,^GSPTSE,2,64.6,14.83,0.01,14.82,5.35,17.41
10|MFI.TO|2024-04-02,10,Development,true,,MFI.TO,2024-04-02,2024-04-16,^GSPTSE,1,65,2.99,-1.96,4.95,1.07,7.18
10|BIR.TO|2024-04-08,10,Development,true,,BIR.TO,2024-04-08,2024-04-22,^GSPTSE,1,61.8,3.35,-1.74,5.09,-1.12,5.02
10|BEP-UN.TO|2024-04-11,10,Development,true,,BEP-UN.TO,2024-04-11,2024-04-25,^GSPTSE,1,63.4,-2.42,-1.02,-1.4,-7.35,-0.37
10|BHC.TO|2024-04-16,10,Development,true,,BHC.TO,2024-04-16,2024-04-30,^GSPTSE,1,62.9,-0.17,0.33,-0.5,-4.06,0.5
10|BEP-UN.TO|2024-04-17,10,Development,true,,BEP-UN.TO,2024-04-17,2024-05-01,^GSPTSE,1,59.3,15.53,0.33,15.2,1.51,15.53
10|SHOP.TO|2024-04-19,10,Development,true,,SHOP.TO,2024-04-19,2024-05-03,^GSPTSE,1,58.7,6.3,0.64,5.66,0.53,6.3
10|AP-UN.TO|2024-04-22,10,Development,true,,AP-UN.TO,2024-04-22,2024-05-06,^GSPTSE,1,71,1.35,1.77,-0.42,-1.69,1.35
10|TRP.TO|2024-04-22,10,Development,true,,TRP.TO,2024-04-22,2024-05-06,^GSPTSE,2,58.9,4.47,1.77,2.7,-0.08,4.57
10|QBR-B.TO|2024-04-22,10,Development,true,,QBR-B.TO,2024-04-22,2024-05-06,^GSPTSE,3,58.6,1.29,1.77,-0.48,-0.66,1.29
10|RCI-B.TO|2024-04-25,10,Development,true,,RCI-B.TO,2024-04-25,2024-05-09,^GSPTSE,1,58.9,3.5,2.24,1.26,-0.92,3.5
10|MSFT.TO|2024-04-26,10,Development,true,,MSFT.TO,2024-04-26,2024-05-10,^IXIC,1,66.3,1.97,2.59,-0.63,-4.13,1.97
10|ATZ.TO|2024-04-26,10,Development,true,,ATZ.TO,2024-04-26,2024-05-10,^GSPTSE,3,59.7,2.92,1.55,1.38,2.92,13.46
10|WFG.TO|2024-05-01,10,Development,true,,WFG.TO,2024-05-01,2024-05-15,^GSPTSE,1,70.7,4.98,2.56,2.42,0.25,4.98
10|SHOP.TO|2024-05-01,10,Development,true,,SHOP.TO,2024-05-01,2024-05-15,^GSPTSE,2,69.2,-17.42,2.56,-19.98,-18.23,9.19
10|WSP.TO|2024-05-02,10,Development,true,,WSP.TO,2024-05-02,2024-05-16,^GSPTSE,1,77.4,-3.72,2.18,-5.9,-3.72,2.35
10|MG.TO|2024-05-02,10,Development,true,,MG.TO,2024-05-02,2024-05-16,^GSPTSE,2,67,-0.42,2.18,-2.61,-4.15,-0.42
10|MSFT.TO|2024-05-02,10,Development,true,,MSFT.TO,2024-05-02,2024-05-16,^IXIC,3,63.7,5.8,5.41,0.39,2.07,6.38
10|BAM.TO|2024-05-02,10,Development,true,,BAM.TO,2024-05-02,2024-05-16,^GSPTSE,4,62.7,3.11,2.18,0.92,1.38,3.66
10|AC.TO|2024-05-09,10,Development,true,,AC.TO,2024-05-09,2024-05-24,^GSPTSE,1,58.5,-1.29,-0.25,-1.04,-1.29,2.25
10|EQB.TO|2024-05-10,10,Development,true,,EQB.TO,2024-05-10,2024-05-27,^GSPTSE,1,61.2,-1.72,0.29,-2.01,-3.47,0.29
10|AIF.TO|2024-05-13,10,Development,true,,AIF.TO,2024-05-13,2024-05-28,^GSPTSE,1,65.5,-0.1,0.03,-0.13,-0.5,0.85
10|MG.TO|2024-05-22,10,Development,true,,MG.TO,2024-05-22,2024-06-05,^GSPTSE,1,60.9,-3.55,-0.9,-2.65,-4.02,-0.78
10|ATS.TO|2024-05-23,10,Development,true,,ATS.TO,2024-05-23,2024-06-06,^GSPTSE,1,65.4,3.32,0.13,3.19,-2.81,3.32
10|MG.TO|2024-05-27,10,Development,true,,MG.TO,2024-05-27,2024-06-10,^GSPTSE,1,68.4,-4.09,-1.36,-2.73,-4.09,-1.26
10|FSV.TO|2024-05-27,10,Development,true,,FSV.TO,2024-05-27,2024-06-10,^GSPTSE,2,59.2,4.45,-1.36,5.81,-2.08,4.45
10|ATS.TO|2024-05-30,10,Development,true,,ATS.TO,2024-05-30,2024-06-13,^GSPTSE,1,69.1,3.97,-1.69,5.66,2.17,6.87
10|CP.TO|2024-05-30,10,Development,true,,CP.TO,2024-05-30,2024-06-13,^GSPTSE,2,67,-1.37,-1.69,0.33,-1.37,2.23
10|PXT.TO|2024-05-30,10,Development,true,,PXT.TO,2024-05-30,2024-06-13,^GSPTSE,3,60.4,-2.13,-1.69,-0.44,-5.52,2.22
10|TD.TO|2024-05-30,10,Development,true,,TD.TO,2024-05-30,2024-06-13,^GSPTSE,4,58.8,-0.81,-1.69,0.88,-0.81,1.93
10|OTEX.TO|2024-05-31,10,Development,true,,OTEX.TO,2024-05-31,2024-06-14,^GSPTSE,3,60.6,-0.93,-2.83,1.9,-4.59,-0.73
10|TIH.TO|2024-05-31,10,Development,true,,TIH.TO,2024-05-31,2024-06-14,^GSPTSE,4,60.1,-0.85,-2.83,1.98,-0.85,1.4
10|BEI-UN.TO|2024-06-03,10,Development,true,,BEI-UN.TO,2024-06-03,2024-06-17,^GSPTSE,3,59.8,-2.33,-2.39,0.06,-2.94,1.92
10|TVE.TO|2024-06-04,10,Development,true,,TVE.TO,2024-06-04,2024-06-18,^GSPTSE,1,68.4,1.71,-1.67,3.38,0,4.84
10|GIB-A.TO|2024-06-04,10,Development,true,,GIB-A.TO,2024-06-04,2024-06-18,^GSPTSE,2,66.9,-0.25,-1.67,1.42,-0.25,2.88
10|CP.TO|2024-06-04,10,Development,true,,CP.TO,2024-06-04,2024-06-18,^GSPTSE,3,65,0.8,-1.67,2.47,-0.91,1.55
10|IMG.TO|2024-06-05,10,Development,true,,IMG.TO,2024-06-05,2024-06-19,^GSPTSE,1,69.2,-0.95,-2.84,1.88,-6.87,4.01
10|OTEX.TO|2024-06-05,10,Development,true,,OTEX.TO,2024-06-05,2024-06-19,^GSPTSE,3,59.4,2.08,-2.84,4.92,-0.91,4.68
10|EQX.TO|2024-06-10,10,Development,true,,EQX.TO,2024-06-10,2024-06-24,^GSPTSE,1,63,0.28,-1,1.28,-3.05,5.12
10|BEI-UN.TO|2024-06-10,10,Development,true,,BEI-UN.TO,2024-06-10,2024-06-24,^GSPTSE,2,60.9,-0.23,-1,0.77,-2.25,0.2
10|LUN.TO|2024-06-10,10,Development,true,,LUN.TO,2024-06-10,2024-06-24,^GSPTSE,3,59.1,-2.27,-1,-1.27,-6.1,-2.27
10|PAAS.TO|2024-06-11,10,Development,true,,PAAS.TO,2024-06-11,2024-06-25,^GSPTSE,1,74.5,-2.14,-0.45,-1.69,-2.43,2.68
10|RUS.TO|2024-06-11,10,Development,true,,RUS.TO,2024-06-11,2024-06-25,^GSPTSE,3,59.4,-3.36,-0.45,-2.91,-4.8,1.13
10|BTE.TO|2024-06-12,10,Development,true,,BTE.TO,2024-06-12,2024-06-26,^GSPTSE,1,71.8,0.73,-0.76,1.5,-4.71,2.04
10|FVI.TO|2024-06-12,10,Development,true,,FVI.TO,2024-06-12,2024-06-26,^GSPTSE,2,69.1,-2.9,-0.76,-2.14,-2.9,1.31
10|EQX.TO|2024-06-12,10,Development,true,,EQX.TO,2024-06-12,2024-06-26,^GSPTSE,3,62.4,0.14,-0.76,0.9,-2.23,6.01
10|LUN.TO|2024-06-13,10,Development,true,,LUN.TO,2024-06-13,2024-06-27,^GSPTSE,2,61.1,0.54,1.12,-0.59,-2.43,2.49
10|DML.TO|2024-06-14,10,Development,true,,DML.TO,2024-06-14,2024-06-28,^GSPTSE,1,68.5,-3.86,1.09,-4.95,-4.91,1.4
10|MDA.TO|2024-06-14,10,Development,true,,MDA.TO,2024-06-14,2024-06-28,^GSPTSE,2,67.3,12.8,1.09,11.71,-2.56,12.8
10|AEM.TO|2024-06-14,10,Development,true,,AEM.TO,2024-06-14,2024-06-28,^GSPTSE,3,66.4,1.37,1.09,0.28,-0.03,3.02
10|BIP-UN.TO|2024-06-14,10,Development,true,,BIP-UN.TO,2024-06-14,2024-06-28,^GSPTSE,5,63.5,-0.37,1.09,-1.47,-2.17,2.44
10|BTE.TO|2024-06-14,10,Development,true,,BTE.TO,2024-06-14,2024-06-28,^GSPTSE,6,59.7,8.22,1.09,7.13,1.37,8.22
10|BTE.TO|2024-06-18,10,Development,true,,BTE.TO,2024-06-18,2024-07-03,^GSPTSE,1,69,8.63,2.83,5.79,-1.11,8.63
10|HWX.TO|2024-06-18,10,Development,true,,HWX.TO,2024-06-18,2024-07-03,^GSPTSE,2,64.7,7.93,2.83,5.1,0,7.93
10|EIF.TO|2024-06-18,10,Development,true,,EIF.TO,2024-06-18,2024-07-03,^GSPTSE,4,62.4,4.07,2.83,1.23,-0.66,4.73
10|BN.TO|2024-06-18,10,Development,true,,BN.TO,2024-06-18,2024-07-03,^GSPTSE,5,60.4,4.34,2.83,1.5,-2.56,4.34
10|BTO.TO|2024-06-19,10,Development,true,,BTO.TO,2024-06-19,2024-07-04,^GSPTSE,1,68.5,5.95,3.38,2.57,0.28,6.52
10|NA.TO|2024-06-19,10,Development,true,,NA.TO,2024-06-19,2024-07-04,^GSPTSE,3,61.6,4.83,3.38,1.45,-0.51,4.83
10|FNV.TO|2024-06-19,10,Development,true,,FNV.TO,2024-06-19,2024-07-04,^GSPTSE,4,60.3,4.99,3.38,1.61,0.43,4.99
10|BEI-UN.TO|2024-06-20,10,Development,true,,BEI-UN.TO,2024-06-20,2024-07-05,^GSPTSE,1,76.3,3.7,2.21,1.48,-0.78,4
10|VET.TO|2024-06-20,10,Development,true,,VET.TO,2024-06-20,2024-07-05,^GSPTSE,2,62.1,-1.69,2.21,-3.9,-2.65,1.63
10|MDA.TO|2024-06-20,10,Development,true,,MDA.TO,2024-06-20,2024-07-05,^GSPTSE,3,61.3,8.61,2.21,6.4,0.5,14.21
10|ATS.TO|2024-06-21,10,Development,true,,ATS.TO,2024-06-21,2024-07-08,^GSPTSE,1,66.1,6.43,2.65,3.78,-1.07,6.48
10|BN.TO|2024-06-21,10,Development,true,,BN.TO,2024-06-21,2024-07-08,^GSPTSE,2,60.7,4.82,2.65,2.17,0.72,6.44
10|TOU.TO|2024-06-24,10,Development,true,,TOU.TO,2024-06-24,2024-07-09,^GSPTSE,1,61.1,-3.36,0.89,-4.24,-3.36,-0.25
10|EQX.TO|2024-06-24,10,Development,true,,EQX.TO,2024-06-24,2024-07-09,^GSPTSE,2,59.4,9.53,0.89,8.64,-1.52,9.53
10|WFG.TO|2024-06-25,10,Development,true,,WFG.TO,2024-06-25,2024-07-10,^GSPTSE,1,75,-3.29,2.58,-5.86,-3.35,0.46
10|ATS.TO|2024-06-25,10,Development,true,,ATS.TO,2024-06-25,2024-07-10,^GSPTSE,2,69.1,5.81,2.58,3.23,2.48,6.43
10|ABX.TO|2024-06-25,10,Development,true,,ABX.TO,2024-06-25,2024-07-10,^GSPTSE,3,65.8,7.02,2.58,4.44,0.22,7.02
10|LIF.TO|2024-06-25,10,Development,true,,LIF.TO,2024-06-25,2024-07-10,^GSPTSE,4,64.9,3.36,2.58,0.78,0.27,3.7
10|ELD.TO|2024-06-25,10,Development,true,,ELD.TO,2024-06-25,2024-07-10,^GSPTSE,5,58.5,7.51,2.58,4.93,-1.41,7.51
10|MX.TO|2024-06-26,10,Development,true,,MX.TO,2024-06-26,2024-07-11,^GSPTSE,1,71.2,3.82,3.44,0.38,-2.6,3.82
10|MG.TO|2024-06-26,10,Development,true,,MG.TO,2024-06-26,2024-07-11,^GSPTSE,2,66.6,6.6,3.44,3.16,-0.02,6.6
10|DOO.TO|2024-06-26,10,Development,true,,DOO.TO,2024-06-26,2024-07-11,^GSPTSE,3,64.7,6.86,3.44,3.42,-2.13,6.86
10|CCA.TO|2024-06-26,10,Development,true,,CCA.TO,2024-06-26,2024-07-11,^GSPTSE,4,60.9,1.29,3.44,-2.15,0.08,2.23
10|ONEX.TO|2024-06-27,10,Development,true,,ONEX.TO,2024-06-27,2024-07-12,^GSPTSE,2,61.4,5.23,3.33,1.89,0.62,7.92
10|AAV.TO|2024-06-28,10,Development,true,,AAV.TO,2024-06-28,2024-07-15,^GSPTSE,1,68.9,-3.37,4,-7.38,-4.34,0.39
10|DML.TO|2024-07-05,10,Development,true,,DML.TO,2024-07-05,2024-07-19,^GSPTSE,1,60.5,-5.28,2.86,-8.14,-5.28,8.45
10|VET.TO|2024-07-08,10,Development,true,,VET.TO,2024-07-08,2024-07-22,^GSPTSE,1,74.1,0.2,3.37,-3.18,-2.84,2.18
10|LNR.TO|2024-07-08,10,Development,true,,LNR.TO,2024-07-08,2024-07-22,^GSPTSE,2,68.2,5.26,3.37,1.89,-0.58,6.36
10|MX.TO|2024-07-08,10,Development,true,,MX.TO,2024-07-08,2024-07-22,^GSPTSE,3,63.1,4.65,3.37,1.28,-0.97,10.86
10|TECK-B.TO|2024-07-09,10,Development,true,,TECK-B.TO,2024-07-09,2024-07-23,^GSPTSE,1,66.3,-4.18,3.5,-7.68,-4.24,5.15
10|ARE.TO|2024-07-09,10,Development,true,,ARE.TO,2024-07-09,2024-07-23,^GSPTSE,2,62,1.1,3.5,-2.4,-0.48,2.48
10|PXT.TO|2024-07-10,10,Development,true,,PXT.TO,2024-07-10,2024-07-24,^GSPTSE,1,71.7,-3.08,1.29,-4.38,-3.08,2.99
10|TOU.TO|2024-07-18,10,Development,true,,TOU.TO,2024-07-18,2024-08-01,^GSPTSE,1,60.5,-2.9,-0.02,-2.88,-2.9,1.52
10|SHOP.TO|2024-07-18,10,Development,true,,SHOP.TO,2024-07-18,2024-08-01,^GSPTSE,2,58.6,-6.84,-0.02,-6.82,-6.84,0.23
10|LSPD.TO|2024-07-19,10,Development,true,,LSPD.TO,2024-07-19,2024-08-02,^GSPTSE,1,65.3,-11.11,-2.04,-9.07,-11.11,1.93
10|TOU.TO|2024-07-25,10,Development,true,,TOU.TO,2024-07-25,2024-08-09,^GSPTSE,1,62.5,-1.06,-1.31,0.25,-4.6,2.26
10|HPS-A.TO|2024-07-25,10,Development,true,,HPS-A.TO,2024-07-25,2024-08-09,^GSPTSE,2,61.5,9.73,-1.31,11.04,3.42,15.14
10|LSPD.TO|2024-07-25,10,Development,true,,LSPD.TO,2024-07-25,2024-08-09,^GSPTSE,3,60,-5.37,-1.31,-4.06,-8.75,3.38
10|META.TO|2024-07-26,10,Development,true,,META.TO,2024-07-26,2024-08-12,^IXIC,3,58.9,10.56,-3.33,13.89,-0.46,11.1
10|BEPC.TO|2024-07-31,10,Development,true,,BEPC.TO,2024-07-31,2024-08-15,^GSPTSE,1,74.2,1.96,-0.34,2.3,-3.09,1.96
10|BEP-UN.TO|2024-07-31,10,Development,true,,BEP-UN.TO,2024-07-31,2024-08-15,^GSPTSE,2,66.9,0.86,-0.34,1.2,-1.16,2.59
10|BEPC.TO|2024-08-02,10,Development,true,,BEPC.TO,2024-08-02,2024-08-19,^GSPTSE,1,66.8,-0.36,4,-4.36,-2.62,2.46
10|BEP-UN.TO|2024-08-06,10,Development,true,,BEP-UN.TO,2024-08-06,2024-08-20,^GSPTSE,1,69.5,-3.03,4.81,-7.85,-3.03,2.65
10|ARX.TO|2024-08-07,10,Development,true,,ARX.TO,2024-08-07,2024-08-21,^GSPTSE,1,71.2,9.26,5.67,3.59,2,14.3
10|BMO.TO|2024-08-07,10,Development,true,,BMO.TO,2024-08-07,2024-08-21,^GSPTSE,2,66.6,6.84,5.67,1.17,1.21,6.97
10|BEP-UN.TO|2024-08-13,10,Development,true,,BEP-UN.TO,2024-08-13,2024-08-27,^GSPTSE,1,65.8,0.87,2.84,-1.97,-4.87,1.47
10|MG.TO|2024-08-13,10,Development,true,,MG.TO,2024-08-13,2024-08-27,^GSPTSE,2,59.1,6.31,2.84,3.48,-0.39,7.43
10|BEP-UN.TO|2024-08-23,10,Development,true,,BEP-UN.TO,2024-08-23,2024-09-09,^GSPTSE,1,71.8,0.76,-1.11,1.87,-0.22,3.53
10|BEPC.TO|2024-08-23,10,Development,true,,BEPC.TO,2024-08-23,2024-09-09,^GSPTSE,2,69.3,-2.28,-1.11,-1.17,-2.28,1.81
10|SPB.TO|2024-08-23,10,Development,true,,SPB.TO,2024-08-23,2024-09-09,^GSPTSE,3,58.8,-1.29,-1.11,-0.18,-2.2,0.39
10|TFII.TO|2024-08-30,10,Development,true,,TFII.TO,2024-08-30,2024-09-16,^GSPTSE,1,65.2,-1.42,1.52,-2.95,-5.4,-0.65
10|PBH.TO|2024-09-04,10,Development,true,,PBH.TO,2024-09-04,2024-09-18,^GSPTSE,1,71.7,8.23,2.39,5.84,0.38,8.46
10|GOOG.TO|2024-09-04,10,Development,true,,GOOG.TO,2024-09-04,2024-09-18,^IXIC,2,68.2,2.03,2.86,-0.83,-5.11,2.03
10|BDGI.TO|2024-09-04,10,Development,true,,BDGI.TO,2024-09-04,2024-09-18,^GSPTSE,3,66.6,5,2.39,2.61,-0.39,5
10|NTR.TO|2024-09-04,10,Development,true,,NTR.TO,2024-09-04,2024-09-18,^GSPTSE,4,64.2,0.5,2.39,-1.89,-3.01,0.5
10|LSPD.TO|2024-09-04,10,Development,true,,LSPD.TO,2024-09-04,2024-09-18,^GSPTSE,5,63.8,6.2,2.39,3.8,-4.5,6.2
10|CLS.TO|2024-09-04,10,Development,true,,CLS.TO,2024-09-04,2024-09-18,^GSPTSE,6,62.7,1.22,2.39,-1.17,-11.71,1.38
10|FVI.TO|2024-09-05,10,Development,true,,FVI.TO,2024-09-05,2024-09-19,^GSPTSE,1,66.4,13.6,3.82,9.78,-2.75,16.7
10|HWX.TO|2024-09-05,10,Development,true,,HWX.TO,2024-09-05,2024-09-19,^GSPTSE,5,64.5,-0.3,3.82,-4.12,-4.52,0.75
10|BB.TO|2024-09-05,10,Development,true,,BB.TO,2024-09-05,2024-09-19,^GSPTSE,6,63,6.13,3.82,2.31,-1.29,8.71
10|NTR.TO|2024-09-06,10,Development,false,validation_boundary_outcome_purge,NTR.TO,2024-09-06,2024-09-20,^GSPTSE,2,66.7,1.64,4.77,-3.13,-2.05,3.34
10|NVDA.TO|2024-09-06,10,Development,false,validation_boundary_outcome_purge,NVDA.TO,2024-09-06,2024-09-20,^IXIC,3,62.2,12.79,7.53,5.26,3.39,15.65
10|BDGI.TO|2024-09-09,10,Development,false,validation_boundary_outcome_purge,BDGI.TO,2024-09-09,2024-09-23,^GSPTSE,3,60.4,5.94,3.77,2.17,0.67,7.89
10|LSPD.TO|2024-09-09,10,Development,false,validation_boundary_outcome_purge,LSPD.TO,2024-09-09,2024-09-23,^GSPTSE,4,58.6,10.8,3.77,7.04,0.3,13.93
10|BBD-B.TO|2024-09-10,10,Development,false,validation_boundary_outcome_purge,BBD-B.TO,2024-09-10,2024-09-24,^GSPTSE,1,68.5,15.52,4.13,11.39,1.97,16.63
10|DML.TO|2024-09-10,10,Development,false,validation_boundary_outcome_purge,DML.TO,2024-09-10,2024-09-24,^GSPTSE,2,67.8,19.8,4.13,15.68,1.98,19.8
10|CS.TO|2024-09-10,10,Development,false,validation_boundary_outcome_purge,CS.TO,2024-09-10,2024-09-24,^GSPTSE,3,63.8,26.08,4.13,21.96,1.92,26.08
10|AYA.TO|2024-09-10,10,Development,false,validation_boundary_outcome_purge,AYA.TO,2024-09-10,2024-09-24,^GSPTSE,4,62.9,28.7,4.13,24.57,4.51,28.7
10|IVN.TO|2024-09-10,10,Development,false,validation_boundary_outcome_purge,IVN.TO,2024-09-10,2024-09-24,^GSPTSE,5,62.9,21.84,4.13,17.71,0.69,21.84
10|TOU.TO|2024-09-10,10,Development,false,validation_boundary_outcome_purge,TOU.TO,2024-09-10,2024-09-24,^GSPTSE,6,59.9,4.14,4.13,0.02,1.01,4.14
10|MFI.TO|2024-09-11,10,Development,false,validation_boundary_outcome_purge,MFI.TO,2024-09-11,2024-09-25,^GSPTSE,2,69.2,-0.82,2.99,-3.81,-1.14,1.19
10|NTR.TO|2024-09-11,10,Development,false,validation_boundary_outcome_purge,NTR.TO,2024-09-11,2024-09-25,^GSPTSE,4,63.5,2.76,2.99,-0.23,1.23,4.83
10|LUN.TO|2024-09-11,10,Development,false,validation_boundary_outcome_purge,LUN.TO,2024-09-11,2024-09-25,^GSPTSE,5,60.7,19.43,2.99,16.44,4.21,19.43
10|GOOG.TO|2024-09-11,10,Development,false,validation_boundary_outcome_purge,GOOG.TO,2024-09-11,2024-09-25,^IXIC,6,59.1,6.87,3.95,2.92,2.16,8.09
10|ATD.TO|2024-09-25,10,Validation,true,,ATD.TO,2024-09-25,2024-10-09,^GSPTSE,1,66.9,-1.52,1.33,-2.86,-2.38,0.52
10|BIR.TO|2024-09-27,10,Validation,true,,BIR.TO,2024-09-27,2024-10-11,^GSPTSE,1,65.9,2.88,2.15,0.74,1.62,7.57
10|ARX.TO|2024-09-27,10,Validation,true,,ARX.TO,2024-09-27,2024-10-11,^GSPTSE,2,64.8,9.98,2.15,7.84,1.42,12.38
10|PXT.TO|2024-09-27,10,Validation,true,,PXT.TO,2024-09-27,2024-10-11,^GSPTSE,3,61.7,13.31,2.15,11.16,0.42,13.31
10|RBA.TO|2024-10-02,10,Validation,true,,RBA.TO,2024-10-02,2024-10-17,^GSPTSE,1,59.1,3.05,2.87,0.18,0.2,3.19
10|DOO.TO|2024-10-03,10,Validation,true,,DOO.TO,2024-10-03,2024-10-18,^GSPTSE,1,67.3,-0.11,3.56,-3.68,-2.12,1.88
10|SPB.TO|2024-10-09,10,Validation,true,,SPB.TO,2024-10-09,2024-10-24,^GSPTSE,1,60.9,-7.6,1.35,-8.95,-7.6,0.81
10|AQN.TO|2024-10-15,10,Validation,true,,AQN.TO,2024-10-15,2024-10-29,^GSPTSE,1,60.4,-4.27,0.51,-4.77,-4.27,1.56
10|DOO.TO|2024-10-16,10,Validation,true,,DOO.TO,2024-10-16,2024-10-30,^GSPTSE,1,61.4,-9.1,-0.22,-8.89,-10.15,1.13
10|NFI.TO|2024-10-16,10,Validation,true,,NFI.TO,2024-10-16,2024-10-30,^GSPTSE,2,59.6,-6.2,-0.22,-5.98,-7.28,-2.33
10|KMP-UN.TO|2024-10-22,10,Validation,true,,KMP-UN.TO,2024-10-22,2024-11-05,^GSPTSE,1,62,-7.16,-1.22,-5.94,-7.16,-0.8
10|CVE.TO|2024-10-24,10,Validation,true,,CVE.TO,2024-10-24,2024-11-07,^GSPTSE,1,59,-2.24,1.2,-3.44,-5.52,1.34
10|ATD.TO|2024-10-28,10,Validation,true,,ATD.TO,2024-10-28,2024-11-11,^GSPTSE,1,67.4,3.49,0.91,2.58,-2.16,3.83
10|DIR-UN.TO|2024-10-30,10,Validation,true,,DIR-UN.TO,2024-10-30,2024-11-13,^GSPTSE,1,59.5,-4.42,1.96,-6.38,-4.42,-0.16
10|IVN.TO|2024-11-01,10,Validation,true,,IVN.TO,2024-11-01,2024-11-15,^GSPTSE,1,64.9,-5.5,2.62,-8.12,-6.46,6.46
10|BTE.TO|2024-11-01,10,Validation,true,,BTE.TO,2024-11-01,2024-11-15,^GSPTSE,2,64.6,1.22,2.62,-1.4,-1.47,7.58
10|CS.TO|2024-11-01,10,Validation,true,,CS.TO,2024-11-01,2024-11-15,^GSPTSE,3,59.1,-2.05,2.62,-4.67,-2.77,8.52
10|NPI.TO|2024-11-04,10,Validation,true,,NPI.TO,2024-11-04,2024-11-18,^GSPTSE,1,65.1,-5.11,2.97,-8.08,-7.22,0.8
10|AAV.TO|2024-11-06,10,Validation,true,,AAV.TO,2024-11-06,2024-11-20,^GSPTSE,1,65.2,3.4,1.62,1.78,-2.95,4.31
10|GRT-UN.TO|2024-11-07,10,Validation,true,,GRT-UN.TO,2024-11-07,2024-11-21,^GSPTSE,1,67.7,-2.12,2.19,-4.32,-2.12,1.53
10|DIR-UN.TO|2024-11-07,10,Validation,true,,DIR-UN.TO,2024-11-07,2024-11-21,^GSPTSE,2,63.4,-4.08,2.19,-6.28,-4.08,-1.82
10|AP-UN.TO|2024-11-07,10,Validation,true,,AP-UN.TO,2024-11-07,2024-11-21,^GSPTSE,3,59.1,-3.68,2.19,-5.88,-4,-1.76
10|IVN.TO|2024-11-11,10,Validation,true,,IVN.TO,2024-11-11,2024-11-25,^GSPTSE,1,59.2,4.15,2.51,1.64,-4.36,5.29
10|IMG.TO|2024-11-12,10,Validation,true,,IMG.TO,2024-11-12,2024-11-26,^GSPTSE,1,77.6,7.41,1.93,5.47,-0.85,13.82
10|BTE.TO|2024-11-12,10,Validation,true,,BTE.TO,2024-11-12,2024-11-26,^GSPTSE,2,64.3,-1.98,1.93,-3.91,-1.98,4.2
10|BEPC.TO|2024-11-13,10,Validation,true,,BEPC.TO,2024-11-13,2024-11-27,^GSPTSE,2,61.7,9.41,2,7.41,0.57,9.41
10|CVE.TO|2024-11-14,10,Validation,true,,CVE.TO,2024-11-14,2024-11-28,^GSPTSE,2,60.5,-0.45,1.97,-2.42,-2.02,1.84
10|TECK-B.TO|2024-11-18,10,Validation,true,,TECK-B.TO,2024-11-18,2024-12-02,^GSPTSE,1,60.4,0.08,2.46,-2.38,0.08,1.93
10|BIR.TO|2024-11-18,10,Validation,true,,BIR.TO,2024-11-18,2024-12-02,^GSPTSE,2,58.6,2.16,2.46,-0.29,-1.77,8.45
10|TOI.V|2024-11-20,10,Validation,true,,TOI.V,2024-11-20,2024-12-04,^GSPTSE,1,62.5,1.58,2.42,-0.83,-1.57,5.16
10|TSU.TO|2024-11-20,10,Validation,true,,TSU.TO,2024-11-20,2024-12-04,^GSPTSE,2,59.9,2.53,2.42,0.12,-0.94,4.13
10|OTEX.TO|2024-11-21,10,Validation,true,,OTEX.TO,2024-11-21,2024-12-05,^GSPTSE,2,61,9.84,1.14,8.7,0.96,9.84
10|BB.TO|2024-11-22,10,Validation,true,,BB.TO,2024-11-22,2024-12-06,^GSPTSE,1,69.8,11.25,0.97,10.27,8.81,12.77
10|TSU.TO|2024-11-25,10,Validation,true,,TSU.TO,2024-11-25,2024-12-09,^GSPTSE,1,61.8,3.72,0.85,2.88,0.33,5.89
10|CAR-UN.TO|2024-11-27,10,Validation,true,,CAR-UN.TO,2024-11-27,2024-12-11,^GSPTSE,1,65.4,-2,0.66,-2.67,-2.67,1.96
10|DOO.TO|2024-11-28,10,Validation,true,,DOO.TO,2024-11-28,2024-12-12,^GSPTSE,1,65,8.43,-0.52,8.95,0.64,12.08
10|BDGI.TO|2024-11-29,10,Validation,true,,BDGI.TO,2024-11-29,2024-12-13,^GSPTSE,1,73.3,-1.06,-1.46,0.4,-1.06,3.15
10|CVE.TO|2024-12-02,10,Validation,true,,CVE.TO,2024-12-02,2024-12-16,^GSPTSE,1,63.8,-3.31,-1.73,-1.57,-3.89,1.31
10|GOOS.TO|2024-12-05,10,Validation,true,,GOOS.TO,2024-12-05,2024-12-19,^GSPTSE,1,65.6,5.44,-4.93,10.37,0.3,7.52
10|CVE.TO|2024-12-05,10,Validation,true,,CVE.TO,2024-12-05,2024-12-19,^GSPTSE,2,62.2,-5.13,-4.93,-0.19,-5.13,-0.3
10|NFI.TO|2024-12-06,10,Validation,true,,NFI.TO,2024-12-06,2024-12-20,^GSPTSE,2,59,0.57,-4.25,4.83,-2.01,0.72
10|ABX.TO|2024-12-09,10,Validation,true,,ABX.TO,2024-12-09,2024-12-23,^GSPTSE,2,59.7,-7.59,-3.42,-4.17,-9.57,3.14
10|BEP-UN.TO|2024-12-11,10,Validation,true,,BEP-UN.TO,2024-12-11,2024-12-27,^GSPTSE,1,60.9,-2.69,-3.36,0.67,-4.86,-0.5
10|CVE.TO|2024-12-11,10,Validation,true,,CVE.TO,2024-12-11,2024-12-27,^GSPTSE,2,60.6,-2.08,-3.36,1.28,-4.03,0.84
10|TSU.TO|2024-12-11,10,Validation,true,,TSU.TO,2024-12-11,2024-12-27,^GSPTSE,3,58.8,-4.74,-3.36,-1.38,-5.46,3.35
10|AYA.TO|2024-12-12,10,Validation,true,,AYA.TO,2024-12-12,2024-12-30,^GSPTSE,1,63,-18.09,-3.11,-14.98,-18.09,-3.39
10|BCE.TO|2024-12-12,10,Validation,true,,BCE.TO,2024-12-12,2024-12-30,^GSPTSE,2,61.9,-9.41,-3.11,-6.3,-9.41,-1.14
10|AQN.TO|2024-12-12,10,Validation,true,,AQN.TO,2024-12-12,2024-12-30,^GSPTSE,3,59.4,-0.31,-3.11,2.8,-3.89,0
10|TXG.TO|2024-12-13,10,Validation,true,,TXG.TO,2024-12-13,2024-12-31,^GSPTSE,1,71.5,4.42,-2.16,6.59,-1.03,7.12
10|HPS-A.TO|2024-12-13,10,Validation,true,,HPS-A.TO,2024-12-13,2024-12-31,^GSPTSE,2,68.3,0.42,-2.16,2.59,-4.6,1.8
10|CNQ.TO|2024-12-13,10,Validation,true,,CNQ.TO,2024-12-13,2024-12-31,^GSPTSE,3,60.7,-0.89,-2.16,1.27,-5.14,-0.89
10|AG.TO|2024-12-13,10,Validation,true,,AG.TO,2024-12-13,2024-12-31,^GSPTSE,4,60.6,-8.14,-2.16,-5.98,-9.65,-1.86
10|TXG.TO|2024-12-17,10,Validation,true,,TXG.TO,2024-12-17,2025-01-03,^GSPTSE,1,64,5.57,-0.18,5.75,2.14,8.3
10|AQN.TO|2024-12-17,10,Validation,true,,AQN.TO,2024-12-17,2025-01-03,^GSPTSE,2,60.1,4.01,-0.18,4.19,-3.44,4.01
10|CVE.TO|2024-12-17,10,Validation,true,,CVE.TO,2024-12-17,2025-01-03,^GSPTSE,3,60.1,4.83,-0.18,5.01,-2.22,4.83
10|BCE.TO|2024-12-18,10,Validation,true,,BCE.TO,2024-12-18,2025-01-06,^GSPTSE,1,58.6,1.51,1.8,-0.29,-4.26,1.75
10|SAP.TO|2024-12-19,10,Validation,true,,SAP.TO,2024-12-19,2025-01-07,^GSPTSE,1,65.8,-2.26,2.11,-4.38,-2.26,0.08
10|PBH.TO|2024-12-19,10,Validation,true,,PBH.TO,2024-12-19,2025-01-07,^GSPTSE,2,65,1.91,2.11,-0.21,0.14,4.14
10|LUN.TO|2024-12-19,10,Validation,true,,LUN.TO,2024-12-19,2025-01-07,^GSPTSE,3,63,5.45,2.11,3.33,2.35,7.63
10|CG.TO|2024-12-19,10,Validation,true,,CG.TO,2024-12-19,2025-01-07,^GSPTSE,4,62.9,2.08,2.11,-0.03,-2.21,4.04
10|CVE.TO|2024-12-19,10,Validation,true,,CVE.TO,2024-12-19,2025-01-07,^GSPTSE,6,58.7,8.28,2.11,6.16,0.24,8.28
10|LUG.TO|2024-12-20,10,Validation,true,,LUG.TO,2024-12-20,2025-01-08,^GSPTSE,2,77.8,-0.48,1.84,-2.32,-2.31,2.5
10|ENGH.TO|2024-12-20,10,Validation,true,,ENGH.TO,2024-12-20,2025-01-08,^GSPTSE,3,70.1,-0.77,1.84,-2.6,-2.41,0.51
10|CRR-UN.TO|2024-12-20,10,Validation,true,,CRR-UN.TO,2024-12-20,2025-01-08,^GSPTSE,4,69.4,-3.3,1.84,-5.14,-4.13,-2.06
10|PXT.TO|2024-12-20,10,Validation,true,,PXT.TO,2024-12-20,2025-01-08,^GSPTSE,5,69.4,12.44,1.84,10.6,-2.07,15.54
10|ELD.TO|2024-12-20,10,Validation,true,,ELD.TO,2024-12-20,2025-01-08,^GSPTSE,6,69.3,5.63,1.84,3.79,-3.52,5.63
10|FTT.TO|2024-12-23,10,Validation,true,,FTT.TO,2024-12-23,2025-01-09,^GSPTSE,1,75.3,1.62,1.31,0.31,0.03,2.61
10|IMG.TO|2024-12-23,10,Validation,true,,IMG.TO,2024-12-23,2025-01-09,^GSPTSE,2,71.6,10.86,1.31,9.55,-2.55,10.86
10|FNV.TO|2024-12-23,10,Validation,true,,FNV.TO,2024-12-23,2025-01-09,^GSPTSE,4,70.2,8.24,1.31,6.93,-0.58,8.55
10|REI-UN.TO|2024-12-23,10,Validation,true,,REI-UN.TO,2024-12-23,2025-01-09,^GSPTSE,5,70.2,2.77,1.31,1.46,-1.04,2.77
10|SPB.TO|2024-12-24,10,Validation,true,,SPB.TO,2024-12-24,2025-01-10,^GSPTSE,2,70.9,-0.23,-0.32,0.09,-1.27,4.39
10|ENGH.TO|2024-12-24,10,Validation,true,,ENGH.TO,2024-12-24,2025-01-10,^GSPTSE,3,69.2,-2.09,-0.32,-1.77,-2.09,1.06
10|EQX.TO|2024-12-24,10,Validation,true,,EQX.TO,2024-12-24,2025-01-10,^GSPTSE,4,68.8,20.19,-0.32,20.51,-2.46,20.19
10|HBM.TO|2024-12-24,10,Validation,true,,HBM.TO,2024-12-24,2025-01-10,^GSPTSE,5,67.8,6.4,-0.32,6.72,-3.03,9.18
10|CG.TO|2024-12-24,10,Validation,true,,CG.TO,2024-12-24,2025-01-10,^GSPTSE,6,67,3.83,-0.32,4.15,-1.36,4.94
10|WDO.TO|2024-12-27,10,Validation,true,,WDO.TO,2024-12-27,2025-01-13,^GSPTSE,1,76,1.5,-1.05,2.55,-0.16,6.4
10|ELD.TO|2024-12-27,10,Validation,true,,ELD.TO,2024-12-27,2025-01-13,^GSPTSE,2,75,2.36,-1.05,3.41,-2.41,8.43
10|KNT.TO|2024-12-27,10,Validation,true,,KNT.TO,2024-12-27,2025-01-13,^GSPTSE,3,71.8,13.98,-1.05,15.03,-0.47,20.92
10|T.TO|2024-12-27,10,Validation,true,,T.TO,2024-12-27,2025-01-13,^GSPTSE,5,66.8,2.11,-1.05,3.16,-0.77,3.19
10|ELD.TO|2024-12-31,10,Validation,true,,ELD.TO,2024-12-31,2025-01-15,^GSPTSE,1,67.5,0.33,0.25,0.08,0.33,9.54
10|OR.TO|2024-12-31,10,Validation,true,,OR.TO,2024-12-31,2025-01-15,^GSPTSE,2,61,3.11,0.25,2.86,0.12,6.11
10|CG.TO|2024-12-31,10,Validation,true,,CG.TO,2024-12-31,2025-01-15,^GSPTSE,3,60.5,1.83,0.25,1.59,0.24,5.26
10|GRT-UN.TO|2024-12-31,10,Validation,true,,GRT-UN.TO,2024-12-31,2025-01-15,^GSPTSE,4,60,-0.83,0.25,-1.08,-2.51,1.65
10|IMG.TO|2024-12-31,10,Validation,true,,IMG.TO,2024-12-31,2025-01-15,^GSPTSE,5,59,2.96,0.25,2.71,2.96,11.31
10|GWO.TO|2025-01-06,10,Validation,true,,GWO.TO,2025-01-06,2025-01-20,^GSPTSE,1,62.9,-2.84,0.52,-3.37,-3.56,-0.36
10|ABX.TO|2025-01-07,10,Validation,true,,ABX.TO,2025-01-07,2025-01-21,^GSPTSE,1,68.7,2.42,1.41,1,-0.45,3.8
10|KMP-UN.TO|2025-01-08,10,Validation,true,,KMP-UN.TO,2025-01-08,2025-01-22,^GSPTSE,1,74.4,-2.35,1.04,-3.39,-2.35,-0.35
10|CSU.TO|2025-01-08,10,Validation,true,,CSU.TO,2025-01-08,2025-01-22,^GSPTSE,2,61.4,4.05,1.04,3.01,-1.4,4.05
10|CCO.TO|2025-01-08,10,Validation,true,,CCO.TO,2025-01-08,2025-01-22,^GSPTSE,3,59,9.68,1.04,8.64,-4.91,9.68
10|NWC.TO|2025-01-09,10,Validation,true,,NWC.TO,2025-01-09,2025-01-23,^GSPTSE,2,63,-1.42,1.44,-2.86,-4.36,-0.9
10|BEP-UN.TO|2025-01-09,10,Validation,true,,BEP-UN.TO,2025-01-09,2025-01-23,^GSPTSE,3,62.7,-7.07,1.44,-8.51,-10.19,1.87
10|WFG.TO|2025-01-09,10,Validation,true,,WFG.TO,2025-01-09,2025-01-23,^GSPTSE,4,61.9,8.07,1.44,6.64,-0.06,8.07
10|BEPC.TO|2025-01-09,10,Validation,true,,BEPC.TO,2025-01-09,2025-01-23,^GSPTSE,6,60.6,-7.66,1.44,-9.1,-8.98,0.08
10|ABX.TO|2025-01-10,10,Validation,true,,ABX.TO,2025-01-10,2025-01-24,^GSPTSE,2,66,1.98,2.83,-0.85,-1.94,2.25
10|KMP-UN.TO|2025-01-13,10,Validation,true,,KMP-UN.TO,2025-01-13,2025-01-27,^GSPTSE,1,69.7,0.18,3.07,-2.89,-1.32,1.2
10|QBR-B.TO|2025-01-13,10,Validation,true,,QBR-B.TO,2025-01-13,2025-01-27,^GSPTSE,3,64.9,-0.38,3.07,-3.45,-4.66,-0.38
10|FTS.TO|2025-01-13,10,Validation,true,,FTS.TO,2025-01-13,2025-01-27,^GSPTSE,4,64.4,6.31,3.07,3.24,-0.8,6.31
10|CSU.TO|2025-01-13,10,Validation,true,,CSU.TO,2025-01-13,2025-01-27,^GSPTSE,5,63.2,6.89,3.07,3.82,-0.78,7.79
10|LUN.TO|2025-01-13,10,Validation,true,,LUN.TO,2025-01-13,2025-01-27,^GSPTSE,6,62.3,-0.91,3.07,-3.98,-0.91,5.11
10|ABX.TO|2025-01-14,10,Validation,true,,ABX.TO,2025-01-14,2025-01-28,^GSPTSE,1,74.6,2.77,3.38,-0.61,1.25,3.8
10|OTEX.TO|2025-01-14,10,Validation,true,,OTEX.TO,2025-01-14,2025-01-28,^GSPTSE,2,66.3,7.28,3.38,3.9,1.57,7.28
10|WFG.TO|2025-01-14,10,Validation,true,,WFG.TO,2025-01-14,2025-01-28,^GSPTSE,3,65.5,1.74,3.38,-1.64,1.74,6.78
10|DIR-UN.TO|2025-01-14,10,Validation,true,,DIR-UN.TO,2025-01-14,2025-01-28,^GSPTSE,5,61.4,3.78,3.38,0.4,0.43,3.78
10|WPM.TO|2025-01-14,10,Validation,true,,WPM.TO,2025-01-14,2025-01-28,^GSPTSE,6,60.6,6.36,3.38,2.98,1.25,6.36
10|CPX.TO|2025-01-15,10,Validation,true,,CPX.TO,2025-01-15,2025-01-29,^GSPTSE,2,71.8,-10.87,2.76,-13.63,-14.03,5.41
10|NWC.TO|2025-01-15,10,Validation,true,,NWC.TO,2025-01-15,2025-01-29,^GSPTSE,3,67.1,2.58,2.76,-0.18,-1,3.06
10|AMD.TO|2025-01-15,10,Validation,true,,AMD.TO,2025-01-15,2025-01-29,^IXIC,4,65.2,-2.42,0.62,-3.04,-4.97,2.95
10|DFY.TO|2025-01-15,10,Validation,true,,DFY.TO,2025-01-15,2025-01-29,^GSPTSE,6,58.9,4.8,2.76,2.04,0.11,5.72
10|IVN.TO|2025-01-16,10,Validation,true,,IVN.TO,2025-01-16,2025-01-30,^GSPTSE,2,61.3,-0.85,3.87,-4.73,-5.61,3.66
10|NWC.TO|2025-01-17,10,Validation,true,,NWC.TO,2025-01-17,2025-01-31,^GSPTSE,2,63.7,1.35,1.86,-0.5,-0.37,3.8
10|DML.TO|2025-01-17,10,Validation,true,,DML.TO,2025-01-17,2025-01-31,^GSPTSE,3,61.4,-2.21,1.86,-4.06,-8.46,7.72
10|DFY.TO|2025-01-17,10,Validation,true,,DFY.TO,2025-01-17,2025-01-31,^GSPTSE,4,59.6,4.94,1.86,3.08,0.39,5.49
10|ELD.TO|2025-01-20,10,Validation,true,,ELD.TO,2025-01-20,2025-02-03,^GSPTSE,1,62.5,3.45,0.44,3.01,-0.89,4.3
10|BTO.TO|2025-01-20,10,Validation,true,,BTO.TO,2025-01-20,2025-02-03,^GSPTSE,2,61.1,0.86,0.44,0.42,-4.58,1.15
10|BBD-B.TO|2025-01-22,10,Validation,true,,BBD-B.TO,2025-01-22,2025-02-05,^GSPTSE,1,65.8,-6.48,1.02,-7.5,-8.63,1.26
10|IVN.TO|2025-01-23,10,Validation,true,,IVN.TO,2025-01-23,2025-02-06,^GSPTSE,2,59.2,-3.07,0.39,-3.46,-8.97,2.23
10|MG.TO|2025-01-24,10,Validation,true,,MG.TO,2025-01-24,2025-02-07,^GSPTSE,1,58.6,-6.53,-0.1,-6.42,-8.37,1.83
10|LSPD.TO|2025-01-28,10,Validation,true,,LSPD.TO,2025-01-28,2025-02-11,^GSPTSE,1,66.9,-10.53,0.84,-11.37,-14.01,1.53
10|HBM.TO|2025-01-29,10,Validation,true,,HBM.TO,2025-01-29,2025-02-12,^GSPTSE,1,64.7,8.81,0.35,8.46,0.42,15.02
10|TSLA.TO|2025-01-30,10,Validation,true,,TSLA.TO,2025-01-30,2025-02-13,^IXIC,1,80,-11.25,1.34,-12.59,-18.07,1.05
10|BBD-B.TO|2025-01-30,10,Validation,true,,BBD-B.TO,2025-01-30,2025-02-13,^GSPTSE,2,59.6,-6.03,-0.43,-5.61,-8.43,-1.83
10|BEI-UN.TO|2025-01-31,10,Validation,true,,BEI-UN.TO,2025-01-31,2025-02-14,^GSPTSE,1,65.9,2.14,-0.2,2.33,0.06,4.34
10|NWC.TO|2025-02-03,10,Validation,true,,NWC.TO,2025-02-03,2025-02-18,^GSPTSE,2,60.7,-3.41,1.61,-5.02,-3.41,2.58
10|TSLA.TO|2025-02-04,10,Validation,true,,TSLA.TO,2025-02-04,2025-02-19,^IXIC,1,65.9,-8.2,2.05,-10.25,-16.34,-3.68
10|SAP.TO|2025-02-04,10,Validation,true,,SAP.TO,2025-02-04,2025-02-19,^GSPTSE,2,63.3,7.37,1.37,6,0.25,7.37
10|PPL.TO|2025-02-04,10,Validation,true,,PPL.TO,2025-02-04,2025-02-19,^GSPTSE,3,62.2,-0.63,1.37,-2.01,-1.4,1.17
10|DIR-UN.TO|2025-02-07,10,Validation,true,,DIR-UN.TO,2025-02-07,2025-02-24,^GSPTSE,1,65.6,0.52,-1.15,1.66,0.26,3.2
10|TFII.TO|2025-02-07,10,Validation,true,,TFII.TO,2025-02-07,2025-02-24,^GSPTSE,2,63.3,-30.14,-1.15,-28.99,-30.14,0.55
10|ERO.TO|2025-02-07,10,Validation,true,,ERO.TO,2025-02-07,2025-02-24,^GSPTSE,3,63.1,-3.35,-1.15,-2.21,-4.72,7.44
10|LNR.TO|2025-02-07,10,Validation,true,,LNR.TO,2025-02-07,2025-02-24,^GSPTSE,4,61.3,-0.13,-1.15,1.01,-1.27,2.24
10|PPL.TO|2025-02-07,10,Validation,true,,PPL.TO,2025-02-07,2025-02-24,^GSPTSE,5,59.1,-1.79,-1.15,-0.65,-1.97,0.59
10|HPS-A.TO|2025-02-12,10,Validation,true,,HPS-A.TO,2025-02-12,2025-02-27,^GSPTSE,1,62.3,-7.72,-1.7,-6.02,-8.39,4.43
10|ERO.TO|2025-02-12,10,Validation,true,,ERO.TO,2025-02-12,2025-02-27,^GSPTSE,2,60.4,-7.97,-1.7,-6.27,-7.97,8.93
10|NXE.TO|2025-02-12,10,Validation,true,,NXE.TO,2025-02-12,2025-02-27,^GSPTSE,3,58.9,-18.11,-1.7,-16.41,-18.11,-0.22
10|GOOS.TO|2025-02-13,10,Validation,true,,GOOS.TO,2025-02-13,2025-02-28,^GSPTSE,2,60.4,3.79,-1.19,4.98,0.35,16.21
10|CIGI.TO|2025-02-14,10,Validation,true,,CIGI.TO,2025-02-14,2025-03-03,^GSPTSE,1,59.8,-2.14,-1.89,-0.25,-4.8,0.54
10|PPL.TO|2025-02-18,10,Validation,true,,PPL.TO,2025-02-18,2025-03-04,^GSPTSE,1,65.7,7.32,-4.2,11.52,-0.31,8.97
10|VNP.TO|2025-02-19,10,Validation,true,,VNP.TO,2025-02-19,2025-03-05,^GSPTSE,2,59.5,-18.16,-2.95,-15.21,-20.22,-2.75
10|KMP-UN.TO|2025-02-20,10,Validation,true,,KMP-UN.TO,2025-02-20,2025-03-06,^GSPTSE,1,67,3.21,-3.65,6.86,-0.55,4.51
10|EFX.TO|2025-02-20,10,Validation,true,,EFX.TO,2025-02-20,2025-03-06,^GSPTSE,2,59.1,-21.26,-3.65,-17.61,-21.26,-2
10|PSK.TO|2025-02-24,10,Validation,true,,PSK.TO,2025-02-24,2025-03-10,^GSPTSE,1,79.3,-4.39,-3.06,-1.32,-4.39,-1.08
10|BTE.TO|2025-02-24,10,Validation,true,,BTE.TO,2025-02-24,2025-03-10,^GSPTSE,2,60.8,-15.98,-3.06,-12.91,-16.57,-2.96
10|CS.TO|2025-02-25,10,Validation,true,,CS.TO,2025-02-25,2025-03-11,^GSPTSE,1,71.1,-8.14,-3.79,-4.35,-15.19,3.4
10|OTEX.TO|2025-02-25,10,Validation,true,,OTEX.TO,2025-02-25,2025-03-11,^GSPTSE,2,62.4,-2.65,-3.79,1.14,-3.48,-0.09
10|SLF.TO|2025-02-25,10,Validation,true,,SLF.TO,2025-02-25,2025-03-11,^GSPTSE,3,60.2,-0.51,-3.79,3.28,-0.51,3.5
10|SKE.TO|2025-02-26,10,Validation,true,,SKE.TO,2025-02-26,2025-03-12,^GSPTSE,1,69.7,-3.44,-3.57,0.13,-8.39,-1.86
10|ATRL.TO|2025-02-27,10,Validation,true,,ATRL.TO,2025-02-27,2025-03-13,^GSPTSE,1,63.5,-9.22,-3.68,-5.54,-12.01,2.03
10|LUN.TO|2025-02-28,10,Validation,true,,LUN.TO,2025-02-28,2025-03-14,^GSPTSE,1,77.8,10.27,-3.31,13.58,-2.76,10.27
10|TECK-B.TO|2025-02-28,10,Validation,true,,TECK-B.TO,2025-02-28,2025-03-14,^GSPTSE,2,74.7,4.1,-3.31,7.41,-7.28,4.1
10|AG.TO|2025-02-28,10,Validation,true,,AG.TO,2025-02-28,2025-03-14,^GSPTSE,3,72.5,23.48,-3.31,26.79,0.26,24.52
10|EDR.TO|2025-02-28,10,Validation,true,,EDR.TO,2025-02-28,2025-03-14,^GSPTSE,4,69.5,27.31,-3.31,30.62,-1.88,28.06
10|K.TO|2025-02-28,10,Validation,true,,K.TO,2025-02-28,2025-03-14,^GSPTSE,5,66.9,8.03,-3.31,11.34,-1.35,8.03
10|MG.TO|2025-02-28,10,Validation,true,,MG.TO,2025-02-28,2025-03-14,^GSPTSE,6,64,-0.72,-3.31,2.59,-6.15,4.76
10|CG.TO|2025-03-03,10,Validation,true,,CG.TO,2025-03-03,2025-03-17,^GSPTSE,3,63.1,4.29,-0.87,5.16,-3.88,4.29
10|NA.TO|2025-03-03,10,Validation,true,,NA.TO,2025-03-03,2025-03-17,^GSPTSE,4,59.1,-0.55,-0.87,0.32,-2.97,-0.55
10|LUN.TO|2025-03-04,10,Validation,true,,LUN.TO,2025-03-04,2025-03-18,^GSPTSE,1,78.8,15.85,0.55,15.3,6.43,15.85
10|NVDA.TO|2025-03-04,10,Validation,true,,NVDA.TO,2025-03-04,2025-03-18,^IXIC,2,73.7,-0.36,-4.27,3.91,-7.78,4.81
10|ATD.TO|2025-03-04,10,Validation,true,,ATD.TO,2025-03-04,2025-03-18,^GSPTSE,3,72.2,-5.8,0.55,-6.35,-5.8,4.84
10|BIR.TO|2025-03-04,10,Validation,true,,BIR.TO,2025-03-04,2025-03-18,^GSPTSE,5,69.2,8.8,0.55,8.25,-9.87,8.8
10|WFG.TO|2025-03-05,10,Validation,true,,WFG.TO,2025-03-05,2025-03-19,^GSPTSE,1,69.8,-0.26,0.8,-1.06,-2.68,0.32
10|ATZ.TO|2025-03-05,10,Validation,true,,ATZ.TO,2025-03-05,2025-03-19,^GSPTSE,2,66.8,-19.25,0.8,-20.05,-21.84,-5.34
10|BAM.TO|2025-03-05,10,Validation,true,,BAM.TO,2025-03-05,2025-03-19,^GSPTSE,4,65.8,-8.05,0.8,-8.85,-14.97,-7.03
10|CTC-A.TO|2025-03-05,10,Validation,true,,CTC-A.TO,2025-03-05,2025-03-19,^GSPTSE,5,64,2.9,0.8,2.11,-0.11,2.9
10|ATRL.TO|2025-03-05,10,Validation,true,,ATRL.TO,2025-03-05,2025-03-19,^GSPTSE,6,63.1,4.1,0.8,3.3,-7.21,4.1
10|PSK.TO|2025-03-06,10,Validation,true,,PSK.TO,2025-03-06,2025-03-20,^GSPTSE,1,68,2.75,1.94,0.82,-0.31,2.75
10|GOOG.TO|2025-03-06,10,Validation,true,,GOOG.TO,2025-03-06,2025-03-20,^IXIC,3,64.9,-5.27,-2.09,-3.18,-6.59,0.97
10|NVDA.TO|2025-03-06,10,Validation,true,,NVDA.TO,2025-03-06,2025-03-20,^IXIC,4,59.5,6.99,-2.09,9.08,-3.39,9.8
10|CM.TO|2025-03-06,10,Validation,true,,CM.TO,2025-03-06,2025-03-20,^GSPTSE,5,58.6,-0.15,1.94,-2.08,-2.12,0.59
10|MSFT.TO|2025-03-07,10,Validation,true,,MSFT.TO,2025-03-07,2025-03-21,^IXIC,1,69.9,-0.59,-2.27,1.67,-3.74,-0.59
10|BIR.TO|2025-03-07,10,Validation,true,,BIR.TO,2025-03-07,2025-03-21,^GSPTSE,5,59.7,22.37,0.85,21.52,-5.19,22.37
10|HWX.TO|2025-03-07,10,Validation,true,,HWX.TO,2025-03-07,2025-03-21,^GSPTSE,6,58.6,5.63,0.85,4.78,-3.15,6.62
10|GEI.TO|2025-03-10,10,Validation,true,,GEI.TO,2025-03-10,2025-03-24,^GSPTSE,1,65.9,6.03,3.79,2.25,0.61,6.03
10|ATS.TO|2025-03-10,10,Validation,true,,ATS.TO,2025-03-10,2025-03-24,^GSPTSE,2,62.7,6.53,3.79,2.75,-3.54,6.53
10|PXT.TO|2025-03-10,10,Validation,true,,PXT.TO,2025-03-10,2025-03-24,^GSPTSE,3,59,13.04,3.79,9.25,3.23,13.04
10|BBD-B.TO|2025-03-11,10,Validation,true,,BBD-B.TO,2025-03-11,2025-03-25,^GSPTSE,1,66.6,9.04,4.5,4.54,1.62,10.2
10|RUS.TO|2025-03-11,10,Validation,true,,RUS.TO,2025-03-11,2025-03-25,^GSPTSE,2,66,0.25,4.5,-4.25,-3.43,0.25
10|MSFT.TO|2025-03-11,10,Validation,true,,MSFT.TO,2025-03-11,2025-03-25,^IXIC,3,65.5,3.84,4.79,-0.96,-0.36,3.84
10|SU.TO|2025-03-11,10,Validation,true,,SU.TO,2025-03-11,2025-03-25,^GSPTSE,4,58.7,7.72,4.5,3.22,0.73,7.9
10|CM.TO|2025-03-11,10,Validation,true,,CM.TO,2025-03-11,2025-03-25,^GSPTSE,5,58.6,3.85,4.5,-0.65,-0.36,3.85
10|ATD.TO|2025-03-12,10,Validation,true,,ATD.TO,2025-03-12,2025-03-26,^GSPTSE,2,74,-0.3,3.02,-3.32,-4.42,1.61
10|LB.TO|2025-03-12,10,Validation,true,,LB.TO,2025-03-12,2025-03-26,^GSPTSE,3,72.3,3.82,3.02,0.8,-0.3,4.05
10|GOOG.TO|2025-03-12,10,Validation,true,,GOOG.TO,2025-03-12,2025-03-26,^IXIC,4,65.2,-1.14,1.42,-2.56,-3.76,2.15
10|MTL.TO|2025-03-12,10,Validation,true,,MTL.TO,2025-03-12,2025-03-26,^GSPTSE,5,61.4,1.4,3.02,-1.62,-0.7,1.4
10|TSU.TO|2025-03-13,10,Validation,true,,TSU.TO,2025-03-13,2025-03-27,^GSPTSE,2,62.5,4.34,3.96,0.38,-0.41,4.34
10|ATS.TO|2025-03-13,10,Validation,true,,ATS.TO,2025-03-13,2025-03-27,^GSPTSE,4,61,1.93,3.96,-2.02,1.56,7.52
10|ATRL.TO|2025-03-13,10,Validation,true,,ATRL.TO,2025-03-13,2025-03-27,^GSPTSE,5,59.9,8.2,3.96,4.24,0.85,10.16
10|OTEX.TO|2025-03-13,10,Validation,true,,OTEX.TO,2025-03-13,2025-03-27,^GSPTSE,6,59.8,4.55,3.96,0.59,2.48,7.03
10|DCBO.TO|2025-03-14,10,Validation,true,,DCBO.TO,2025-03-14,2025-03-28,^GSPTSE,2,63,-0.87,0.84,-1.71,-0.87,5.38
10|PSK.TO|2025-03-14,10,Validation,true,,PSK.TO,2025-03-14,2025-03-28,^GSPTSE,4,60.4,1.24,0.84,0.4,0.54,2.55
10|MTL.TO|2025-03-14,10,Validation,true,,MTL.TO,2025-03-14,2025-03-28,^GSPTSE,5,60.1,-1.93,0.84,-2.77,-1.93,1.01
10|META.TO|2025-03-14,10,Validation,true,,META.TO,2025-03-14,2025-03-28,^IXIC,6,58.5,-5.3,-2.43,-2.87,-5.3,2.77
10|FSV.TO|2025-03-17,10,Validation,true,,FSV.TO,2025-03-17,2025-03-31,^GSPTSE,1,66.7,-0.78,0.53,-1.32,-1.26,3.23
10|GEI.TO|2025-03-18,10,Validation,true,,GEI.TO,2025-03-18,2025-04-01,^GSPTSE,1,70.7,5.5,1.32,4.18,0.55,5.5
10|GIL.TO|2025-03-18,10,Validation,true,,GIL.TO,2025-03-18,2025-04-01,^GSPTSE,2,68.6,-2.76,1.32,-4.08,-4.86,1.06
10|AMZN.TO|2025-03-19,10,Validation,true,,AMZN.TO,2025-03-19,2025-04-02,^IXIC,2,68.1,0.22,-0.84,1.06,-2.81,5.1
10|GOOG.TO|2025-03-19,10,Validation,true,,GOOG.TO,2025-03-19,2025-04-02,^IXIC,3,64.4,-4.62,-0.84,-3.78,-6.26,3.86
10|CSU.TO|2025-03-21,10,Validation,true,,CSU.TO,2025-03-21,2025-04-04,^GSPTSE,1,69.1,-5.63,-7.11,1.48,-5.63,2.48
10|META.TO|2025-03-21,10,Validation,true,,META.TO,2025-03-21,2025-04-04,^IXIC,2,58.7,-15.42,-12.35,-3.07,-15.42,4.93
10|ONEX.TO|2025-03-24,10,Validation,true,,ONEX.TO,2025-03-24,2025-04-07,^GSPTSE,1,66.8,-9.58,-9.66,0.08,-9.58,0.22
10|DOO.TO|2025-03-24,10,Validation,true,,DOO.TO,2025-03-24,2025-04-07,^GSPTSE,2,64,-6.4,-9.66,3.26,-10.89,0.04
10|RUS.TO|2025-03-24,10,Validation,true,,RUS.TO,2025-03-24,2025-04-07,^GSPTSE,3,62.7,-8.9,-9.66,0.76,-8.9,1.42
10|ONEX.TO|2025-03-27,10,Validation,true,,ONEX.TO,2025-03-27,2025-04-10,^GSPTSE,1,62.9,-10.47,-8.53,-1.94,-10.47,2.62
10|EFR.TO|2025-03-31,10,Validation,true,,EFR.TO,2025-03-31,2025-04-14,^GSPTSE,1,59.2,10.69,-4.22,14.91,-8.26,10.69
10|GOOG.TO|2025-03-31,10,Validation,true,,GOOG.TO,2025-03-31,2025-04-14,^IXIC,2,58.7,3.26,-2.7,5.96,-6.05,3.26
10|BMO.TO|2025-04-01,10,Validation,true,,BMO.TO,2025-04-01,2025-04-15,^GSPTSE,1,65.6,-6.23,-3.86,-2.37,-9.83,1.25
10|MTL.TO|2025-04-01,10,Validation,true,,MTL.TO,2025-04-01,2025-04-15,^GSPTSE,2,65.1,-0.63,-3.86,3.22,-4.27,1.27
10|DSG.TO|2025-04-04,10,Validation,true,,DSG.TO,2025-04-04,2025-04-21,^GSPTSE,1,70.4,1.63,3.52,-1.89,-1.82,6.26
10|TIH.TO|2025-04-04,10,Validation,true,,TIH.TO,2025-04-04,2025-04-21,^GSPTSE,2,70.2,0.91,3.52,-2.6,-1.8,3.74
10|WFG.TO|2025-04-04,10,Validation,true,,WFG.TO,2025-04-04,2025-04-21,^GSPTSE,3,65.1,-3.99,3.52,-7.5,-3.99,2.1
10|AIF.TO|2025-04-04,10,Validation,true,,AIF.TO,2025-04-04,2025-04-21,^GSPTSE,4,62.2,0.26,3.52,-3.25,-3.62,1.06
10|MTL.TO|2025-04-04,10,Validation,true,,MTL.TO,2025-04-04,2025-04-21,^GSPTSE,5,61.5,2.87,3.52,-0.64,-0.74,3.94
10|BAM.TO|2025-04-04,10,Validation,true,,BAM.TO,2025-04-04,2025-04-21,^GSPTSE,6,61.3,3.92,3.52,0.41,-3,8.04
10|FSV.TO|2025-04-07,10,Validation,true,,FSV.TO,2025-04-07,2025-04-22,^GSPTSE,1,73.4,3.36,6.33,-2.96,-1.63,3.66
10|GIB-A.TO|2025-04-07,10,Validation,true,,GIB-A.TO,2025-04-07,2025-04-22,^GSPTSE,3,67.7,5.66,6.33,-0.66,-0.82,5.66
10|FM.TO|2025-04-07,10,Validation,true,,FM.TO,2025-04-07,2025-04-22,^GSPTSE,4,64.9,6.86,6.33,0.54,-3.46,8.72
10|EIF.TO|2025-04-07,10,Validation,true,,EIF.TO,2025-04-07,2025-04-22,^GSPTSE,5,64,5.02,6.33,-1.31,-1.06,6.28
10|CP.TO|2025-04-07,10,Validation,true,,CP.TO,2025-04-07,2025-04-22,^GSPTSE,6,62.8,3.11,6.33,-3.22,-2.03,5.7
10|BBD-B.TO|2025-04-08,10,Validation,true,,BBD-B.TO,2025-04-08,2025-04-23,^GSPTSE,1,70,16.26,8.73,7.53,4.85,16.26
10|BAM.TO|2025-04-08,10,Validation,true,,BAM.TO,2025-04-08,2025-04-23,^GSPTSE,5,60.8,14.98,8.73,6.25,5.45,14.98
10|MSFT.TO|2025-04-08,10,Validation,true,,MSFT.TO,2025-04-08,2025-04-23,^IXIC,6,60,5.5,9.43,-3.93,0.89,9.87
10|T.TO|2025-04-09,10,Validation,true,,T.TO,2025-04-09,2025-04-24,^GSPTSE,1,66.6,4.93,4.22,0.72,1.51,5.64
10|WFG.TO|2025-04-10,10,Validation,true,,WFG.TO,2025-04-10,2025-04-25,^GSPTSE,2,65.8,-1.89,7.37,-9.25,-3.42,0.77
10|EQB.TO|2025-04-10,10,Validation,true,,EQB.TO,2025-04-10,2025-04-25,^GSPTSE,3,61.4,4.63,7.37,-2.73,1.32,5.02
10|CM.TO|2025-04-11,10,Validation,true,,CM.TO,2025-04-11,2025-04-28,^GSPTSE,1,66.5,7.9,5.13,2.76,1.78,7.9
10|TD.TO|2025-04-11,10,Validation,true,,TD.TO,2025-04-11,2025-04-28,^GSPTSE,3,63.7,6.95,5.13,1.81,2.64,6.95
10|FSV.TO|2025-04-11,10,Validation,true,,FSV.TO,2025-04-11,2025-04-28,^GSPTSE,4,63.2,2.91,5.13,-2.23,1.15,3.68
10|CCL-B.TO|2025-04-11,10,Validation,true,,CCL-B.TO,2025-04-11,2025-04-28,^GSPTSE,5,60.4,4.87,5.13,-0.26,0.62,4.87
10|IMO.TO|2025-04-11,10,Validation,true,,IMO.TO,2025-04-11,2025-04-28,^GSPTSE,6,60.3,10.83,5.13,5.7,-2.02,10.83
10|WFG.TO|2025-04-14,10,Validation,true,,WFG.TO,2025-04-14,2025-04-29,^GSPTSE,2,61,-1.9,4.22,-6.12,-2.92,0.05
10|AIF.TO|2025-04-14,10,Validation,true,,AIF.TO,2025-04-14,2025-04-29,^GSPTSE,3,60.8,3.94,4.22,-0.28,0.35,3.94
10|EFX.TO|2025-04-14,10,Validation,true,,EFX.TO,2025-04-14,2025-04-29,^GSPTSE,4,60.8,1.99,4.22,-2.24,-1.88,4.3
10|HR-UN.TO|2025-04-14,10,Validation,true,,HR-UN.TO,2025-04-14,2025-04-29,^GSPTSE,5,59.2,3.93,4.22,-0.3,0.42,4.35
10|WFG.TO|2025-04-25,10,Validation,true,,WFG.TO,2025-04-25,2025-05-09,^GSPTSE,1,68.4,1.95,2.62,-0.67,-0.52,1.96
10|BYD.TO|2025-04-28,10,Validation,true,,BYD.TO,2025-04-28,2025-05-12,^GSPTSE,1,66,6.51,2.96,3.55,-0.78,6.51
10|GWO.TO|2025-05-06,10,Validation,true,,GWO.TO,2025-05-06,2025-05-21,^GSPTSE,1,61.6,-0.3,3.46,-3.77,-4.61,-0.3
10|EFX.TO|2025-05-06,10,Validation,true,,EFX.TO,2025-05-06,2025-05-21,^GSPTSE,2,60.7,3.88,3.46,0.41,2.93,9.99
10|GWO.TO|2025-05-08,10,Validation,true,,GWO.TO,2025-05-08,2025-05-23,^GSPTSE,1,72.8,-0.75,2.48,-3.23,-3.38,0.98
10|AP-UN.TO|2025-05-08,10,Validation,true,,AP-UN.TO,2025-05-08,2025-05-23,^GSPTSE,2,71.8,1.76,2.48,-0.72,0.75,4.47
10|AP-UN.TO|2025-05-22,10,Validation,true,,AP-UN.TO,2025-05-22,2025-06-05,^GSPTSE,1,59.9,7.13,1.89,5.24,0,7.13
10|DSG.TO|2025-06-12,10,Validation,true,,DSG.TO,2025-06-12,2025-06-26,^GSPTSE,1,58.7,1.58,0.51,1.07,-2.93,3.6
10|AAPL.TO|2025-06-16,10,Validation,true,,AAPL.TO,2025-06-16,2025-06-30,^IXIC,1,61.7,3.3,3.39,-0.09,-1.36,3.3
10|GMIN.TO|2025-06-17,10,Validation,true,,GMIN.TO,2025-06-17,2025-07-02,^GSPTSE,1,59.1,-6.4,1.24,-7.64,-7.21,0.33
10|BAM.TO|2025-06-18,10,Validation,true,,BAM.TO,2025-06-18,2025-07-03,^GSPTSE,1,59.5,3.65,1.79,1.86,-0.92,3.65
10|EQX.TO|2025-06-19,10,Validation,true,,EQX.TO,2025-06-19,2025-07-04,^GSPTSE,1,59.8,-6.49,2.07,-8.56,-8.15,-0.71
10|PPL.TO|2025-06-25,10,Validation,true,,PPL.TO,2025-06-25,2025-07-10,^GSPTSE,1,61.4,-0.06,1.94,-2,-1.59,2.6
10|IMG.TO|2025-06-27,10,Validation,true,,IMG.TO,2025-06-27,2025-07-14,^GSPTSE,1,67.7,-0.51,1.9,-2.41,-2.78,5.46
10|VZLA.TO|2025-06-30,10,Validation,true,,VZLA.TO,2025-06-30,2025-07-15,^GSPTSE,1,59.7,12.44,0.73,11.7,-0.25,12.44
10|IMG.TO|2025-07-03,10,Validation,true,,IMG.TO,2025-07-03,2025-07-17,^GSPTSE,1,64.4,-4.64,1.3,-5.94,-6.81,1.09
10|GMIN.TO|2025-07-07,10,Validation,true,,GMIN.TO,2025-07-07,2025-07-21,^GSPTSE,1,59,1.72,1.1,0.63,-6.32,1.72
10|AYA.TO|2025-07-10,10,Validation,true,,AYA.TO,2025-07-10,2025-07-24,^GSPTSE,1,64,11.85,1.07,10.78,5.68,13.96
10|NWC.TO|2025-07-10,10,Validation,true,,NWC.TO,2025-07-10,2025-07-24,^GSPTSE,2,62,-3.38,1.07,-4.46,-3.38,0.36
10|ERO.TO|2025-07-16,10,Validation,true,,ERO.TO,2025-07-16,2025-07-30,^GSPTSE,1,62.7,-7.89,0.8,-8.68,-7.89,3.58
10|FVI.TO|2025-07-16,10,Validation,true,,FVI.TO,2025-07-16,2025-07-30,^GSPTSE,2,58.5,1.92,0.8,1.12,-2.48,7.34
10|BTO.TO|2025-07-21,10,Validation,true,,BTO.TO,2025-07-21,2025-08-05,^GSPTSE,1,62.5,8.26,0.93,7.34,-2.33,8.26
10|PEY.TO|2025-07-22,10,Validation,true,,PEY.TO,2025-07-22,2025-08-06,^GSPTSE,1,61.7,2.06,2.03,0.02,0.96,5.96
10|AAV.TO|2025-07-24,10,Validation,true,,AAV.TO,2025-07-24,2025-08-08,^GSPTSE,1,59.2,-1.72,1.41,-3.14,-2.27,1.45
10|PEY.TO|2025-07-25,10,Validation,true,,PEY.TO,2025-07-25,2025-08-11,^GSPTSE,1,65.6,-1.21,1.02,-2.23,-1.73,2.84
10|MTL.TO|2025-07-31,10,Validation,true,,MTL.TO,2025-07-31,2025-08-15,^GSPTSE,1,63.1,3.11,2.37,0.74,-0.76,4.33
10|ENGH.TO|2025-08-08,10,Validation,true,,ENGH.TO,2025-08-08,2025-08-22,^GSPTSE,1,63.9,2.44,2.07,0.37,-1.91,2.44
10|TFII.TO|2025-08-08,10,Validation,true,,TFII.TO,2025-08-08,2025-08-22,^GSPTSE,2,61.7,12.96,2.07,10.89,-1.84,12.96
10|TOU.TO|2025-08-08,10,Validation,true,,TOU.TO,2025-08-08,2025-08-22,^GSPTSE,3,60.9,-0.98,2.07,-3.05,-1.93,0.31
10|CG.TO|2025-08-11,10,Validation,true,,CG.TO,2025-08-11,2025-08-25,^GSPTSE,1,66.6,10.24,1.42,8.82,-0.62,11.07
10|ENGH.TO|2025-08-12,10,Validation,true,,ENGH.TO,2025-08-12,2025-08-26,^GSPTSE,1,63.9,2.36,1.5,0.86,0.13,3.4
10|DSG.TO|2025-08-13,10,Validation,true,,DSG.TO,2025-08-13,2025-08-27,^GSPTSE,2,59.4,0.48,1.57,-1.09,-1.19,2.49
10|GIB-A.TO|2025-08-15,10,Validation,true,,GIB-A.TO,2025-08-15,2025-08-29,^GSPTSE,1,63.6,2.75,2.36,0.39,0.11,3.31
10|ENGH.TO|2025-08-15,10,Validation,true,,ENGH.TO,2025-08-15,2025-08-29,^GSPTSE,2,60.5,3.16,2.36,0.8,0.54,3.16
10|ARIS.TO|2025-08-18,10,Validation,true,,ARIS.TO,2025-08-18,2025-09-02,^GSPTSE,1,62.6,25.86,2.48,23.38,-2.5,25.86
10|ARIS.TO|2025-08-20,10,Validation,true,,ARIS.TO,2025-08-20,2025-09-04,^GSPTSE,1,61.2,29.76,3.72,26.04,2.63,32.18
10|AC.TO|2025-08-21,10,Validation,true,,AC.TO,2025-08-21,2025-09-05,^GSPTSE,1,59.5,-0.62,3.55,-4.17,-1.45,2.38
10|TSU.TO|2025-08-22,10,Validation,true,,TSU.TO,2025-08-22,2025-09-08,^GSPTSE,1,59.6,-3.04,2.45,-5.49,-4.18,-1.65
10|BEPC.TO|2025-08-26,10,Validation,true,,BEPC.TO,2025-08-26,2025-09-10,^GSPTSE,1,59,0.39,2.96,-2.58,-2.38,0.92
10|CSU.TO|2025-08-28,10,Validation,true,,CSU.TO,2025-08-28,2025-09-12,^GSPTSE,1,61.3,-0.66,2.99,-3.64,-0.66,4.15
10|PEY.TO|2025-09-04,10,Validation,true,,PEY.TO,2025-09-04,2025-09-18,^GSPTSE,1,58.7,-2.04,1.86,-3.9,-3.6,-1.13
10|VET.TO|2025-09-08,10,Validation,true,,VET.TO,2025-09-08,2025-09-22,^GSPTSE,1,60.5,4.81,3.21,1.61,0.29,6.09
10|TRI.TO|2025-09-09,10,Validation,true,,TRI.TO,2025-09-09,2025-09-23,^GSPTSE,1,60.5,-8.56,2.59,-11.15,-8.89,-1.39
10|LAC.TO|2025-09-10,10,Validation,true,,LAC.TO,2025-09-10,2025-09-24,^GSPTSE,1,65,114.1,1.98,112.12,1.03,114.1
10|BIR.TO|2025-09-10,10,Validation,true,,BIR.TO,2025-09-10,2025-09-24,^GSPTSE,2,62.7,-3.75,1.98,-5.73,-4.4,-1.79
10|LSPD.TO|2025-09-11,10,Validation,true,,LSPD.TO,2025-09-11,2025-09-25,^GSPTSE,1,67.5,0.74,1.1,-0.37,0.67,6.74
10|BIR.TO|2025-09-12,10,Validation,true,,BIR.TO,2025-09-12,2025-09-26,^GSPTSE,1,69.5,-1.66,1.63,-3.29,-2.66,-0.67
10|BIR.TO|2025-09-16,10,Validation,true,,BIR.TO,2025-09-16,2025-09-30,^GSPTSE,1,62.2,-4.02,2.41,-6.43,-4.02,-0.34
10|TOI.V|2025-09-17,10,Validation,true,,TOI.V,2025-09-17,2025-10-01,^GSPTSE,2,59.7,-5.52,2.68,-8.2,-10.41,0.8
10|PPTA.TO|2025-09-18,10,Validation,true,,PPTA.TO,2025-09-18,2025-10-02,^GSPTSE,1,65.7,22.38,2.4,19.98,5.5,22.93
10|CSU.TO|2025-09-18,10,Validation,true,,CSU.TO,2025-09-18,2025-10-02,^GSPTSE,2,63.4,-9.46,2.4,-11.86,-15.07,2.5
10|TVK.TO|2025-09-19,10,Validation,true,,TVK.TO,2025-09-19,2025-10-03,^GSPTSE,1,59.3,2.27,2.36,-0.1,-0.36,3.28
10|BIR.TO|2025-09-22,10,Validation,true,,BIR.TO,2025-09-22,2025-10-06,^GSPTSE,2,61.4,-1.19,1.91,-3.1,-3.22,0.17
10|NWC.TO|2025-09-23,10,Validation,true,,NWC.TO,2025-09-23,2025-10-07,^GSPTSE,1,64.2,-3.9,1.8,-5.7,-3.9,0.97
10|GIB-A.TO|2025-09-24,10,Validation,true,,GIB-A.TO,2025-09-24,2025-10-08,^GSPTSE,1,64.2,-0.35,2.5,-2.85,-3.7,0.38
10|ENGH.TO|2025-09-25,10,Validation,true,,ENGH.TO,2025-09-25,2025-10-09,^GSPTSE,1,71.7,-0.72,1.81,-2.53,-0.96,0.91
10|ATS.TO|2025-10-01,10,Validation,true,,ATS.TO,2025-10-01,2025-10-16,^GSPTSE,1,68.2,1.06,1.17,-0.11,-3.29,2.12
10|DFY.TO|2025-10-03,10,Validation,true,,DFY.TO,2025-10-03,2025-10-20,^GSPTSE,1,63.4,-8.02,-0.18,-7.84,-8.02,-0.67
10|BIR.TO|2025-10-03,10,Validation,true,,BIR.TO,2025-10-03,2025-10-20,^GSPTSE,2,62.2,6.16,-0.18,6.35,-1.2,6.16
10|MRU.TO|2025-10-07,10,Validation,true,,MRU.TO,2025-10-07,2025-10-22,^GSPTSE,1,68.9,4.11,-1.21,5.32,0.15,4.98
10|RCH.TO|2025-10-09,10,Validation,true,,RCH.TO,2025-10-09,2025-10-24,^GSPTSE,1,63.4,11.63,0.27,11.35,3.56,11.63
10|AMZN.TO|2025-10-14,10,Validation,true,,AMZN.TO,2025-10-14,2025-10-28,^IXIC,1,66.2,5.58,5.8,-0.22,-1.66,5.58
10|ATS.TO|2025-10-14,10,Validation,true,,ATS.TO,2025-10-14,2025-10-28,^GSPTSE,2,62.1,1.53,0.22,1.31,-2.25,2.01
10|LSPD.TO|2025-10-14,10,Validation,true,,LSPD.TO,2025-10-14,2025-10-28,^GSPTSE,3,60.8,8.32,0.22,8.11,-3.33,9.12
10|WELL.TO|2025-10-20,10,Validation,true,,WELL.TO,2025-10-20,2025-11-03,^GSPTSE,1,65.6,3.82,-0.46,4.29,-1.41,5.63
10|BTE.TO|2025-10-22,10,Validation,true,,BTE.TO,2025-10-22,2025-11-05,^GSPTSE,1,60.2,4.7,0.4,4.3,-0.63,6.27
10|CS.TO|2025-10-23,10,Validation,true,,CS.TO,2025-10-23,2025-11-06,^GSPTSE,1,64.7,4.66,-1.05,5.71,0.18,10.11
10|WFG.TO|2025-10-24,10,Validation,true,,WFG.TO,2025-10-24,2025-11-07,^GSPTSE,1,59.4,-10.12,-1.45,-8.66,-11.26,1.06
10|CS.TO|2025-10-27,10,Validation,true,,CS.TO,2025-10-27,2025-11-10,^GSPTSE,1,64.1,7.99,0.13,7.85,0.7,9.92
10|FFH.TO|2025-10-27,10,Validation,true,,FFH.TO,2025-10-27,2025-11-10,^GSPTSE,2,60.8,-4.56,0.13,-4.7,-4.96,-0.07
10|NG.TO|2025-10-28,10,Validation,true,,NG.TO,2025-10-28,2025-11-11,^GSPTSE,1,65.3,3.7,-0.03,3.73,-4.23,5.81
10|DPM.TO|2025-10-28,10,Validation,true,,DPM.TO,2025-10-28,2025-11-11,^GSPTSE,2,64.3,2.5,-0.03,2.54,-5.3,2.5
10|ARIS.TO|2025-10-28,10,Validation,true,,ARIS.TO,2025-10-28,2025-11-11,^GSPTSE,3,64.2,19.94,-0.03,19.97,1.8,19.94
10|OGC.TO|2025-10-28,10,Validation,true,,OGC.TO,2025-10-28,2025-11-11,^GSPTSE,4,62.7,13.64,-0.03,13.67,-2.43,13.64
10|IVN.TO|2025-10-28,10,Validation,true,,IVN.TO,2025-10-28,2025-11-11,^GSPTSE,5,60.2,-13.23,-0.03,-13.2,-13.23,0.48
10|AEM.TO|2025-10-28,10,Validation,true,,AEM.TO,2025-10-28,2025-11-11,^GSPTSE,6,59.9,7.58,-0.03,7.62,0.18,7.76
10|ABX.TO|2025-10-29,10,Validation,true,,ABX.TO,2025-10-29,2025-11-12,^GSPTSE,2,65.7,17.05,2.27,14.78,-0.18,17.05
10|MDA.TO|2025-10-29,10,Validation,true,,MDA.TO,2025-10-29,2025-11-12,^GSPTSE,3,64.7,-34.45,2.27,-36.71,-34.45,-15.8
10|TXG.TO|2025-10-29,10,Validation,true,,TXG.TO,2025-10-29,2025-11-12,^GSPTSE,5,61.7,17.91,2.27,15.65,-2.3,17.91
10|GIB-A.TO|2025-10-30,10,Validation,true,,GIB-A.TO,2025-10-30,2025-11-13,^GSPTSE,1,67.7,0.93,0.25,0.68,-1.77,3.61
10|EMP-A.TO|2025-10-31,10,Validation,true,,EMP-A.TO,2025-10-31,2025-11-14,^GSPTSE,1,65,8.35,0.22,8.14,1.15,8.35
10|AGI.TO|2025-10-31,10,Validation,true,,AGI.TO,2025-10-31,2025-11-14,^GSPTSE,2,61,8.23,0.22,8.02,-2.2,9.02
10|USA.TO|2025-11-03,10,Validation,true,,USA.TO,2025-11-03,2025-11-17,^GSPTSE,1,66.5,-4.07,-0.66,-3.41,-6.1,14.05
10|DPM.TO|2025-11-05,10,Validation,true,,DPM.TO,2025-11-05,2025-11-19,^GSPTSE,1,67.4,15.1,0.58,14.51,-0.44,15.8
10|OGC.TO|2025-11-05,10,Validation,true,,OGC.TO,2025-11-05,2025-11-19,^GSPTSE,2,65.1,7.82,0.58,7.24,2.49,18.28
10|TOI.V|2025-11-05,10,Validation,true,,TOI.V,2025-11-05,2025-11-19,^GSPTSE,3,64.3,-4.23,0.58,-4.81,-7.65,-1.5
10|TRI.TO|2025-11-05,10,Validation,true,,TRI.TO,2025-11-05,2025-11-19,^GSPTSE,4,63.8,-6.8,0.58,-7.38,-6.8,-2.69
10|ATD.TO|2025-11-05,10,Validation,true,,ATD.TO,2025-11-05,2025-11-19,^GSPTSE,5,62.5,-1.49,0.58,-2.08,-2.46,1.4
10|WPM.TO|2025-11-05,10,Validation,true,,WPM.TO,2025-11-05,2025-11-19,^GSPTSE,6,60.4,7.33,0.58,6.75,-0.26,10.74
10|GEI.TO|2025-11-06,10,Validation,true,,GEI.TO,2025-11-06,2025-11-20,^GSPTSE,2,61.3,9.75,0.13,9.62,0.61,9.75
10|TFPM.TO|2025-11-06,10,Validation,true,,TFPM.TO,2025-11-06,2025-11-20,^GSPTSE,3,61,7,0.13,6.87,2.22,12.99
10|PPL.TO|2025-11-10,10,Validation,true,,PPL.TO,2025-11-10,2025-11-24,^GSPTSE,1,66.7,1.6,0.95,0.65,0.84,3.82
10|GFL.TO|2025-11-10,10,Validation,true,,GFL.TO,2025-11-10,2025-11-24,^GSPTSE,2,66,4.03,0.95,3.08,-0.93,6.63
10|GEI.TO|2025-11-10,10,Validation,true,,GEI.TO,2025-11-10,2025-11-24,^GSPTSE,3,59,6.88,0.95,5.93,-0.04,8.29
10|PPL.TO|2025-11-12,10,Validation,true,,PPL.TO,2025-11-12,2025-11-26,^GSPTSE,1,62,0.24,1.14,-0.9,-0.66,2.29
10|ATRL.TO|2025-11-13,10,Validation,true,,ATRL.TO,2025-11-13,2025-11-27,^GSPTSE,2,62.3,-6.01,3.18,-9.19,-8.26,-1.12
10|RUS.TO|2025-11-14,10,Validation,true,,RUS.TO,2025-11-14,2025-11-28,^GSPTSE,1,67.8,3.59,3.48,0.1,-1.13,4.32
10|BAM.TO|2025-11-14,10,Validation,true,,BAM.TO,2025-11-14,2025-11-28,^GSPTSE,2,63.8,2.49,3.48,-1,-4.14,2.49
10|TFII.TO|2025-11-17,10,Validation,true,,TFII.TO,2025-11-17,2025-12-01,^GSPTSE,1,60.7,4.98,3.41,1.57,-3.94,4.98
10|RBA.TO|2025-11-18,10,Validation,true,,RBA.TO,2025-11-18,2025-12-02,^GSPTSE,1,63.8,0.28,3.37,-3.09,-1.33,0.85
10|KMP-UN.TO|2025-11-18,10,Validation,true,,KMP-UN.TO,2025-11-18,2025-12-02,^GSPTSE,2,62,-1.74,3.37,-5.11,-1.74,0.18
10|GIL.TO|2025-11-18,10,Validation,true,,GIL.TO,2025-11-18,2025-12-02,^GSPTSE,3,61.9,1.17,3.37,-2.2,-0.69,2.21
10|CAR-UN.TO|2025-11-18,10,Validation,true,,CAR-UN.TO,2025-11-18,2025-12-02,^GSPTSE,4,58.8,-3.01,3.37,-6.38,-3.01,-1.14
10|EQB.TO|2025-11-18,10,Validation,true,,EQB.TO,2025-11-18,2025-12-02,^GSPTSE,5,58.7,2.99,3.37,-0.38,-0.4,3.29
10|WDO.TO|2025-11-19,10,Validation,true,,WDO.TO,2025-11-19,2025-12-03,^GSPTSE,1,60.6,6.77,2.91,3.86,-4.55,9.68
10|ATRL.TO|2025-11-19,10,Validation,true,,ATRL.TO,2025-11-19,2025-12-03,^GSPTSE,3,58.8,-2.32,2.91,-5.23,-4.78,-0.83
10|FSV.TO|2025-11-20,10,Validation,true,,FSV.TO,2025-11-20,2025-12-04,^GSPTSE,1,60.3,1.14,5.25,-4.11,-0.06,2.67
10|BAM.TO|2025-11-20,10,Validation,true,,BAM.TO,2025-11-20,2025-12-04,^GSPTSE,2,59,5.35,5.25,0.09,0.54,5.53
10|USA.TO|2025-11-21,10,Validation,true,,USA.TO,2025-11-21,2025-12-05,^GSPTSE,1,70.2,22.2,3.82,18.39,6.76,26.83
10|WDO.TO|2025-11-21,10,Validation,true,,WDO.TO,2025-11-21,2025-12-05,^GSPTSE,2,60.5,8.77,3.82,4.95,7.5,14.9
10|NVDA.TO|2025-11-24,10,Validation,true,,NVDA.TO,2025-11-24,2025-12-08,^IXIC,1,70.2,1.3,2.95,-1.64,-3.34,1.3
10|CP.TO|2025-11-24,10,Validation,true,,CP.TO,2025-11-24,2025-12-08,^GSPTSE,2,64,4.03,1.85,2.18,1.81,4.54
10|TVK.TO|2025-11-24,10,Validation,true,,TVK.TO,2025-11-24,2025-12-08,^GSPTSE,3,58.8,1.17,1.85,-0.68,1.17,4.57
10|CSH-UN.TO|2025-11-27,10,Validation,true,,CSH-UN.TO,2025-11-27,2025-12-11,^GSPTSE,1,67.7,-1.72,1.42,-3.15,-2.12,-0.34
10|PET.TO|2025-12-03,10,Validation,true,,PET.TO,2025-12-03,2025-12-17,^GSPTSE,1,60.5,0.42,0.29,0.14,0.42,2.93
10|MSFT.TO|2025-12-08,10,Validation,true,,MSFT.TO,2025-12-08,2025-12-22,^IXIC,1,62.4,-1.29,-0.5,-0.79,-3.37,0.2
10|SSRM.TO|2025-12-10,10,Validation,true,,SSRM.TO,2025-12-10,2025-12-24,^GSPTSE,1,67.1,5.8,1.62,4.19,2.14,8.86
10|CIGI.TO|2025-12-11,10,Validation,true,,CIGI.TO,2025-12-11,2025-12-29,^GSPTSE,1,58.7,1.88,0.75,1.14,-1.44,2.45
10|CPX.TO|2025-12-12,10,Validation,true,,CPX.TO,2025-12-12,2025-12-30,^GSPTSE,2,60.7,-4.07,1.07,-5.14,-4.07,0.83
20|MG.TO|2022-02-18,20,Development,true,,MG.TO,2022-02-18,2022-03-21,^GSPTSE,1,62.1,-19.92,4.76,-24.68,-25.48,-1.56
20|KEL.TO|2022-02-22,20,Development,true,,KEL.TO,2022-02-22,2022-03-22,^GSPTSE,1,79,26.3,5.58,20.72,-0.37,26.3
20|IGM.TO|2022-02-22,20,Development,true,,IGM.TO,2022-02-22,2022-03-22,^GSPTSE,2,59.7,1.58,5.58,-4,-2,2.25
20|GRT-UN.TO|2022-02-22,20,Development,true,,GRT-UN.TO,2022-02-22,2022-03-22,^GSPTSE,3,58.6,6.46,5.58,0.88,-2.23,6.46
20|TRI.TO|2022-02-24,20,Development,true,,TRI.TO,2022-02-24,2022-03-24,^GSPTSE,1,60.4,3.41,5.66,-2.25,-0.31,6.49
20|ONEX.TO|2022-02-25,20,Development,true,,ONEX.TO,2022-02-25,2022-03-25,^GSPTSE,1,62.4,-2.44,4.26,-6.7,-5.07,0.57
20|KXS.TO|2022-02-25,20,Development,true,,KXS.TO,2022-02-25,2022-03-25,^GSPTSE,2,60.6,12.74,4.26,8.48,-1.65,16.78
20|MFI.TO|2022-03-03,20,Development,true,,MFI.TO,2022-03-03,2022-03-31,^GSPTSE,1,61.8,10,3.01,6.99,1.16,13.3
20|DSG.TO|2022-03-04,20,Development,true,,DSG.TO,2022-03-04,2022-04-01,^GSPTSE,1,62.7,3.78,2.57,1.21,2.44,12.71
20|EFN.TO|2022-03-08,20,Development,true,,EFN.TO,2022-03-08,2022-04-05,^GSPTSE,1,66.7,1.4,3.29,-1.89,-0.08,5.83
20|BN.TO|2022-03-08,20,Development,true,,BN.TO,2022-03-08,2022-04-05,^GSPTSE,2,58.9,8.04,3.29,4.75,-0.64,8.75
20|GRT-UN.TO|2022-03-09,20,Development,true,,GRT-UN.TO,2022-03-09,2022-04-06,^GSPTSE,1,60.9,1.48,1.37,0.11,-0.59,7.45
20|GIB-A.TO|2022-03-10,20,Development,true,,GIB-A.TO,2022-03-10,2022-04-07,^GSPTSE,1,59.1,-1.18,1.17,-2.36,-4.54,0.64
20|RUS.TO|2022-03-15,20,Development,true,,RUS.TO,2022-03-15,2022-04-12,^GSPTSE,1,64.4,3.74,2.49,1.25,1.61,11.67
20|SJ.TO|2022-03-15,20,Development,true,,SJ.TO,2022-03-15,2022-04-12,^GSPTSE,2,62.1,1.43,2.49,-1.06,-3.45,3.42
20|AIF.TO|2022-03-15,20,Development,true,,AIF.TO,2022-03-15,2022-04-12,^GSPTSE,3,59.1,7.84,2.49,5.35,2.03,8.48
20|IVN.TO|2022-03-15,20,Development,true,,IVN.TO,2022-03-15,2022-04-12,^GSPTSE,4,58.5,11.3,2.49,8.81,2.51,17.49
20|ONEX.TO|2022-03-16,20,Development,true,,ONEX.TO,2022-03-16,2022-04-13,^GSPTSE,1,69.9,-3.62,1.72,-5.34,-3.97,2.62
20|ARE.TO|2022-03-16,20,Development,true,,ARE.TO,2022-03-16,2022-04-13,^GSPTSE,2,66.7,3.55,1.72,1.83,1.32,8.65
20|STN.TO|2022-03-16,20,Development,true,,STN.TO,2022-03-16,2022-04-13,^GSPTSE,3,60.4,2.46,1.72,0.74,-1.55,2.46
20|CCL-B.TO|2022-03-17,20,Development,true,,CCL-B.TO,2022-03-17,2022-04-14,^GSPTSE,2,60.6,-3.43,0.39,-3.82,-4.58,1.74
20|ARE.TO|2022-03-18,20,Development,true,,ARE.TO,2022-03-18,2022-04-18,^GSPTSE,2,59.3,0.76,0.27,0.48,0.76,6.96
20|BYD.TO|2022-03-18,20,Development,true,,BYD.TO,2022-03-18,2022-04-18,^GSPTSE,3,59.3,14.01,0.27,13.74,-1.44,16.79
20|ONEX.TO|2022-03-23,20,Development,true,,ONEX.TO,2022-03-23,2022-04-21,^GSPTSE,1,64.7,-4.46,-1.28,-3.17,-4.46,0.74
20|GIL.TO|2022-03-24,20,Development,true,,GIL.TO,2022-03-24,2022-04-22,^GSPTSE,2,63.2,-4.34,-3.43,-0.91,-6.84,5.97
20|OR.TO|2022-03-29,20,Development,true,,OR.TO,2022-03-29,2022-04-27,^GSPTSE,1,69.3,-2.87,-6.08,3.21,-2.87,9.92
20|EDR.TO|2022-03-29,20,Development,true,,EDR.TO,2022-03-29,2022-04-27,^GSPTSE,2,62.7,-17.94,-6.08,-11.86,-17.94,19.29
20|OTEX.TO|2022-04-01,20,Development,true,,OTEX.TO,2022-04-01,2022-05-02,^GSPTSE,1,70.2,-3.08,-5.74,2.67,-5.74,1.28
20|GIL.TO|2022-04-12,20,Development,true,,GIL.TO,2022-04-12,2022-05-11,^GSPTSE,1,64.1,-13.48,-8.65,-4.84,-13.48,4.98
20|PXT.TO|2022-04-12,20,Development,true,,PXT.TO,2022-04-12,2022-05-11,^GSPTSE,2,62.4,-6.77,-8.65,1.88,-7.4,5.9
20|TVE.TO|2022-04-12,20,Development,true,,TVE.TO,2022-04-12,2022-05-11,^GSPTSE,3,62,-9.31,-8.65,-0.66,-11.52,6.24
20|ATZ.TO|2022-04-12,20,Development,true,,ATZ.TO,2022-04-12,2022-05-11,^GSPTSE,4,60.9,-21.04,-8.65,-12.4,-21.04,4.06
20|ATH.TO|2022-04-12,20,Development,true,,ATH.TO,2022-04-12,2022-05-11,^GSPTSE,5,60.8,14.78,-8.65,23.43,2.96,35.96
20|HBM.TO|2022-04-12,20,Development,true,,HBM.TO,2022-04-12,2022-05-11,^GSPTSE,6,58.9,-24.22,-8.65,-15.57,-25.73,4.09
20|ATS.TO|2022-04-13,20,Development,true,,ATS.TO,2022-04-13,2022-05-12,^GSPTSE,2,59.5,-23.32,-9.79,-13.53,-23.7,0.53
20|WSP.TO|2022-04-13,20,Development,true,,WSP.TO,2022-04-13,2022-05-12,^GSPTSE,3,58.9,-16.19,-9.79,-6.4,-16.19,3.24
20|PXT.TO|2022-04-14,20,Development,true,,PXT.TO,2022-04-14,2022-05-13,^GSPTSE,1,60.8,-2.66,-8.03,5.37,-9.73,3.24
20|NFI.TO|2022-04-18,20,Development,true,,NFI.TO,2022-04-18,2022-05-16,^GSPTSE,1,68.2,-11.97,-7.64,-4.33,-27.83,3.55
20|HBM.TO|2022-04-18,20,Development,true,,HBM.TO,2022-04-18,2022-05-16,^GSPTSE,2,59.6,-27.02,-7.64,-19.38,-30.81,-0.95
20|BB.TO|2022-04-19,20,Development,true,,BB.TO,2022-04-19,2022-05-17,^GSPTSE,1,68.2,-7.66,-6.94,-0.73,-23.95,-4.07
20|TSLA.TO|2022-04-21,20,Development,true,,TSLA.TO,2022-04-21,2022-05-19,^IXIC,1,73,-29.89,-13.56,-16.33,-29.89,0.65
20|TOI.V|2022-04-22,20,Development,true,,TOI.V,2022-04-22,2022-05-20,^GSPTSE,1,73.5,-17.12,-4.67,-12.46,-19.09,6.91
20|X.TO|2022-04-25,20,Development,true,,X.TO,2022-04-25,2022-05-24,^GSPTSE,2,70.3,4.7,-3.45,8.15,-2.75,5.57
20|ENGH.TO|2022-04-25,20,Development,true,,ENGH.TO,2022-04-25,2022-05-24,^GSPTSE,3,68.7,-9.34,-3.45,-5.89,-12.83,-0.06
20|DCBO.TO|2022-04-25,20,Development,true,,DCBO.TO,2022-04-25,2022-05-24,^GSPTSE,4,66.2,-28.11,-3.45,-24.65,-33.67,3.06
20|STN.TO|2022-04-25,20,Development,true,,STN.TO,2022-04-25,2022-05-24,^GSPTSE,5,65.6,-7.12,-3.45,-3.66,-11.47,-1.29
20|ATZ.TO|2022-04-25,20,Development,true,,ATZ.TO,2022-04-25,2022-05-24,^GSPTSE,6,65,-22.15,-3.45,-18.7,-22.15,0.26
20|CCL-B.TO|2022-04-26,20,Development,true,,CCL-B.TO,2022-04-26,2022-05-25,^GSPTSE,1,68.3,7.63,-1.48,9.11,-3.08,10.76
20|TOI.V|2022-04-27,20,Development,true,,TOI.V,2022-04-27,2022-05-26,^GSPTSE,1,69.8,-18.77,-1.02,-17.75,-20.17,-2.18
20|CAR-UN.TO|2022-04-27,20,Development,true,,CAR-UN.TO,2022-04-27,2022-05-26,^GSPTSE,2,63.5,-4.15,-1.02,-3.13,-8.3,3
20|IMG.TO|2022-04-27,20,Development,true,,IMG.TO,2022-04-27,2022-05-26,^GSPTSE,3,58.5,-17.93,-1.02,-16.91,-25.49,3.64
20|OTEX.TO|2022-04-28,20,Development,true,,OTEX.TO,2022-04-28,2022-05-27,^GSPTSE,1,72.1,-3.37,-1.76,-1.61,-11.36,-0.08
20|SII.TO|2022-04-28,20,Development,true,,SII.TO,2022-04-28,2022-05-27,^GSPTSE,2,71.7,-21.6,-1.76,-19.83,-24.87,-1.38
20|ENGH.TO|2022-04-28,20,Development,true,,ENGH.TO,2022-04-28,2022-05-27,^GSPTSE,3,61.7,-5.87,-1.76,-4.11,-12.79,-0.22
20|HWX.TO|2022-04-29,20,Development,true,,HWX.TO,2022-04-29,2022-05-30,^GSPTSE,1,74,12.97,0.76,12.21,-4.52,12.97
20|MG.TO|2022-04-29,20,Development,true,,MG.TO,2022-04-29,2022-05-30,^GSPTSE,3,67.8,7.72,0.76,6.96,-5.28,7.72
20|PXT.TO|2022-04-29,20,Development,true,,PXT.TO,2022-04-29,2022-05-30,^GSPTSE,4,67.4,13.34,0.76,12.58,-6.59,13.34
20|FVI.TO|2022-04-29,20,Development,true,,FVI.TO,2022-04-29,2022-05-30,^GSPTSE,5,66.3,-1.56,0.76,-2.32,-20.94,3.56
20|PAAS.TO|2022-04-29,20,Development,true,,PAAS.TO,2022-04-29,2022-05-30,^GSPTSE,6,66.1,-9.03,0.76,-9.79,-14.1,3.49
20|SJ.TO|2022-05-02,20,Development,true,,SJ.TO,2022-05-02,2022-05-31,^GSPTSE,3,65.1,2.78,0.18,2.6,-3.46,2.78
20|CCL-B.TO|2022-05-02,20,Development,true,,CCL-B.TO,2022-05-02,2022-05-31,^GSPTSE,4,64,8.16,0.18,7.98,-3.58,10.19
20|BN.TO|2022-05-02,20,Development,true,,BN.TO,2022-05-02,2022-05-31,^GSPTSE,5,63.6,-0.69,0.18,-0.87,-8.42,2.28
20|IAG.TO|2022-05-02,20,Development,true,,IAG.TO,2022-05-02,2022-05-31,^GSPTSE,6,63.5,-0.13,0.18,-0.31,-10.53,1.76
20|DCBO.TO|2022-05-03,20,Development,true,,DCBO.TO,2022-05-03,2022-06-01,^GSPTSE,3,63.9,-27.2,-0.92,-26.28,-32.27,5.24
20|RBA.TO|2022-05-03,20,Development,true,,RBA.TO,2022-05-03,2022-06-01,^GSPTSE,5,63.5,11.72,-0.92,12.64,-3.13,16.82
20|CNR.TO|2022-05-03,20,Development,true,,CNR.TO,2022-05-03,2022-06-01,^GSPTSE,6,59.5,-4.81,-0.92,-3.89,-6.95,3.05
20|ENGH.TO|2022-05-04,20,Development,true,,ENGH.TO,2022-05-04,2022-06-02,^GSPTSE,1,68.6,-3.8,-0.72,-3.08,-12.55,-3.8
20|BYD.TO|2022-05-04,20,Development,true,,BYD.TO,2022-05-04,2022-06-02,^GSPTSE,2,65.4,-8.66,-0.72,-7.94,-16.13,-3.31
20|CG.TO|2022-05-04,20,Development,true,,CG.TO,2022-05-04,2022-06-02,^GSPTSE,4,63.5,-8.31,-0.72,-7.59,-12.99,-1.49
20|WSP.TO|2022-05-04,20,Development,true,,WSP.TO,2022-05-04,2022-06-02,^GSPTSE,5,62.9,1.68,-0.72,2.4,-10.5,1.68
20|REI-UN.TO|2022-05-04,20,Development,true,,REI-UN.TO,2022-05-04,2022-06-02,^GSPTSE,6,62.6,-2.41,-0.72,-1.69,-10.3,-1.45
20|CIGI.TO|2022-05-05,20,Development,true,,CIGI.TO,2022-05-05,2022-06-03,^GSPTSE,1,60.6,3.68,0.46,3.23,-4.09,7.83
20|EFN.TO|2022-05-06,20,Development,true,,EFN.TO,2022-05-06,2022-06-06,^GSPTSE,1,70.6,23.44,0.9,22.54,-1.96,26.2
20|BBD-B.TO|2022-05-06,20,Development,true,,BBD-B.TO,2022-05-06,2022-06-06,^GSPTSE,2,70.3,-3.94,0.9,-4.84,-14.17,-1.57
20|AIF.TO|2022-05-06,20,Development,true,,AIF.TO,2022-05-06,2022-06-06,^GSPTSE,3,70.1,5.76,0.9,4.86,-5.76,5.76
20|MG.TO|2022-05-06,20,Development,true,,MG.TO,2022-05-06,2022-06-06,^GSPTSE,4,68,9.98,0.9,9.08,-4.79,9.98
20|STN.TO|2022-05-06,20,Development,true,,STN.TO,2022-05-06,2022-06-06,^GSPTSE,5,66.9,0.22,0.9,-0.68,-8.2,3.23
20|CNR.TO|2022-05-06,20,Development,true,,CNR.TO,2022-05-06,2022-06-06,^GSPTSE,6,65.8,-1.24,0.9,-2.14,-5.87,-0.81
20|MFI.TO|2022-05-09,20,Development,true,,MFI.TO,2022-05-09,2022-06-07,^GSPTSE,1,70.2,2.52,4.64,-2.13,-2.11,4.15
20|FFH.TO|2022-05-09,20,Development,true,,FFH.TO,2022-05-09,2022-06-07,^GSPTSE,2,65.6,1.82,4.64,-2.82,-1.24,5.42
20|CSH-UN.TO|2022-05-09,20,Development,true,,CSH-UN.TO,2022-05-09,2022-06-07,^GSPTSE,3,63.6,-0.51,4.64,-5.15,-2.57,4.15
20|TRI.TO|2022-05-09,20,Development,true,,TRI.TO,2022-05-09,2022-06-07,^GSPTSE,4,60.7,2.92,4.64,-1.72,-1.81,3.85
20|HWX.TO|2022-05-10,20,Development,true,,HWX.TO,2022-05-10,2022-06-08,^GSPTSE,1,73.1,25.08,4.54,20.54,-0.16,25.08
20|MFC.TO|2022-05-10,20,Development,true,,MFC.TO,2022-05-10,2022-06-08,^GSPTSE,2,71.8,-3.11,4.54,-7.65,-11.43,-1.34
20|CJT.TO|2022-05-10,20,Development,true,,CJT.TO,2022-05-10,2022-06-08,^GSPTSE,4,70.1,-1.96,4.54,-6.49,-6.42,1.87
20|BIP-UN.TO|2022-05-10,20,Development,true,,BIP-UN.TO,2022-05-10,2022-06-08,^GSPTSE,5,66.2,3.29,4.54,-1.25,-0.53,4.45
20|CRR-UN.TO|2022-05-10,20,Development,true,,CRR-UN.TO,2022-05-10,2022-06-08,^GSPTSE,6,65.3,4.6,4.54,0.07,-0.43,6.45
20|IFC.TO|2022-05-11,20,Development,true,,IFC.TO,2022-05-11,2022-06-09,^GSPTSE,1,71.1,5.64,3.66,1.98,0.57,6.67
20|BEP-UN.TO|2022-05-11,20,Development,true,,BEP-UN.TO,2022-05-11,2022-06-09,^GSPTSE,3,65.2,4.84,3.66,1.18,-3.25,6.14
20|CSH-UN.TO|2022-05-11,20,Development,true,,CSH-UN.TO,2022-05-11,2022-06-09,^GSPTSE,4,63.4,-0.61,3.66,-4.27,-0.61,6.27
20|TSU.TO|2022-05-11,20,Development,true,,TSU.TO,2022-05-11,2022-06-09,^GSPTSE,5,59.4,15.06,3.66,11.4,2.99,17.6
20|DSG.TO|2022-05-11,20,Development,true,,DSG.TO,2022-05-11,2022-06-09,^GSPTSE,6,58.9,6.43,3.66,2.76,0.09,8
20|MG.TO|2022-05-12,20,Development,true,,MG.TO,2022-05-12,2022-06-10,^GSPTSE,1,81,5.82,2.92,2.9,4.01,13.52
20|DOL.TO|2022-05-12,20,Development,true,,DOL.TO,2022-05-12,2022-06-10,^GSPTSE,2,76,1.26,2.92,-1.66,-6.55,4.18
20|CLS.TO|2022-05-12,20,Development,true,,CLS.TO,2022-05-12,2022-06-10,^GSPTSE,4,71.9,5.96,2.92,3.04,0.46,11.23
20|PBH.TO|2022-05-12,20,Development,true,,PBH.TO,2022-05-12,2022-06-10,^GSPTSE,5,65.1,-2.8,2.92,-5.72,-2.8,7.64
20|NWC.TO|2022-05-13,20,Development,true,,NWC.TO,2022-05-13,2022-06-13,^GSPTSE,1,77.4,-0.23,-1.78,1.55,-2.91,3.48
20|EMP-A.TO|2022-05-13,20,Development,true,,EMP-A.TO,2022-05-13,2022-06-13,^GSPTSE,2,71.1,-2.4,-1.78,-0.62,-4.03,0.94
20|CRR-UN.TO|2022-05-13,20,Development,true,,CRR-UN.TO,2022-05-13,2022-06-13,^GSPTSE,3,68.3,-3.35,-1.78,-1.57,-3.35,3.91
20|QSR.TO|2022-05-13,20,Development,true,,QSR.TO,2022-05-13,2022-06-13,^GSPTSE,5,64.7,-6.7,-1.78,-4.92,-6.7,-0.21
20|RCI-B.TO|2022-05-13,20,Development,true,,RCI-B.TO,2022-05-13,2022-06-13,^GSPTSE,6,64.1,-5.39,-1.78,-3.62,-5.39,2.8
20|RUS.TO|2022-05-16,20,Development,true,,RUS.TO,2022-05-16,2022-06-14,^GSPTSE,2,61.6,-6.67,-3.26,-3.42,-7.03,3.99
20|BEP-UN.TO|2022-05-17,20,Development,true,,BEP-UN.TO,2022-05-17,2022-06-15,^GSPTSE,1,64.4,1.76,-4.29,6.05,-0.38,6.6
20|FNV.TO|2022-05-17,20,Development,true,,FNV.TO,2022-05-17,2022-06-15,^GSPTSE,2,61.7,1.99,-4.29,6.29,-2.11,6.7
20|NWC.TO|2022-05-19,20,Development,true,,NWC.TO,2022-05-19,2022-06-17,^GSPTSE,1,74.2,-1.81,-6.2,4.39,-1.81,6.17
20|ABX.TO|2022-05-19,20,Development,true,,ABX.TO,2022-05-19,2022-06-17,^GSPTSE,2,64.1,-3.12,-6.2,3.08,-4.18,2.79
20|MFI.TO|2022-05-19,20,Development,true,,MFI.TO,2022-05-19,2022-06-17,^GSPTSE,3,62.5,-2.73,-6.2,3.47,-2.73,4.33
20|BN.TO|2022-05-19,20,Development,true,,BN.TO,2022-05-19,2022-06-17,^GSPTSE,4,62,-4.49,-6.2,1.71,-5.64,10.13
20|FSV.TO|2022-05-19,20,Development,true,,FSV.TO,2022-05-19,2022-06-17,^GSPTSE,5,59.3,-2.55,-6.2,3.65,-5.26,5.26
20|CNR.TO|2022-05-20,20,Development,true,,CNR.TO,2022-05-20,2022-06-20,^GSPTSE,2,69.7,-0.86,-5.02,4.16,-2.51,3.79
20|T.TO|2022-05-20,20,Development,true,,T.TO,2022-05-20,2022-06-20,^GSPTSE,4,62.8,-6.41,-5.02,-1.39,-10.22,2.41
20|BCE.TO|2022-05-20,20,Development,true,,BCE.TO,2022-05-20,2022-06-20,^GSPTSE,5,62,-5.81,-5.02,-0.79,-7.72,2.27
20|WFG.TO|2022-05-24,20,Development,true,,WFG.TO,2022-05-24,2022-06-21,^GSPTSE,3,60,-7.14,-5.07,-2.06,-7.28,8.25
20|IGM.TO|2022-05-24,20,Development,true,,IGM.TO,2022-05-24,2022-06-21,^GSPTSE,4,58.6,-3.56,-5.07,1.51,-5.96,6.37
20|MX.TO|2022-05-25,20,Development,true,,MX.TO,2022-05-25,2022-06-22,^GSPTSE,1,71,-18.92,-6.77,-12.15,-18.92,8.04
20|FSV.TO|2022-05-25,20,Development,true,,FSV.TO,2022-05-25,2022-06-22,^GSPTSE,2,68.4,0.38,-6.77,7.15,-3.39,7.34
20|GOOS.TO|2022-05-25,20,Development,true,,GOOS.TO,2022-05-25,2022-06-22,^GSPTSE,3,65.8,-1.47,-6.77,5.3,-5.9,9.89
20|SJ.TO|2022-05-25,20,Development,true,,SJ.TO,2022-05-25,2022-06-22,^GSPTSE,4,65,-7.83,-6.77,-1.06,-9.95,4.16
20|FNV.TO|2022-05-25,20,Development,true,,FNV.TO,2022-05-25,2022-06-22,^GSPTSE,5,62.2,0.9,-6.77,7.67,-0.62,4.14
20|GIL.TO|2022-05-26,20,Development,true,,GIL.TO,2022-05-26,2022-06-23,^GSPTSE,2,62.2,-6.56,-8.84,2.28,-8.79,4.32
20|DSG.TO|2022-05-26,20,Development,true,,DSG.TO,2022-05-26,2022-06-23,^GSPTSE,3,61.7,8.25,-8.84,17.09,-2.16,8.25
20|CTC-A.TO|2022-05-26,20,Development,true,,CTC-A.TO,2022-05-26,2022-06-23,^GSPTSE,4,60.9,-3.07,-8.84,5.77,-3.92,3.62
20|NTR.TO|2022-05-26,20,Development,true,,NTR.TO,2022-05-26,2022-06-23,^GSPTSE,5,59.7,-16.31,-8.84,-7.47,-16.31,0.88
20|SSRM.TO|2022-05-31,20,Development,true,,SSRM.TO,2022-05-31,2022-06-28,^GSPTSE,1,61.8,-9.51,-7.27,-2.24,-9.51,9.35
20|NTR.TO|2022-05-31,20,Development,true,,NTR.TO,2022-05-31,2022-06-28,^GSPTSE,2,59.2,-11.82,-7.27,-4.55,-17.05,-2.44
20|BTO.TO|2022-06-01,20,Development,true,,BTO.TO,2022-06-01,2022-06-29,^GSPTSE,1,58.6,-10.24,-7.89,-2.35,-10.24,5.7
20|SLF.TO|2022-06-02,20,Development,true,,SLF.TO,2022-06-02,2022-06-30,^GSPTSE,1,65.5,-5.8,-10.32,4.52,-8.32,0.61
20|AEM.TO|2022-06-08,20,Development,true,,AEM.TO,2022-06-08,2022-07-07,^GSPTSE,1,64.4,-11.8,-8.32,-3.48,-11.8,3.53
20|QBR-B.TO|2022-06-10,20,Development,true,,QBR-B.TO,2022-06-10,2022-07-11,^GSPTSE,1,61.6,2.61,-7.19,9.8,0,7.73
20|BYD.TO|2022-06-10,20,Development,true,,BYD.TO,2022-06-10,2022-07-11,^GSPTSE,2,59,10.9,-7.19,18.09,-4.9,12.49
20|CSU.TO|2022-06-13,20,Development,true,,CSU.TO,2022-06-13,2022-07-12,^GSPTSE,1,68.2,1.51,-5.39,6.9,-3.79,5.66
20|QBR-B.TO|2022-06-14,20,Development,true,,QBR-B.TO,2022-06-14,2022-07-13,^GSPTSE,1,72.8,2.11,-4.77,6.88,0.11,6.51
20|KMP-UN.TO|2022-06-14,20,Development,true,,KMP-UN.TO,2022-06-14,2022-07-13,^GSPTSE,3,60.4,-0.19,-4.77,4.59,-2.47,1.94
20|CJT.TO|2022-06-15,20,Development,true,,CJT.TO,2022-06-15,2022-07-14,^GSPTSE,1,81.4,-6.59,-6.54,-0.05,-19.27,2.88
20|EMP-A.TO|2022-06-15,20,Development,true,,EMP-A.TO,2022-06-15,2022-07-14,^GSPTSE,2,79.8,-1.62,-6.54,4.92,-8.19,0.91
20|TFII.TO|2022-06-15,20,Development,true,,TFII.TO,2022-06-15,2022-07-14,^GSPTSE,3,70.7,11.56,-6.54,18.1,-4.27,14.31
20|ABX.TO|2022-06-15,20,Development,true,,ABX.TO,2022-06-15,2022-07-14,^GSPTSE,4,66.9,-18.01,-6.54,-11.47,-18.01,2.66
20|GRT-UN.TO|2022-06-15,20,Development,true,,GRT-UN.TO,2022-06-15,2022-07-14,^GSPTSE,6,64.1,-7.45,-6.54,-0.91,-7.45,-1.39
20|WPM.TO|2022-06-16,20,Development,true,,WPM.TO,2022-06-16,2022-07-15,^GSPTSE,1,66,-12.53,-3.21,-9.32,-12.53,0.48
20|K.TO|2022-06-16,20,Development,true,,K.TO,2022-06-16,2022-07-15,^GSPTSE,2,65.7,-25.33,-3.21,-22.12,-25.33,1.3
20|AG.TO|2022-06-16,20,Development,true,,AG.TO,2022-06-16,2022-07-15,^GSPTSE,3,61.6,-13.24,-3.21,-10.03,-14.4,0.97
20|PAAS.TO|2022-06-16,20,Development,true,,PAAS.TO,2022-06-16,2022-07-15,^GSPTSE,4,61.4,-15.04,-3.21,-11.83,-15.04,-0.75
20|SSRM.TO|2022-06-16,20,Development,true,,SSRM.TO,2022-06-16,2022-07-15,^GSPTSE,5,61.3,-12.31,-3.21,-9.11,-13.55,1.28
20|CTC-A.TO|2022-06-17,20,Development,true,,CTC-A.TO,2022-06-17,2022-07-18,^GSPTSE,1,80.7,3.33,-1.77,5.1,-0.07,4.69
20|STN.TO|2022-06-17,20,Development,true,,STN.TO,2022-06-17,2022-07-18,^GSPTSE,2,76.8,4.85,-1.77,6.61,-0.16,7.12
20|SLF.TO|2022-06-17,20,Development,true,,SLF.TO,2022-06-17,2022-07-18,^GSPTSE,3,76.7,-3.33,-1.77,-1.56,-3.33,2.49
20|CSU.TO|2022-06-17,20,Development,true,,CSU.TO,2022-06-17,2022-07-18,^GSPTSE,4,74.4,4.2,-1.77,5.97,0.18,8.81
20|GIL.TO|2022-06-17,20,Development,true,,GIL.TO,2022-06-17,2022-07-18,^GSPTSE,5,69.9,-1.92,-1.77,-0.15,-3.82,3.88
20|BNS.TO|2022-06-17,20,Development,true,,BNS.TO,2022-06-17,2022-07-18,^GSPTSE,6,69.3,-6.24,-1.77,-4.47,-8.32,1.14
20|ATS.TO|2022-06-20,20,Development,true,,ATS.TO,2022-06-20,2022-07-19,^GSPTSE,1,79.9,4.22,-1.28,5.5,-3.85,7.53
20|IAG.TO|2022-06-20,20,Development,true,,IAG.TO,2022-06-20,2022-07-19,^GSPTSE,5,73.9,1.77,-1.28,3.05,-3.84,3.7
20|TFII.TO|2022-06-20,20,Development,true,,TFII.TO,2022-06-20,2022-07-19,^GSPTSE,6,72.7,18.86,-1.28,20.14,-2.24,18.86
20|CAE.TO|2022-06-21,20,Development,true,,CAE.TO,2022-06-21,2022-07-20,^GSPTSE,2,75.9,9.86,-1.23,11.09,-1.35,10.78
20|OTEX.TO|2022-06-21,20,Development,true,,OTEX.TO,2022-06-21,2022-07-20,^GSPTSE,3,72.7,8.62,-1.23,9.85,1.19,8.62
20|WN.TO|2022-06-21,20,Development,true,,WN.TO,2022-06-21,2022-07-20,^GSPTSE,6,69.8,5.73,-1.23,6.96,-1.4,7.83
20|HR-UN.TO|2022-06-22,20,Development,true,,HR-UN.TO,2022-06-22,2022-07-21,^GSPTSE,6,69.5,3.57,0.31,3.26,-0.16,3.9
20|ACO-X.TO|2022-06-23,20,Development,true,,ACO-X.TO,2022-06-23,2022-07-22,^GSPTSE,2,70,6.5,1.42,5.08,1.09,7.77
20|NWC.TO|2022-06-23,20,Development,true,,NWC.TO,2022-06-23,2022-07-22,^GSPTSE,3,66.9,1.81,1.42,0.39,-0.24,4.12
20|RCH.TO|2022-06-23,20,Development,true,,RCH.TO,2022-06-23,2022-07-22,^GSPTSE,4,65.6,6.11,1.42,4.69,-4.13,7.23
20|GIL.TO|2022-06-23,20,Development,true,,GIL.TO,2022-06-23,2022-07-22,^GSPTSE,5,65.5,2.68,1.42,1.26,-4.59,3.76
20|CCO.TO|2022-06-23,20,Development,true,,CCO.TO,2022-06-23,2022-07-22,^GSPTSE,6,60.3,5.9,1.42,4.48,-1.42,11.84
20|AGI.TO|2022-06-24,20,Development,true,,AGI.TO,2022-06-24,2022-07-25,^GSPTSE,1,80,-2.51,0.22,-2.72,-2.51,4.68
20|SSRM.TO|2022-06-24,20,Development,true,,SSRM.TO,2022-06-24,2022-07-25,^GSPTSE,2,74.5,-17.57,0.22,-17.79,-17.57,-4.74
20|NFI.TO|2022-06-24,20,Development,true,,NFI.TO,2022-06-24,2022-07-25,^GSPTSE,3,67.5,6.69,0.22,6.47,-0.72,9.34
20|ATS.TO|2022-06-24,20,Development,true,,ATS.TO,2022-06-24,2022-07-25,^GSPTSE,5,66.5,9.01,0.22,8.79,-2.05,10.64
20|PAAS.TO|2022-06-24,20,Development,true,,PAAS.TO,2022-06-24,2022-07-25,^GSPTSE,6,65.5,-13.47,0.22,-13.68,-14.5,1.51
20|AEM.TO|2022-06-27,20,Development,true,,AEM.TO,2022-06-27,2022-07-26,^GSPTSE,3,66.3,-21.12,-1.48,-19.63,-23.53,-3.05
20|PMZ-UN.TO|2022-06-27,20,Development,true,,PMZ-UN.TO,2022-06-27,2022-07-26,^GSPTSE,4,65.9,4.25,-1.48,5.73,-2.04,5.7
20|NWC.TO|2022-06-27,20,Development,true,,NWC.TO,2022-06-27,2022-07-26,^GSPTSE,5,63.9,1.26,-1.48,2.75,-2.07,2.21
20|POW.TO|2022-06-27,20,Development,true,,POW.TO,2022-06-27,2022-07-26,^GSPTSE,6,63.9,1.55,-1.48,3.03,-1.67,2.62
20|CP.TO|2022-06-28,20,Development,true,,CP.TO,2022-06-28,2022-07-27,^GSPTSE,1,79,9.16,0.17,9,-0.39,9.16
20|ONEX.TO|2022-06-28,20,Development,true,,ONEX.TO,2022-06-28,2022-07-27,^GSPTSE,3,64.6,0.74,0.17,0.57,-4.16,2.44
20|AGI.TO|2022-06-29,20,Development,true,,AGI.TO,2022-06-29,2022-07-28,^GSPTSE,1,74.9,5.13,1.98,3.15,-4.28,5.13
20|OR.TO|2022-06-29,20,Development,true,,OR.TO,2022-06-29,2022-07-28,^GSPTSE,2,72.6,-2.42,1.98,-4.4,-11.23,-1.39
20|SII.TO|2022-06-29,20,Development,true,,SII.TO,2022-06-29,2022-07-28,^GSPTSE,3,62.8,3.62,1.98,1.64,-7.11,3.62
20|IMO.TO|2022-06-29,20,Development,true,,IMO.TO,2022-06-29,2022-07-28,^GSPTSE,4,62,-3.7,1.98,-5.68,-13.17,-0.15
20|WDO.TO|2022-06-29,20,Development,true,,WDO.TO,2022-06-29,2022-07-28,^GSPTSE,5,59.5,-12.13,1.98,-14.11,-23.16,1.27
20|NTR.TO|2022-06-29,20,Development,true,,NTR.TO,2022-06-29,2022-07-28,^GSPTSE,6,59.4,0.79,1.98,-1.19,-11.24,0.85
20|ONEX.TO|2022-06-30,20,Development,true,,ONEX.TO,2022-06-30,2022-07-29,^GSPTSE,1,65,6.94,4.41,2.53,-2.15,6.94
20|CCA.TO|2022-06-30,20,Development,true,,CCA.TO,2022-06-30,2022-07-29,^GSPTSE,3,61,-4.01,4.41,-8.42,-5.63,2.81
20|NWC.TO|2022-06-30,20,Development,true,,NWC.TO,2022-06-30,2022-07-29,^GSPTSE,4,59.7,3.57,4.41,-0.83,0,4.03
20|AP-UN.TO|2022-06-30,20,Development,true,,AP-UN.TO,2022-06-30,2022-07-29,^GSPTSE,5,58.7,3.41,4.41,-1,-3.01,3.41
20|FNV.TO|2022-07-04,20,Development,true,,FNV.TO,2022-07-04,2022-08-02,^GSPTSE,1,76.2,-8.4,2.5,-10.9,-10.38,-2.15
20|SII.TO|2022-07-04,20,Development,true,,SII.TO,2022-07-04,2022-08-02,^GSPTSE,2,66.8,5.38,2.5,2.88,-4.98,8.19
20|EFN.TO|2022-07-04,20,Development,true,,EFN.TO,2022-07-04,2022-08-02,^GSPTSE,3,66.4,9.62,2.5,7.12,0.45,9.62
20|NTR.TO|2022-07-04,20,Development,true,,NTR.TO,2022-07-04,2022-08-02,^GSPTSE,5,64.2,3.3,2.5,0.8,-7.93,7.1
20|T.TO|2022-07-05,20,Development,true,,T.TO,2022-07-05,2022-08-03,^GSPTSE,2,65.2,0.31,3.78,-3.47,-1.07,2.18
20|AGI.TO|2022-07-06,20,Development,true,,AGI.TO,2022-07-06,2022-08-04,^GSPTSE,1,78.7,10.45,4.52,5.92,-2.61,10.45
20|IAG.TO|2022-07-06,20,Development,true,,IAG.TO,2022-07-06,2022-08-04,^GSPTSE,2,73.7,12.44,4.52,7.92,-0.98,12.99
20|MFC.TO|2022-07-06,20,Development,true,,MFC.TO,2022-07-06,2022-08-04,^GSPTSE,3,63.9,6.26,4.52,1.74,-0.59,6.35
20|ATD.TO|2022-07-06,20,Development,true,,ATD.TO,2022-07-06,2022-08-04,^GSPTSE,5,62.2,14.89,4.52,10.37,1.06,14.89
20|SLF.TO|2022-07-06,20,Development,true,,SLF.TO,2022-07-06,2022-08-04,^GSPTSE,6,61.3,3.99,4.52,-0.53,-3.2,3.99
20|GIL.TO|2022-07-07,20,Development,true,,GIL.TO,2022-07-07,2022-08-05,^GSPTSE,2,73.3,10.47,2.92,7.55,-5.22,10.47
20|ARE.TO|2022-07-07,20,Development,true,,ARE.TO,2022-07-07,2022-08-05,^GSPTSE,3,70.6,-15.43,2.92,-18.35,-17.11,1.84
20|PSK.TO|2022-07-07,20,Development,true,,PSK.TO,2022-07-07,2022-08-05,^GSPTSE,6,60.9,5.92,2.92,3,-4.13,15.84
20|NTR.TO|2022-07-08,20,Development,true,,NTR.TO,2022-07-08,2022-08-08,^GSPTSE,2,63.3,11.29,3.4,7.89,-4.65,11.29
20|GFL.TO|2022-07-12,20,Development,true,,GFL.TO,2022-07-12,2022-08-10,^GSPTSE,1,70.9,13.16,6.46,6.7,-1.51,14.82
20|GIL.TO|2022-07-12,20,Development,true,,GIL.TO,2022-07-12,2022-08-10,^GSPTSE,2,60.2,15.75,6.46,9.29,-0.83,16.18
20|GRT-UN.TO|2022-07-12,20,Development,true,,GRT-UN.TO,2022-07-12,2022-08-10,^GSPTSE,3,58.8,8.15,6.46,1.68,-3.72,8.15
20|TRP.TO|2022-07-13,20,Development,true,,TRP.TO,2022-07-13,2022-08-11,^GSPTSE,2,59.8,-1.97,7.4,-9.36,-5.16,7.05
20|ERO.TO|2022-07-14,20,Development,true,,ERO.TO,2022-07-14,2022-08-12,^GSPTSE,3,61.2,24.66,10.1,14.57,-2.43,29.43
20|EQB.TO|2022-07-15,20,Development,true,,EQB.TO,2022-07-15,2022-08-15,^GSPTSE,1,81.5,10.12,9.71,0.41,0.13,10.12
20|PMZ-UN.TO|2022-07-15,20,Development,true,,PMZ-UN.TO,2022-07-15,2022-08-15,^GSPTSE,4,75.9,20.69,9.71,10.98,1.97,21.6
20|REI-UN.TO|2022-07-15,20,Development,true,,REI-UN.TO,2022-07-15,2022-08-15,^GSPTSE,5,71,10.94,9.71,1.23,1.55,11.25
20|GOOS.TO|2022-07-15,20,Development,true,,GOOS.TO,2022-07-15,2022-08-15,^GSPTSE,6,66.6,23.09,9.71,13.38,-1,26.71
20|BEI-UN.TO|2022-07-18,20,Development,true,,BEI-UN.TO,2022-07-18,2022-08-16,^GSPTSE,1,67.9,20.39,9,11.38,3.43,20.39
20|NA.TO|2022-07-18,20,Development,true,,NA.TO,2022-07-18,2022-08-16,^GSPTSE,2,67.7,10.85,9,1.85,3.09,10.85
20|AP-UN.TO|2022-07-18,20,Development,true,,AP-UN.TO,2022-07-18,2022-08-16,^GSPTSE,4,62.8,3.05,9,-5.96,0.35,5.16
20|BN.TO|2022-07-18,20,Development,true,,BN.TO,2022-07-18,2022-08-16,^GSPTSE,5,62,16.87,9,7.87,3.38,17.59
20|BMO.TO|2022-07-19,20,Development,true,,BMO.TO,2022-07-19,2022-08-17,^GSPTSE,1,63.3,9.8,6.57,3.23,0.72,10.13
20|CM.TO|2022-07-19,20,Development,true,,CM.TO,2022-07-19,2022-08-17,^GSPTSE,2,62.3,10.09,6.57,3.52,0.42,10.09
20|GRT-UN.TO|2022-07-19,20,Development,true,,GRT-UN.TO,2022-07-19,2022-08-17,^GSPTSE,4,60.2,6.79,6.57,0.22,-1.27,8.22
20|PAAS.TO|2022-07-26,20,Development,true,,PAAS.TO,2022-07-26,2022-08-24,^GSPTSE,1,62.3,-10.48,5.53,-16,-12.98,11.85
20|CSH-UN.TO|2022-07-27,20,Development,true,,CSH-UN.TO,2022-07-27,2022-08-25,^GSPTSE,1,65.4,-1.62,4.77,-6.38,-3.61,3.63
20|AGI.TO|2022-07-27,20,Development,true,,AGI.TO,2022-07-27,2022-08-25,^GSPTSE,2,58.9,13.77,4.77,9,6.28,14.1
20|RCI-B.TO|2022-07-29,20,Development,true,,RCI-B.TO,2022-07-29,2022-08-29,^GSPTSE,1,65.6,-2.11,0.73,-2.83,-4.99,0.8
20|CCA.TO|2022-08-04,20,Development,true,,CCA.TO,2022-08-04,2022-09-01,^GSPTSE,1,62.3,-5.5,-2.22,-3.28,-5.5,3.32
20|TRP.TO|2022-08-11,20,Development,true,,TRP.TO,2022-08-11,2022-09-09,^GSPTSE,1,69.1,-2.32,-1.09,-1.22,-4.37,2.5
20|PXT.TO|2022-08-17,20,Development,true,,PXT.TO,2022-08-17,2022-09-15,^GSPTSE,1,58.5,11.88,-3.08,14.95,0.16,12.76
20|WPM.TO|2022-08-18,20,Development,true,,WPM.TO,2022-08-18,2022-09-16,^GSPTSE,1,64.5,1.6,-4.34,5.94,-6.74,4.49
20|PAAS.TO|2022-08-18,20,Development,true,,PAAS.TO,2022-08-18,2022-09-16,^GSPTSE,2,60.7,-3.23,-4.34,1.11,-11.62,-0.22
20|PEY.TO|2022-08-22,20,Development,true,,PEY.TO,2022-08-22,2022-09-20,^GSPTSE,1,67,-7.15,-3.03,-4.12,-9.22,2.77
20|PXT.TO|2022-08-22,20,Development,true,,PXT.TO,2022-08-22,2022-09-20,^GSPTSE,2,59.8,8,-3.03,11.03,3.52,10.52
20|WDO.TO|2022-08-23,20,Development,true,,WDO.TO,2022-08-23,2022-09-21,^GSPTSE,1,58.9,-0.23,-4.01,3.77,-10.49,1.4
20|DCBO.TO|2022-08-29,20,Development,true,,DCBO.TO,2022-08-29,2022-09-27,^GSPTSE,1,62.5,-2.15,-7.7,5.55,-5.58,9.96
20|BB.TO|2022-08-29,20,Development,true,,BB.TO,2022-08-29,2022-09-27,^GSPTSE,2,61.8,-12.08,-7.7,-4.37,-13.84,1.13
20|FFH.TO|2022-08-30,20,Development,true,,FFH.TO,2022-08-30,2022-09-28,^GSPTSE,1,59.5,-1.23,-4.43,3.2,-4.18,0.69
20|WPM.TO|2022-09-02,20,Development,true,,WPM.TO,2022-09-02,2022-10-03,^GSPTSE,1,68.3,11.84,-2.02,13.86,-2.56,11.84
20|TRP.TO|2022-09-02,20,Development,true,,TRP.TO,2022-09-02,2022-10-03,^GSPTSE,2,67.5,-6.9,-2.02,-4.88,-10.44,1.43
20|CCA.TO|2022-09-02,20,Development,true,,CCA.TO,2022-09-02,2022-10-03,^GSPTSE,3,66.2,-8.3,-2.02,-6.28,-10.2,-0.14
20|FNV.TO|2022-09-02,20,Development,true,,FNV.TO,2022-09-02,2022-10-03,^GSPTSE,4,64.5,4.6,-2.02,6.62,-3.83,4.6
20|ABX.TO|2022-09-02,20,Development,true,,ABX.TO,2022-09-02,2022-10-03,^GSPTSE,5,61.6,10.88,-2.02,12.9,-1.07,10.88
20|AC.TO|2022-09-02,20,Development,true,,AC.TO,2022-09-02,2022-10-03,^GSPTSE,6,58.7,-4.37,-2.02,-2.35,-5.74,8.69
20|ARE.TO|2022-09-06,20,Development,true,,ARE.TO,2022-09-06,2022-10-04,^GSPTSE,1,64.3,-2.12,1.48,-3.61,-11.28,10.93
20|RUS.TO|2022-09-07,20,Development,true,,RUS.TO,2022-09-07,2022-10-05,^GSPTSE,1,81,-5.51,-0.03,-5.48,-9.81,4.05
20|IVN.TO|2022-09-07,20,Development,true,,IVN.TO,2022-09-07,2022-10-05,^GSPTSE,2,65.9,15.36,-0.03,15.39,-0.98,18.06
20|FSV.TO|2022-09-07,20,Development,true,,FSV.TO,2022-09-07,2022-10-05,^GSPTSE,3,65,7.21,-0.03,7.25,-3.54,8.15
20|CCA.TO|2022-09-07,20,Development,true,,CCA.TO,2022-09-07,2022-10-05,^GSPTSE,4,64.9,-5.86,-0.03,-5.82,-8.5,1.75
20|FNV.TO|2022-09-07,20,Development,true,,FNV.TO,2022-09-07,2022-10-05,^GSPTSE,5,62,4.83,-0.03,4.87,-4.46,5.71
20|BNS.TO|2022-09-07,20,Development,true,,BNS.TO,2022-09-07,2022-10-05,^GSPTSE,6,58.5,-4.64,-0.03,-4.61,-7.35,3.81
20|MX.TO|2022-09-08,20,Development,true,,MX.TO,2022-09-08,2022-10-06,^GSPTSE,1,72,2.04,-2.24,4.28,-15.42,2.82
20|TRP.TO|2022-09-08,20,Development,true,,TRP.TO,2022-09-08,2022-10-06,^GSPTSE,2,68.1,-8.88,-2.24,-6.65,-9.4,2.6
20|PPL.TO|2022-09-08,20,Development,true,,PPL.TO,2022-09-08,2022-10-06,^GSPTSE,3,66.4,-4.01,-2.24,-1.77,-8.01,4.55
20|TA.TO|2022-09-08,20,Development,true,,TA.TO,2022-09-08,2022-10-06,^GSPTSE,5,62.6,-3.87,-2.24,-1.63,-3.87,5.02
20|WFG.TO|2022-09-09,20,Development,true,,WFG.TO,2022-09-09,2022-10-07,^GSPTSE,1,61.9,-10.84,-6.02,-4.82,-13.15,2.48
20|TVE.TO|2022-09-13,20,Development,true,,TVE.TO,2022-09-13,2022-10-12,^GSPTSE,1,62.3,4.91,-7.33,12.23,-15.86,13.63
20|SDE.TO|2022-09-13,20,Development,true,,SDE.TO,2022-09-13,2022-10-12,^GSPTSE,2,59.5,-3.56,-7.33,3.77,-19.66,4.41
20|CG.TO|2022-09-14,20,Development,true,,CG.TO,2022-09-14,2022-10-13,^GSPTSE,1,69.1,10.02,-5.64,15.66,-9.84,19
20|MX.TO|2022-09-14,20,Development,true,,MX.TO,2022-09-14,2022-10-13,^GSPTSE,2,68.1,5.12,-5.64,10.76,-15.26,5.12
20|GRT-UN.TO|2022-09-14,20,Development,true,,GRT-UN.TO,2022-09-14,2022-10-13,^GSPTSE,3,60.8,-9.65,-5.64,-4.01,-13.47,0.3
20|CSU.TO|2022-09-14,20,Development,true,,CSU.TO,2022-09-14,2022-10-13,^GSPTSE,4,60.3,-7.28,-5.64,-1.64,-7.3,2
20|CAR-UN.TO|2022-09-14,20,Development,true,,CAR-UN.TO,2022-09-14,2022-10-13,^GSPTSE,5,59.2,-6.67,-5.64,-1.03,-8.77,0.18
20|HR-UN.TO|2022-09-14,20,Development,true,,HR-UN.TO,2022-09-14,2022-10-13,^GSPTSE,6,58.8,-12.24,-5.64,-6.6,-16.32,-0.08
20|AP-UN.TO|2022-09-15,20,Development,true,,AP-UN.TO,2022-09-15,2022-10-14,^GSPTSE,3,61.9,-12.34,-6.31,-6.03,-14.44,-0.77
20|CSH-UN.TO|2022-09-16,20,Development,true,,CSH-UN.TO,2022-09-16,2022-10-17,^GSPTSE,2,65.6,-13.31,-3.95,-9.37,-15.38,-0.2
20|CAE.TO|2022-09-16,20,Development,true,,CAE.TO,2022-09-16,2022-10-17,^GSPTSE,4,62.6,0.73,-3.95,4.68,-8.83,0.73
20|AIF.TO|2022-09-16,20,Development,true,,AIF.TO,2022-09-16,2022-10-17,^GSPTSE,5,59.3,-2.58,-3.95,1.37,-9.17,-0.51
20|NTR.TO|2022-09-19,20,Development,true,,NTR.TO,2022-09-19,2022-10-18,^GSPTSE,1,73.5,-4.87,-3.91,-0.96,-8.51,1
20|VET.TO|2022-09-19,20,Development,true,,VET.TO,2022-09-19,2022-10-18,^GSPTSE,2,70.1,-5.83,-3.91,-1.92,-16.57,6.37
20|GOOS.TO|2022-09-19,20,Development,true,,GOOS.TO,2022-09-19,2022-10-18,^GSPTSE,3,62.7,3.29,-3.91,7.2,-10.13,3.29
20|BB.TO|2022-09-19,20,Development,true,,BB.TO,2022-09-19,2022-10-18,^GSPTSE,5,59.7,-20.97,-3.91,-17.06,-27.39,-2.1
20|CG.TO|2022-09-20,20,Development,true,,CG.TO,2022-09-20,2022-10-19,^GSPTSE,1,69,5.6,-3.58,9.19,-8.58,20.67
20|EIF.TO|2022-09-20,20,Development,true,,EIF.TO,2022-09-20,2022-10-19,^GSPTSE,3,66,-6.62,-3.58,-3.04,-11.93,-2.54
20|CTC-A.TO|2022-09-21,20,Development,true,,CTC-A.TO,2022-09-21,2022-10-20,^GSPTSE,1,66.8,-5.23,-3.15,-2.07,-6.35,-0.81
20|MFC.TO|2022-09-21,20,Development,true,,MFC.TO,2022-09-21,2022-10-20,^GSPTSE,2,65.8,-3.73,-3.15,-0.58,-5.69,1.42
20|DIR-UN.TO|2022-09-21,20,Development,true,,DIR-UN.TO,2022-09-21,2022-10-20,^GSPTSE,3,65.7,-6.65,-3.15,-3.49,-8.85,-1.73
20|REI-UN.TO|2022-09-21,20,Development,true,,REI-UN.TO,2022-09-21,2022-10-20,^GSPTSE,4,64.9,-3.96,-3.15,-0.81,-7.49,-0.35
20|FSV.TO|2022-09-21,20,Development,true,,FSV.TO,2022-09-21,2022-10-20,^GSPTSE,5,62.1,3.74,-3.15,6.89,-2.68,12.4
20|CAR-UN.TO|2022-09-21,20,Development,true,,CAR-UN.TO,2022-09-21,2022-10-20,^GSPTSE,6,61.2,-7.04,-3.15,-3.89,-7.51,0.84
20|TECK-B.TO|2022-09-22,20,Development,true,,TECK-B.TO,2022-09-22,2022-10-21,^GSPTSE,1,70.2,13.38,-0.75,14.12,-7.34,13.38
20|L.TO|2022-09-22,20,Development,true,,L.TO,2022-09-22,2022-10-21,^GSPTSE,3,66.8,-1.27,-0.75,-0.52,-5.22,0.09
20|CM.TO|2022-09-22,20,Development,true,,CM.TO,2022-09-22,2022-10-21,^GSPTSE,4,64,-3.09,-0.75,-2.35,-8.68,1.5
20|FTS.TO|2022-09-22,20,Development,true,,FTS.TO,2022-09-22,2022-10-21,^GSPTSE,5,63.5,-8.9,-0.75,-8.16,-12.92,-0.14
20|LSPD.TO|2022-09-23,20,Development,true,,LSPD.TO,2022-09-23,2022-10-24,^GSPTSE,2,63.3,8.58,2.37,6.21,-2.19,18.56
20|DIR-UN.TO|2022-09-23,20,Development,true,,DIR-UN.TO,2022-09-23,2022-10-24,^GSPTSE,3,59.9,-0.64,2.37,-3,-4.59,2.86
20|CAR-UN.TO|2022-09-23,20,Development,true,,CAR-UN.TO,2022-09-23,2022-10-24,^GSPTSE,4,59.2,-1.03,2.37,-3.4,-4.47,4.15
20|DSG.TO|2022-09-23,20,Development,true,,DSG.TO,2022-09-23,2022-10-24,^GSPTSE,5,58.6,7.62,2.37,5.25,2.84,14.03
20|CM.TO|2022-09-26,20,Development,true,,CM.TO,2022-09-26,2022-10-25,^GSPTSE,1,72.5,-0.58,4.2,-4.78,-7.3,3.04
20|AEM.TO|2022-09-26,20,Development,true,,AEM.TO,2022-09-26,2022-10-25,^GSPTSE,2,68.2,13.49,4.2,9.29,0.29,20.51
20|FSV.TO|2022-09-26,20,Development,true,,FSV.TO,2022-09-26,2022-10-25,^GSPTSE,3,67.5,9.69,4.2,5.49,1.72,12.93
20|GOOS.TO|2022-09-26,20,Development,true,,GOOS.TO,2022-09-26,2022-10-25,^GSPTSE,6,59.7,10.28,4.2,6.08,-5.23,10.28
20|CTC-A.TO|2022-09-27,20,Development,true,,CTC-A.TO,2022-09-27,2022-10-26,^GSPTSE,2,70.8,4.41,5.31,-0.9,-1.75,4.41
20|LSPD.TO|2022-09-27,20,Development,true,,LSPD.TO,2022-09-27,2022-10-26,^GSPTSE,4,69.3,8.48,5.31,3.17,-0.09,15.33
20|ABX.TO|2022-09-27,20,Development,true,,ABX.TO,2022-09-27,2022-10-26,^GSPTSE,5,68.3,9.86,5.31,4.55,1.5,14.61
20|T.TO|2022-09-27,20,Development,true,,T.TO,2022-09-27,2022-10-26,^GSPTSE,6,63.1,1.39,5.31,-3.92,-4.93,1.93
20|DOO.TO|2022-09-28,20,Development,true,,DOO.TO,2022-09-28,2022-10-27,^GSPTSE,2,67.6,3.09,3.77,-0.68,-7.69,3.09
20|CAR-UN.TO|2022-09-28,20,Development,true,,CAR-UN.TO,2022-09-28,2022-10-27,^GSPTSE,3,62.5,3.5,3.77,-0.27,-4.06,4.6
20|FTT.TO|2022-09-28,20,Development,true,,FTT.TO,2022-09-28,2022-10-27,^GSPTSE,4,61.2,12.37,3.77,8.6,-2.42,12.37
20|GOOS.TO|2022-09-28,20,Development,true,,GOOS.TO,2022-09-28,2022-10-27,^GSPTSE,5,59.4,-1.22,3.77,-4.99,-8.73,6.21
20|REI-UN.TO|2022-09-28,20,Development,true,,REI-UN.TO,2022-09-28,2022-10-27,^GSPTSE,6,59.4,6.46,3.77,2.69,-1.52,6.46
20|PPL.TO|2022-09-29,20,Development,true,,PPL.TO,2022-09-29,2022-10-28,^GSPTSE,2,63.1,5.27,5.58,-0.31,-1.16,6.06
20|EIF.TO|2022-09-29,20,Development,true,,EIF.TO,2022-09-29,2022-10-28,^GSPTSE,3,60.7,10.83,5.58,5.25,-0.5,10.83
20|TIH.TO|2022-09-29,20,Development,true,,TIH.TO,2022-09-29,2022-10-28,^GSPTSE,4,59.5,7.67,5.58,2.09,-0.05,7.67
20|IGM.TO|2022-09-30,20,Development,true,,IGM.TO,2022-09-30,2022-10-31,^GSPTSE,1,71.6,5.96,5.32,0.63,-0.58,7.47
20|CTC-A.TO|2022-09-30,20,Development,true,,CTC-A.TO,2022-09-30,2022-10-31,^GSPTSE,2,69.1,4.95,5.32,-0.38,-1.29,5.71
20|TSLA.TO|2022-09-30,20,Development,true,,TSLA.TO,2022-09-30,2022-10-31,^IXIC,3,68,-14.92,3.9,-18.82,-22.83,-6.02
20|BYD.TO|2022-09-30,20,Development,true,,BYD.TO,2022-09-30,2022-10-31,^GSPTSE,4,66,11.45,5.32,6.12,-2.28,12.5
20|ATS.TO|2022-09-30,20,Development,true,,ATS.TO,2022-09-30,2022-10-31,^GSPTSE,5,62.8,18.21,5.32,12.89,9.38,27.7
20|CHP-UN.TO|2022-09-30,20,Development,true,,CHP-UN.TO,2022-09-30,2022-10-31,^GSPTSE,6,62.6,4.46,5.32,-0.86,-2.22,5.58
20|DOO.TO|2022-10-03,20,Development,true,,DOO.TO,2022-10-03,2022-11-01,^GSPTSE,1,69.3,4.6,3.37,1.23,-6.24,7.38
20|GIL.TO|2022-10-03,20,Development,true,,GIL.TO,2022-10-03,2022-11-01,^GSPTSE,2,69,9.05,3.37,5.68,0.71,11.26
20|CRR-UN.TO|2022-10-03,20,Development,true,,CRR-UN.TO,2022-10-03,2022-11-01,^GSPTSE,3,62.1,3.88,3.37,0.5,-5.02,4.57
20|KMP-UN.TO|2022-10-03,20,Development,true,,KMP-UN.TO,2022-10-03,2022-11-01,^GSPTSE,5,61.5,1.4,3.37,-1.97,-4.99,3.45
20|BEPC.TO|2022-10-03,20,Development,true,,BEPC.TO,2022-10-03,2022-11-01,^GSPTSE,6,61.1,-7.31,3.37,-10.68,-12.88,0.17
20|L.TO|2022-10-07,20,Development,true,,L.TO,2022-10-07,2022-11-07,^GSPTSE,1,65.6,4.6,5.18,-0.58,-0.27,5.8
20|BNS.TO|2022-10-07,20,Development,true,,BNS.TO,2022-10-07,2022-11-07,^GSPTSE,2,64.8,2.1,5.18,-3.08,-1.4,2.59
20|TA.TO|2022-10-07,20,Development,true,,TA.TO,2022-10-07,2022-11-07,^GSPTSE,3,64.1,3.06,5.18,-2.12,-5.95,6.47
20|KEY.TO|2022-10-07,20,Development,true,,KEY.TO,2022-10-07,2022-11-07,^GSPTSE,4,62.6,3.13,5.18,-2.05,-3.83,3.13
20|CHP-UN.TO|2022-10-07,20,Development,true,,CHP-UN.TO,2022-10-07,2022-11-07,^GSPTSE,5,62,11.54,5.18,6.36,-0.97,11.54
20|GEI.TO|2022-10-07,20,Development,true,,GEI.TO,2022-10-07,2022-11-07,^GSPTSE,6,61.2,9.29,5.18,4.11,-2.76,9.29
20|NTR.TO|2022-10-11,20,Development,true,,NTR.TO,2022-10-11,2022-11-08,^GSPTSE,1,67,-8.25,7.92,-16.17,-14.01,4.5
20|CIGI.TO|2022-10-11,20,Development,true,,CIGI.TO,2022-10-11,2022-11-08,^GSPTSE,2,62.1,-3.4,7.92,-11.32,-6.2,7.75
20|CTC-A.TO|2022-10-12,20,Development,true,,CTC-A.TO,2022-10-12,2022-11-09,^GSPTSE,1,67.6,2.25,6.25,-4.01,-0.72,5.05
20|MFI.TO|2022-10-12,20,Development,true,,MFI.TO,2022-10-12,2022-11-09,^GSPTSE,2,65.3,10.75,6.25,4.5,-3.88,10.75
20|TRP.TO|2022-10-13,20,Development,true,,TRP.TO,2022-10-13,2022-11-10,^GSPTSE,3,65.2,10.81,7.4,3.41,-1.37,10.81
20|BNS.TO|2022-10-13,20,Development,true,,BNS.TO,2022-10-13,2022-11-10,^GSPTSE,4,62.5,4.81,7.4,-2.58,-2.91,4.81
20|KEY.TO|2022-10-13,20,Development,true,,KEY.TO,2022-10-13,2022-11-10,^GSPTSE,5,59.3,0.78,7.4,-6.61,-1.14,5.14
20|ATRL.TO|2022-10-13,20,Development,true,,ATRL.TO,2022-10-13,2022-11-10,^GSPTSE,6,58.9,6.12,7.4,-1.27,-1.72,6.12
20|AIF.TO|2022-10-14,20,Development,true,,AIF.TO,2022-10-14,2022-11-11,^GSPTSE,2,67.6,17.31,9.74,7.57,0.95,17.31
20|BMO.TO|2022-10-14,20,Development,true,,BMO.TO,2022-10-14,2022-11-11,^GSPTSE,3,62.2,12.5,9.74,2.76,0.76,12.5
20|PPL.TO|2022-10-17,20,Development,true,,PPL.TO,2022-10-17,2022-11-14,^GSPTSE,1,62.4,7.84,6.99,0.86,0.58,8.15
20|ENB.TO|2022-10-17,20,Development,true,,ENB.TO,2022-10-17,2022-11-14,^GSPTSE,2,60.5,6.79,6.99,-0.2,0.71,9.11
20|LIF.TO|2022-10-17,20,Development,true,,LIF.TO,2022-10-17,2022-11-14,^GSPTSE,3,59.1,16,6.99,9.01,1.75,16
20|KNT.TO|2022-10-18,20,Development,true,,KNT.TO,2022-10-18,2022-11-15,^GSPTSE,1,61.6,5.09,6.37,-1.28,-11.19,10.76
20|CAR-UN.TO|2022-10-20,20,Development,true,,CAR-UN.TO,2022-10-20,2022-11-17,^GSPTSE,1,63.7,7.01,7.03,-0.01,2.8,11.77
20|SSRM.TO|2022-10-20,20,Development,true,,SSRM.TO,2022-10-20,2022-11-17,^GSPTSE,2,59.9,2.89,7.03,-4.13,-3.32,9.3
20|RCH.TO|2022-10-21,20,Development,true,,RCH.TO,2022-10-21,2022-11-18,^GSPTSE,1,82.4,3.46,5.94,-2.48,-1.52,6.8
20|CTC-A.TO|2022-10-21,20,Development,true,,CTC-A.TO,2022-10-21,2022-11-18,^GSPTSE,2,72.6,0.09,5.94,-5.85,-1.06,6.13
20|DOO.TO|2022-10-21,20,Development,true,,DOO.TO,2022-10-21,2022-11-18,^GSPTSE,3,61.6,12.56,5.94,6.62,2.06,12.99
20|MFI.TO|2022-10-21,20,Development,true,,MFI.TO,2022-10-21,2022-11-18,^GSPTSE,4,60.5,20.28,5.94,14.34,-1.71,21.64
20|CAR-UN.TO|2022-10-24,20,Development,true,,CAR-UN.TO,2022-10-24,2022-11-21,^GSPTSE,1,60.4,5.32,5.6,-0.28,1.09,8.43
20|KNT.TO|2022-10-24,20,Development,true,,KNT.TO,2022-10-24,2022-11-21,^GSPTSE,2,59.7,2.65,5.6,-2.95,-10.01,12.22
20|CS.TO|2022-10-25,20,Development,true,,CS.TO,2022-10-25,2022-11-22,^GSPTSE,1,62,51.33,5.88,45.45,4.67,58.33
20|MFI.TO|2022-10-26,20,Development,true,,MFI.TO,2022-10-26,2022-11-23,^GSPTSE,1,63.2,22,5.2,16.81,-4.25,22
20|PBH.TO|2022-10-27,20,Development,true,,PBH.TO,2022-10-27,2022-11-24,^GSPTSE,1,60.6,4.07,5.13,-1.06,-3.67,4.07
20|ARE.TO|2022-10-31,20,Development,true,,ARE.TO,2022-10-31,2022-11-28,^GSPTSE,1,76,0.93,4.09,-3.16,-4.04,5.8
20|NFI.TO|2022-11-03,20,Development,true,,NFI.TO,2022-11-03,2022-12-01,^GSPTSE,1,61,11.15,6.67,4.47,0.23,15.99
20|MFI.TO|2022-11-03,20,Development,true,,MFI.TO,2022-11-03,2022-12-01,^GSPTSE,2,60.1,24.85,6.67,18.18,-2.88,26.19
20|BHC.TO|2022-11-03,20,Development,true,,BHC.TO,2022-11-03,2022-12-01,^GSPTSE,3,59.8,16.57,6.67,9.9,0,16.57
20|AP-UN.TO|2022-11-04,20,Development,true,,AP-UN.TO,2022-11-04,2022-12-02,^GSPTSE,1,62.9,1.21,5.33,-4.11,-3.88,4.99
20|PBH.TO|2022-11-04,20,Development,true,,PBH.TO,2022-11-04,2022-12-02,^GSPTSE,3,60,7.83,5.33,2.5,-1.21,8.31
20|ALA.TO|2022-11-08,20,Development,true,,ALA.TO,2022-11-08,2022-12-06,^GSPTSE,2,59.1,2.5,1.68,0.82,-3.92,2.76
20|AP-UN.TO|2022-11-10,20,Development,true,,AP-UN.TO,2022-11-10,2022-12-08,^GSPTSE,1,65.7,4.93,-0.11,5.03,-1.81,5.19
20|GIL.TO|2022-11-10,20,Development,true,,GIL.TO,2022-11-10,2022-12-08,^GSPTSE,2,59.9,6.22,-0.11,6.32,-0.43,7.41
20|GIL.TO|2022-11-15,20,Development,true,,GIL.TO,2022-11-15,2022-12-13,^GSPTSE,1,59.2,1.97,0.14,1.83,-2.85,4.79
20|SPB.TO|2022-11-17,20,Development,true,,SPB.TO,2022-11-17,2022-12-15,^GSPTSE,1,58.9,2.43,-1.43,3.86,-0.01,5.08
20|BEP-UN.TO|2022-11-21,20,Development,true,,BEP-UN.TO,2022-11-21,2022-12-19,^GSPTSE,1,64.9,-6.23,-3.89,-2.34,-6.23,3.43
20|SIA.TO|2022-11-21,20,Development,true,,SIA.TO,2022-11-21,2022-12-19,^GSPTSE,2,64.1,-5.66,-3.89,-1.77,-5.66,3.5
20|CTC-A.TO|2022-11-21,20,Development,true,,CTC-A.TO,2022-11-21,2022-12-19,^GSPTSE,3,59.2,-3.99,-3.89,-0.1,-3.99,5.65
20|ATS.TO|2022-11-22,20,Development,true,,ATS.TO,2022-11-22,2022-12-20,^GSPTSE,1,61.6,3.97,-4.52,8.49,2.52,11.14
20|BHC.TO|2022-11-23,20,Development,true,,BHC.TO,2022-11-23,2022-12-21,^GSPTSE,1,59.1,4.21,-3.51,7.71,-0.33,18.27
20|NPI.TO|2022-12-02,20,Development,true,,NPI.TO,2022-12-02,2023-01-04,^GSPTSE,1,64,0.16,-4.38,4.54,-1.51,5.73
20|WDO.TO|2022-12-05,20,Development,true,,WDO.TO,2022-12-05,2023-01-05,^GSPTSE,1,60,-2.16,-3.63,1.47,-12.62,1.2
20|NTR.TO|2022-12-06,20,Development,true,,NTR.TO,2022-12-06,2023-01-06,^GSPTSE,1,60.3,-0.93,-0.88,-0.05,-7.57,0.08
20|BIP-UN.TO|2022-12-08,20,Development,true,,BIP-UN.TO,2022-12-08,2023-01-10,^GSPTSE,1,60.3,-5.84,-0.35,-5.49,-13.45,-0.34
20|NXE.TO|2022-12-12,20,Development,true,,NXE.TO,2022-12-12,2023-01-12,^GSPTSE,1,58.8,11.27,0.96,10.31,-4.4,11.27
20|WDO.TO|2022-12-13,20,Development,true,,WDO.TO,2022-12-13,2023-01-13,^GSPTSE,1,64.2,-1.36,1.68,-3.05,-9.8,2.48
20|DPM.TO|2022-12-15,20,Development,true,,DPM.TO,2022-12-15,2023-01-17,^GSPTSE,1,71.6,29.52,4.37,25.15,1.95,32.14
20|NXE.TO|2022-12-16,20,Development,true,,NXE.TO,2022-12-16,2023-01-18,^GSPTSE,1,82.5,8.26,4.8,3.46,-2.51,13.46
20|CIGI.TO|2022-12-16,20,Development,true,,CIGI.TO,2022-12-16,2023-01-18,^GSPTSE,3,73.2,11.79,4.8,6.99,-2.13,11.79
20|BEPC.TO|2022-12-16,20,Development,true,,BEPC.TO,2022-12-16,2023-01-18,^GSPTSE,4,66.4,1.32,4.8,-3.48,-11.31,1.32
20|ONEX.TO|2022-12-16,20,Development,true,,ONEX.TO,2022-12-16,2023-01-18,^GSPTSE,5,65.4,4.38,4.8,-0.42,-2.88,4.82
20|ARX.TO|2022-12-19,20,Development,true,,ARX.TO,2022-12-19,2023-01-19,^GSPTSE,1,61.9,-3.79,5.94,-9.73,-8.25,6.61
20|CVE.TO|2022-12-19,20,Development,true,,CVE.TO,2022-12-19,2023-01-19,^GSPTSE,2,59.9,4.19,5.94,-1.75,0.29,7.84
20|FRU.TO|2022-12-19,20,Development,true,,FRU.TO,2022-12-19,2023-01-19,^GSPTSE,3,59.2,3.15,5.94,-2.79,-1.99,5.7
20|CCO.TO|2022-12-20,20,Development,true,,CCO.TO,2022-12-20,2023-01-20,^GSPTSE,1,74.1,18.65,6.2,12.45,1.35,18.65
20|LUG.TO|2022-12-20,20,Development,true,,LUG.TO,2022-12-20,2023-01-20,^GSPTSE,2,72.6,20.88,6.2,14.69,2.41,23.21
20|NXE.TO|2022-12-20,20,Development,true,,NXE.TO,2022-12-20,2023-01-20,^GSPTSE,4,65.6,13.5,6.2,7.31,2.74,15.33
20|ONEX.TO|2022-12-20,20,Development,true,,ONEX.TO,2022-12-20,2023-01-20,^GSPTSE,5,62.4,7.16,6.2,0.97,-0.38,7.52
20|CCL-B.TO|2022-12-20,20,Development,true,,CCL-B.TO,2022-12-20,2023-01-20,^GSPTSE,6,59.4,5.33,6.2,-0.87,-0.22,5.33
20|CIGI.TO|2022-12-21,20,Development,true,,CIGI.TO,2022-12-21,2023-01-23,^GSPTSE,2,73.1,13.27,5.42,7.85,-2.04,13.27
20|CSH-UN.TO|2022-12-21,20,Development,true,,CSH-UN.TO,2022-12-21,2023-01-23,^GSPTSE,3,69.9,22.91,5.42,17.49,0,22.91
20|SIA.TO|2022-12-21,20,Development,true,,SIA.TO,2022-12-21,2023-01-23,^GSPTSE,4,67.1,12.45,5.42,7.03,-1.66,12.45
20|SHOP.TO|2022-12-21,20,Development,true,,SHOP.TO,2022-12-21,2023-01-23,^GSPTSE,6,65.8,19.59,5.42,14.17,-9.87,19.59
20|IVN.TO|2022-12-22,20,Development,true,,IVN.TO,2022-12-22,2023-01-24,^GSPTSE,1,65.3,19.69,6.61,13.08,0.68,20.17
20|GIL.TO|2022-12-22,20,Development,true,,GIL.TO,2022-12-22,2023-01-24,^GSPTSE,2,62.7,10.41,6.61,3.8,-2.14,13.32
20|SII.TO|2022-12-22,20,Development,true,,SII.TO,2022-12-22,2023-01-24,^GSPTSE,4,59.9,19.89,6.61,13.27,-0.71,22.91
20|WFG.TO|2022-12-23,20,Development,true,,WFG.TO,2022-12-23,2023-01-25,^GSPTSE,1,59.6,11.55,5.6,5.95,0.9,11.55
20|GRT-UN.TO|2022-12-23,20,Development,true,,GRT-UN.TO,2022-12-23,2023-01-25,^GSPTSE,2,58.9,14.3,5.6,8.7,-3.76,14.88
20|IMO.TO|2022-12-28,20,Development,true,,IMO.TO,2022-12-28,2023-01-26,^GSPTSE,1,60.1,10.98,7.34,3.64,-4.34,10.98
20|GEI.TO|2022-12-29,20,Development,true,,GEI.TO,2022-12-29,2023-01-27,^GSPTSE,1,63.7,1.87,6.31,-4.44,-2.33,6.57
20|GIL.TO|2022-12-29,20,Development,true,,GIL.TO,2022-12-29,2023-01-27,^GSPTSE,2,58.9,9.72,6.31,3.42,0.68,13.44
20|ATZ.TO|2023-01-04,20,Development,true,,ATZ.TO,2023-01-04,2023-02-01,^GSPTSE,1,59.5,2.76,5.93,-3.17,-4.44,8.89
20|FRU.TO|2023-01-06,20,Development,true,,FRU.TO,2023-01-06,2023-02-03,^GSPTSE,1,60.6,4.38,4.76,-0.38,-0.93,7.8
20|ARX.TO|2023-01-11,20,Development,true,,ARX.TO,2023-01-11,2023-02-08,^GSPTSE,1,59.7,-3.58,3.27,-6.85,-6.91,6.91
20|ATZ.TO|2023-01-19,20,Development,true,,ATZ.TO,2023-01-19,2023-02-16,^GSPTSE,1,75.5,-2.35,1.3,-3.66,-7.9,4.41
20|CJT.TO|2023-01-20,20,Development,true,,CJT.TO,2023-01-20,2023-02-17,^GSPTSE,2,64.6,12.92,0.06,12.87,1.69,16.07
20|WCN.TO|2023-01-23,20,Development,true,,WCN.TO,2023-01-23,2023-02-21,^GSPTSE,1,58.7,5.91,-1.84,7.75,0.45,6.14
20|CJT.TO|2023-01-25,20,Development,true,,CJT.TO,2023-01-25,2023-02-23,^GSPTSE,1,58.8,8.61,-2,10.61,2.26,14.14
20|KNT.TO|2023-01-30,20,Development,true,,KNT.TO,2023-01-30,2023-02-28,^GSPTSE,1,59.7,-1.33,-1.71,0.38,-9.28,3.18
20|AAV.TO|2023-01-31,20,Development,true,,AAV.TO,2023-01-31,2023-03-01,^GSPTSE,1,61.7,-1.33,-2.44,1.12,-6.02,3.98
20|BIR.TO|2023-02-01,20,Development,true,,BIR.TO,2023-02-01,2023-03-02,^GSPTSE,1,61.3,2.99,-1.99,4.99,-5.38,5.38
20|MRU.TO|2023-02-09,20,Development,true,,MRU.TO,2023-02-09,2023-03-10,^GSPTSE,1,61.8,-2.84,-4,1.15,-2.84,1.75
20|OGC.TO|2023-02-14,20,Development,true,,OGC.TO,2023-02-14,2023-03-15,^GSPTSE,1,62.9,14.09,-6.4,20.49,-5.24,14.84
20|ATZ.TO|2023-02-14,20,Development,true,,ATZ.TO,2023-02-14,2023-03-15,^GSPTSE,2,62.8,-10.19,-6.4,-3.79,-10.19,4.03
20|BEPC.TO|2023-02-22,20,Development,true,,BEPC.TO,2023-02-22,2023-03-22,^GSPTSE,1,65.9,11,-3.27,14.27,-2.96,11.72
20|WDO.TO|2023-02-23,20,Development,true,,WDO.TO,2023-02-23,2023-03-23,^GSPTSE,1,64,20.62,-3.61,24.22,0.81,20.62
20|TPZ.TO|2023-02-23,20,Development,true,,TPZ.TO,2023-02-23,2023-03-23,^GSPTSE,2,60.9,-1.85,-3.61,1.76,-5.08,1.64
20|PPL.TO|2023-02-27,20,Development,true,,PPL.TO,2023-02-27,2023-03-27,^GSPTSE,1,65,-5.46,-3.14,-2.32,-6.95,2.17
20|BEPC.TO|2023-03-01,20,Development,true,,BEPC.TO,2023-03-01,2023-03-29,^GSPTSE,1,59.6,18.9,-2.08,20.98,2.86,18.9
20|TRP.TO|2023-03-02,20,Development,true,,TRP.TO,2023-03-02,2023-03-30,^GSPTSE,1,67.6,-3.56,-1.95,-1.61,-8.02,1.26
20|CSH-UN.TO|2023-03-03,20,Development,true,,CSH-UN.TO,2023-03-03,2023-03-31,^GSPTSE,1,64.4,-6.4,-2.34,-4.06,-9.25,2.29
20|SIA.TO|2023-03-07,20,Development,true,,SIA.TO,2023-03-07,2023-04-04,^GSPTSE,1,65.5,-4.77,0,-4.77,-6.9,-1.16
20|TPZ.TO|2023-03-08,20,Development,true,,TPZ.TO,2023-03-08,2023-04-05,^GSPTSE,1,70.2,0.02,-0.92,0.94,-4.45,2.23
20|REI-UN.TO|2023-03-09,20,Development,true,,REI-UN.TO,2023-03-09,2023-04-06,^GSPTSE,1,67.2,-2.46,0.55,-3.01,-8.21,-1.54
20|VET.TO|2023-03-09,20,Development,true,,VET.TO,2023-03-09,2023-04-06,^GSPTSE,2,62.9,-3.48,0.55,-4.03,-10.48,1.67
20|DFY.TO|2023-03-10,20,Development,true,,DFY.TO,2023-03-10,2023-04-10,^GSPTSE,1,73.7,3.65,2.53,1.12,-1.93,3.65
20|CPX.TO|2023-03-13,20,Development,true,,CPX.TO,2023-03-13,2023-04-11,^GSPTSE,1,66.9,7.37,4.25,3.12,-2.47,7.62
20|SIA.TO|2023-03-13,20,Development,true,,SIA.TO,2023-03-13,2023-04-11,^GSPTSE,2,64.7,1.85,4.25,-2.41,-4.5,1.85
20|REI-UN.TO|2023-03-14,20,Development,true,,REI-UN.TO,2023-03-14,2023-04-12,^GSPTSE,2,69.4,2.78,3.86,-1.08,-6.73,2.78
20|QSR.TO|2023-03-14,20,Development,true,,QSR.TO,2023-03-14,2023-04-12,^GSPTSE,4,63.2,8.06,3.86,4.2,0.13,9.55
20|HBM.TO|2023-03-14,20,Development,true,,HBM.TO,2023-03-14,2023-04-12,^GSPTSE,5,61.6,9.89,3.86,6.03,-5.34,11.3
20|FTT.TO|2023-03-14,20,Development,true,,FTT.TO,2023-03-14,2023-04-12,^GSPTSE,6,59.6,-0.03,3.86,-3.89,-5.81,1.66
20|FM.TO|2023-03-16,20,Development,true,,FM.TO,2023-03-16,2023-04-14,^GSPTSE,1,76.7,33.83,5.33,28.51,0.89,34.84
20|CPX.TO|2023-03-16,20,Development,true,,CPX.TO,2023-03-16,2023-04-14,^GSPTSE,2,72.7,6.94,5.33,1.62,-2.63,8.46
20|DFY.TO|2023-03-16,20,Development,true,,DFY.TO,2023-03-16,2023-04-14,^GSPTSE,3,70.9,6.55,5.33,1.22,0.29,6.55
20|TPZ.TO|2023-03-16,20,Development,true,,TPZ.TO,2023-03-16,2023-04-14,^GSPTSE,4,69.5,2.02,5.33,-3.3,-0.69,3.68
20|CS.TO|2023-03-16,20,Development,true,,CS.TO,2023-03-16,2023-04-14,^GSPTSE,5,64.6,16,5.33,10.67,-3.3,16
20|RCI-B.TO|2023-03-16,20,Development,true,,RCI-B.TO,2023-03-16,2023-04-14,^GSPTSE,6,62.1,7.93,5.33,2.61,0.69,7.93
20|EFX.TO|2023-03-17,20,Development,true,,EFX.TO,2023-03-17,2023-04-17,^GSPTSE,1,66,3.3,6.47,-3.17,-5.45,5.45
20|TSU.TO|2023-03-17,20,Development,true,,TSU.TO,2023-03-17,2023-04-17,^GSPTSE,2,62.9,-0.97,6.47,-7.44,-3.64,3.08
20|PSK.TO|2023-03-17,20,Development,true,,PSK.TO,2023-03-17,2023-04-17,^GSPTSE,3,59.8,6.98,6.47,0.51,1.8,8.99
20|LNR.TO|2023-03-17,20,Development,true,,LNR.TO,2023-03-17,2023-04-17,^GSPTSE,4,59.6,7.05,6.47,0.58,-1.62,7.05
20|CM.TO|2023-03-17,20,Development,true,,CM.TO,2023-03-17,2023-04-17,^GSPTSE,5,59.3,3.2,6.47,-3.27,-0.63,3.2
20|MX.TO|2023-03-17,20,Development,true,,MX.TO,2023-03-17,2023-04-17,^GSPTSE,6,59.3,2.51,6.47,-3.96,-1.82,5.94
20|ONEX.TO|2023-03-20,20,Development,true,,ONEX.TO,2023-03-20,2023-04-18,^GSPTSE,1,74.2,-3.12,5.97,-9.09,-7.04,0.8
20|BBD-B.TO|2023-03-20,20,Development,true,,BBD-B.TO,2023-03-20,2023-04-18,^GSPTSE,2,69,21.81,5.97,15.84,3.71,28.6
20|VET.TO|2023-03-20,20,Development,true,,VET.TO,2023-03-20,2023-04-18,^GSPTSE,3,66.7,8.98,5.97,3.01,-1,8.98
20|IMO.TO|2023-03-20,20,Development,true,,IMO.TO,2023-03-20,2023-04-18,^GSPTSE,5,63.8,15.06,5.97,9.09,-0.16,17.31
20|MG.TO|2023-03-20,20,Development,true,,MG.TO,2023-03-20,2023-04-18,^GSPTSE,6,62.7,6.5,5.97,0.53,0.19,6.5
20|EFX.TO|2023-03-21,20,Development,true,,EFX.TO,2023-03-21,2023-04-19,^GSPTSE,2,65,2.71,5.22,-2.51,-3.62,7.49
20|PPL.TO|2023-03-21,20,Development,true,,PPL.TO,2023-03-21,2023-04-19,^GSPTSE,4,63.1,3.96,5.22,-1.25,-2.36,5.64
20|ALA.TO|2023-03-21,20,Development,true,,ALA.TO,2023-03-21,2023-04-19,^GSPTSE,5,62.8,1.75,5.22,-3.47,-3.86,3.23
20|TSU.TO|2023-03-21,20,Development,true,,TSU.TO,2023-03-21,2023-04-19,^GSPTSE,6,62.2,1.83,5.22,-3.39,-2.46,4.35
20|TFPM.TO|2023-03-22,20,Development,true,,TFPM.TO,2023-03-22,2023-04-20,^GSPTSE,2,65.5,24.72,5.62,19.1,3.91,28.29
20|FRU.TO|2023-03-22,20,Development,true,,FRU.TO,2023-03-22,2023-04-20,^GSPTSE,4,60.6,4.41,5.62,-1.21,-1.54,8.06
20|NA.TO|2023-03-22,20,Development,true,,NA.TO,2023-03-22,2023-04-20,^GSPTSE,5,60.6,4.74,5.62,-0.89,-1.94,4.74
20|BIR.TO|2023-03-23,20,Development,true,,BIR.TO,2023-03-23,2023-04-21,^GSPTSE,1,75.8,2.95,6.34,-3.39,-3.21,5.38
20|TSU.TO|2023-03-23,20,Development,true,,TSU.TO,2023-03-23,2023-04-21,^GSPTSE,3,66.2,1.28,6.34,-5.06,0.1,6.06
20|MG.TO|2023-03-23,20,Development,true,,MG.TO,2023-03-23,2023-04-21,^GSPTSE,4,64.6,1.58,6.34,-4.75,-1.56,4.64
20|CAR-UN.TO|2023-03-23,20,Development,true,,CAR-UN.TO,2023-03-23,2023-04-21,^GSPTSE,5,62.9,5.17,6.34,-1.17,1.22,5.17
20|RY.TO|2023-03-23,20,Development,true,,RY.TO,2023-03-23,2023-04-21,^GSPTSE,6,62.4,6.48,6.34,0.14,-0.2,6.48
20|CS.TO|2023-03-24,20,Development,true,,CS.TO,2023-03-24,2023-04-24,^GSPTSE,1,79,15.04,6.03,9.02,-0.35,27.61
20|NA.TO|2023-03-24,20,Development,true,,NA.TO,2023-03-24,2023-04-24,^GSPTSE,3,60.8,6.86,6.03,0.84,0.58,7.07
20|AAV.TO|2023-03-24,20,Development,true,,AAV.TO,2023-03-24,2023-04-24,^GSPTSE,4,60.5,-2.53,6.03,-8.56,-4.31,0
20|IPCO.TO|2023-03-27,20,Development,true,,IPCO.TO,2023-03-27,2023-04-25,^GSPTSE,5,58.7,3.86,4.15,-0.3,0.08,9.64
20|GOOS.TO|2023-03-29,20,Development,true,,GOOS.TO,2023-03-29,2023-04-27,^GSPTSE,1,59.3,7.44,3.45,3.99,0.2,9.24
20|ONEX.TO|2023-03-29,20,Development,true,,ONEX.TO,2023-03-29,2023-04-27,^GSPTSE,2,59.1,-2.01,3.45,-5.46,-2.87,3.41
20|SIA.TO|2023-04-05,20,Development,true,,SIA.TO,2023-04-05,2023-05-04,^GSPTSE,1,68.1,1.57,0.39,1.18,0.56,3.36
20|MX.TO|2023-04-05,20,Development,true,,MX.TO,2023-04-05,2023-05-04,^GSPTSE,2,65.5,-2.8,0.39,-3.19,-2.8,5.69
20|MG.TO|2023-04-06,20,Development,true,,MG.TO,2023-04-06,2023-05-05,^GSPTSE,1,72.2,4.83,1.71,3.12,-1.41,6.28
20|MX.TO|2023-04-10,20,Development,true,,MX.TO,2023-04-10,2023-05-08,^GSPTSE,2,64,-1.51,1.53,-3.04,-3.01,5.47
20|TD.TO|2023-04-10,20,Development,true,,TD.TO,2023-04-10,2023-05-08,^GSPTSE,3,63,2.87,1.53,1.35,0.62,4.44
20|LIF.TO|2023-04-10,20,Development,true,,LIF.TO,2023-04-10,2023-05-08,^GSPTSE,4,62.4,-4.99,1.53,-6.52,-10.11,3.94
20|EFN.TO|2023-04-10,20,Development,true,,EFN.TO,2023-04-10,2023-05-08,^GSPTSE,5,59.9,0,1.53,-1.53,-3.35,1.14
20|SSRM.TO|2023-04-25,20,Development,true,,SSRM.TO,2023-04-25,2023-05-24,^GSPTSE,1,62.3,3.28,-2.51,5.79,-4.18,14.28
20|SU.TO|2023-04-27,20,Development,true,,SU.TO,2023-04-27,2023-05-26,^GSPTSE,1,64.6,-5.89,-2.93,-2.95,-8.06,2.74
20|MX.TO|2023-04-27,20,Development,true,,MX.TO,2023-04-27,2023-05-26,^GSPTSE,2,63.7,-5.29,-2.93,-2.35,-6.65,2.48
20|VET.TO|2023-04-27,20,Development,true,,VET.TO,2023-04-27,2023-05-26,^GSPTSE,3,58.9,-4.84,-2.93,-1.9,-7.2,3.75
20|HBM.TO|2023-04-28,20,Development,true,,HBM.TO,2023-04-28,2023-05-29,^GSPTSE,1,62.8,-11.05,-3.24,-7.81,-13.11,4.57
20|CJT.TO|2023-05-01,20,Development,true,,CJT.TO,2023-05-01,2023-05-30,^GSPTSE,1,65.1,-1.16,-4.25,3.08,-2.3,6.89
20|ONEX.TO|2023-05-02,20,Development,true,,ONEX.TO,2023-05-02,2023-05-31,^GSPTSE,1,63.6,-0.85,-4.09,3.24,-4.26,2.32
20|BN.TO|2023-05-03,20,Development,true,,BN.TO,2023-05-03,2023-06-01,^GSPTSE,1,67.5,-2.11,-3.35,1.24,-3.07,2.47
20|HBM.TO|2023-05-03,20,Development,true,,HBM.TO,2023-05-03,2023-06-01,^GSPTSE,2,60.1,-11.46,-3.35,-8.11,-13.54,5.65
20|AP-UN.TO|2023-05-04,20,Development,true,,AP-UN.TO,2023-05-04,2023-06-02,^GSPTSE,2,60.7,5.09,-1.06,6.15,2.38,5.09
20|MX.TO|2023-05-04,20,Development,true,,MX.TO,2023-05-04,2023-06-02,^GSPTSE,3,60.6,1.37,-1.06,2.43,-4.98,1.92
20|ONEX.TO|2023-05-05,20,Development,true,,ONEX.TO,2023-05-05,2023-06-05,^GSPTSE,2,64.2,0.6,-2.97,3.58,-2.94,3.73
20|TFII.TO|2023-05-09,20,Development,true,,TFII.TO,2023-05-09,2023-06-07,^GSPTSE,1,58.8,2.4,-2.92,5.33,0.69,4.42
20|KNT.TO|2023-05-09,20,Development,true,,KNT.TO,2023-05-09,2023-06-07,^GSPTSE,2,58.6,-13.35,-2.92,-10.43,-13.35,-1.06
20|GIL.TO|2023-05-10,20,Development,true,,GIL.TO,2023-05-10,2023-06-08,^GSPTSE,1,64,-1.23,-2.72,1.49,-7.87,2.84
20|MG.TO|2023-05-10,20,Development,true,,MG.TO,2023-05-10,2023-06-08,^GSPTSE,2,62.8,1.28,-2.72,3.99,-6.06,2.24
20|CIGI.TO|2023-05-10,20,Development,true,,CIGI.TO,2023-05-10,2023-06-08,^GSPTSE,4,59.7,9.57,-2.72,12.29,0.19,10.22
20|LB.TO|2023-05-11,20,Development,true,,LB.TO,2023-05-11,2023-06-09,^GSPTSE,1,67.7,6.34,-2.57,8.91,-2.36,6.83
20|ONEX.TO|2023-05-15,20,Development,true,,ONEX.TO,2023-05-15,2023-06-13,^GSPTSE,1,64.7,15.06,-2.68,17.74,-1.43,15.06
20|FVI.TO|2023-05-16,20,Development,true,,FVI.TO,2023-05-16,2023-06-14,^GSPTSE,1,65,-8.07,-1.12,-6.95,-8.9,-1.04
20|BN.TO|2023-05-16,20,Development,true,,BN.TO,2023-05-16,2023-06-14,^GSPTSE,2,61.3,8.49,-1.12,9.61,0.3,8.49
20|MFI.TO|2023-05-16,20,Development,true,,MFI.TO,2023-05-16,2023-06-14,^GSPTSE,3,60.6,3.87,-1.12,4.99,-6.48,3.91
20|CNQ.TO|2023-05-17,20,Development,true,,CNQ.TO,2023-05-17,2023-06-15,^GSPTSE,2,66.7,-1.21,-1.33,0.11,-2.93,4.13
20|SU.TO|2023-05-17,20,Development,true,,SU.TO,2023-05-17,2023-06-15,^GSPTSE,4,63.2,5.32,-1.33,6.64,-1.2,6.63
20|TXG.TO|2023-05-19,20,Development,true,,TXG.TO,2023-05-19,2023-06-19,^GSPTSE,1,64.8,-6.29,-2.05,-4.24,-6.29,9.86
20|OGC.TO|2023-05-19,20,Development,true,,OGC.TO,2023-05-19,2023-06-19,^GSPTSE,2,64.1,-3.86,-2.05,-1.81,-3.86,6.67
20|FVI.TO|2023-05-19,20,Development,true,,FVI.TO,2023-05-19,2023-06-19,^GSPTSE,3,63,-7.96,-2.05,-5.91,-7.96,2.8
20|OGC.TO|2023-05-24,20,Development,true,,OGC.TO,2023-05-24,2023-06-21,^GSPTSE,1,63.5,-4.66,-1.11,-3.55,-4.66,8.96
20|PET.TO|2023-05-24,20,Development,true,,PET.TO,2023-05-24,2023-06-21,^GSPTSE,2,60.5,-7.58,-1.11,-6.46,-8.26,-0.83
20|EQX.TO|2023-05-24,20,Development,true,,EQX.TO,2023-05-24,2023-06-21,^GSPTSE,3,59.7,-7.72,-1.11,-6.6,-8.5,4.25
20|LUG.TO|2023-05-26,20,Development,true,,LUG.TO,2023-05-26,2023-06-23,^GSPTSE,1,77.2,-8.65,-2.52,-6.13,-9.66,2.29
20|LSPD.TO|2023-05-26,20,Development,true,,LSPD.TO,2023-05-26,2023-06-23,^GSPTSE,2,76.3,13.47,-2.52,16,2.06,25.23
20|IMG.TO|2023-05-26,20,Development,true,,IMG.TO,2023-05-26,2023-06-23,^GSPTSE,4,65.4,-7.1,-2.52,-4.58,-7.65,10.38
20|CNQ.TO|2023-05-26,20,Development,true,,CNQ.TO,2023-05-26,2023-06-23,^GSPTSE,5,63,-6.07,-2.52,-3.55,-6.07,0.44
20|DPM.TO|2023-05-26,20,Development,true,,DPM.TO,2023-05-26,2023-06-23,^GSPTSE,6,60.5,-6.17,-2.52,-3.65,-7.23,3.09
20|WN.TO|2023-05-29,20,Development,true,,WN.TO,2023-05-29,2023-06-26,^GSPTSE,5,62.4,-4.96,-1.91,-3.05,-7.5,-1.31
20|EQX.TO|2023-05-29,20,Development,true,,EQX.TO,2023-05-29,2023-06-26,^GSPTSE,6,59.3,-0.97,-1.91,0.94,-6.29,6.77
20|BTO.TO|2023-05-31,20,Development,true,,BTO.TO,2023-05-31,2023-06-28,^GSPTSE,1,73.1,-8.35,1.26,-9.61,-8.35,2.19
20|CIGI.TO|2023-05-31,20,Development,true,,CIGI.TO,2023-05-31,2023-06-28,^GSPTSE,2,66.2,0.53,1.26,-0.73,-2.58,7.01
20|K.TO|2023-05-31,20,Development,true,,K.TO,2023-05-31,2023-06-28,^GSPTSE,3,66,-4.53,1.26,-5.79,-5.31,2.66
20|DPM.TO|2023-05-31,20,Development,true,,DPM.TO,2023-05-31,2023-06-28,^GSPTSE,4,64.2,-7.81,1.26,-9.07,-7.81,3.64
20|IMO.TO|2023-06-01,20,Development,true,,IMO.TO,2023-06-01,2023-06-29,^GSPTSE,1,86.9,7.69,1.22,6.47,1.12,7.69
20|CNQ.TO|2023-06-01,20,Development,true,,CNQ.TO,2023-06-01,2023-06-29,^GSPTSE,2,69,1.11,1.22,-0.12,-3.53,1.96
20|BTE.TO|2023-06-01,20,Development,true,,BTE.TO,2023-06-01,2023-06-29,^GSPTSE,3,67.7,-3.39,1.22,-4.61,-11.96,6.32
20|WCP.TO|2023-06-01,20,Development,true,,WCP.TO,2023-06-01,2023-06-29,^GSPTSE,4,66.3,-1.08,1.22,-2.31,-4.18,4.28
20|QBR-B.TO|2023-06-02,20,Development,true,,QBR-B.TO,2023-06-02,2023-06-30,^GSPTSE,2,70.6,0.52,0.65,-0.13,-2.96,3.02
20|LNR.TO|2023-06-02,20,Development,true,,LNR.TO,2023-06-02,2023-06-30,^GSPTSE,3,61.8,11.64,0.65,10.99,2.18,14.18
20|CTC-A.TO|2023-06-02,20,Development,true,,CTC-A.TO,2023-06-02,2023-06-30,^GSPTSE,4,59.8,7.62,0.65,6.97,-0.56,7.62
20|LUG.TO|2023-06-05,20,Development,true,,LUG.TO,2023-06-05,2023-07-04,^GSPTSE,1,77.7,-4.33,1.37,-5.71,-9.5,1.12
20|WCP.TO|2023-06-05,20,Development,true,,WCP.TO,2023-06-05,2023-07-04,^GSPTSE,2,66.6,-2.81,1.37,-4.18,-7.16,1.04
20|AGI.TO|2023-06-05,20,Development,true,,AGI.TO,2023-06-05,2023-07-04,^GSPTSE,5,60.3,-4.26,1.37,-5.63,-8.65,1.26
20|K.TO|2023-06-05,20,Development,true,,K.TO,2023-06-05,2023-07-04,^GSPTSE,6,60,-2.75,1.37,-4.12,-7.34,-0.61
20|GRT-UN.TO|2023-06-06,20,Development,true,,GRT-UN.TO,2023-06-06,2023-07-05,^GSPTSE,1,68,-3.11,0.24,-3.35,-11.51,0.7
20|KNT.TO|2023-06-08,20,Development,true,,KNT.TO,2023-06-08,2023-07-07,^GSPTSE,1,65.5,-4.89,-0.56,-4.33,-6.91,2.36
20|CAE.TO|2023-06-09,20,Development,true,,CAE.TO,2023-06-09,2023-07-10,^GSPTSE,1,70.6,3.13,-0.35,3.48,-0.5,7.51
20|WCP.TO|2023-06-09,20,Development,true,,WCP.TO,2023-06-09,2023-07-10,^GSPTSE,2,68.7,-0.31,-0.35,0.04,-6.67,-0.31
20|AGI.TO|2023-06-09,20,Development,true,,AGI.TO,2023-06-09,2023-07-10,^GSPTSE,3,61.2,-3.5,-0.35,-3.15,-7.88,1.76
20|ATZ.TO|2023-06-12,20,Development,true,,ATZ.TO,2023-06-12,2023-07-11,^GSPTSE,1,71.8,-4.05,-0.21,-3.84,-4.05,5.99
20|POU.TO|2023-06-12,20,Development,true,,POU.TO,2023-06-12,2023-07-11,^GSPTSE,2,62.9,-0.33,-0.21,-0.12,-2.74,2.56
20|PEY.TO|2023-06-13,20,Development,true,,PEY.TO,2023-06-13,2023-07-12,^GSPTSE,1,64.4,8.99,0.4,8.59,-1.48,9.37
20|WCP.TO|2023-06-13,20,Development,true,,WCP.TO,2023-06-13,2023-07-12,^GSPTSE,2,61.6,1.79,0.4,1.39,-6.28,1.79
20|NPI.TO|2023-06-13,20,Development,true,,NPI.TO,2023-06-13,2023-07-12,^GSPTSE,3,61.5,-6.71,0.4,-7.11,-7.21,-1.66
20|TFII.TO|2023-06-14,20,Development,true,,TFII.TO,2023-06-14,2023-07-13,^GSPTSE,1,64.6,2.51,1.31,1.19,-2.07,8.47
20|POU.TO|2023-06-15,20,Development,true,,POU.TO,2023-06-15,2023-07-14,^GSPTSE,1,79.1,-0.61,1.17,-1.78,-3.38,1.88
20|TVE.TO|2023-06-15,20,Development,true,,TVE.TO,2023-06-15,2023-07-14,^GSPTSE,2,63.6,10.79,1.17,9.62,-7.6,13.23
20|PEY.TO|2023-06-15,20,Development,true,,PEY.TO,2023-06-15,2023-07-14,^GSPTSE,3,63.4,3.24,1.17,2.06,-3.28,7.38
20|PAAS.TO|2023-06-16,20,Development,true,,PAAS.TO,2023-06-16,2023-07-17,^GSPTSE,1,69.3,4.48,1.26,3.22,-7.78,4.48
20|DPM.TO|2023-06-16,20,Development,true,,DPM.TO,2023-06-16,2023-07-17,^GSPTSE,2,67.7,8.74,1.26,7.49,-4.65,8.74
20|LUG.TO|2023-06-16,20,Development,true,,LUG.TO,2023-06-16,2023-07-17,^GSPTSE,3,67.2,11.61,1.26,10.35,-4.27,11.61
20|OGC.TO|2023-06-16,20,Development,true,,OGC.TO,2023-06-16,2023-07-17,^GSPTSE,4,64.3,0,1.26,-1.26,-11.64,1.09
20|OR.TO|2023-06-16,20,Development,true,,OR.TO,2023-06-16,2023-07-17,^GSPTSE,5,64.1,-3.53,1.26,-4.79,-10.39,-0.19
20|NPI.TO|2023-06-16,20,Development,true,,NPI.TO,2023-06-16,2023-07-17,^GSPTSE,6,61.3,-1.97,1.26,-3.23,-4.71,0.99
20|CVE.TO|2023-06-19,20,Development,true,,CVE.TO,2023-06-19,2023-07-18,^GSPTSE,1,79.2,2.86,2.22,0.64,-3.86,6.5
20|BTE.TO|2023-06-19,20,Development,true,,BTE.TO,2023-06-19,2023-07-18,^GSPTSE,5,62,6.83,2.22,4.61,-11.16,6.83
20|AGI.TO|2023-06-19,20,Development,true,,AGI.TO,2023-06-19,2023-07-18,^GSPTSE,6,61.9,5.9,2.22,3.68,-5.83,5.9
20|CU.TO|2023-06-20,20,Development,true,,CU.TO,2023-06-20,2023-07-19,^GSPTSE,1,65.6,-2.51,3.73,-6.24,-4.79,-0.2
20|SDE.TO|2023-06-20,20,Development,true,,SDE.TO,2023-06-20,2023-07-19,^GSPTSE,2,62.6,-15.6,3.73,-19.33,-18.02,-2
20|CVE.TO|2023-06-21,20,Development,true,,CVE.TO,2023-06-21,2023-07-20,^GSPTSE,1,76.6,1.94,3.71,-1.77,-4.51,5.78
20|OR.TO|2023-06-21,20,Development,true,,OR.TO,2023-06-21,2023-07-20,^GSPTSE,2,68.5,-1.36,3.71,-5.07,-6.73,3.44
20|CNQ.TO|2023-06-21,20,Development,true,,CNQ.TO,2023-06-21,2023-07-20,^GSPTSE,3,66.9,5.95,3.71,2.24,-2.26,6.78
20|WPM.TO|2023-06-21,20,Development,true,,WPM.TO,2023-06-21,2023-07-20,^GSPTSE,5,62.2,3.08,3.71,-0.63,-1.73,5.36
20|LUG.TO|2023-06-21,20,Development,true,,LUG.TO,2023-06-21,2023-07-20,^GSPTSE,6,61.6,20.05,3.71,16.34,-0.91,21.22
20|WN.TO|2023-06-22,20,Development,true,,WN.TO,2023-06-22,2023-07-21,^GSPTSE,3,64,2.46,4.94,-2.48,-0.13,2.9
20|PAAS.TO|2023-06-22,20,Development,true,,PAAS.TO,2023-06-22,2023-07-21,^GSPTSE,4,63,14.65,4.94,9.71,-0.95,17.4
20|BTO.TO|2023-06-22,20,Development,true,,BTO.TO,2023-06-22,2023-07-21,^GSPTSE,5,62.3,3.47,4.94,-1.47,-1.08,8.24
20|ABX.TO|2023-06-23,20,Development,true,,ABX.TO,2023-06-23,2023-07-24,^GSPTSE,1,64.1,5.49,5.99,-0.51,0.05,7.15
20|MX.TO|2023-06-23,20,Development,true,,MX.TO,2023-06-23,2023-07-24,^GSPTSE,2,63.9,10.42,5.99,4.43,0.54,11.94
20|AEM.TO|2023-06-23,20,Development,true,,AEM.TO,2023-06-23,2023-07-24,^GSPTSE,3,62.3,5.36,5.99,-0.64,-0.86,9.46
20|FNV.TO|2023-06-23,20,Development,true,,FNV.TO,2023-06-23,2023-07-24,^GSPTSE,4,59.2,4.97,5.99,-1.03,-1.28,6.43
20|PET.TO|2023-06-26,20,Development,true,,PET.TO,2023-06-26,2023-07-25,^GSPTSE,1,68,-0.23,4.92,-5.15,-2.95,1.67
20|CAE.TO|2023-06-26,20,Development,true,,CAE.TO,2023-06-26,2023-07-25,^GSPTSE,2,65.4,4.89,4.92,-0.04,0.5,6.7
20|CVE.TO|2023-06-26,20,Development,true,,CVE.TO,2023-06-26,2023-07-25,^GSPTSE,3,65.4,9.98,4.92,5.06,-0.14,9.98
20|GRT-UN.TO|2023-06-26,20,Development,true,,GRT-UN.TO,2023-06-26,2023-07-25,^GSPTSE,4,64.5,6.21,4.92,1.29,2.61,7.54
20|ATZ.TO|2023-06-27,20,Development,true,,ATZ.TO,2023-06-27,2023-07-26,^GSPTSE,1,65.3,-27.17,4.2,-31.37,-28.72,4.91
20|AIF.TO|2023-06-28,20,Development,true,,AIF.TO,2023-06-28,2023-07-27,^GSPTSE,1,68,-1.16,2.86,-4.02,-1.39,1.75
20|SAP.TO|2023-06-29,20,Development,true,,SAP.TO,2023-06-29,2023-07-28,^GSPTSE,1,63.5,-6.04,3.04,-9.08,-6.68,0.68
20|BEPC.TO|2023-06-29,20,Development,true,,BEPC.TO,2023-06-29,2023-07-28,^GSPTSE,2,60.7,0.12,3.04,-2.92,-0.68,3.94
20|KNT.TO|2023-06-30,20,Development,true,,KNT.TO,2023-06-30,2023-07-31,^GSPTSE,1,61,8.35,2.34,6.01,-4,14.61
20|AGI.TO|2023-07-06,20,Development,true,,AGI.TO,2023-07-06,2023-08-03,^GSPTSE,1,60.5,-0.06,1.56,-1.63,-0.26,10.49
20|KNT.TO|2023-07-07,20,Development,true,,KNT.TO,2023-07-07,2023-08-04,^GSPTSE,1,65.8,8.51,2.04,6.47,4.43,16.84
20|FNV.TO|2023-07-07,20,Development,true,,FNV.TO,2023-07-07,2023-08-04,^GSPTSE,2,62.8,1.7,2.04,-0.34,0.21,6.05
20|WPM.TO|2023-07-10,20,Development,true,,WPM.TO,2023-07-10,2023-08-08,^GSPTSE,1,68.3,4.6,1.93,2.66,-0.8,7.04
20|CJT.TO|2023-07-10,20,Development,true,,CJT.TO,2023-07-10,2023-08-08,^GSPTSE,4,61.2,-1.19,1.93,-3.12,-2.39,1.71
20|BEPC.TO|2023-07-11,20,Development,true,,BEPC.TO,2023-07-11,2023-08-09,^GSPTSE,3,59.3,-6.37,2,-8.36,-9.15,3.29
20|NPI.TO|2023-07-13,20,Development,true,,NPI.TO,2023-07-13,2023-08-11,^GSPTSE,1,73.6,-14.75,0.64,-15.39,-14.75,2.13
20|JWEL.TO|2023-07-14,20,Development,true,,JWEL.TO,2023-07-14,2023-08-14,^GSPTSE,1,60.2,-6.57,0.14,-6.71,-8.06,6.85
20|IMO.TO|2023-07-18,20,Development,true,,IMO.TO,2023-07-18,2023-08-16,^GSPTSE,1,70.1,13.15,-2.34,15.5,-1.54,14.94
20|RCI-B.TO|2023-07-18,20,Development,true,,RCI-B.TO,2023-07-18,2023-08-16,^GSPTSE,2,64.6,-7.69,-2.34,-5.35,-7.69,3.01
20|JWEL.TO|2023-07-18,20,Development,true,,JWEL.TO,2023-07-18,2023-08-16,^GSPTSE,3,58.5,-10.18,-2.34,-7.84,-10.18,7.94
20|NWC.TO|2023-07-19,20,Development,true,,NWC.TO,2023-07-19,2023-08-17,^GSPTSE,1,61.1,-0.8,-3.31,2.51,-0.8,5.56
20|BB.TO|2023-07-21,20,Development,true,,BB.TO,2023-07-21,2023-08-21,^GSPTSE,1,60.1,-3.72,-3.71,-0.01,-4.69,9.22
20|RCI-B.TO|2023-07-28,20,Development,true,,RCI-B.TO,2023-07-28,2023-08-28,^GSPTSE,1,65.7,-6.05,-2.41,-3.64,-8.77,-0.5
20|TSLA.TO|2023-07-28,20,Development,true,,TSLA.TO,2023-07-28,2023-08-28,^IXIC,2,65.3,-10.63,-4.27,-6.36,-19.29,0.24
20|CG.TO|2023-08-02,20,Development,true,,CG.TO,2023-08-02,2023-08-31,^GSPTSE,1,70.4,2.76,0.37,2.4,-6.23,4.03
20|TXG.TO|2023-08-02,20,Development,true,,TXG.TO,2023-08-02,2023-08-31,^GSPTSE,2,60.3,-10.54,0.37,-10.91,-18.34,-2.46
20|K.TO|2023-08-03,20,Development,true,,K.TO,2023-08-03,2023-09-01,^GSPTSE,1,73.6,8.92,2.11,6.81,-0.95,10.35
20|RCI-B.TO|2023-08-03,20,Development,true,,RCI-B.TO,2023-08-03,2023-09-01,^GSPTSE,3,61,-0.27,2.11,-2.38,-4.91,1.43
20|ELD.TO|2023-08-03,20,Development,true,,ELD.TO,2023-08-03,2023-09-01,^GSPTSE,4,59.9,5.27,2.11,3.16,-4.79,5.27
20|AEM.TO|2023-08-03,20,Development,true,,AEM.TO,2023-08-03,2023-09-01,^GSPTSE,5,58.6,2.21,2.11,0.1,-3.72,3.02
20|NPI.TO|2023-08-09,20,Development,true,,NPI.TO,2023-08-09,2023-09-07,^GSPTSE,1,64.2,-1.35,-0.71,-0.64,-6.39,6.92
20|AGI.TO|2023-08-09,20,Development,true,,AGI.TO,2023-08-09,2023-09-07,^GSPTSE,2,62.2,5.28,-0.71,5.99,-3.73,12.81
20|CU.TO|2023-08-09,20,Development,true,,CU.TO,2023-08-09,2023-09-07,^GSPTSE,3,58.5,-1.87,-0.71,-1.16,-1.87,0.87
20|AMD.TO|2023-08-10,20,Development,true,,AMD.TO,2023-08-10,2023-09-08,^IXIC,1,67.8,-3.88,0.17,-4.05,-7.67,1.59
20|AC.TO|2023-08-11,20,Development,true,,AC.TO,2023-08-11,2023-09-11,^GSPTSE,1,68.2,-10.17,-1.1,-9.07,-10.17,-0.13
20|BBD-B.TO|2023-08-14,20,Development,true,,BBD-B.TO,2023-08-14,2023-09-12,^GSPTSE,1,67.4,-12.63,-0.33,-12.3,-12.63,-1.31
20|BB.TO|2023-08-14,20,Development,true,,BB.TO,2023-08-14,2023-09-12,^GSPTSE,2,62.6,16.48,-0.33,16.81,-4.85,23.1
20|JWEL.TO|2023-08-14,20,Development,true,,JWEL.TO,2023-08-14,2023-09-12,^GSPTSE,4,61.7,-2.57,-0.33,-2.24,-7.25,-1.67
20|AMD.TO|2023-08-15,20,Development,true,,AMD.TO,2023-08-15,2023-09-13,^IXIC,1,76.4,-3.33,1.34,-4.67,-8.56,-0.51
20|WELL.TO|2023-08-15,20,Development,true,,WELL.TO,2023-08-15,2023-09-13,^GSPTSE,2,65.1,-2.94,1.91,-4.85,-4.52,7.69
20|BEPC.TO|2023-08-16,20,Development,true,,BEPC.TO,2023-08-16,2023-09-14,^GSPTSE,1,59.8,0.36,3.36,-3,-6.95,4.6
20|CCL-B.TO|2023-08-16,20,Development,true,,CCL-B.TO,2023-08-16,2023-09-14,^GSPTSE,2,59.2,-5.52,3.36,-8.88,-6.95,-0.2
20|BIP-UN.TO|2023-08-17,20,Development,true,,BIP-UN.TO,2023-08-17,2023-09-15,^GSPTSE,1,59,4.18,4.09,0.09,-0.84,4.32
20|WELL.TO|2023-08-18,20,Development,true,,WELL.TO,2023-08-18,2023-09-18,^GSPTSE,1,73.4,3.05,3.4,-0.35,0.47,11.74
20|CTC-A.TO|2023-08-18,20,Development,true,,CTC-A.TO,2023-08-18,2023-09-18,^GSPTSE,2,64,-1.05,3.4,-4.46,-2.19,3.04
20|ERO.TO|2023-08-18,20,Development,true,,ERO.TO,2023-08-18,2023-09-18,^GSPTSE,3,59,-4.22,3.4,-7.63,-7.03,9.04
20|CS.TO|2023-08-21,20,Development,true,,CS.TO,2023-08-21,2023-09-19,^GSPTSE,1,67.3,-2.83,2.19,-5.02,-4.66,7.49
20|HBM.TO|2023-08-21,20,Development,true,,HBM.TO,2023-08-21,2023-09-19,^GSPTSE,2,60.9,-0.16,2.19,-2.35,-1.71,5.26
20|BIP-UN.TO|2023-08-21,20,Development,true,,BIP-UN.TO,2023-08-21,2023-09-19,^GSPTSE,3,59.5,-0.48,2.19,-2.68,-0.84,4.32
20|CG.TO|2023-08-22,20,Development,true,,CG.TO,2023-08-22,2023-09-20,^GSPTSE,1,67.2,-3.58,2.66,-6.23,-3.97,8.74
20|AMD.TO|2023-08-25,20,Development,true,,AMD.TO,2023-08-25,2023-09-25,^IXIC,1,63.2,-4.84,-2.35,-2.49,-6.05,8.43
20|GFL.TO|2023-08-28,20,Development,true,,GFL.TO,2023-08-28,2023-09-26,^GSPTSE,2,60.9,1.94,-2.34,4.29,-1.02,4.18
20|MSFT.TO|2023-08-30,20,Development,true,,MSFT.TO,2023-08-30,2023-09-28,^IXIC,1,66.3,-4.55,-5.84,1.29,-5.16,3.15
20|BEPC.TO|2023-09-01,20,Development,true,,BEPC.TO,2023-09-01,2023-10-02,^GSPTSE,1,62.1,-17.34,-6.66,-10.68,-17.34,0.9
20|CM.TO|2023-09-05,20,Development,true,,CM.TO,2023-09-05,2023-10-03,^GSPTSE,1,60.5,-5.44,-6.82,1.39,-5.44,2.64
20|BTO.TO|2023-09-06,20,Development,true,,BTO.TO,2023-09-06,2023-10-04,^GSPTSE,1,76.6,-5.31,-5.89,0.59,-6.77,4.82
20|KXS.TO|2023-09-07,20,Development,true,,KXS.TO,2023-09-07,2023-10-05,^GSPTSE,2,70.8,-6.29,-4.94,-1.35,-8.37,2.67
20|QSR.TO|2023-09-07,20,Development,true,,QSR.TO,2023-09-07,2023-10-05,^GSPTSE,3,66,-3.65,-4.94,1.29,-4.66,2.12
20|FM.TO|2023-09-07,20,Development,true,,FM.TO,2023-09-07,2023-10-05,^GSPTSE,4,62.4,-13.97,-4.94,-9.03,-14.03,3.62
20|BEP-UN.TO|2023-09-07,20,Development,true,,BEP-UN.TO,2023-09-07,2023-10-05,^GSPTSE,5,62,-12.89,-4.94,-7.95,-16.4,6.87
20|GOOS.TO|2023-09-07,20,Development,true,,GOOS.TO,2023-09-07,2023-10-05,^GSPTSE,6,61.7,-10.39,-4.94,-5.45,-10.39,2.39
20|FTT.TO|2023-09-08,20,Development,true,,FTT.TO,2023-09-08,2023-10-06,^GSPTSE,3,63.2,-5.99,-4.13,-1.86,-7.88,2.67
20|LUG.TO|2023-09-11,20,Development,true,,LUG.TO,2023-09-11,2023-10-10,^GSPTSE,1,63.6,0.93,-3.38,4.31,-1.93,8.12
20|BEPC.TO|2023-09-11,20,Development,true,,BEPC.TO,2023-09-11,2023-10-10,^GSPTSE,3,61.1,-10.27,-3.38,-6.9,-16.34,5.1
20|PET.TO|2023-09-12,20,Development,true,,PET.TO,2023-09-12,2023-10-11,^GSPTSE,1,65.9,-5.08,-2.77,-2.31,-8.65,-0.27
20|HBM.TO|2023-09-12,20,Development,true,,HBM.TO,2023-09-12,2023-10-11,^GSPTSE,3,63.2,0.31,-2.77,3.08,-7.13,5.27
20|GOOS.TO|2023-09-13,20,Development,true,,GOOS.TO,2023-09-13,2023-10-12,^GSPTSE,1,71.2,-12.23,-3.84,-8.39,-12.23,3.78
20|CTC-A.TO|2023-09-13,20,Development,true,,CTC-A.TO,2023-09-13,2023-10-12,^GSPTSE,3,58.7,-9.02,-3.84,-5.18,-9.02,1.19
20|DPM.TO|2023-09-14,20,Development,true,,DPM.TO,2023-09-14,2023-10-13,^GSPTSE,1,65.6,7.6,-5.37,12.97,-0.7,7.6
20|TXG.TO|2023-09-14,20,Development,true,,TXG.TO,2023-09-14,2023-10-13,^GSPTSE,2,65.6,3.26,-5.37,8.63,-6.59,6.02
20|EQB.TO|2023-09-14,20,Development,true,,EQB.TO,2023-09-14,2023-10-13,^GSPTSE,3,64.4,-3.92,-5.37,1.45,-5.15,1.52
20|LNR.TO|2023-09-14,20,Development,true,,LNR.TO,2023-09-14,2023-10-13,^GSPTSE,4,59.7,-3.02,-5.37,2.35,-3.71,1.38
20|CCL-B.TO|2023-09-14,20,Development,true,,CCL-B.TO,2023-09-14,2023-10-13,^GSPTSE,5,58.5,-2.83,-5.37,2.54,-3.06,0.35
20|ERO.TO|2023-09-15,20,Development,true,,ERO.TO,2023-09-15,2023-10-16,^GSPTSE,3,61.8,-20.61,-4.86,-15.76,-21.44,0.83
20|WELL.TO|2023-09-18,20,Development,true,,WELL.TO,2023-09-18,2023-10-17,^GSPTSE,1,64.7,-7.97,-3.9,-4.07,-11.16,0
20|EQB.TO|2023-09-18,20,Development,true,,EQB.TO,2023-09-18,2023-10-17,^GSPTSE,2,63.6,-0.09,-3.9,3.81,-3.97,2.77
20|TXG.TO|2023-09-18,20,Development,true,,TXG.TO,2023-09-18,2023-10-17,^GSPTSE,3,63.1,-1.91,-3.9,2,-10.16,1.98
20|BBD-B.TO|2023-09-18,20,Development,true,,BBD-B.TO,2023-09-18,2023-10-17,^GSPTSE,6,59.4,-9.28,-3.9,-5.38,-9.5,2.11
20|FM.TO|2023-09-20,20,Development,true,,FM.TO,2023-09-20,2023-10-19,^GSPTSE,1,82.3,-8.04,-4.28,-3.76,-11.81,-3
20|CS.TO|2023-09-20,20,Development,true,,CS.TO,2023-09-20,2023-10-19,^GSPTSE,2,70.4,-16.01,-4.28,-11.73,-16.01,-1.87
20|OR.TO|2023-09-20,20,Development,true,,OR.TO,2023-09-20,2023-10-19,^GSPTSE,3,67.5,-2.18,-4.28,2.1,-8.93,-1.45
20|NPI.TO|2023-09-20,20,Development,true,,NPI.TO,2023-09-20,2023-10-19,^GSPTSE,4,65.5,-13.55,-4.28,-9.27,-13.55,-0.47
20|CG.TO|2023-09-20,20,Development,true,,CG.TO,2023-09-20,2023-10-19,^GSPTSE,5,63.9,-6.59,-4.28,-2.31,-14.97,-1.37
20|AAPL.TO|2023-09-22,20,Development,true,,AAPL.TO,2023-09-22,2023-10-23,^IXIC,1,70.4,-1.04,-1.46,0.43,-2.53,3.22
20|NA.TO|2023-09-22,20,Development,true,,NA.TO,2023-09-22,2023-10-23,^GSPTSE,2,65.5,-7.26,-3.71,-3.55,-7.26,-0.59
20|LNR.TO|2023-09-22,20,Development,true,,LNR.TO,2023-09-22,2023-10-23,^GSPTSE,3,61.5,-2.41,-3.71,1.3,-2.85,3.93
20|LUN.TO|2023-09-25,20,Development,true,,LUN.TO,2023-09-25,2023-10-24,^GSPTSE,2,59.5,-12.48,-4.11,-8.36,-14.46,0.3
20|TA.TO|2023-09-25,20,Development,true,,TA.TO,2023-09-25,2023-10-24,^GSPTSE,3,58.9,-15.3,-4.11,-11.19,-15.3,1.54
20|BIP-UN.TO|2023-09-26,20,Development,true,,BIP-UN.TO,2023-09-26,2023-10-25,^GSPTSE,1,61.2,-24.51,-3.11,-21.4,-24.51,-1.68
20|WFG.TO|2023-09-26,20,Development,true,,WFG.TO,2023-09-26,2023-10-25,^GSPTSE,2,58.8,-8.75,-3.11,-5.64,-8.75,0.95
20|MSFT.TO|2023-09-27,20,Development,true,,MSFT.TO,2023-09-27,2023-10-26,^IXIC,1,68.3,4.83,-3.8,8.63,0.13,9.05
20|PBH.TO|2023-09-27,20,Development,true,,PBH.TO,2023-09-27,2023-10-26,^GSPTSE,2,62.6,-4.66,-2.88,-1.77,-4.66,1.56
20|MG.TO|2023-09-27,20,Development,true,,MG.TO,2023-09-27,2023-10-26,^GSPTSE,4,59.2,-3.53,-2.88,-0.64,-3.53,4.74
20|CJT.TO|2023-09-28,20,Development,true,,CJT.TO,2023-09-28,2023-10-27,^GSPTSE,2,67.8,-12.84,-4.36,-8.49,-13.62,2.34
20|FTT.TO|2023-09-28,20,Development,true,,FTT.TO,2023-09-28,2023-10-27,^GSPTSE,3,67,-7.03,-4.36,-2.67,-7.28,1.24
20|IVN.TO|2023-09-28,20,Development,true,,IVN.TO,2023-09-28,2023-10-27,^GSPTSE,4,66.7,-6.32,-4.36,-1.96,-9.82,2.11
20|GFL.TO|2023-09-28,20,Development,true,,GFL.TO,2023-09-28,2023-10-27,^GSPTSE,6,64.8,-9.2,-4.36,-4.85,-9.2,4.27
20|ELD.TO|2023-09-29,20,Development,true,,ELD.TO,2023-09-29,2023-10-30,^GSPTSE,3,66,24.09,-3.5,27.6,-5.12,24.09
20|OR.TO|2023-09-29,20,Development,true,,OR.TO,2023-09-29,2023-10-30,^GSPTSE,6,62.6,6.58,-3.5,10.09,-1.94,7.52
20|LNR.TO|2023-10-02,20,Development,true,,LNR.TO,2023-10-02,2023-10-31,^GSPTSE,1,66,-8.04,-1.58,-6.45,-8.04,3.37
20|MTL.TO|2023-10-02,20,Development,true,,MTL.TO,2023-10-02,2023-10-31,^GSPTSE,2,65,-0.75,-1.58,0.83,-0.83,4.88
20|AP-UN.TO|2023-10-02,20,Development,true,,AP-UN.TO,2023-10-02,2023-10-31,^GSPTSE,4,62.3,-9.49,-1.58,-7.91,-14.54,2.55
20|CJT.TO|2023-10-02,20,Development,true,,CJT.TO,2023-10-02,2023-10-31,^GSPTSE,6,60.6,-10.5,-1.58,-8.92,-10.85,5.62
20|BTO.TO|2023-10-03,20,Development,true,,BTO.TO,2023-10-03,2023-11-01,^GSPTSE,1,71.9,13.95,0.31,13.65,0.26,20.16
20|DPM.TO|2023-10-03,20,Development,true,,DPM.TO,2023-10-03,2023-11-01,^GSPTSE,2,71,13.57,0.31,13.26,-2.08,13.57
20|KXS.TO|2023-10-03,20,Development,true,,KXS.TO,2023-10-03,2023-11-01,^GSPTSE,4,69.3,-9.8,0.31,-10.1,-12.08,1.38
20|SSRM.TO|2023-10-03,20,Development,true,,SSRM.TO,2023-10-03,2023-11-01,^GSPTSE,5,68.2,-6.49,0.31,-6.79,-6.49,13.43
20|RCI-B.TO|2023-10-03,20,Development,true,,RCI-B.TO,2023-10-03,2023-11-01,^GSPTSE,6,67.9,3.19,0.31,2.88,-0.57,6.77
20|H.TO|2023-10-04,20,Development,true,,H.TO,2023-10-04,2023-11-02,^GSPTSE,1,72.8,10.17,3.11,7.06,0.62,10.17
20|ABX.TO|2023-10-04,20,Development,true,,ABX.TO,2023-10-04,2023-11-02,^GSPTSE,6,67.6,13.17,3.11,10.07,1.03,18.76
20|TSU.TO|2023-10-05,20,Development,true,,TSU.TO,2023-10-05,2023-11-03,^GSPTSE,3,69.8,11.47,3.59,7.88,-1.64,11.47
20|SSRM.TO|2023-10-05,20,Development,true,,SSRM.TO,2023-10-05,2023-11-03,^GSPTSE,5,65.9,-3.23,3.59,-6.82,-8.48,14.02
20|ATZ.TO|2023-10-05,20,Development,true,,ATZ.TO,2023-10-05,2023-11-03,^GSPTSE,6,65.3,6.32,3.59,2.73,-5.1,11.33
20|LUG.TO|2023-10-06,20,Development,true,,LUG.TO,2023-10-06,2023-11-06,^GSPTSE,1,72.7,13.75,2.59,11.17,1.27,19.96
20|EQB.TO|2023-10-06,20,Development,true,,EQB.TO,2023-10-06,2023-11-06,^GSPTSE,5,63.4,-0.69,2.59,-3.28,-9.68,0.72
20|BEPC.TO|2023-10-06,20,Development,true,,BEPC.TO,2023-10-06,2023-11-06,^GSPTSE,6,61.2,7.68,2.59,5.09,-0.73,9.08
20|RY.TO|2023-10-10,20,Development,true,,RY.TO,2023-10-10,2023-11-07,^GSPTSE,1,60.9,1.47,0.38,1.09,-4.93,1.86
20|EQB.TO|2023-10-11,20,Development,true,,EQB.TO,2023-10-11,2023-11-08,^GSPTSE,1,60.5,1.83,-0.68,2.51,-8.35,2.2
20|MG.TO|2023-10-13,20,Development,true,,MG.TO,2023-10-13,2023-11-10,^GSPTSE,1,69.8,1.84,0.98,0.85,-7.29,2.55
20|CTC-A.TO|2023-10-13,20,Development,true,,CTC-A.TO,2023-10-13,2023-11-10,^GSPTSE,2,65.1,0.9,0.98,-0.09,-3.81,4.48
20|CU.TO|2023-10-13,20,Development,true,,CU.TO,2023-10-13,2023-11-10,^GSPTSE,3,65.1,5.86,0.98,4.88,-2.82,7.86
20|CS.TO|2023-10-13,20,Development,true,,CS.TO,2023-10-13,2023-11-10,^GSPTSE,4,62.5,-13.13,0.98,-14.11,-13.13,1.35
20|EQB.TO|2023-10-13,20,Development,true,,EQB.TO,2023-10-13,2023-11-10,^GSPTSE,5,60.9,1.09,0.98,0.11,-7.89,2.74
20|POU.TO|2023-10-13,20,Development,true,,POU.TO,2023-10-13,2023-11-10,^GSPTSE,6,60.2,-4.48,0.98,-5.46,-5.97,11.31
20|BEP-UN.TO|2023-10-16,20,Development,true,,BEP-UN.TO,2023-10-16,2023-11-13,^GSPTSE,4,58.7,5.87,0.45,5.42,0.87,12.26
20|TA.TO|2023-10-16,20,Development,true,,TA.TO,2023-10-16,2023-11-13,^GSPTSE,5,58.6,-0.45,0.45,-0.9,-9.62,1.51
20|CCA.TO|2023-10-17,20,Development,true,,CCA.TO,2023-10-17,2023-11-14,^GSPTSE,2,64.4,-14.72,1.68,-16.4,-14.72,-1.7
20|CJT.TO|2023-10-17,20,Development,true,,CJT.TO,2023-10-17,2023-11-14,^GSPTSE,3,61.2,-0.52,1.68,-2.2,-8.98,1.57
20|RY.TO|2023-10-19,20,Development,true,,RY.TO,2023-10-19,2023-11-16,^GSPTSE,1,68.6,7.27,3.64,3.63,-2.85,7.38
20|MG.TO|2023-10-19,20,Development,true,,MG.TO,2023-10-19,2023-11-16,^GSPTSE,2,62.7,9.44,3.64,5.8,-4.51,10.5
20|CCL-B.TO|2023-10-19,20,Development,true,,CCL-B.TO,2023-10-19,2023-11-16,^GSPTSE,3,61.9,5.63,3.64,1.99,-2.81,5.79
20|SHOP.TO|2023-10-19,20,Development,true,,SHOP.TO,2023-10-19,2023-11-16,^GSPTSE,4,61.6,30.37,3.64,26.73,-9.49,30.59
20|IVN.TO|2023-10-19,20,Development,true,,IVN.TO,2023-10-19,2023-11-16,^GSPTSE,5,59.7,-1.19,3.64,-4.83,-8.09,0.18
20|CURA.TO|2023-10-19,20,Development,true,,CURA.TO,2023-10-19,2023-11-16,^GSPTSE,6,58.8,-7.84,3.64,-11.48,-29.61,-1.96
20|LNR.TO|2023-10-20,20,Development,true,,LNR.TO,2023-10-20,2023-11-17,^GSPTSE,2,62.9,-6.67,5.55,-12.22,-10.53,1.1
20|PBH.TO|2023-10-20,20,Development,true,,PBH.TO,2023-10-20,2023-11-17,^GSPTSE,4,58.9,0.42,5.55,-5.12,-2.9,1.07
20|SHOP.TO|2023-10-23,20,Development,true,,SHOP.TO,2023-10-23,2023-11-20,^GSPTSE,1,71.9,36.63,6.3,30.33,-7.89,36.63
20|AMZN.TO|2023-10-23,20,Development,true,,AMZN.TO,2023-10-23,2023-11-20,^IXIC,3,67.8,15.35,9.73,5.62,-5.62,15.35
20|TECK-B.TO|2023-10-23,20,Development,true,,TECK-B.TO,2023-10-23,2023-11-20,^GSPTSE,4,66.1,-6.24,6.3,-12.54,-10.63,-4.3
20|EMA.TO|2023-10-23,20,Development,true,,EMA.TO,2023-10-23,2023-11-20,^GSPTSE,5,62.6,9.94,6.3,3.64,0.58,10.32
20|CU.TO|2023-10-23,20,Development,true,,CU.TO,2023-10-23,2023-11-20,^GSPTSE,6,60.7,9.54,6.3,3.25,-0.38,11.83
20|KXS.TO|2023-10-24,20,Development,true,,KXS.TO,2023-10-24,2023-11-21,^GSPTSE,5,62,11.73,5.92,5.81,-3.62,11.78
20|IAG.TO|2023-10-25,20,Development,true,,IAG.TO,2023-10-25,2023-11-22,^GSPTSE,1,66.7,12.83,6.15,6.67,-1.73,12.83
20|FTT.TO|2023-10-25,20,Development,true,,FTT.TO,2023-10-25,2023-11-22,^GSPTSE,2,66,-6.01,6.15,-12.16,-7.52,2.32
20|MFC.TO|2023-10-25,20,Development,true,,MFC.TO,2023-10-25,2023-11-22,^GSPTSE,3,65.6,10.78,6.15,4.63,-0.38,10.95
20|RY.TO|2023-10-25,20,Development,true,,RY.TO,2023-10-25,2023-11-22,^GSPTSE,4,64.2,9.04,6.15,2.88,-0.59,10.47
20|CM.TO|2023-10-25,20,Development,true,,CM.TO,2023-10-25,2023-11-22,^GSPTSE,6,60.4,11.37,6.15,5.22,-0.08,12.68
20|LIF.TO|2023-10-26,20,Development,true,,LIF.TO,2023-10-26,2023-11-23,^GSPTSE,1,70.1,4.33,6.58,-2.25,-0.89,6.18
20|SLF.TO|2023-10-26,20,Development,true,,SLF.TO,2023-10-26,2023-11-23,^GSPTSE,4,66.8,10.93,6.58,4.35,-1.19,11.16
20|FTT.TO|2023-10-27,20,Development,true,,FTT.TO,2023-10-27,2023-11-24,^GSPTSE,1,71.8,-4.96,7.29,-12.25,-6.33,3.63
20|AAPL.TO|2023-10-27,20,Development,true,,AAPL.TO,2023-10-27,2023-11-24,^IXIC,2,70.5,12.89,12.72,0.17,1.12,14.36
20|NVDA.TO|2023-10-27,20,Development,true,,NVDA.TO,2023-10-27,2023-11-24,^IXIC,3,64.9,17.87,12.72,5.15,0.81,24.49
20|SRU-UN.TO|2023-10-27,20,Development,true,,SRU-UN.TO,2023-10-27,2023-11-24,^GSPTSE,4,62,8.49,7.29,1.2,1.06,11.9
20|IAG.TO|2023-10-30,20,Development,true,,IAG.TO,2023-10-30,2023-11-27,^GSPTSE,2,68,13.36,6.24,7.12,1.13,13.7
20|LSPD.TO|2023-10-30,20,Development,true,,LSPD.TO,2023-10-30,2023-11-27,^GSPTSE,5,62.8,28.63,6.24,22.39,-1.14,30.63
20|CAE.TO|2023-10-31,20,Development,true,,CAE.TO,2023-10-31,2023-11-28,^GSPTSE,3,68,-3.9,6.16,-10.07,-3.9,4.32
20|LIF.TO|2023-10-31,20,Development,true,,LIF.TO,2023-10-31,2023-11-28,^GSPTSE,4,64.7,2.75,6.16,-3.41,-1.61,5.41
20|BMO.TO|2023-10-31,20,Development,true,,BMO.TO,2023-10-31,2023-11-28,^GSPTSE,6,60.6,3.51,6.16,-2.65,0.02,6.91
20|FTT.TO|2023-11-01,20,Development,true,,FTT.TO,2023-11-01,2023-11-29,^GSPTSE,1,65.1,-7.3,5.44,-12.74,-7.44,4.3
20|NTR.TO|2023-11-01,20,Development,true,,NTR.TO,2023-11-01,2023-11-29,^GSPTSE,2,60.9,0.55,5.44,-4.89,-2.68,6.18
20|CCA.TO|2023-11-01,20,Development,true,,CCA.TO,2023-11-01,2023-11-29,^GSPTSE,4,58.5,-4.02,5.44,-9.46,-6.23,2.83
20|ATZ.TO|2023-11-02,20,Development,true,,ATZ.TO,2023-11-02,2023-11-30,^GSPTSE,1,68.2,22.93,3.11,19.83,9.86,22.93
20|ERO.TO|2023-11-02,20,Development,true,,ERO.TO,2023-11-02,2023-11-30,^GSPTSE,2,64.8,-10.11,3.11,-13.22,-14.09,-0.54
20|MG.TO|2023-11-02,20,Development,true,,MG.TO,2023-11-02,2023-11-30,^GSPTSE,3,62.6,9.49,3.11,6.39,6.07,15.42
20|LNR.TO|2023-11-02,20,Development,true,,LNR.TO,2023-11-02,2023-11-30,^GSPTSE,4,59.7,-4.8,3.11,-7.91,-6.42,5.75
20|NTR.TO|2023-11-03,20,Development,true,,NTR.TO,2023-11-03,2023-12-01,^GSPTSE,1,59.4,-2.3,3.17,-5.47,-5.58,3.68
20|PAAS.TO|2023-11-09,20,Development,true,,PAAS.TO,2023-11-09,2023-12-07,^GSPTSE,1,62.3,10.5,3.53,6.97,-3.91,16.24
20|FNV.TO|2023-11-09,20,Development,true,,FNV.TO,2023-11-09,2023-12-07,^GSPTSE,2,59.2,-11.66,3.53,-15.19,-12.06,0.43
20|POU.TO|2023-11-14,20,Development,true,,POU.TO,2023-11-14,2023-12-12,^GSPTSE,1,69.4,-9.04,1.05,-10.09,-9.78,-1.28
20|PBH.TO|2023-11-14,20,Development,true,,PBH.TO,2023-11-14,2023-12-12,^GSPTSE,2,59.4,0.39,1.05,-0.66,-2.25,2.65
20|CAE.TO|2023-11-15,20,Development,true,,CAE.TO,2023-11-15,2023-12-13,^GSPTSE,1,62,-2.42,2.85,-5.27,-7.16,1.3
20|KEL.TO|2023-11-16,20,Development,true,,KEL.TO,2023-11-16,2023-12-14,^GSPTSE,2,71.3,-18.4,3.62,-22.02,-22.75,3.65
20|LNR.TO|2023-11-17,20,Development,true,,LNR.TO,2023-11-17,2023-12-15,^GSPTSE,1,59.6,4.45,1.75,2.7,-2.84,6.35
20|TECK-B.TO|2023-11-21,20,Development,true,,TECK-B.TO,2023-11-21,2023-12-19,^GSPTSE,1,62.3,14.36,3.63,10.73,-2.22,14.36
20|WELL.TO|2023-11-22,20,Development,true,,WELL.TO,2023-11-22,2023-12-20,^GSPTSE,1,64.3,0.26,2.42,-2.16,-0.53,4.5
20|FTT.TO|2023-11-22,20,Development,true,,FTT.TO,2023-11-22,2023-12-20,^GSPTSE,2,63.6,7.52,2.42,5.1,-3.39,9.92
20|BHC.TO|2023-11-22,20,Development,true,,BHC.TO,2023-11-22,2023-12-20,^GSPTSE,3,62.5,3.19,2.42,0.77,-0.85,7.88
20|FTT.TO|2023-11-30,20,Development,true,,FTT.TO,2023-11-30,2024-01-02,^GSPTSE,1,59.3,10.95,3.14,7.81,0.17,12.72
20|NTR.TO|2023-12-04,20,Development,true,,NTR.TO,2023-12-04,2024-01-04,^GSPTSE,1,64,2.36,2.26,0.1,-2.65,4.4
20|DCBO.TO|2023-12-05,20,Development,true,,DCBO.TO,2023-12-05,2024-01-05,^GSPTSE,2,59.9,-3.35,2.76,-6.11,-3.35,14.46
20|TFII.TO|2023-12-13,20,Development,true,,TFII.TO,2023-12-13,2024-01-15,^GSPTSE,1,77.1,18.53,2.1,16.43,1.93,18.65
20|CVE.TO|2023-12-13,20,Development,true,,CVE.TO,2023-12-13,2024-01-15,^GSPTSE,2,60.6,-2.85,2.1,-4.95,-3.77,4.46
20|TA.TO|2023-12-13,20,Development,true,,TA.TO,2023-12-13,2024-01-15,^GSPTSE,3,59.7,-0.93,2.1,-3.03,-3.26,2.61
20|NTR.TO|2023-12-14,20,Development,true,,NTR.TO,2023-12-14,2024-01-16,^GSPTSE,1,67.8,-9.41,0.81,-10.23,-9.41,3.18
20|SSRM.TO|2023-12-21,20,Development,true,,SSRM.TO,2023-12-21,2024-01-23,^GSPTSE,1,61.3,-9.79,1.29,-11.09,-10.41,0.27
20|GIL.TO|2023-12-21,20,Development,true,,GIL.TO,2023-12-21,2024-01-23,^GSPTSE,2,59.5,-1.57,1.29,-2.86,-4.92,-0.45
20|EFR.TO|2023-12-29,20,Development,true,,EFR.TO,2023-12-29,2024-01-29,^GSPTSE,1,59.3,4,1.15,2.85,-4.95,12.53
20|BIR.TO|2024-01-11,20,Development,true,,BIR.TO,2024-01-11,2024-02-08,^GSPTSE,1,68.3,-8.08,0.01,-8.08,-20.27,4.47
20|HWX.TO|2024-01-12,20,Development,true,,HWX.TO,2024-01-12,2024-02-09,^GSPTSE,1,64.1,2.62,0.09,2.53,-1.64,5.9
20|WCP.TO|2024-01-12,20,Development,true,,WCP.TO,2024-01-12,2024-02-09,^GSPTSE,2,62,-4.08,0.09,-4.17,-5.9,1.13
20|PXT.TO|2024-01-17,20,Development,true,,PXT.TO,2024-01-17,2024-02-14,^GSPTSE,1,60.6,-7.39,0.94,-8.33,-8.11,4.14
20|POU.TO|2024-01-18,20,Development,true,,POU.TO,2024-01-18,2024-02-15,^GSPTSE,1,67.2,6.34,2.25,4.09,-3.01,6.34
20|CAR-UN.TO|2024-01-18,20,Development,true,,CAR-UN.TO,2024-01-18,2024-02-15,^GSPTSE,2,64.6,8.43,2.25,6.18,0.65,8.43
20|WCP.TO|2024-01-18,20,Development,true,,WCP.TO,2024-01-18,2024-02-15,^GSPTSE,3,59,4.14,2.25,1.9,-1.68,5.67
20|TA.TO|2024-01-19,20,Development,true,,TA.TO,2024-01-19,2024-02-16,^GSPTSE,1,60.7,-8.56,1.67,-10.23,-9.45,0.2
20|CAR-UN.TO|2024-01-22,20,Development,true,,CAR-UN.TO,2024-01-22,2024-02-20,^GSPTSE,1,64.4,5.54,1.4,4.14,-2.26,5.69
20|HWX.TO|2024-01-22,20,Development,true,,HWX.TO,2024-01-22,2024-02-20,^GSPTSE,2,62.3,5.86,1.4,4.46,-0.98,6.03
20|TVE.TO|2024-01-22,20,Development,true,,TVE.TO,2024-01-22,2024-02-20,^GSPTSE,3,61.8,2.05,1.4,0.65,-4.17,5.21
20|TOU.TO|2024-01-23,20,Development,true,,TOU.TO,2024-01-23,2024-02-21,^GSPTSE,1,66.6,3.16,0.66,2.5,-6.28,3.16
20|BTO.TO|2024-01-23,20,Development,true,,BTO.TO,2024-01-23,2024-02-21,^GSPTSE,3,65.1,-15.42,0.66,-16.08,-17.16,-5.72
20|K.TO|2024-01-23,20,Development,true,,K.TO,2024-01-23,2024-02-21,^GSPTSE,4,61.4,-10.41,0.66,-11.07,-10.41,2.67
20|TA.TO|2024-01-25,20,Development,true,,TA.TO,2024-01-25,2024-02-23,^GSPTSE,1,60.3,-0.6,1.48,-2.08,-7.63,1.61
20|BB.TO|2024-01-31,20,Development,true,,BB.TO,2024-01-31,2024-02-29,^GSPTSE,1,62,0.8,1.63,-0.83,-7.69,1.86
20|FNV.TO|2024-02-06,20,Development,true,,FNV.TO,2024-02-06,2024-03-06,^GSPTSE,1,83.1,2.68,3.04,-0.35,-1.44,6.14
20|FM.TO|2024-02-12,20,Development,true,,FM.TO,2024-02-12,2024-03-12,^GSPTSE,1,65.6,9.17,3.63,5.55,-4.05,14.96
20|EMA.TO|2024-02-12,20,Development,true,,EMA.TO,2024-02-12,2024-03-12,^GSPTSE,2,60.1,3.54,3.63,-0.08,-1.7,3.67
20|TXG.TO|2024-02-14,20,Development,true,,TXG.TO,2024-02-14,2024-03-14,^GSPTSE,1,68.4,37.35,4.5,32.85,1.97,37.35
20|CNQ.TO|2024-02-14,20,Development,true,,CNQ.TO,2024-02-14,2024-03-14,^GSPTSE,2,65.8,23.67,4.5,19.17,4.12,23.67
20|FM.TO|2024-02-14,20,Development,true,,FM.TO,2024-02-14,2024-03-14,^GSPTSE,3,63.9,20.07,4.5,15.57,-0.85,26.9
20|FNV.TO|2024-02-14,20,Development,true,,FNV.TO,2024-02-14,2024-03-14,^GSPTSE,4,62,7.89,4.5,3.39,-1.33,9.01
20|K.TO|2024-02-15,20,Development,true,,K.TO,2024-02-15,2024-03-15,^GSPTSE,2,59.1,12.06,2.95,9.11,-5.93,12.06
20|DPM.TO|2024-02-16,20,Development,true,,DPM.TO,2024-02-16,2024-03-18,^GSPTSE,1,67.7,21.97,2.74,19.23,4.13,24.39
20|AGI.TO|2024-02-16,20,Development,true,,AGI.TO,2024-02-16,2024-03-18,^GSPTSE,2,59.3,15.19,2.74,12.45,-2.09,18.24
20|SHOP.TO|2024-02-22,20,Development,true,,SHOP.TO,2024-02-22,2024-03-21,^GSPTSE,1,62.5,6.42,3.61,2.82,-1.29,8.41
20|FTT.TO|2024-02-23,20,Development,true,,FTT.TO,2024-02-23,2024-03-22,^GSPTSE,1,59,7.34,2.67,4.68,-1.35,7.66
20|CURA.TO|2024-02-28,20,Development,true,,CURA.TO,2024-02-28,2024-03-27,^GSPTSE,1,63.9,12.75,4.06,8.68,-20.94,12.75
20|AQN.TO|2024-02-28,20,Development,true,,AQN.TO,2024-02-28,2024-03-27,^GSPTSE,2,61.1,9.87,4.06,5.81,0.64,10.32
20|PAAS.TO|2024-02-29,20,Development,true,,PAAS.TO,2024-02-29,2024-03-28,^GSPTSE,1,62.8,22.25,3.76,18.49,4.59,22.25
20|TA.TO|2024-02-29,20,Development,true,,TA.TO,2024-02-29,2024-03-28,^GSPTSE,2,62.6,-6.66,3.76,-10.42,-8.38,0.43
20|AYA.TO|2024-02-29,20,Development,true,,AYA.TO,2024-02-29,2024-03-28,^GSPTSE,3,61.3,19.47,3.76,15.71,2.46,27.77
20|CAE.TO|2024-03-01,20,Development,true,,CAE.TO,2024-03-01,2024-04-01,^GSPTSE,1,70.7,7.22,2.94,4.29,0.66,9.22
20|TA.TO|2024-03-04,20,Development,true,,TA.TO,2024-03-04,2024-04-02,^GSPTSE,1,72.8,-7.23,2.53,-9.75,-7.98,0.86
20|PXT.TO|2024-03-04,20,Development,true,,PXT.TO,2024-03-04,2024-04-02,^GSPTSE,2,59.5,7.39,2.53,4.86,-3.16,7.39
20|BTE.TO|2024-03-07,20,Development,true,,BTE.TO,2024-03-07,2024-04-05,^GSPTSE,1,71.2,27.05,2.16,24.9,-1.16,27.05
20|FTT.TO|2024-03-12,20,Development,true,,FTT.TO,2024-03-12,2024-04-10,^GSPTSE,1,68.7,23.89,1.69,22.21,1.62,23.89
20|POU.TO|2024-03-13,20,Development,true,,POU.TO,2024-03-13,2024-04-11,^GSPTSE,1,68.6,13.22,0.64,12.58,-0.7,13.22
20|BEP-UN.TO|2024-03-13,20,Development,true,,BEP-UN.TO,2024-03-13,2024-04-11,^GSPTSE,2,62.4,-3.72,0.64,-4.35,-3.72,1.81
20|CCO.TO|2024-03-15,20,Development,true,,CCO.TO,2024-03-15,2024-04-15,^GSPTSE,1,72.7,19.7,-0.5,20.2,0.36,24.07
20|BEPC.TO|2024-03-20,20,Development,true,,BEPC.TO,2024-03-20,2024-04-18,^GSPTSE,1,71,-5.71,-1.53,-4.18,-7.94,4.08
20|BEP-UN.TO|2024-03-20,20,Development,true,,BEP-UN.TO,2024-03-20,2024-04-18,^GSPTSE,2,66.2,-6.82,-1.53,-5.29,-9.12,3.72
20|AMD.TO|2024-03-21,20,Development,true,,AMD.TO,2024-03-21,2024-04-19,^IXIC,1,65.4,-18.15,-6.83,-11.32,-18.15,2.44
20|AAPL.TO|2024-03-22,20,Development,true,,AAPL.TO,2024-03-22,2024-04-22,^IXIC,1,67.3,-3.84,-5.95,2.11,-4.39,2.43
20|MFI.TO|2024-03-27,20,Development,true,,MFI.TO,2024-03-27,2024-04-25,^GSPTSE,1,74.7,3.89,-1,4.9,-2.8,6.21
20|DOO.TO|2024-03-27,20,Development,true,,DOO.TO,2024-03-27,2024-04-25,^GSPTSE,2,64.6,9.56,-1,10.56,5.35,17.41
20|MFI.TO|2024-04-02,20,Development,true,,MFI.TO,2024-04-02,2024-04-30,^GSPTSE,1,65,8.7,-1.63,10.33,1.07,9.28
20|BIR.TO|2024-04-08,20,Development,true,,BIR.TO,2024-04-08,2024-05-06,^GSPTSE,1,61.8,8.36,0,8.37,-1.12,8.36
20|BEP-UN.TO|2024-04-11,20,Development,true,,BEP-UN.TO,2024-04-11,2024-05-09,^GSPTSE,1,63.4,26.49,1.2,25.28,-7.35,26.49
20|BHC.TO|2024-04-16,20,Development,true,,BHC.TO,2024-04-16,2024-05-14,^GSPTSE,1,62.9,-19.3,2.77,-22.08,-21.96,0.5
20|BEP-UN.TO|2024-04-17,20,Development,true,,BEP-UN.TO,2024-04-17,2024-05-15,^GSPTSE,1,59.3,36.66,2.9,33.75,1.51,36.98
20|SHOP.TO|2024-04-19,20,Development,true,,SHOP.TO,2024-04-19,2024-05-17,^GSPTSE,1,58.7,-16.9,3.02,-19.91,-17.84,10.36
20|AP-UN.TO|2024-04-22,20,Development,true,,AP-UN.TO,2024-04-22,2024-05-21,^GSPTSE,1,71,-0.17,2.73,-2.89,-1.69,1.7
20|TRP.TO|2024-04-22,20,Development,true,,TRP.TO,2024-04-22,2024-05-21,^GSPTSE,2,58.9,8.64,2.73,5.91,-0.08,8.64
20|QBR-B.TO|2024-04-22,20,Development,true,,QBR-B.TO,2024-04-22,2024-05-21,^GSPTSE,3,58.6,5.11,2.73,2.38,-0.66,9.69
20|RCI-B.TO|2024-04-25,20,Development,true,,RCI-B.TO,2024-04-25,2024-05-24,^GSPTSE,1,58.9,3.25,1.99,1.26,-0.92,4.63
20|MSFT.TO|2024-04-26,20,Development,true,,MSFT.TO,2024-04-26,2024-05-27,^IXIC,1,66.3,6.69,6.23,0.46,-4.13,6.69
20|ATZ.TO|2024-04-26,20,Development,true,,ATZ.TO,2024-04-26,2024-05-27,^GSPTSE,3,59.7,-0.51,1.84,-2.35,-3.76,13.46
20|WFG.TO|2024-05-01,20,Development,true,,WFG.TO,2024-05-01,2024-05-30,^GSPTSE,1,70.7,1.19,1.58,-0.39,0.25,6.58
20|SHOP.TO|2024-05-01,20,Development,true,,SHOP.TO,2024-05-01,2024-05-30,^GSPTSE,2,69.2,-17.31,1.58,-18.88,-19.62,9.19
20|WSP.TO|2024-05-02,20,Development,true,,WSP.TO,2024-05-02,2024-05-31,^GSPTSE,1,77.4,-4.21,2.04,-6.25,-5.49,2.35
20|MG.TO|2024-05-02,20,Development,true,,MG.TO,2024-05-02,2024-05-31,^GSPTSE,2,67,-5.93,2.04,-7.97,-7.58,-0.42
20|MSFT.TO|2024-05-02,20,Development,true,,MSFT.TO,2024-05-02,2024-05-31,^IXIC,3,63.7,4.27,5.64,-1.38,2.07,8.87
20|BAM.TO|2024-05-02,20,Development,true,,BAM.TO,2024-05-02,2024-05-31,^GSPTSE,4,62.7,2.34,2.04,0.3,-0.38,5.72
20|AC.TO|2024-05-09,20,Development,true,,AC.TO,2024-05-09,2024-06-07,^GSPTSE,1,58.5,-4.56,-1.65,-2.91,-5.53,2.25
20|EQB.TO|2024-05-10,20,Development,true,,EQB.TO,2024-05-10,2024-06-10,^GSPTSE,1,61.2,3.41,-1.07,4.48,-7.26,5.28
20|AIF.TO|2024-05-13,20,Development,true,,AIF.TO,2024-05-13,2024-06-11,^GSPTSE,1,65.5,-2.62,-1.67,-0.95,-3.08,0.85
20|MG.TO|2024-05-22,20,Development,true,,MG.TO,2024-05-22,2024-06-19,^GSPTSE,1,60.9,-8.81,-3.71,-5.09,-8.81,-0.78
20|ATS.TO|2024-05-23,20,Development,true,,ATS.TO,2024-05-23,2024-06-20,^GSPTSE,1,65.4,-2.9,-2.79,-0.11,-2.9,4.31
20|MG.TO|2024-05-27,20,Development,true,,MG.TO,2024-05-27,2024-06-24,^GSPTSE,1,68.4,-7.14,-2.35,-4.79,-8.25,-1.26
20|FSV.TO|2024-05-27,20,Development,true,,FSV.TO,2024-05-27,2024-06-24,^GSPTSE,2,59.2,4.98,-2.35,7.33,-2.08,5.95
20|ATS.TO|2024-05-30,20,Development,true,,ATS.TO,2024-05-30,2024-06-27,^GSPTSE,1,69.1,4.89,-0.59,5.47,-1.91,6.87
20|CP.TO|2024-05-30,20,Development,true,,CP.TO,2024-05-30,2024-06-27,^GSPTSE,2,67,1.95,-0.59,2.54,-1.37,2.88
20|PXT.TO|2024-05-30,20,Development,true,,PXT.TO,2024-05-30,2024-06-27,^GSPTSE,3,60.4,-0.68,-0.59,-0.1,-5.52,2.22
20|TD.TO|2024-05-30,20,Development,true,,TD.TO,2024-05-30,2024-06-27,^GSPTSE,4,58.8,-0.05,-0.59,0.53,-1.72,1.93
20|OTEX.TO|2024-05-31,20,Development,true,,OTEX.TO,2024-05-31,2024-06-28,^GSPTSE,3,60.6,3.01,-1.77,4.78,-4.59,3.01
20|TIH.TO|2024-05-31,20,Development,true,,TIH.TO,2024-05-31,2024-06-28,^GSPTSE,4,60.1,2.16,-1.77,3.93,-1.76,2.58
20|BEI-UN.TO|2024-06-03,20,Development,true,,BEI-UN.TO,2024-06-03,2024-07-02,^GSPTSE,3,59.8,0.57,-0.74,1.31,-3.21,1.92
20|TVE.TO|2024-06-04,20,Development,true,,TVE.TO,2024-06-04,2024-07-03,^GSPTSE,1,68.4,9.21,1.12,8.1,-0.57,9.21
20|GIB-A.TO|2024-06-04,20,Development,true,,GIB-A.TO,2024-06-04,2024-07-03,^GSPTSE,2,66.9,1.5,1.12,0.38,-0.79,2.88
20|CP.TO|2024-06-04,20,Development,true,,CP.TO,2024-06-04,2024-07-03,^GSPTSE,3,65,5.05,1.12,3.93,-0.91,5.05
20|IMG.TO|2024-06-05,20,Development,true,,IMG.TO,2024-06-05,2024-07-04,^GSPTSE,1,69.2,0.19,0.45,-0.26,-6.87,4.01
20|OTEX.TO|2024-06-05,20,Development,true,,OTEX.TO,2024-06-05,2024-07-04,^GSPTSE,3,59.4,9.8,0.45,9.36,-0.91,10.5
20|EQX.TO|2024-06-10,20,Development,true,,EQX.TO,2024-06-10,2024-07-09,^GSPTSE,1,63,9.83,-0.12,9.96,-3.05,9.83
20|BEI-UN.TO|2024-06-10,20,Development,true,,BEI-UN.TO,2024-06-10,2024-07-09,^GSPTSE,2,60.9,4.5,-0.12,4.63,-2.25,4.55
20|LUN.TO|2024-06-10,20,Development,true,,LUN.TO,2024-06-10,2024-07-09,^GSPTSE,3,59.1,2.92,-0.12,3.04,-6.1,3.57
20|PAAS.TO|2024-06-11,20,Development,true,,PAAS.TO,2024-06-11,2024-07-10,^GSPTSE,1,74.5,11.74,2.11,9.62,-2.43,11.74
20|RUS.TO|2024-06-11,20,Development,true,,RUS.TO,2024-06-11,2024-07-10,^GSPTSE,3,59.4,-6.37,2.11,-8.49,-7.56,1.13
20|BTE.TO|2024-06-12,20,Development,true,,BTE.TO,2024-06-12,2024-07-11,^GSPTSE,1,71.8,10.52,2.65,7.87,-4.71,10.52
20|FVI.TO|2024-06-12,20,Development,true,,FVI.TO,2024-06-12,2024-07-11,^GSPTSE,2,69.1,6.97,2.65,4.31,-2.9,6.97
20|EQX.TO|2024-06-12,20,Development,true,,EQX.TO,2024-06-12,2024-07-11,^GSPTSE,3,62.4,14.11,2.65,11.45,-2.23,14.11
20|LUN.TO|2024-06-13,20,Development,true,,LUN.TO,2024-06-13,2024-07-12,^GSPTSE,2,61.1,8.29,4.5,3.8,-2.43,8.29
20|DML.TO|2024-06-14,20,Development,true,,DML.TO,2024-06-14,2024-07-15,^GSPTSE,1,68.5,4.21,5.14,-0.93,-4.91,8.07
20|MDA.TO|2024-06-14,20,Development,true,,MDA.TO,2024-06-14,2024-07-15,^GSPTSE,2,67.3,8.18,5.14,3.03,-2.56,12.8
20|AEM.TO|2024-06-14,20,Development,true,,AEM.TO,2024-06-14,2024-07-15,^GSPTSE,3,66.4,15.82,5.14,10.67,-0.03,16.01
20|BIP-UN.TO|2024-06-14,20,Development,true,,BIP-UN.TO,2024-06-14,2024-07-15,^GSPTSE,5,63.5,10.87,5.14,5.73,-2.17,11.93
20|BTE.TO|2024-06-14,20,Development,true,,BTE.TO,2024-06-14,2024-07-15,^GSPTSE,6,59.7,18.72,5.14,13.58,1.37,18.72
20|BTE.TO|2024-06-18,20,Development,true,,BTE.TO,2024-06-18,2024-07-17,^GSPTSE,1,69,12.39,5.74,6.65,-1.11,15.04
20|HWX.TO|2024-06-18,20,Development,true,,HWX.TO,2024-06-18,2024-07-17,^GSPTSE,2,64.7,7.35,5.74,1.61,0,9.38
20|EIF.TO|2024-06-18,20,Development,true,,EIF.TO,2024-06-18,2024-07-17,^GSPTSE,4,62.4,9.44,5.74,3.7,-0.66,9.55
20|BN.TO|2024-06-18,20,Development,true,,BN.TO,2024-06-18,2024-07-17,^GSPTSE,5,60.4,12.72,5.74,6.99,-2.56,14.19
20|BTO.TO|2024-06-19,20,Development,true,,BTO.TO,2024-06-19,2024-07-18,^GSPTSE,1,68.5,15.86,5.62,10.24,0.28,21.25
20|NA.TO|2024-06-19,20,Development,true,,NA.TO,2024-06-19,2024-07-18,^GSPTSE,3,61.6,5.32,5.62,-0.31,-0.51,7.39
20|FNV.TO|2024-06-19,20,Development,true,,FNV.TO,2024-06-19,2024-07-18,^GSPTSE,4,60.3,8.75,5.62,3.13,0.43,12.57
20|BEI-UN.TO|2024-06-20,20,Development,true,,BEI-UN.TO,2024-06-20,2024-07-19,^GSPTSE,1,76.3,11.62,5.14,6.48,-0.78,11.62
20|VET.TO|2024-06-20,20,Development,true,,VET.TO,2024-06-20,2024-07-19,^GSPTSE,2,62.1,-1.89,5.14,-7.02,-4.23,1.63
20|MDA.TO|2024-06-20,20,Development,true,,MDA.TO,2024-06-20,2024-07-19,^GSPTSE,3,61.3,9.78,5.14,4.64,0.5,14.21
20|ATS.TO|2024-06-21,20,Development,true,,ATS.TO,2024-06-21,2024-07-22,^GSPTSE,1,66.1,4.95,6.11,-1.16,-1.07,10.69
20|BN.TO|2024-06-21,20,Development,true,,BN.TO,2024-06-21,2024-07-22,^GSPTSE,2,60.7,15.91,6.11,9.8,0.72,16.49
20|TOU.TO|2024-06-24,20,Development,true,,TOU.TO,2024-06-24,2024-07-23,^GSPTSE,1,61.1,-2.91,4.42,-7.33,-5.33,-0.25
20|EQX.TO|2024-06-24,20,Development,true,,EQX.TO,2024-06-24,2024-07-23,^GSPTSE,2,59.4,4.83,4.42,0.42,-1.52,15.33
20|WFG.TO|2024-06-25,20,Development,true,,WFG.TO,2024-06-25,2024-07-24,^GSPTSE,1,75,3.89,3.91,-0.02,-3.35,5.31
20|ATS.TO|2024-06-25,20,Development,true,,ATS.TO,2024-06-25,2024-07-24,^GSPTSE,2,69.1,3.21,3.91,-0.69,2.48,10.64
20|ABX.TO|2024-06-25,20,Development,true,,ABX.TO,2024-06-25,2024-07-24,^GSPTSE,3,65.8,12.53,3.91,8.63,0.22,16.15
20|LIF.TO|2024-06-25,20,Development,true,,LIF.TO,2024-06-25,2024-07-24,^GSPTSE,4,64.9,3.22,3.91,-0.69,0.27,6.55
20|ELD.TO|2024-06-25,20,Development,true,,ELD.TO,2024-06-25,2024-07-24,^GSPTSE,5,58.5,9.9,3.91,6,-1.41,13.95
20|MX.TO|2024-06-26,20,Development,true,,MX.TO,2024-06-26,2024-07-25,^GSPTSE,1,71.2,0.18,3.74,-3.55,-2.6,9.06
20|MG.TO|2024-06-26,20,Development,true,,MG.TO,2024-06-26,2024-07-25,^GSPTSE,2,66.6,4.93,3.74,1.2,-0.02,10.09
20|DOO.TO|2024-06-26,20,Development,true,,DOO.TO,2024-06-26,2024-07-25,^GSPTSE,3,64.7,10.2,3.74,6.46,-2.13,13.26
20|CCA.TO|2024-06-26,20,Development,true,,CCA.TO,2024-06-26,2024-07-25,^GSPTSE,4,60.9,23.35,3.74,19.61,0.08,23.35
20|ONEX.TO|2024-06-27,20,Development,true,,ONEX.TO,2024-06-27,2024-07-26,^GSPTSE,2,61.4,4.32,3.98,0.34,0.62,7.92
20|AAV.TO|2024-06-28,20,Development,true,,AAV.TO,2024-06-28,2024-07-29,^GSPTSE,1,68.9,-9.54,4.13,-13.67,-9.54,0.39
20|DML.TO|2024-07-05,20,Development,true,,DML.TO,2024-07-05,2024-08-02,^GSPTSE,1,60.5,-21.83,0.76,-22.6,-21.83,8.45
20|VET.TO|2024-07-08,20,Development,true,,VET.TO,2024-07-08,2024-08-06,^GSPTSE,1,74.1,-13.49,-0.66,-12.83,-13.62,2.18
20|LNR.TO|2024-07-08,20,Development,true,,LNR.TO,2024-07-08,2024-08-06,^GSPTSE,2,68.2,-6.18,-0.66,-5.52,-6.18,6.36
20|MX.TO|2024-07-08,20,Development,true,,MX.TO,2024-07-08,2024-08-06,^GSPTSE,3,63.1,-10.89,-0.66,-10.22,-10.89,10.86
20|TECK-B.TO|2024-07-09,20,Development,true,,TECK-B.TO,2024-07-09,2024-08-07,^GSPTSE,1,66.3,-9.07,-0.73,-8.33,-9.07,5.15
20|ARE.TO|2024-07-09,20,Development,true,,ARE.TO,2024-07-09,2024-08-07,^GSPTSE,2,62,18.54,-0.73,19.27,-2.21,18.54
20|PXT.TO|2024-07-10,20,Development,true,,PXT.TO,2024-07-10,2024-08-08,^GSPTSE,1,71.7,-20.93,-0.56,-20.37,-20.93,2.99
20|TOU.TO|2024-07-18,20,Development,true,,TOU.TO,2024-07-18,2024-08-16,^GSPTSE,1,60.5,5.1,1.44,3.66,-6.17,5.52
20|SHOP.TO|2024-07-18,20,Development,true,,SHOP.TO,2024-07-18,2024-08-16,^GSPTSE,2,58.6,17.88,1.44,16.44,-13.86,18.74
20|LSPD.TO|2024-07-19,20,Development,true,,LSPD.TO,2024-07-19,2024-08-19,^GSPTSE,1,65.3,-0.54,1.88,-2.41,-11.59,1.93
20|TOU.TO|2024-07-25,20,Development,true,,TOU.TO,2024-07-25,2024-08-23,^GSPTSE,1,62.5,6.38,3,3.38,-4.6,7.29
20|HPS-A.TO|2024-07-25,20,Development,true,,HPS-A.TO,2024-07-25,2024-08-23,^GSPTSE,2,61.5,9.03,3,6.03,3.42,15.14
20|LSPD.TO|2024-07-25,20,Development,true,,LSPD.TO,2024-07-25,2024-08-23,^GSPTSE,3,60,-1.05,3,-4.05,-8.75,3.38
20|META.TO|2024-07-26,20,Development,true,,META.TO,2024-07-26,2024-08-26,^IXIC,3,58.9,11.37,2.12,9.25,-0.46,15.05
20|BEPC.TO|2024-07-31,20,Development,true,,BEPC.TO,2024-07-31,2024-08-29,^GSPTSE,1,74.2,-0.59,0.5,-1.1,-3.92,1.96
20|BEP-UN.TO|2024-07-31,20,Development,true,,BEP-UN.TO,2024-07-31,2024-08-29,^GSPTSE,2,66.9,-0.15,0.5,-0.65,-5.44,2.59
20|BEPC.TO|2024-08-02,20,Development,true,,BEPC.TO,2024-08-02,2024-09-03,^GSPTSE,1,66.8,-1.81,3.67,-5.48,-3.44,2.46
20|BEP-UN.TO|2024-08-06,20,Development,true,,BEP-UN.TO,2024-08-06,2024-09-04,^GSPTSE,1,69.5,1.31,4.83,-3.52,-5.38,2.65
20|ARX.TO|2024-08-07,20,Development,true,,ARX.TO,2024-08-07,2024-09-05,^GSPTSE,1,71.2,-0.65,5.06,-5.71,-0.65,14.3
20|BMO.TO|2024-08-07,20,Development,true,,BMO.TO,2024-08-07,2024-09-05,^GSPTSE,2,66.6,1.63,5.06,-3.43,0.06,8.59
20|BEP-UN.TO|2024-08-13,20,Development,true,,BEP-UN.TO,2024-08-13,2024-09-11,^GSPTSE,1,65.8,3.49,2.62,0.86,-4.87,3.49
20|MG.TO|2024-08-13,20,Development,true,,MG.TO,2024-08-13,2024-09-11,^GSPTSE,2,59.1,-0.76,2.62,-3.38,-2.12,7.43
20|BEP-UN.TO|2024-08-23,20,Development,false,validation_boundary_outcome_purge,BEP-UN.TO,2024-08-23,2024-09-23,^GSPTSE,1,71.8,11.11,2.61,8.5,-0.22,11.11
20|BEPC.TO|2024-08-23,20,Development,false,validation_boundary_outcome_purge,BEPC.TO,2024-08-23,2024-09-23,^GSPTSE,2,69.3,10.76,2.61,8.15,-2.28,10.76
20|SPB.TO|2024-08-23,20,Development,false,validation_boundary_outcome_purge,SPB.TO,2024-08-23,2024-09-23,^GSPTSE,3,58.8,0.9,2.61,-1.71,-2.2,2.58
20|TFII.TO|2024-08-30,20,Development,false,validation_boundary_outcome_purge,TFII.TO,2024-08-30,2024-09-30,^GSPTSE,1,65.2,-6.86,2.8,-9.66,-6.86,1.95
20|PBH.TO|2024-09-04,20,Development,false,validation_boundary_outcome_purge,PBH.TO,2024-09-04,2024-10-02,^GSPTSE,1,71.7,11.88,4.17,7.71,0.38,11.88
20|GOOG.TO|2024-09-04,20,Development,false,validation_boundary_outcome_purge,GOOG.TO,2024-09-04,2024-10-02,^IXIC,2,68.2,5.98,4.92,1.05,-5.11,6.7
20|BDGI.TO|2024-09-04,20,Development,false,validation_boundary_outcome_purge,BDGI.TO,2024-09-04,2024-10-02,^GSPTSE,3,66.6,6.04,4.17,1.87,-0.39,8.16
20|NTR.TO|2024-09-04,20,Development,false,validation_boundary_outcome_purge,NTR.TO,2024-09-04,2024-10-02,^GSPTSE,4,64.2,7.18,4.17,3.01,-3.01,7.18
20|LSPD.TO|2024-09-04,20,Development,false,validation_boundary_outcome_purge,LSPD.TO,2024-09-04,2024-10-02,^GSPTSE,5,63.8,28.58,4.17,24.41,-4.5,32.03
20|CLS.TO|2024-09-04,20,Development,false,validation_boundary_outcome_purge,CLS.TO,2024-09-04,2024-10-02,^GSPTSE,6,62.7,7.77,4.17,3.6,-11.71,11.31
20|FVI.TO|2024-09-05,20,Development,false,validation_boundary_outcome_purge,FVI.TO,2024-09-05,2024-10-03,^GSPTSE,1,66.4,12.91,4.26,8.64,-2.75,18.24
20|HWX.TO|2024-09-05,20,Development,false,validation_boundary_outcome_purge,HWX.TO,2024-09-05,2024-10-03,^GSPTSE,5,64.5,2.22,4.26,-2.05,-4.52,2.22
20|BB.TO|2024-09-05,20,Development,false,validation_boundary_outcome_purge,BB.TO,2024-09-05,2024-10-03,^GSPTSE,6,63,1.61,4.26,-2.65,-1.29,14.84
20|NTR.TO|2024-09-06,20,Development,false,validation_boundary_outcome_purge,NTR.TO,2024-09-06,2024-10-04,^GSPTSE,2,66.7,8.81,6.06,2.75,-2.05,8.97
20|NVDA.TO|2024-09-06,20,Development,false,validation_boundary_outcome_purge,NVDA.TO,2024-09-06,2024-10-04,^IXIC,3,62.2,20.9,8.67,12.23,3.39,20.9
20|BDGI.TO|2024-09-09,20,Development,false,validation_boundary_outcome_purge,BDGI.TO,2024-09-09,2024-10-07,^GSPTSE,3,60.4,7.79,4.67,3.12,0.67,10.03
20|LSPD.TO|2024-09-09,20,Development,false,validation_boundary_outcome_purge,LSPD.TO,2024-09-09,2024-10-07,^GSPTSE,4,58.6,29.71,4.67,25.04,0.3,35.59
20|BBD-B.TO|2024-09-10,20,Development,false,validation_boundary_outcome_purge,BBD-B.TO,2024-09-10,2024-10-08,^GSPTSE,1,68.5,28.04,4.65,23.39,1.97,28.04
20|DML.TO|2024-09-10,20,Development,false,validation_boundary_outcome_purge,DML.TO,2024-09-10,2024-10-08,^GSPTSE,2,67.8,29.21,4.65,24.56,1.98,30.69
20|CS.TO|2024-09-10,20,Development,false,validation_boundary_outcome_purge,CS.TO,2024-09-10,2024-10-08,^GSPTSE,3,63.8,26.68,4.65,22.03,1.92,33.53
20|AYA.TO|2024-09-10,20,Development,false,validation_boundary_outcome_purge,AYA.TO,2024-09-10,2024-10-08,^GSPTSE,4,62.9,28.99,4.65,24.35,4.51,41.27
20|IVN.TO|2024-09-10,20,Development,false,validation_boundary_outcome_purge,IVN.TO,2024-09-10,2024-10-08,^GSPTSE,5,62.9,19.71,4.65,15.06,0.69,28.66
20|TOU.TO|2024-09-10,20,Development,false,validation_boundary_outcome_purge,TOU.TO,2024-09-10,2024-10-08,^GSPTSE,6,59.9,11.79,4.65,7.14,1.01,15.56
20|MFI.TO|2024-09-11,20,Development,false,validation_boundary_outcome_purge,MFI.TO,2024-09-11,2024-10-09,^GSPTSE,2,69.2,0.46,4.37,-3.91,-1.14,2.23
20|NTR.TO|2024-09-11,20,Development,false,validation_boundary_outcome_purge,NTR.TO,2024-09-11,2024-10-09,^GSPTSE,4,63.5,9.79,4.37,5.42,1.23,10.54
20|LUN.TO|2024-09-11,20,Development,false,validation_boundary_outcome_purge,LUN.TO,2024-09-11,2024-10-09,^GSPTSE,5,60.7,21.75,4.37,17.39,4.21,24.68
20|GOOG.TO|2024-09-11,20,Development,false,validation_boundary_outcome_purge,GOOG.TO,2024-09-11,2024-10-09,^IXIC,6,59.1,6.67,5.15,1.52,2.16,10.4
20|ATD.TO|2024-09-25,20,Validation,true,,ATD.TO,2024-09-25,2024-10-24,^GSPTSE,1,66.9,-3.91,2.7,-6.61,-3.91,0.52
20|BIR.TO|2024-09-27,20,Validation,true,,BIR.TO,2024-09-27,2024-10-28,^GSPTSE,1,65.9,-4.68,2.54,-7.23,-4.68,7.57
20|ARX.TO|2024-09-27,20,Validation,true,,ARX.TO,2024-09-27,2024-10-28,^GSPTSE,2,64.8,4.66,2.54,2.12,1.42,12.38
20|PXT.TO|2024-09-27,20,Validation,true,,PXT.TO,2024-09-27,2024-10-28,^GSPTSE,3,61.7,7.7,2.54,5.16,0.42,13.31
20|RBA.TO|2024-10-02,20,Validation,true,,RBA.TO,2024-10-02,2024-10-31,^GSPTSE,1,59.1,9.24,0.65,8.59,0.2,11.67
20|DOO.TO|2024-10-03,20,Validation,true,,DOO.TO,2024-10-03,2024-11-01,^GSPTSE,1,67.3,-12.45,1.2,-13.65,-13.55,1.88
20|SPB.TO|2024-10-09,20,Validation,true,,SPB.TO,2024-10-09,2024-11-07,^GSPTSE,1,60.9,-24.02,2.56,-26.58,-24.02,0.81
20|AQN.TO|2024-10-15,20,Validation,true,,AQN.TO,2024-10-15,2024-11-12,^GSPTSE,1,60.4,-5.26,1.98,-7.24,-6.54,1.56
20|DOO.TO|2024-10-16,20,Validation,true,,DOO.TO,2024-10-16,2024-11-13,^GSPTSE,1,61.4,-14.74,1.74,-16.48,-14.74,1.13
20|NFI.TO|2024-10-16,20,Validation,true,,NFI.TO,2024-10-16,2024-11-13,^GSPTSE,2,59.6,-12.17,1.74,-13.91,-12.73,-2.33
20|KMP-UN.TO|2024-10-22,20,Validation,true,,KMP-UN.TO,2024-10-22,2024-11-19,^GSPTSE,1,62,-7.86,1.3,-9.16,-8.72,-0.8
20|CVE.TO|2024-10-24,20,Validation,true,,CVE.TO,2024-10-24,2024-11-21,^GSPTSE,1,59,-2.29,3.42,-5.71,-5.78,1.34
20|ATD.TO|2024-10-28,20,Validation,true,,ATD.TO,2024-10-28,2024-11-25,^GSPTSE,1,67.4,4.89,3.44,1.45,-2.16,9.62
20|DIR-UN.TO|2024-10-30,20,Validation,true,,DIR-UN.TO,2024-10-30,2024-11-27,^GSPTSE,1,59.5,-6.51,4,-10.51,-6.51,-0.16
20|IVN.TO|2024-11-01,20,Validation,true,,IVN.TO,2024-11-01,2024-11-29,^GSPTSE,1,64.9,0.59,5.74,-5.16,-6.46,6.46
20|BTE.TO|2024-11-01,20,Validation,true,,BTE.TO,2024-11-01,2024-11-29,^GSPTSE,2,64.6,-2.69,5.74,-8.43,-2.93,7.58
20|CS.TO|2024-11-01,20,Validation,true,,CS.TO,2024-11-01,2024-11-29,^GSPTSE,3,59.1,-0.62,5.74,-6.36,-3.18,8.52
20|NPI.TO|2024-11-04,20,Validation,true,,NPI.TO,2024-11-04,2024-12-02,^GSPTSE,1,65.1,-5.3,5.5,-10.81,-7.6,0.8
20|AAV.TO|2024-11-06,20,Validation,true,,AAV.TO,2024-11-06,2024-12-04,^GSPTSE,1,65.2,-1.47,4.07,-5.55,-2.95,8.84
20|GRT-UN.TO|2024-11-07,20,Validation,true,,GRT-UN.TO,2024-11-07,2024-12-05,^GSPTSE,1,67.7,-1.64,3.36,-5,-2.12,1.53
20|DIR-UN.TO|2024-11-07,20,Validation,true,,DIR-UN.TO,2024-11-07,2024-12-05,^GSPTSE,2,63.4,-5.16,3.36,-8.52,-5.37,-1.82
20|AP-UN.TO|2024-11-07,20,Validation,true,,AP-UN.TO,2024-11-07,2024-12-05,^GSPTSE,3,59.1,-0.84,3.36,-4.19,-4.27,-0.84
20|IVN.TO|2024-11-11,20,Validation,true,,IVN.TO,2024-11-11,2024-12-09,^GSPTSE,1,59.2,9.22,3.37,5.85,-4.36,9.22
20|IMG.TO|2024-11-12,20,Validation,true,,IMG.TO,2024-11-12,2024-12-10,^GSPTSE,1,77.6,13.68,2.33,11.34,-0.85,14.81
20|BTE.TO|2024-11-12,20,Validation,true,,BTE.TO,2024-11-12,2024-12-10,^GSPTSE,2,64.3,-12.1,2.33,-14.43,-12.1,4.2
20|BEPC.TO|2024-11-13,20,Validation,true,,BEPC.TO,2024-11-13,2024-12-11,^GSPTSE,2,61.7,2.13,2.68,-0.54,-0.04,9.57
20|CVE.TO|2024-11-14,20,Validation,true,,CVE.TO,2024-11-14,2024-12-12,^GSPTSE,2,60.5,-3.33,1.44,-4.77,-4.41,1.84
20|TECK-B.TO|2024-11-18,20,Validation,true,,TECK-B.TO,2024-11-18,2024-12-16,^GSPTSE,1,60.4,-5.77,0.68,-6.45,-5.77,2.49
20|BIR.TO|2024-11-18,20,Validation,true,,BIR.TO,2024-11-18,2024-12-16,^GSPTSE,2,58.6,-6.2,0.68,-6.88,-6.2,8.45
20|TOI.V|2024-11-20,20,Validation,true,,TOI.V,2024-11-20,2024-12-18,^GSPTSE,1,62.5,-6.77,-1.92,-4.86,-6.77,5.16
20|TSU.TO|2024-11-20,20,Validation,true,,TSU.TO,2024-11-20,2024-12-18,^GSPTSE,2,59.9,0.4,-1.92,2.32,-0.94,5.42
20|OTEX.TO|2024-11-21,20,Validation,true,,OTEX.TO,2024-11-21,2024-12-19,^GSPTSE,2,61,-2.45,-3.85,1.4,-2.45,9.84
20|BB.TO|2024-11-22,20,Validation,true,,BB.TO,2024-11-22,2024-12-20,^GSPTSE,1,69.8,60.18,-3.32,63.5,8.81,60.18
20|TSU.TO|2024-11-25,20,Validation,true,,TSU.TO,2024-11-25,2024-12-23,^GSPTSE,1,61.8,-1.66,-2.6,0.94,-1.66,6.25
20|CAR-UN.TO|2024-11-27,20,Validation,true,,CAR-UN.TO,2024-11-27,2024-12-27,^GSPTSE,1,65.4,-6.36,-2.71,-3.64,-6.78,1.96
20|DOO.TO|2024-11-28,20,Validation,true,,DOO.TO,2024-11-28,2024-12-30,^GSPTSE,1,65,6.85,-3.61,10.46,0.64,12.08
20|BDGI.TO|2024-11-29,20,Validation,true,,BDGI.TO,2024-11-29,2024-12-31,^GSPTSE,1,73.3,-4.67,-3.59,-1.08,-6.05,3.15
20|CVE.TO|2024-12-02,20,Validation,true,,CVE.TO,2024-12-02,2025-01-02,^GSPTSE,1,63.8,0.53,-2.71,3.23,-5.77,1.31
20|GOOS.TO|2024-12-05,20,Validation,true,,GOOS.TO,2024-12-05,2025-01-07,^GSPTSE,1,65.6,10.35,-2.92,13.27,0.3,11.32
20|CVE.TO|2024-12-05,20,Validation,true,,CVE.TO,2024-12-05,2025-01-07,^GSPTSE,2,62.2,2.73,-2.92,5.65,-5.13,2.73
20|NFI.TO|2024-12-06,20,Validation,true,,NFI.TO,2024-12-06,2025-01-08,^GSPTSE,2,59,2.58,-2.49,5.07,-2.22,7.1
20|ABX.TO|2024-12-09,20,Validation,true,,ABX.TO,2024-12-09,2025-01-09,^GSPTSE,2,59.7,-4.54,-2.15,-2.39,-9.57,3.14
20|BEP-UN.TO|2024-12-11,20,Validation,true,,BEP-UN.TO,2024-12-11,2025-01-13,^GSPTSE,1,60.9,-6.84,-4.37,-2.47,-6.84,-0.26
20|CVE.TO|2024-12-11,20,Validation,true,,CVE.TO,2024-12-11,2025-01-13,^GSPTSE,2,60.6,2.1,-4.37,6.47,-4.03,3.91
20|TSU.TO|2024-12-11,20,Validation,true,,TSU.TO,2024-12-11,2025-01-13,^GSPTSE,3,58.8,-14.44,-4.37,-10.07,-14.44,3.35
20|AYA.TO|2024-12-12,20,Validation,true,,AYA.TO,2024-12-12,2025-01-14,^GSPTSE,1,63,-10.32,-3.24,-7.08,-18.09,-3.39
20|BCE.TO|2024-12-12,20,Validation,true,,BCE.TO,2024-12-12,2025-01-14,^GSPTSE,2,61.9,-9.35,-3.24,-6.11,-9.41,-1.14
20|AQN.TO|2024-12-12,20,Validation,true,,AQN.TO,2024-12-12,2025-01-14,^GSPTSE,3,59.4,-1.84,-3.24,1.39,-3.89,3.52
20|TXG.TO|2024-12-13,20,Validation,true,,TXG.TO,2024-12-13,2025-01-15,^GSPTSE,1,71.5,6.27,-1.92,8.19,-1.03,8.26
20|HPS-A.TO|2024-12-13,20,Validation,true,,HPS-A.TO,2024-12-13,2025-01-15,^GSPTSE,2,68.3,-7.52,-1.92,-5.6,-12.1,1.8
20|CNQ.TO|2024-12-13,20,Validation,true,,CNQ.TO,2024-12-13,2025-01-15,^GSPTSE,3,60.7,0.8,-1.92,2.72,-5.14,5.56
20|AG.TO|2024-12-13,20,Validation,true,,AG.TO,2024-12-13,2025-01-15,^GSPTSE,4,60.6,-6.28,-1.92,-4.36,-9.65,-0.12
20|TXG.TO|2024-12-17,20,Validation,true,,TXG.TO,2024-12-17,2025-01-17,^GSPTSE,1,64,3.17,-0.21,3.38,2.14,8.3
20|AQN.TO|2024-12-17,20,Validation,true,,AQN.TO,2024-12-17,2025-01-17,^GSPTSE,2,60.1,1.16,-0.21,1.36,-3.44,4.01
20|CVE.TO|2024-12-17,20,Validation,true,,CVE.TO,2024-12-17,2025-01-17,^GSPTSE,3,60.1,3.03,-0.21,3.24,-2.22,5.87
20|BCE.TO|2024-12-18,20,Validation,true,,BCE.TO,2024-12-18,2025-01-20,^GSPTSE,1,58.6,-0.56,2.34,-2.9,-4.26,1.75
20|SAP.TO|2024-12-19,20,Validation,true,,SAP.TO,2024-12-19,2025-01-21,^GSPTSE,1,65.8,-7.54,3.55,-11.09,-9.29,0.08
20|PBH.TO|2024-12-19,20,Validation,true,,PBH.TO,2024-12-19,2025-01-21,^GSPTSE,2,65,1.97,3.55,-1.58,-0.1,4.14
20|LUN.TO|2024-12-19,20,Validation,true,,LUN.TO,2024-12-19,2025-01-21,^GSPTSE,3,63,5.78,3.55,2.23,1.68,8.47
20|CG.TO|2024-12-19,20,Validation,true,,CG.TO,2024-12-19,2025-01-21,^GSPTSE,4,62.9,5.76,3.55,2.21,-2.21,5.76
20|CVE.TO|2024-12-19,20,Validation,true,,CVE.TO,2024-12-19,2025-01-21,^GSPTSE,6,58.7,4.07,3.55,0.51,0.24,8.28
20|LUG.TO|2024-12-20,20,Validation,true,,LUG.TO,2024-12-20,2025-01-22,^GSPTSE,2,77.8,13.18,2.89,10.28,-2.31,13.18
20|ENGH.TO|2024-12-20,20,Validation,true,,ENGH.TO,2024-12-20,2025-01-22,^GSPTSE,3,70.1,1.6,2.89,-1.29,-4.77,1.6
20|CRR-UN.TO|2024-12-20,20,Validation,true,,CRR-UN.TO,2024-12-20,2025-01-22,^GSPTSE,4,69.4,-3.23,2.89,-6.12,-4.25,-1.92
20|PXT.TO|2024-12-20,20,Validation,true,,PXT.TO,2024-12-20,2025-01-22,^GSPTSE,5,69.4,7.4,2.89,4.51,-2.07,15.54
20|ELD.TO|2024-12-20,20,Validation,true,,ELD.TO,2024-12-20,2025-01-22,^GSPTSE,6,69.3,-1.46,2.89,-4.36,-4.07,7.19
20|FTT.TO|2024-12-23,20,Validation,true,,FTT.TO,2024-12-23,2025-01-23,^GSPTSE,1,75.3,3.39,2.77,0.63,0.03,3.45
20|IMG.TO|2024-12-23,20,Validation,true,,IMG.TO,2024-12-23,2025-01-23,^GSPTSE,2,71.6,11.66,2.77,8.89,-2.55,11.66
20|FNV.TO|2024-12-23,20,Validation,true,,FNV.TO,2024-12-23,2025-01-23,^GSPTSE,4,70.2,10.21,2.77,7.44,-0.58,10.96
20|REI-UN.TO|2024-12-23,20,Validation,true,,REI-UN.TO,2024-12-23,2025-01-23,^GSPTSE,5,70.2,0.57,2.77,-2.2,-1.04,2.77
20|SPB.TO|2024-12-24,20,Validation,true,,SPB.TO,2024-12-24,2025-01-24,^GSPTSE,2,70.9,1.84,2.5,-0.66,-2.3,4.39
20|ENGH.TO|2024-12-24,20,Validation,true,,ENGH.TO,2024-12-24,2025-01-24,^GSPTSE,3,69.2,1.25,2.5,-1.26,-4.25,2.16
20|EQX.TO|2024-12-24,20,Validation,true,,EQX.TO,2024-12-24,2025-01-24,^GSPTSE,4,68.8,15.01,2.5,12.5,-2.46,20.19
20|HBM.TO|2024-12-24,20,Validation,true,,HBM.TO,2024-12-24,2025-01-24,^GSPTSE,5,67.8,3.88,2.5,1.37,-3.03,9.18
20|CG.TO|2024-12-24,20,Validation,true,,CG.TO,2024-12-24,2025-01-24,^GSPTSE,6,67,8.28,2.5,5.78,-1.36,8.28
20|WDO.TO|2024-12-27,20,Validation,true,,WDO.TO,2024-12-27,2025-01-27,^GSPTSE,1,76,7.9,1.99,5.91,-0.16,12.01
20|ELD.TO|2024-12-27,20,Validation,true,,ELD.TO,2024-12-27,2025-01-27,^GSPTSE,2,75,0.83,1.99,-1.15,-2.96,8.43
20|KNT.TO|2024-12-27,20,Validation,true,,KNT.TO,2024-12-27,2025-01-27,^GSPTSE,3,71.8,11.52,1.99,9.53,-0.47,20.92
20|T.TO|2024-12-27,20,Validation,true,,T.TO,2024-12-27,2025-01-27,^GSPTSE,5,66.8,7.61,1.99,5.62,-0.77,7.61
20|ELD.TO|2024-12-31,20,Validation,true,,ELD.TO,2024-12-31,2025-01-29,^GSPTSE,1,67.5,1.78,3.01,-1.24,-1.96,9.54
20|OR.TO|2024-12-31,20,Validation,true,,OR.TO,2024-12-31,2025-01-29,^GSPTSE,2,61,2.19,3.01,-0.82,0.12,6.11
20|CG.TO|2024-12-31,20,Validation,true,,CG.TO,2024-12-31,2025-01-29,^GSPTSE,3,60.5,7.33,3.01,4.32,0.24,7.33
20|GRT-UN.TO|2024-12-31,20,Validation,true,,GRT-UN.TO,2024-12-31,2025-01-29,^GSPTSE,4,60,-0.86,3.01,-3.87,-2.51,1.65
20|IMG.TO|2024-12-31,20,Validation,true,,IMG.TO,2024-12-31,2025-01-29,^GSPTSE,5,59,16.15,3.01,13.14,2.96,16.82
20|GWO.TO|2025-01-06,20,Validation,true,,GWO.TO,2025-01-06,2025-02-03,^GSPTSE,1,62.9,-0.32,0.97,-1.29,-3.56,-0.32
20|ABX.TO|2025-01-07,20,Validation,true,,ABX.TO,2025-01-07,2025-02-04,^GSPTSE,1,68.7,6.84,1.4,5.44,-0.45,7.83
20|KMP-UN.TO|2025-01-08,20,Validation,true,,KMP-UN.TO,2025-01-08,2025-02-05,^GSPTSE,1,74.4,-0.05,2.07,-2.12,-3.83,-0.05
20|CSU.TO|2025-01-08,20,Validation,true,,CSU.TO,2025-01-08,2025-02-05,^GSPTSE,2,61.4,13.36,2.07,11.29,-1.4,13.36
20|CCO.TO|2025-01-08,20,Validation,true,,CCO.TO,2025-01-08,2025-02-05,^GSPTSE,3,59,-2.46,2.07,-4.53,-7.59,10.63
20|NWC.TO|2025-01-09,20,Validation,true,,NWC.TO,2025-01-09,2025-02-06,^GSPTSE,2,63,-2.28,1.84,-4.12,-4.36,-0.36
20|BEP-UN.TO|2025-01-09,20,Validation,true,,BEP-UN.TO,2025-01-09,2025-02-06,^GSPTSE,3,62.7,0.93,1.84,-0.9,-10.19,1.87
20|WFG.TO|2025-01-09,20,Validation,true,,WFG.TO,2025-01-09,2025-02-06,^GSPTSE,4,61.9,0.23,1.84,-1.61,-1.21,8.07
20|BEPC.TO|2025-01-09,20,Validation,true,,BEPC.TO,2025-01-09,2025-02-06,^GSPTSE,6,60.6,0.59,1.84,-1.25,-8.98,0.59
20|ABX.TO|2025-01-10,20,Validation,true,,ABX.TO,2025-01-10,2025-02-07,^GSPTSE,2,66,7.18,2.73,4.45,-1.94,8.41
20|KMP-UN.TO|2025-01-13,20,Validation,true,,KMP-UN.TO,2025-01-13,2025-02-10,^GSPTSE,1,69.7,0.6,4.58,-3.97,-2.22,1.62
20|QBR-B.TO|2025-01-13,20,Validation,true,,QBR-B.TO,2025-01-13,2025-02-10,^GSPTSE,3,64.9,2.08,4.58,-2.5,-4.66,3.56
20|FTS.TO|2025-01-13,20,Validation,true,,FTS.TO,2025-01-13,2025-02-10,^GSPTSE,4,64.4,6.77,4.58,2.2,-0.8,6.77
20|CSU.TO|2025-01-13,20,Validation,true,,CSU.TO,2025-01-13,2025-02-10,^GSPTSE,5,63.2,14.79,4.58,10.22,-0.78,14.79
20|LUN.TO|2025-01-13,20,Validation,true,,LUN.TO,2025-01-13,2025-02-10,^GSPTSE,6,62.3,0.66,4.58,-3.92,-8.33,5.11
20|ABX.TO|2025-01-14,20,Validation,true,,ABX.TO,2025-01-14,2025-02-11,^GSPTSE,1,74.6,9.21,4.24,4.97,1.25,11.49
20|OTEX.TO|2025-01-14,20,Validation,true,,OTEX.TO,2025-01-14,2025-02-11,^GSPTSE,2,66.3,3.59,4.24,-0.65,0.56,10.04
20|WFG.TO|2025-01-14,20,Validation,true,,WFG.TO,2025-01-14,2025-02-11,^GSPTSE,3,65.5,-1.94,4.24,-6.18,-2.4,6.78
20|DIR-UN.TO|2025-01-14,20,Validation,true,,DIR-UN.TO,2025-01-14,2025-02-11,^GSPTSE,5,61.4,0.66,4.24,-3.58,-2.36,3.78
20|WPM.TO|2025-01-14,20,Validation,true,,WPM.TO,2025-01-14,2025-02-11,^GSPTSE,6,60.6,16.82,4.24,12.58,1.25,18.52
20|CPX.TO|2025-01-15,20,Validation,true,,CPX.TO,2025-01-15,2025-02-12,^GSPTSE,2,71.8,-10.43,3.12,-13.55,-14.03,5.41
20|NWC.TO|2025-01-15,20,Validation,true,,NWC.TO,2025-01-15,2025-02-12,^GSPTSE,3,67.1,-0.26,3.12,-3.38,-1,3.14
20|AMD.TO|2025-01-15,20,Validation,true,,AMD.TO,2025-01-15,2025-02-12,^IXIC,4,65.2,-7.17,0.71,-7.88,-10.65,2.95
20|DFY.TO|2025-01-15,20,Validation,true,,DFY.TO,2025-01-15,2025-02-12,^GSPTSE,6,58.9,13.54,3.12,10.42,0.11,14.28
20|IVN.TO|2025-01-16,20,Validation,true,,IVN.TO,2025-01-16,2025-02-13,^GSPTSE,2,61.3,3.48,3.43,0.05,-7.74,3.66
20|NWC.TO|2025-01-17,20,Validation,true,,NWC.TO,2025-01-17,2025-02-14,^GSPTSE,2,63.7,-0.57,1.66,-2.22,-0.57,3.8
20|DML.TO|2025-01-17,20,Validation,true,,DML.TO,2025-01-17,2025-02-14,^GSPTSE,3,61.4,-14.71,1.66,-16.36,-14.71,7.72
20|DFY.TO|2025-01-17,20,Validation,true,,DFY.TO,2025-01-17,2025-02-14,^GSPTSE,4,59.6,13.22,1.66,11.56,0.39,15.68
20|ELD.TO|2025-01-20,20,Validation,true,,ELD.TO,2025-01-20,2025-02-18,^GSPTSE,1,62.5,-4.34,2.06,-6.4,-7.61,5.6
20|BTO.TO|2025-01-20,20,Validation,true,,BTO.TO,2025-01-20,2025-02-18,^GSPTSE,2,61.1,6.3,2.06,4.24,-4.58,6.3
20|BBD-B.TO|2025-01-22,20,Validation,true,,BBD-B.TO,2025-01-22,2025-02-20,^GSPTSE,1,65.8,-0.65,0.8,-1.45,-11.83,1.26
20|IVN.TO|2025-01-23,20,Validation,true,,IVN.TO,2025-01-23,2025-02-21,^GSPTSE,2,59.2,-9.93,-1.13,-8.8,-9.93,2.23
20|MG.TO|2025-01-24,20,Validation,true,,MG.TO,2025-01-24,2025-02-24,^GSPTSE,1,58.6,-7.39,-1.25,-6.14,-9.14,1.83
20|LSPD.TO|2025-01-28,20,Validation,true,,LSPD.TO,2025-01-28,2025-02-26,^GSPTSE,1,66.9,-11.68,-0.36,-11.32,-14.01,1.53
20|HBM.TO|2025-01-29,20,Validation,true,,HBM.TO,2025-01-29,2025-02-27,^GSPTSE,1,64.7,-14.6,-1.35,-13.24,-15.27,15.02
20|TSLA.TO|2025-01-30,20,Validation,true,,TSLA.TO,2025-01-30,2025-02-28,^IXIC,1,80,-27.01,-4.24,-22.77,-29.9,1.05
20|BBD-B.TO|2025-01-30,20,Validation,true,,BBD-B.TO,2025-01-30,2025-02-28,^GSPTSE,2,59.6,-4.08,-1.61,-2.47,-8.43,4.16
20|BEI-UN.TO|2025-01-31,20,Validation,true,,BEI-UN.TO,2025-01-31,2025-03-03,^GSPTSE,1,65.9,3.83,-2.08,5.92,0.06,4.34
20|NWC.TO|2025-02-03,20,Validation,true,,NWC.TO,2025-02-03,2025-03-04,^GSPTSE,2,60.7,1.28,-2.65,3.93,-3.41,3.1
20|TSLA.TO|2025-02-04,20,Validation,true,,TSLA.TO,2025-02-04,2025-03-05,^IXIC,1,65.9,-29.21,-5.6,-23.6,-30.86,-3.68
20|SAP.TO|2025-02-04,20,Validation,true,,SAP.TO,2025-02-04,2025-03-05,^GSPTSE,2,63.3,8.61,-1.62,10.23,0.25,9.58
20|PPL.TO|2025-02-04,20,Validation,true,,PPL.TO,2025-02-04,2025-03-05,^GSPTSE,3,62.2,3.78,-1.62,5.4,-1.4,7.97
20|DIR-UN.TO|2025-02-07,20,Validation,true,,DIR-UN.TO,2025-02-07,2025-03-10,^GSPTSE,1,65.6,0.42,-4.17,4.59,0.26,3.71
20|TFII.TO|2025-02-07,20,Validation,true,,TFII.TO,2025-02-07,2025-03-10,^GSPTSE,2,63.3,-35.02,-4.17,-30.85,-35.91,0.55
20|ERO.TO|2025-02-07,20,Validation,true,,ERO.TO,2025-02-07,2025-03-10,^GSPTSE,3,63.1,-10.48,-4.17,-6.31,-13.42,7.44
20|LNR.TO|2025-02-07,20,Validation,true,,LNR.TO,2025-02-07,2025-03-10,^GSPTSE,4,61.3,-1.16,-4.17,3.02,-7.46,2.24
20|PPL.TO|2025-02-07,20,Validation,true,,PPL.TO,2025-02-07,2025-03-10,^GSPTSE,5,59.1,6.18,-4.17,10.36,-1.97,7.35
20|HPS-A.TO|2025-02-12,20,Validation,true,,HPS-A.TO,2025-02-12,2025-03-13,^GSPTSE,1,62.3,-13.83,-5.32,-8.51,-13.83,4.43
20|ERO.TO|2025-02-12,20,Validation,true,,ERO.TO,2025-02-12,2025-03-13,^GSPTSE,2,60.4,-4.57,-5.32,0.75,-12.22,8.93
20|NXE.TO|2025-02-12,20,Validation,true,,NXE.TO,2025-02-12,2025-03-13,^GSPTSE,3,58.9,-26.36,-5.32,-21.04,-28.63,-0.22
20|GOOS.TO|2025-02-13,20,Validation,true,,GOOS.TO,2025-02-13,2025-03-14,^GSPTSE,2,60.4,-12.84,-4.46,-8.39,-12.84,16.21
20|CIGI.TO|2025-02-14,20,Validation,true,,CIGI.TO,2025-02-14,2025-03-17,^GSPTSE,1,59.8,-4.41,-2.74,-1.67,-8.02,0.54
20|PPL.TO|2025-02-18,20,Validation,true,,PPL.TO,2025-02-18,2025-03-18,^GSPTSE,1,65.7,9.51,-3.68,13.18,-0.31,9.51
20|VNP.TO|2025-02-19,20,Validation,true,,VNP.TO,2025-02-19,2025-03-19,^GSPTSE,2,59.5,-24.21,-2.17,-22.04,-31.09,-2.75
20|KMP-UN.TO|2025-02-20,20,Validation,true,,KMP-UN.TO,2025-02-20,2025-03-20,^GSPTSE,1,67,8.1,-1.78,9.88,-0.55,8.1
20|EFX.TO|2025-02-20,20,Validation,true,,EFX.TO,2025-02-20,2025-03-20,^GSPTSE,2,59.1,-15.88,-1.78,-14.11,-22.97,-2
20|PSK.TO|2025-02-24,20,Validation,true,,PSK.TO,2025-02-24,2025-03-24,^GSPTSE,1,79.3,-2.05,0.61,-2.65,-4.39,-1.08
20|BTE.TO|2025-02-24,20,Validation,true,,BTE.TO,2025-02-24,2025-03-24,^GSPTSE,2,60.8,-4.89,0.61,-5.49,-16.57,-2.96
20|CS.TO|2025-02-25,20,Validation,true,,CS.TO,2025-02-25,2025-03-25,^GSPTSE,1,71.1,5.83,0.54,5.29,-15.19,8.26
20|OTEX.TO|2025-02-25,20,Validation,true,,OTEX.TO,2025-02-25,2025-03-25,^GSPTSE,2,62.4,2.42,0.54,1.88,-4.31,2.42
20|SLF.TO|2025-02-25,20,Validation,true,,SLF.TO,2025-02-25,2025-03-25,^GSPTSE,3,60.2,5.06,0.54,4.52,-0.51,5.06
20|SKE.TO|2025-02-26,20,Validation,true,,SKE.TO,2025-02-26,2025-03-26,^GSPTSE,1,69.7,-2.13,-0.66,-1.47,-8.39,9.97
20|ATRL.TO|2025-02-27,20,Validation,true,,ATRL.TO,2025-02-27,2025-03-27,^GSPTSE,1,63.5,-1.78,0.13,-1.91,-12.01,2.03
20|LUN.TO|2025-02-28,20,Validation,true,,LUN.TO,2025-02-28,2025-03-28,^GSPTSE,1,77.8,3.57,-2.5,6.07,-2.76,15.39
20|TECK-B.TO|2025-02-28,20,Validation,true,,TECK-B.TO,2025-02-28,2025-03-28,^GSPTSE,2,74.7,-7.72,-2.5,-5.22,-7.72,5.17
20|AG.TO|2025-02-28,20,Validation,true,,AG.TO,2025-02-28,2025-03-28,^GSPTSE,3,72.5,24.65,-2.5,27.14,0.26,33.81
20|EDR.TO|2025-02-28,20,Validation,true,,EDR.TO,2025-02-28,2025-03-28,^GSPTSE,4,69.5,16.2,-2.5,18.69,-1.88,32.77
20|K.TO|2025-02-28,20,Validation,true,,K.TO,2025-02-28,2025-03-28,^GSPTSE,5,66.9,15.66,-2.5,18.16,-1.35,15.66
20|MG.TO|2025-02-28,20,Validation,true,,MG.TO,2025-02-28,2025-03-28,^GSPTSE,6,64,-7.57,-2.5,-5.07,-7.57,4.76
20|CG.TO|2025-03-03,20,Validation,true,,CG.TO,2025-03-03,2025-03-31,^GSPTSE,3,63.1,11.63,-0.34,11.97,-3.88,12.24
20|NA.TO|2025-03-03,20,Validation,true,,NA.TO,2025-03-03,2025-03-31,^GSPTSE,4,59.1,1.08,-0.34,1.42,-2.97,1.55
20|LUN.TO|2025-03-04,20,Validation,true,,LUN.TO,2025-03-04,2025-04-01,^GSPTSE,1,78.8,4.69,1.88,2.82,3.36,17.72
20|NVDA.TO|2025-03-04,20,Validation,true,,NVDA.TO,2025-03-04,2025-04-01,^IXIC,2,73.7,-5.28,-4.57,-0.71,-7.78,4.81
20|ATD.TO|2025-03-04,20,Validation,true,,ATD.TO,2025-03-04,2025-04-01,^GSPTSE,3,72.2,1.42,1.88,-0.46,-5.8,4.84
20|BIR.TO|2025-03-04,20,Validation,true,,BIR.TO,2025-03-04,2025-04-01,^GSPTSE,5,69.2,25.34,1.88,23.46,-9.87,25.34
20|WFG.TO|2025-03-05,20,Validation,true,,WFG.TO,2025-03-05,2025-04-02,^GSPTSE,1,69.8,1.31,1.75,-0.44,-2.68,1.31
20|ATZ.TO|2025-03-05,20,Validation,true,,ATZ.TO,2025-03-05,2025-04-02,^GSPTSE,2,66.8,-21.33,1.75,-23.09,-24.24,-5.34
20|BAM.TO|2025-03-05,20,Validation,true,,BAM.TO,2025-03-05,2025-04-02,^GSPTSE,4,65.8,-6.08,1.75,-7.84,-14.97,-4.61
20|CTC-A.TO|2025-03-05,20,Validation,true,,CTC-A.TO,2025-03-05,2025-04-02,^GSPTSE,5,64,5.14,1.75,3.38,-0.11,5.39
20|ATRL.TO|2025-03-05,20,Validation,true,,ATRL.TO,2025-03-05,2025-04-02,^GSPTSE,6,63.1,4.17,1.75,2.41,-7.21,5.46
20|PSK.TO|2025-03-06,20,Validation,true,,PSK.TO,2025-03-06,2025-04-03,^GSPTSE,1,68,1,-1.01,2.01,-0.31,5.59
20|GOOG.TO|2025-03-06,20,Validation,true,,GOOG.TO,2025-03-06,2025-04-03,^IXIC,3,64.9,-12.39,-8.4,-3.98,-12.39,0.97
20|NVDA.TO|2025-03-06,20,Validation,true,,NVDA.TO,2025-03-06,2025-04-03,^IXIC,4,59.5,-7.99,-8.4,0.42,-7.99,9.8
20|CM.TO|2025-03-06,20,Validation,true,,CM.TO,2025-03-06,2025-04-03,^GSPTSE,5,58.6,3.45,-1.01,4.46,-2.12,3.45
20|MSFT.TO|2025-03-07,20,Validation,true,,MSFT.TO,2025-03-07,2025-04-04,^IXIC,1,69.9,-8.53,-14.34,5.8,-8.53,0.31
20|BIR.TO|2025-03-07,20,Validation,true,,BIR.TO,2025-03-07,2025-04-04,^GSPTSE,5,59.7,16.38,-6.32,22.7,-5.19,33
20|HWX.TO|2025-03-07,20,Validation,true,,HWX.TO,2025-03-07,2025-04-04,^GSPTSE,6,58.6,-11.4,-6.32,-5.07,-11.4,8.82
20|GEI.TO|2025-03-10,20,Validation,true,,GEI.TO,2025-03-10,2025-04-07,^GSPTSE,1,65.9,-1.74,-6.24,4.5,-1.74,8.18
20|ATS.TO|2025-03-10,20,Validation,true,,ATS.TO,2025-03-10,2025-04-07,^GSPTSE,2,62.7,-16.82,-6.24,-10.58,-16.82,6.53
20|PXT.TO|2025-03-10,20,Validation,true,,PXT.TO,2025-03-10,2025-04-07,^GSPTSE,3,59,-10.83,-6.24,-4.59,-10.83,13.04
20|BBD-B.TO|2025-03-11,20,Validation,true,,BBD-B.TO,2025-03-11,2025-04-08,^GSPTSE,1,66.6,-4.03,-7.18,3.15,-4.03,10.81
20|RUS.TO|2025-03-11,20,Validation,true,,RUS.TO,2025-03-11,2025-04-08,^GSPTSE,2,66,-10.77,-7.18,-3.59,-10.77,0.25
20|MSFT.TO|2025-03-11,20,Validation,true,,MSFT.TO,2025-03-11,2025-04-08,^IXIC,3,65.5,-6.51,-12.44,5.92,-6.51,3.84
20|SU.TO|2025-03-11,20,Validation,true,,SU.TO,2025-03-11,2025-04-08,^GSPTSE,4,58.7,-11.93,-7.18,-4.75,-11.93,9.9
20|CM.TO|2025-03-11,20,Validation,true,,CM.TO,2025-03-11,2025-04-08,^GSPTSE,5,58.6,-1.33,-7.18,5.85,-1.33,5.31
20|ATD.TO|2025-03-12,20,Validation,true,,ATD.TO,2025-03-12,2025-04-09,^GSPTSE,2,74,-0.11,-2.85,2.74,-4.42,5.18
20|LB.TO|2025-03-12,20,Validation,true,,LB.TO,2025-03-12,2025-04-09,^GSPTSE,3,72.3,2.22,-2.85,5.07,-2.72,4.35
20|GOOG.TO|2025-03-12,20,Validation,true,,GOOG.TO,2025-03-12,2025-04-09,^IXIC,4,65.2,-4.72,-2.97,-1.76,-13.27,2.15
20|MTL.TO|2025-03-12,20,Validation,true,,MTL.TO,2025-03-12,2025-04-09,^GSPTSE,5,61.4,-1.08,-2.85,1.77,-5.53,1.4
20|TSU.TO|2025-03-13,20,Validation,true,,TSU.TO,2025-03-13,2025-04-10,^GSPTSE,2,62.5,0.03,-4.91,4.94,-1.09,11.03
20|ATS.TO|2025-03-13,20,Validation,true,,ATS.TO,2025-03-13,2025-04-10,^GSPTSE,4,61,-12.69,-4.91,-7.78,-20.29,7.52
20|ATRL.TO|2025-03-13,20,Validation,true,,ATRL.TO,2025-03-13,2025-04-10,^GSPTSE,5,59.9,0.92,-4.91,5.83,-4.48,10.16
20|OTEX.TO|2025-03-13,20,Validation,true,,OTEX.TO,2025-03-13,2025-04-10,^GSPTSE,6,59.8,-4.83,-4.91,0.08,-9.46,7.03
20|DCBO.TO|2025-03-14,20,Validation,true,,DCBO.TO,2025-03-14,2025-04-11,^GSPTSE,2,63,-2.5,-3.93,1.43,-9.16,5.38
20|PSK.TO|2025-03-14,20,Validation,true,,PSK.TO,2025-03-14,2025-04-11,^GSPTSE,4,60.4,-11.23,-3.93,-7.3,-12.44,5.38
20|MTL.TO|2025-03-14,20,Validation,true,,MTL.TO,2025-03-14,2025-04-11,^GSPTSE,5,60.1,-3.57,-3.93,0.37,-5.9,1.01
20|META.TO|2025-03-14,20,Validation,true,,META.TO,2025-03-14,2025-04-11,^IXIC,6,58.5,-10.93,-5.8,-5.13,-17.16,2.77
20|FSV.TO|2025-03-17,20,Validation,true,,FSV.TO,2025-03-17,2025-04-14,^GSPTSE,1,66.7,-2.73,-3.71,0.98,-5.88,3.23
20|GEI.TO|2025-03-18,20,Validation,true,,GEI.TO,2025-03-18,2025-04-15,^GSPTSE,1,70.7,-0.04,-2.58,2.54,-4.64,6.53
20|GIL.TO|2025-03-18,20,Validation,true,,GIL.TO,2025-03-18,2025-04-15,^GSPTSE,2,68.6,-13.12,-2.58,-10.54,-19.05,1.06
20|AMZN.TO|2025-03-19,20,Validation,true,,AMZN.TO,2025-03-19,2025-04-16,^IXIC,2,68.1,-11.02,-8.13,-2.89,-12.53,5.1
20|GOOG.TO|2025-03-19,20,Validation,true,,GOOG.TO,2025-03-19,2025-04-16,^IXIC,3,64.4,-6.73,-8.13,1.4,-11.82,3.86
20|CSU.TO|2025-03-21,20,Validation,true,,CSU.TO,2025-03-21,2025-04-21,^GSPTSE,1,69.1,-0.43,-3.84,3.41,-7.37,2.48
20|META.TO|2025-03-21,20,Validation,true,,META.TO,2025-03-21,2025-04-21,^IXIC,2,58.7,-18.92,-10.76,-8.16,-18.92,4.93
20|ONEX.TO|2025-03-24,20,Validation,true,,ONEX.TO,2025-03-24,2025-04-22,^GSPTSE,1,66.8,-8.64,-3.94,-4.7,-12.57,0.22
20|DOO.TO|2025-03-24,20,Validation,true,,DOO.TO,2025-03-24,2025-04-22,^GSPTSE,2,64,-16.38,-3.94,-12.44,-17.36,0.04
20|RUS.TO|2025-03-24,20,Validation,true,,RUS.TO,2025-03-24,2025-04-22,^GSPTSE,3,62.7,-1.34,-3.94,2.6,-9.73,1.42
20|ONEX.TO|2025-03-27,20,Validation,true,,ONEX.TO,2025-03-27,2025-04-25,^GSPTSE,1,62.9,-1.71,-1.79,0.08,-10.47,2.62
20|EFR.TO|2025-03-31,20,Validation,true,,EFR.TO,2025-03-31,2025-04-29,^GSPTSE,1,59.2,15.76,-0.17,15.93,-8.26,28.14
20|GOOG.TO|2025-03-31,20,Validation,true,,GOOG.TO,2025-03-31,2025-04-29,^IXIC,2,58.7,3.53,0.94,2.59,-6.05,4.88
20|BMO.TO|2025-04-01,20,Validation,true,,BMO.TO,2025-04-01,2025-04-30,^GSPTSE,1,65.6,-3.15,-0.77,-2.38,-9.83,1.25
20|MTL.TO|2025-04-01,20,Validation,true,,MTL.TO,2025-04-01,2025-04-30,^GSPTSE,2,65.1,4.27,-0.77,5.04,-4.27,4.67
20|DSG.TO|2025-04-04,20,Validation,true,,DSG.TO,2025-04-04,2025-05-05,^GSPTSE,1,70.4,8.96,7.59,1.37,-1.82,8.96
20|TIH.TO|2025-04-04,20,Validation,true,,TIH.TO,2025-04-04,2025-05-05,^GSPTSE,2,70.2,-2.62,7.59,-10.21,-2.62,4.42
20|WFG.TO|2025-04-04,20,Validation,true,,WFG.TO,2025-04-04,2025-05-05,^GSPTSE,3,65.1,-1.9,7.59,-9.49,-3.99,2.1
20|AIF.TO|2025-04-04,20,Validation,true,,AIF.TO,2025-04-04,2025-05-05,^GSPTSE,4,62.2,6.31,7.59,-1.28,-3.62,6.31
20|MTL.TO|2025-04-04,20,Validation,true,,MTL.TO,2025-04-04,2025-05-05,^GSPTSE,5,61.5,8.78,7.59,1.2,-0.74,9.28
20|BAM.TO|2025-04-04,20,Validation,true,,BAM.TO,2025-04-04,2025-05-05,^GSPTSE,6,61.3,18.31,7.59,10.72,-3,20.09
20|FSV.TO|2025-04-07,20,Validation,true,,FSV.TO,2025-04-07,2025-05-06,^GSPTSE,1,73.4,3.45,9.25,-5.8,-1.63,5.56
20|GIB-A.TO|2025-04-07,20,Validation,true,,GIB-A.TO,2025-04-07,2025-05-06,^GSPTSE,3,67.7,4.39,9.25,-4.86,-0.82,7.46
20|FM.TO|2025-04-07,20,Validation,true,,FM.TO,2025-04-07,2025-05-06,^GSPTSE,4,64.9,23.41,9.25,14.16,-3.46,23.41
20|EIF.TO|2025-04-07,20,Validation,true,,EIF.TO,2025-04-07,2025-05-06,^GSPTSE,5,64,12.87,9.25,3.62,-1.06,12.87
20|CP.TO|2025-04-07,20,Validation,true,,CP.TO,2025-04-07,2025-05-06,^GSPTSE,6,62.8,3.59,9.25,-5.66,-2.03,5.99
20|BBD-B.TO|2025-04-08,20,Validation,true,,BBD-B.TO,2025-04-08,2025-05-07,^GSPTSE,1,70,12.25,11.79,0.45,4.85,23.47
20|BAM.TO|2025-04-08,20,Validation,true,,BAM.TO,2025-04-08,2025-05-07,^GSPTSE,5,60.8,26.41,11.79,14.62,5.45,26.41
20|MSFT.TO|2025-04-08,20,Validation,true,,MSFT.TO,2025-04-08,2025-05-07,^IXIC,6,60,21.45,16.18,5.27,0.89,22.07
20|T.TO|2025-04-09,20,Validation,true,,T.TO,2025-04-09,2025-05-08,^GSPTSE,1,66.6,4.73,6.44,-1.7,1.51,6.85
20|WFG.TO|2025-04-10,20,Validation,true,,WFG.TO,2025-04-10,2025-05-09,^GSPTSE,2,65.8,0.03,10.18,-10.15,-3.42,0.77
20|EQB.TO|2025-04-10,20,Validation,true,,EQB.TO,2025-04-10,2025-05-09,^GSPTSE,3,61.4,5.53,10.18,-4.65,1.32,9.13
20|CM.TO|2025-04-11,20,Validation,true,,CM.TO,2025-04-11,2025-05-12,^GSPTSE,1,66.5,12.35,8.24,4.1,1.78,12.35
20|TD.TO|2025-04-11,20,Validation,true,,TD.TO,2025-04-11,2025-05-12,^GSPTSE,3,63.7,9.22,8.24,0.97,2.64,9.22
20|FSV.TO|2025-04-11,20,Validation,true,,FSV.TO,2025-04-11,2025-05-12,^GSPTSE,4,63.2,6.51,8.24,-1.74,1.15,6.51
20|CCL-B.TO|2025-04-11,20,Validation,true,,CCL-B.TO,2025-04-11,2025-05-12,^GSPTSE,5,60.4,15.72,8.24,7.48,0.62,15.72
20|IMO.TO|2025-04-11,20,Validation,true,,IMO.TO,2025-04-11,2025-05-12,^GSPTSE,6,60.3,16.92,8.24,8.67,-2.02,16.92
20|WFG.TO|2025-04-14,20,Validation,true,,WFG.TO,2025-04-14,2025-05-13,^GSPTSE,2,61,3.19,7.33,-4.14,-2.92,3.19
20|AIF.TO|2025-04-14,20,Validation,true,,AIF.TO,2025-04-14,2025-05-13,^GSPTSE,3,60.8,13.96,7.33,6.62,0.35,14.8
20|EFX.TO|2025-04-14,20,Validation,true,,EFX.TO,2025-04-14,2025-05-13,^GSPTSE,4,60.8,11.81,7.33,4.48,-1.88,11.81
20|HR-UN.TO|2025-04-14,20,Validation,true,,HR-UN.TO,2025-04-14,2025-05-13,^GSPTSE,5,59.2,9.16,7.33,1.82,0.42,9.16
20|WFG.TO|2025-04-25,20,Validation,true,,WFG.TO,2025-04-25,2025-05-26,^GSPTSE,1,68.4,0.3,5.62,-5.31,-1.36,4.64
20|BYD.TO|2025-04-28,20,Validation,true,,BYD.TO,2025-04-28,2025-05-27,^GSPTSE,1,66,3.97,5.93,-1.96,-0.78,7.74
20|GWO.TO|2025-05-06,20,Validation,true,,GWO.TO,2025-05-06,2025-06-04,^GSPTSE,1,61.6,-1.13,5.42,-6.55,-4.61,0.14
20|EFX.TO|2025-05-06,20,Validation,true,,EFX.TO,2025-05-06,2025-06-04,^GSPTSE,2,60.7,11.07,5.42,5.65,2.93,11.94
20|GWO.TO|2025-05-08,20,Validation,true,,GWO.TO,2025-05-08,2025-06-06,^GSPTSE,1,72.8,0.19,4.65,-4.46,-3.38,1.44
20|AP-UN.TO|2025-05-08,20,Validation,true,,AP-UN.TO,2025-05-08,2025-06-06,^GSPTSE,2,71.8,11.49,4.65,6.83,0.75,11.49
20|AP-UN.TO|2025-05-22,20,Validation,true,,AP-UN.TO,2025-05-22,2025-06-19,^GSPTSE,1,59.9,14.13,2.51,11.62,0,14.8
20|DSG.TO|2025-06-12,20,Validation,true,,DSG.TO,2025-06-12,2025-07-11,^GSPTSE,1,58.7,0.89,1.53,-0.64,-2.93,4.05
20|AAPL.TO|2025-06-16,20,Validation,true,,AAPL.TO,2025-06-16,2025-07-15,^IXIC,1,61.7,5.11,4.96,0.16,-1.36,7.34
20|GMIN.TO|2025-06-17,20,Validation,true,,GMIN.TO,2025-06-17,2025-07-16,^GSPTSE,1,59.1,-11.61,2.3,-13.91,-11.61,0.33
20|BAM.TO|2025-06-18,20,Validation,true,,BAM.TO,2025-06-18,2025-07-17,^GSPTSE,1,59.5,12.87,3.11,9.76,-0.92,12.87
20|EQX.TO|2025-06-19,20,Validation,true,,EQX.TO,2025-06-19,2025-07-18,^GSPTSE,1,59.8,1.42,3.06,-1.64,-8.15,1.77
20|PPL.TO|2025-06-25,20,Validation,true,,PPL.TO,2025-06-25,2025-07-24,^GSPTSE,1,61.4,0.46,3.03,-2.58,-1.59,2.6
20|IMG.TO|2025-06-27,20,Validation,true,,IMG.TO,2025-06-27,2025-07-28,^GSPTSE,1,67.7,-2.16,2.67,-4.83,-2.78,5.46
20|VZLA.TO|2025-06-30,20,Validation,true,,VZLA.TO,2025-06-30,2025-07-29,^GSPTSE,1,59.7,7.96,2.54,5.42,-0.25,13.68
20|IMG.TO|2025-07-03,20,Validation,true,,IMG.TO,2025-07-03,2025-07-31,^GSPTSE,1,64.4,-7.6,0.83,-8.44,-7.8,1.09
20|GMIN.TO|2025-07-07,20,Validation,true,,GMIN.TO,2025-07-07,2025-08-05,^GSPTSE,1,59,1.15,2.03,-0.89,-6.67,3.28
20|AYA.TO|2025-07-10,20,Validation,true,,AYA.TO,2025-07-10,2025-08-08,^GSPTSE,1,64,0.49,2.5,-2.01,-4.14,13.96
20|NWC.TO|2025-07-10,20,Validation,true,,NWC.TO,2025-07-10,2025-08-08,^GSPTSE,2,62,0.27,2.5,-2.23,-3.38,1.53
20|ERO.TO|2025-07-16,20,Validation,true,,ERO.TO,2025-07-16,2025-08-14,^GSPTSE,1,62.7,-1.84,2.81,-4.65,-7.89,3.58
20|FVI.TO|2025-07-16,20,Validation,true,,FVI.TO,2025-07-16,2025-08-14,^GSPTSE,2,58.5,13.21,2.81,10.4,-3.5,13.21
20|BTO.TO|2025-07-21,20,Validation,true,,BTO.TO,2025-07-21,2025-08-19,^GSPTSE,1,62.5,10.59,1.86,8.74,-2.33,14.19
20|PEY.TO|2025-07-22,20,Validation,true,,PEY.TO,2025-07-22,2025-08-20,^GSPTSE,1,61.7,-0.03,1.88,-1.91,-0.19,5.96
20|AAV.TO|2025-07-24,20,Validation,true,,AAV.TO,2025-07-24,2025-08-22,^GSPTSE,1,59.2,-1.36,3.51,-4.87,-7.62,1.45
20|PEY.TO|2025-07-25,20,Validation,true,,PEY.TO,2025-07-25,2025-08-25,^GSPTSE,1,65.6,-2.35,2.46,-4.81,-3.13,2.84
20|MTL.TO|2025-07-31,20,Validation,true,,MTL.TO,2025-07-31,2025-08-29,^GSPTSE,1,63.1,5.09,4.79,0.3,-0.76,5.54
20|ENGH.TO|2025-08-08,20,Validation,true,,ENGH.TO,2025-08-08,2025-09-08,^GSPTSE,1,63.9,-5.97,4.57,-10.54,-5.97,2.84
20|TFII.TO|2025-08-08,20,Validation,true,,TFII.TO,2025-08-08,2025-09-08,^GSPTSE,2,61.7,10.84,4.57,6.26,-1.84,12.96
20|TOU.TO|2025-08-08,20,Validation,true,,TOU.TO,2025-08-08,2025-09-08,^GSPTSE,3,60.9,-0.12,4.57,-4.69,-1.93,1.12
20|CG.TO|2025-08-11,20,Validation,true,,CG.TO,2025-08-11,2025-09-09,^GSPTSE,1,66.6,26.94,4.64,22.3,-0.62,27.35
20|ENGH.TO|2025-08-12,20,Validation,true,,ENGH.TO,2025-08-12,2025-09-10,^GSPTSE,1,63.9,-5.22,4.51,-9.73,-5.22,3.81
20|DSG.TO|2025-08-13,20,Validation,true,,DSG.TO,2025-08-13,2025-09-11,^GSPTSE,2,59.4,8.13,5.05,3.08,-1.19,9.24
20|GIB-A.TO|2025-08-15,20,Validation,true,,GIB-A.TO,2025-08-15,2025-09-15,^GSPTSE,1,63.6,-1.18,5.47,-6.65,-1.18,3.31
20|ENGH.TO|2025-08-15,20,Validation,true,,ENGH.TO,2025-08-15,2025-09-15,^GSPTSE,2,60.5,-5.28,5.47,-10.74,-5.82,3.16
20|ARIS.TO|2025-08-18,20,Validation,true,,ARIS.TO,2025-08-18,2025-09-16,^GSPTSE,1,62.6,38.27,4.99,33.28,-2.5,41.5
20|ARIS.TO|2025-08-20,20,Validation,true,,ARIS.TO,2025-08-20,2025-09-18,^GSPTSE,1,61.2,32.91,5.65,27.26,2.63,42.69
20|AC.TO|2025-08-21,20,Validation,true,,AC.TO,2025-08-21,2025-09-19,^GSPTSE,1,59.5,-2.27,6.11,-8.38,-3.1,2.38
20|TSU.TO|2025-08-22,20,Validation,true,,TSU.TO,2025-08-22,2025-09-22,^GSPTSE,1,59.6,-1.22,5.74,-6.96,-4.18,-1.22
20|BEPC.TO|2025-08-26,20,Validation,true,,BEPC.TO,2025-08-26,2025-09-24,^GSPTSE,1,59,2.58,5,-2.42,-2.38,2.6
20|CSU.TO|2025-08-28,20,Validation,true,,CSU.TO,2025-08-28,2025-09-26,^GSPTSE,1,61.3,-17.2,4.67,-21.87,-17.2,4.15
20|PEY.TO|2025-09-04,20,Validation,true,,PEY.TO,2025-09-04,2025-10-02,^GSPTSE,1,58.7,-0.66,4.3,-4.96,-3.6,1.34
20|VET.TO|2025-09-08,20,Validation,true,,VET.TO,2025-09-08,2025-10-06,^GSPTSE,1,60.5,17.29,5.18,12.11,0.29,17.29
20|TRI.TO|2025-09-09,20,Validation,true,,TRI.TO,2025-09-09,2025-10-07,^GSPTSE,1,60.5,-13.15,4.43,-17.58,-13.15,-1.39
20|LAC.TO|2025-09-10,20,Validation,true,,LAC.TO,2025-09-10,2025-10-08,^GSPTSE,1,65,181.79,4.53,177.26,1.03,224.1
20|BIR.TO|2025-09-10,20,Validation,true,,BIR.TO,2025-09-10,2025-10-08,^GSPTSE,2,62.7,-1.13,4.53,-5.67,-6.69,-1.13
20|LSPD.TO|2025-09-11,20,Validation,true,,LSPD.TO,2025-09-11,2025-10-09,^GSPTSE,1,67.5,0.8,2.93,-2.13,-1.47,6.74
20|BIR.TO|2025-09-12,20,Validation,true,,BIR.TO,2025-09-12,2025-10-10,^GSPTSE,1,69.5,-3.99,1.94,-5.93,-4.99,0.67
20|BIR.TO|2025-09-16,20,Validation,true,,BIR.TO,2025-09-16,2025-10-15,^GSPTSE,1,62.2,0.5,4.51,-4.01,-4.36,1.34
20|TOI.V|2025-09-17,20,Validation,true,,TOI.V,2025-09-17,2025-10-16,^GSPTSE,2,59.7,-15.9,3.88,-19.78,-15.9,0.8
20|PPTA.TO|2025-09-18,20,Validation,true,,PPTA.TO,2025-09-18,2025-10-17,^GSPTSE,1,65.7,47.73,2.22,45.5,5.5,64.07
20|CSU.TO|2025-09-18,20,Validation,true,,CSU.TO,2025-09-18,2025-10-17,^GSPTSE,2,63.4,-11.5,2.22,-13.72,-15.07,2.5
20|TVK.TO|2025-09-19,20,Validation,true,,TVK.TO,2025-09-19,2025-10-20,^GSPTSE,1,59.3,-1.51,2.18,-3.68,-1.69,4.67
20|BIR.TO|2025-09-22,20,Validation,true,,BIR.TO,2025-09-22,2025-10-21,^GSPTSE,2,61.4,7.46,-0.23,7.69,-3.22,7.46
20|NWC.TO|2025-09-23,20,Validation,true,,NWC.TO,2025-09-23,2025-10-22,^GSPTSE,1,64.2,-1.96,0.56,-2.52,-4.84,0.97
20|GIB-A.TO|2025-09-24,20,Validation,true,,GIB-A.TO,2025-09-24,2025-10-23,^GSPTSE,1,64.2,-3.22,1.44,-4.66,-4.68,0.38
20|ENGH.TO|2025-09-25,20,Validation,true,,ENGH.TO,2025-09-25,2025-10-24,^GSPTSE,1,71.7,0.72,2.09,-1.37,-3.49,0.91
20|ATS.TO|2025-10-01,20,Validation,true,,ATS.TO,2025-10-01,2025-10-30,^GSPTSE,1,68.2,1.41,0.24,1.18,-3.29,3.56
20|DFY.TO|2025-10-03,20,Validation,true,,DFY.TO,2025-10-03,2025-11-03,^GSPTSE,1,63.4,-8.06,-0.65,-7.42,-8.46,-0.67
20|BIR.TO|2025-10-03,20,Validation,true,,BIR.TO,2025-10-03,2025-11-03,^GSPTSE,2,62.2,14.55,-0.65,15.2,-1.2,14.55
20|MRU.TO|2025-10-07,20,Validation,true,,MRU.TO,2025-10-07,2025-11-05,^GSPTSE,1,68.9,4.05,-0.82,4.87,0.15,4.98
20|RCH.TO|2025-10-09,20,Validation,true,,RCH.TO,2025-10-09,2025-11-07,^GSPTSE,1,63.4,8.17,-1.18,9.35,3.56,14.06
20|AMZN.TO|2025-10-14,20,Validation,true,,AMZN.TO,2025-10-14,2025-11-11,^IXIC,1,66.2,14.75,4.2,10.55,-1.66,17
20|ATS.TO|2025-10-14,20,Validation,true,,ATS.TO,2025-10-14,2025-11-11,^GSPTSE,2,62.1,3.09,0.18,2.9,-2.25,11.86
20|LSPD.TO|2025-10-14,20,Validation,true,,LSPD.TO,2025-10-14,2025-11-11,^GSPTSE,3,60.8,13.44,0.18,13.26,-3.33,17.02
20|WELL.TO|2025-10-20,20,Validation,true,,WELL.TO,2025-10-20,2025-11-17,^GSPTSE,1,65.6,-20.72,-1.12,-19.61,-20.72,5.63
20|BTE.TO|2025-10-22,20,Validation,true,,BTE.TO,2025-10-22,2025-11-19,^GSPTSE,1,60.2,40.75,0.99,39.77,-0.63,40.75
20|CS.TO|2025-10-23,20,Validation,true,,CS.TO,2025-10-23,2025-11-20,^GSPTSE,1,64.7,-5.8,-0.93,-4.88,-5.8,10.82
20|WFG.TO|2025-10-24,20,Validation,true,,WFG.TO,2025-10-24,2025-11-21,^GSPTSE,1,59.4,-8.8,-0.63,-8.17,-11.62,1.06
20|CS.TO|2025-10-27,20,Validation,true,,CS.TO,2025-10-27,2025-11-24,^GSPTSE,1,64.1,3.6,1.09,2.51,-5.97,10.62
20|FFH.TO|2025-10-27,20,Validation,true,,FFH.TO,2025-10-27,2025-11-24,^GSPTSE,2,60.8,3.23,1.09,2.14,-5.25,3.3
20|NG.TO|2025-10-28,20,Validation,true,,NG.TO,2025-10-28,2025-11-25,^GSPTSE,1,65.3,14.61,1.58,13.03,-4.23,14.61
20|DPM.TO|2025-10-28,20,Validation,true,,DPM.TO,2025-10-28,2025-11-25,^GSPTSE,2,64.3,18.95,1.58,17.37,-5.3,18.95
20|ARIS.TO|2025-10-28,20,Validation,true,,ARIS.TO,2025-10-28,2025-11-25,^GSPTSE,3,64.2,44.57,1.58,42.98,1.8,44.57
20|OGC.TO|2025-10-28,20,Validation,true,,OGC.TO,2025-10-28,2025-11-25,^GSPTSE,4,62.7,10.6,1.58,9.02,-2.43,20.07
20|IVN.TO|2025-10-28,20,Validation,true,,IVN.TO,2025-10-28,2025-11-25,^GSPTSE,5,60.2,-8.96,1.58,-10.54,-17.3,0.48
20|AEM.TO|2025-10-28,20,Validation,true,,AEM.TO,2025-10-28,2025-11-25,^GSPTSE,6,59.9,7.05,1.58,5.47,0.18,10.97
20|ABX.TO|2025-10-29,20,Validation,true,,ABX.TO,2025-10-29,2025-11-26,^GSPTSE,2,65.7,28.77,3.44,25.33,-0.18,28.77
20|MDA.TO|2025-10-29,20,Validation,true,,MDA.TO,2025-10-29,2025-11-26,^GSPTSE,3,64.7,-31.45,3.44,-34.89,-37.65,-15.8
20|TXG.TO|2025-10-29,20,Validation,true,,TXG.TO,2025-10-29,2025-11-26,^GSPTSE,5,61.7,17.08,3.44,13.65,-2.3,17.91
20|GIB-A.TO|2025-10-30,20,Validation,true,,GIB-A.TO,2025-10-30,2025-11-27,^GSPTSE,1,67.7,2.23,3.44,-1.21,-1.77,3.61
20|EMP-A.TO|2025-10-31,20,Validation,true,,EMP-A.TO,2025-10-31,2025-11-28,^GSPTSE,1,65,7.97,3.71,4.27,1.15,10.33
20|AGI.TO|2025-10-31,20,Validation,true,,AGI.TO,2025-10-31,2025-11-28,^GSPTSE,2,61,22.02,3.71,18.31,-2.2,22.02
20|USA.TO|2025-11-03,20,Validation,true,,USA.TO,2025-11-03,2025-12-01,^GSPTSE,1,66.5,21.44,2.73,18.71,-6.1,21.44
20|DPM.TO|2025-11-05,20,Validation,true,,DPM.TO,2025-11-05,2025-12-03,^GSPTSE,1,67.4,31.06,3.51,27.55,-0.44,31.06
20|OGC.TO|2025-11-05,20,Validation,true,,OGC.TO,2025-11-05,2025-12-03,^GSPTSE,2,65.1,12.61,3.51,9.1,1.71,18.28
20|TOI.V|2025-11-05,20,Validation,true,,TOI.V,2025-11-05,2025-12-03,^GSPTSE,3,64.3,-6.28,3.51,-9.79,-7.65,-1.5
20|TRI.TO|2025-11-05,20,Validation,true,,TRI.TO,2025-11-05,2025-12-03,^GSPTSE,4,63.8,-7.49,3.51,-11,-8.33,-2.69
20|ATD.TO|2025-11-05,20,Validation,true,,ATD.TO,2025-11-05,2025-12-03,^GSPTSE,5,62.5,4.53,3.51,1.02,-2.46,8.77
20|WPM.TO|2025-11-05,20,Validation,true,,WPM.TO,2025-11-05,2025-12-03,^GSPTSE,6,60.4,10.7,3.51,7.19,-0.26,13.2
20|GEI.TO|2025-11-06,20,Validation,true,,GEI.TO,2025-11-06,2025-12-04,^GSPTSE,2,61.3,11.92,5.39,6.53,0.61,15.03
20|TFPM.TO|2025-11-06,20,Validation,true,,TFPM.TO,2025-11-06,2025-12-04,^GSPTSE,3,61,17.02,5.39,11.64,2.22,20.4
20|PPL.TO|2025-11-10,20,Validation,true,,PPL.TO,2025-11-10,2025-12-08,^GSPTSE,1,66.7,4.32,2.81,1.5,0.84,4.32
20|GFL.TO|2025-11-10,20,Validation,true,,GFL.TO,2025-11-10,2025-12-08,^GSPTSE,2,66,1.09,2.81,-1.72,-0.93,6.63
20|GEI.TO|2025-11-10,20,Validation,true,,GEI.TO,2025-11-10,2025-12-08,^GSPTSE,3,59,10.86,2.81,8.04,-0.04,13.51
20|PPL.TO|2025-11-12,20,Validation,true,,PPL.TO,2025-11-12,2025-12-10,^GSPTSE,1,62,1.11,2.15,-1.05,-0.66,2.77
20|ATRL.TO|2025-11-13,20,Validation,true,,ATRL.TO,2025-11-13,2025-12-11,^GSPTSE,2,62.3,-4.97,4.65,-9.62,-8.26,-1.12
20|RUS.TO|2025-11-14,20,Validation,true,,RUS.TO,2025-11-14,2025-12-12,^GSPTSE,1,67.8,9.6,3.96,5.64,-1.13,9.6
20|BAM.TO|2025-11-14,20,Validation,true,,BAM.TO,2025-11-14,2025-12-12,^GSPTSE,2,63.8,3.14,3.96,-0.82,-4.14,6.94
20|TFII.TO|2025-11-17,20,Validation,true,,TFII.TO,2025-11-17,2025-12-15,^GSPTSE,1,60.7,21.31,4.68,16.64,-3.94,21.31
20|RBA.TO|2025-11-18,20,Validation,true,,RBA.TO,2025-11-18,2025-12-16,^GSPTSE,1,63.8,5.18,4.09,1.1,-1.33,6.25
20|KMP-UN.TO|2025-11-18,20,Validation,true,,KMP-UN.TO,2025-11-18,2025-12-16,^GSPTSE,2,62,-2.33,4.09,-6.42,-3.23,0.18
20|GIL.TO|2025-11-18,20,Validation,true,,GIL.TO,2025-11-18,2025-12-16,^GSPTSE,3,61.9,10.21,4.09,6.13,-0.69,10.21
20|CAR-UN.TO|2025-11-18,20,Validation,true,,CAR-UN.TO,2025-11-18,2025-12-16,^GSPTSE,4,58.8,-5.35,4.09,-9.43,-6.67,-1.14
20|EQB.TO|2025-11-18,20,Validation,true,,EQB.TO,2025-11-18,2025-12-16,^GSPTSE,5,58.7,16.78,4.09,12.69,-0.4,16.78
20|WDO.TO|2025-11-19,20,Validation,true,,WDO.TO,2025-11-19,2025-12-17,^GSPTSE,1,60.6,10.69,3.21,7.48,-4.55,11.51
20|ATRL.TO|2025-11-19,20,Validation,true,,ATRL.TO,2025-11-19,2025-12-17,^GSPTSE,3,58.8,-4.15,3.21,-7.36,-4.78,-0.43
20|FSV.TO|2025-11-20,20,Validation,true,,FSV.TO,2025-11-20,2025-12-18,^GSPTSE,1,60.3,1.65,5.13,-3.48,-3.53,2.67
20|BAM.TO|2025-11-20,20,Validation,true,,BAM.TO,2025-11-20,2025-12-18,^GSPTSE,2,59,2.8,5.13,-2.34,0.54,9.47
20|USA.TO|2025-11-21,20,Validation,true,,USA.TO,2025-11-21,2025-12-19,^GSPTSE,1,70.2,46.72,5.29,41.43,6.76,54.63
20|WDO.TO|2025-11-21,20,Validation,true,,WDO.TO,2025-11-21,2025-12-19,^GSPTSE,2,60.5,19.56,5.29,14.28,7.5,19.56
20|NVDA.TO|2025-11-24,20,Validation,true,,NVDA.TO,2025-11-24,2025-12-22,^IXIC,1,70.2,0.2,2.43,-2.24,-6.65,1.3
20|CP.TO|2025-11-24,20,Validation,true,,CP.TO,2025-11-24,2025-12-22,^GSPTSE,2,64,3.78,4.56,-0.78,1.81,4.9
20|TVK.TO|2025-11-24,20,Validation,true,,TVK.TO,2025-11-24,2025-12-22,^GSPTSE,3,58.8,34.7,4.56,30.14,1.17,34.7
20|CSH-UN.TO|2025-11-27,20,Validation,true,,CSH-UN.TO,2025-11-27,2025-12-29,^GSPTSE,1,67.7,-0.49,2.18,-2.67,-2.12,2.03
